net_name,type,fanout
clk_i,clock,271528
rst_ni,reset,206228
LOGICAL_0,constant,12978
gen_tiles[0].i_tile_gen_caches[0].i_snitch_icache_gen_prefetcher[0].i_snitch_icache_l0_gen_array[0].gen_latch.clk_vld,clock,257
gen_tiles[0].i_tile_gen_caches[0].i_snitch_icache_gen_prefetcher[0].i_snitch_icache_l0_gen_array[1].gen_latch.clk_vld,clock,257
gen_tiles[0].i_tile_gen_caches[0].i_snitch_icache_gen_prefetcher[0].i_snitch_icache_l0_gen_array[2].gen_latch.clk_vld,clock,257
gen_tiles[0].i_tile_gen_caches[0].i_snitch_icache_gen_prefetcher[0].i_snitch_icache_l0_gen_array[3].gen_latch.clk_vld,clock,257
gen_tiles[0].i_tile_gen_caches[0].i_snitch_icache_gen_prefetcher[1].i_snitch_icache_l0_gen_array[0].gen_latch.clk_vld,clock,257
gen_tiles[0].i_tile_gen_caches[0].i_snitch_icache_gen_prefetcher[1].i_snitch_icache_l0_gen_array[1].gen_latch.clk_vld,clock,257
gen_tiles[0].i_tile_gen_caches[0].i_snitch_icache_gen_prefetcher[1].i_snitch_icache_l0_gen_array[2].gen_latch.clk_vld,clock,257
gen_tiles[0].i_tile_gen_caches[0].i_snitch_icache_gen_prefetcher[1].i_snitch_icache_l0_gen_array[3].gen_latch.clk_vld,clock,257
gen_tiles[0].i_tile_gen_caches[0].i_snitch_icache_gen_prefetcher[2].i_snitch_icache_l0_gen_array[0].gen_latch.clk_vld,clock,257
gen_tiles[0].i_tile_gen_caches[0].i_snitch_icache_gen_prefetcher[2].i_snitch_icache_l0_gen_array[1].gen_latch.clk_vld,clock,257
gen_tiles[0].i_tile_gen_caches[0].i_snitch_icache_gen_prefetcher[2].i_snitch_icache_l0_gen_array[2].gen_latch.clk_vld,clock,257
gen_tiles[0].i_tile_gen_caches[0].i_snitch_icache_gen_prefetcher[2].i_snitch_icache_l0_gen_array[3].gen_latch.clk_vld,clock,257
gen_tiles[0].i_tile_gen_caches[0].i_snitch_icache_gen_prefetcher[3].i_snitch_icache_l0_gen_array[0].gen_latch.clk_vld,clock,257
gen_tiles[0].i_tile_gen_caches[0].i_snitch_icache_gen_prefetcher[3].i_snitch_icache_l0_gen_array[1].gen_latch.clk_vld,clock,257
gen_tiles[0].i_tile_gen_caches[0].i_snitch_icache_gen_prefetcher[3].i_snitch_icache_l0_gen_array[2].gen_latch.clk_vld,clock,257
gen_tiles[0].i_tile_gen_caches[0].i_snitch_icache_gen_prefetcher[3].i_snitch_icache_l0_gen_array[3].gen_latch.clk_vld,clock,257
gen_tiles[1].i_tile_gen_caches[0].i_snitch_icache_gen_prefetcher[0].i_snitch_icache_l0_gen_array[0].gen_latch.clk_vld,clock,257
gen_tiles[1].i_tile_gen_caches[0].i_snitch_icache_gen_prefetcher[0].i_snitch_icache_l0_gen_array[1].gen_latch.clk_vld,clock,257
gen_tiles[1].i_tile_gen_caches[0].i_snitch_icache_gen_prefetcher[0].i_snitch_icache_l0_gen_array[2].gen_latch.clk_vld,clock,257
gen_tiles[1].i_tile_gen_caches[0].i_snitch_icache_gen_prefetcher[0].i_snitch_icache_l0_gen_array[3].gen_latch.clk_vld,clock,257
gen_tiles[1].i_tile_gen_caches[0].i_snitch_icache_gen_prefetcher[1].i_snitch_icache_l0_gen_array[0].gen_latch.clk_vld,clock,257
gen_tiles[1].i_tile_gen_caches[0].i_snitch_icache_gen_prefetcher[1].i_snitch_icache_l0_gen_array[1].gen_latch.clk_vld,clock,257
gen_tiles[1].i_tile_gen_caches[0].i_snitch_icache_gen_prefetcher[1].i_snitch_icache_l0_gen_array[2].gen_latch.clk_vld,clock,257
gen_tiles[1].i_tile_gen_caches[0].i_snitch_icache_gen_prefetcher[1].i_snitch_icache_l0_gen_array[3].gen_latch.clk_vld,clock,257
gen_tiles[1].i_tile_gen_caches[0].i_snitch_icache_gen_prefetcher[2].i_snitch_icache_l0_gen_array[0].gen_latch.clk_vld,clock,257
gen_tiles[1].i_tile_gen_caches[0].i_snitch_icache_gen_prefetcher[2].i_snitch_icache_l0_gen_array[1].gen_latch.clk_vld,clock,257
gen_tiles[1].i_tile_gen_caches[0].i_snitch_icache_gen_prefetcher[2].i_snitch_icache_l0_gen_array[2].gen_latch.clk_vld,clock,257
gen_tiles[1].i_tile_gen_caches[0].i_snitch_icache_gen_prefetcher[2].i_snitch_icache_l0_gen_array[3].gen_latch.clk_vld,clock,257
gen_tiles[1].i_tile_gen_caches[0].i_snitch_icache_gen_prefetcher[3].i_snitch_icache_l0_gen_array[0].gen_latch.clk_vld,clock,257
gen_tiles[1].i_tile_gen_caches[0].i_snitch_icache_gen_prefetcher[3].i_snitch_icache_l0_gen_array[1].gen_latch.clk_vld,clock,257
gen_tiles[1].i_tile_gen_caches[0].i_snitch_icache_gen_prefetcher[3].i_snitch_icache_l0_gen_array[2].gen_latch.clk_vld,clock,257
gen_tiles[1].i_tile_gen_caches[0].i_snitch_icache_gen_prefetcher[3].i_snitch_icache_l0_gen_array[3].gen_latch.clk_vld,clock,257
gen_tiles[2].i_tile_gen_caches[0].i_snitch_icache_gen_prefetcher[0].i_snitch_icache_l0_gen_array[0].gen_latch.clk_vld,clock,257
gen_tiles[2].i_tile_gen_caches[0].i_snitch_icache_gen_prefetcher[0].i_snitch_icache_l0_gen_array[1].gen_latch.clk_vld,clock,257
gen_tiles[2].i_tile_gen_caches[0].i_snitch_icache_gen_prefetcher[0].i_snitch_icache_l0_gen_array[2].gen_latch.clk_vld,clock,257
gen_tiles[2].i_tile_gen_caches[0].i_snitch_icache_gen_prefetcher[0].i_snitch_icache_l0_gen_array[3].gen_latch.clk_vld,clock,257
gen_tiles[2].i_tile_gen_caches[0].i_snitch_icache_gen_prefetcher[1].i_snitch_icache_l0_gen_array[0].gen_latch.clk_vld,clock,257
gen_tiles[2].i_tile_gen_caches[0].i_snitch_icache_gen_prefetcher[1].i_snitch_icache_l0_gen_array[1].gen_latch.clk_vld,clock,257
gen_tiles[2].i_tile_gen_caches[0].i_snitch_icache_gen_prefetcher[1].i_snitch_icache_l0_gen_array[2].gen_latch.clk_vld,clock,257
gen_tiles[2].i_tile_gen_caches[0].i_snitch_icache_gen_prefetcher[1].i_snitch_icache_l0_gen_array[3].gen_latch.clk_vld,clock,257
gen_tiles[2].i_tile_gen_caches[0].i_snitch_icache_gen_prefetcher[2].i_snitch_icache_l0_gen_array[0].gen_latch.clk_vld,clock,257
gen_tiles[2].i_tile_gen_caches[0].i_snitch_icache_gen_prefetcher[2].i_snitch_icache_l0_gen_array[1].gen_latch.clk_vld,clock,257
gen_tiles[2].i_tile_gen_caches[0].i_snitch_icache_gen_prefetcher[2].i_snitch_icache_l0_gen_array[2].gen_latch.clk_vld,clock,257
gen_tiles[2].i_tile_gen_caches[0].i_snitch_icache_gen_prefetcher[2].i_snitch_icache_l0_gen_array[3].gen_latch.clk_vld,clock,257
gen_tiles[2].i_tile_gen_caches[0].i_snitch_icache_gen_prefetcher[3].i_snitch_icache_l0_gen_array[0].gen_latch.clk_vld,clock,257
gen_tiles[2].i_tile_gen_caches[0].i_snitch_icache_gen_prefetcher[3].i_snitch_icache_l0_gen_array[1].gen_latch.clk_vld,clock,257
gen_tiles[2].i_tile_gen_caches[0].i_snitch_icache_gen_prefetcher[3].i_snitch_icache_l0_gen_array[2].gen_latch.clk_vld,clock,257
gen_tiles[2].i_tile_gen_caches[0].i_snitch_icache_gen_prefetcher[3].i_snitch_icache_l0_gen_array[3].gen_latch.clk_vld,clock,257
gen_tiles[3].i_tile_gen_caches[0].i_snitch_icache_gen_prefetcher[0].i_snitch_icache_l0_gen_array[0].gen_latch.clk_vld,clock,257
gen_tiles[3].i_tile_gen_caches[0].i_snitch_icache_gen_prefetcher[0].i_snitch_icache_l0_gen_array[1].gen_latch.clk_vld,clock,257
gen_tiles[3].i_tile_gen_caches[0].i_snitch_icache_gen_prefetcher[0].i_snitch_icache_l0_gen_array[2].gen_latch.clk_vld,clock,257
gen_tiles[3].i_tile_gen_caches[0].i_snitch_icache_gen_prefetcher[0].i_snitch_icache_l0_gen_array[3].gen_latch.clk_vld,clock,257
gen_tiles[3].i_tile_gen_caches[0].i_snitch_icache_gen_prefetcher[1].i_snitch_icache_l0_gen_array[0].gen_latch.clk_vld,clock,257
gen_tiles[3].i_tile_gen_caches[0].i_snitch_icache_gen_prefetcher[1].i_snitch_icache_l0_gen_array[1].gen_latch.clk_vld,clock,257
gen_tiles[3].i_tile_gen_caches[0].i_snitch_icache_gen_prefetcher[1].i_snitch_icache_l0_gen_array[2].gen_latch.clk_vld,clock,257
gen_tiles[3].i_tile_gen_caches[0].i_snitch_icache_gen_prefetcher[1].i_snitch_icache_l0_gen_array[3].gen_latch.clk_vld,clock,257
gen_tiles[3].i_tile_gen_caches[0].i_snitch_icache_gen_prefetcher[2].i_snitch_icache_l0_gen_array[0].gen_latch.clk_vld,clock,257
gen_tiles[3].i_tile_gen_caches[0].i_snitch_icache_gen_prefetcher[2].i_snitch_icache_l0_gen_array[1].gen_latch.clk_vld,clock,257
gen_tiles[3].i_tile_gen_caches[0].i_snitch_icache_gen_prefetcher[2].i_snitch_icache_l0_gen_array[2].gen_latch.clk_vld,clock,257
gen_tiles[3].i_tile_gen_caches[0].i_snitch_icache_gen_prefetcher[2].i_snitch_icache_l0_gen_array[3].gen_latch.clk_vld,clock,257
gen_tiles[3].i_tile_gen_caches[0].i_snitch_icache_gen_prefetcher[3].i_snitch_icache_l0_gen_array[0].gen_latch.clk_vld,clock,257
gen_tiles[3].i_tile_gen_caches[0].i_snitch_icache_gen_prefetcher[3].i_snitch_icache_l0_gen_array[1].gen_latch.clk_vld,clock,257
gen_tiles[3].i_tile_gen_caches[0].i_snitch_icache_gen_prefetcher[3].i_snitch_icache_l0_gen_array[2].gen_latch.clk_vld,clock,257
gen_tiles[3].i_tile_gen_caches[0].i_snitch_icache_gen_prefetcher[3].i_snitch_icache_l0_gen_array[3].gen_latch.clk_vld,clock,257
gen_tiles[4].i_tile_gen_caches[0].i_snitch_icache_gen_prefetcher[0].i_snitch_icache_l0_gen_array[0].gen_latch.clk_vld,clock,257
gen_tiles[4].i_tile_gen_caches[0].i_snitch_icache_gen_prefetcher[0].i_snitch_icache_l0_gen_array[1].gen_latch.clk_vld,clock,257
gen_tiles[4].i_tile_gen_caches[0].i_snitch_icache_gen_prefetcher[0].i_snitch_icache_l0_gen_array[2].gen_latch.clk_vld,clock,257
gen_tiles[4].i_tile_gen_caches[0].i_snitch_icache_gen_prefetcher[0].i_snitch_icache_l0_gen_array[3].gen_latch.clk_vld,clock,257
gen_tiles[4].i_tile_gen_caches[0].i_snitch_icache_gen_prefetcher[1].i_snitch_icache_l0_gen_array[0].gen_latch.clk_vld,clock,257
gen_tiles[4].i_tile_gen_caches[0].i_snitch_icache_gen_prefetcher[1].i_snitch_icache_l0_gen_array[1].gen_latch.clk_vld,clock,257
gen_tiles[4].i_tile_gen_caches[0].i_snitch_icache_gen_prefetcher[1].i_snitch_icache_l0_gen_array[3].gen_latch.clk_vld,clock,257
gen_tiles[4].i_tile_gen_caches[0].i_snitch_icache_gen_prefetcher[2].i_snitch_icache_l0_gen_array[0].gen_latch.clk_vld,clock,257
gen_tiles[4].i_tile_gen_caches[0].i_snitch_icache_gen_prefetcher[2].i_snitch_icache_l0_gen_array[1].gen_latch.clk_vld,clock,257
gen_tiles[4].i_tile_gen_caches[0].i_snitch_icache_gen_prefetcher[2].i_snitch_icache_l0_gen_array[2].gen_latch.clk_vld,clock,257
gen_tiles[4].i_tile_gen_caches[0].i_snitch_icache_gen_prefetcher[2].i_snitch_icache_l0_gen_array[3].gen_latch.clk_vld,clock,257
gen_tiles[4].i_tile_gen_caches[0].i_snitch_icache_gen_prefetcher[3].i_snitch_icache_l0_gen_array[0].gen_latch.clk_vld,clock,257
gen_tiles[4].i_tile_gen_caches[0].i_snitch_icache_gen_prefetcher[3].i_snitch_icache_l0_gen_array[1].gen_latch.clk_vld,clock,257
gen_tiles[4].i_tile_gen_caches[0].i_snitch_icache_gen_prefetcher[3].i_snitch_icache_l0_gen_array[2].gen_latch.clk_vld,clock,257
gen_tiles[4].i_tile_gen_caches[0].i_snitch_icache_gen_prefetcher[3].i_snitch_icache_l0_gen_array[3].gen_latch.clk_vld,clock,257
gen_tiles[5].i_tile_gen_caches[0].i_snitch_icache_gen_prefetcher[0].i_snitch_icache_l0_gen_array[0].gen_latch.clk_vld,clock,257
gen_tiles[5].i_tile_gen_caches[0].i_snitch_icache_gen_prefetcher[0].i_snitch_icache_l0_gen_array[1].gen_latch.clk_vld,clock,257
gen_tiles[5].i_tile_gen_caches[0].i_snitch_icache_gen_prefetcher[0].i_snitch_icache_l0_gen_array[2].gen_latch.clk_vld,clock,257
gen_tiles[5].i_tile_gen_caches[0].i_snitch_icache_gen_prefetcher[0].i_snitch_icache_l0_gen_array[3].gen_latch.clk_vld,clock,257
gen_tiles[5].i_tile_gen_caches[0].i_snitch_icache_gen_prefetcher[1].i_snitch_icache_l0_gen_array[0].gen_latch.clk_vld,clock,257
gen_tiles[5].i_tile_gen_caches[0].i_snitch_icache_gen_prefetcher[1].i_snitch_icache_l0_gen_array[1].gen_latch.clk_vld,clock,257
gen_tiles[5].i_tile_gen_caches[0].i_snitch_icache_gen_prefetcher[1].i_snitch_icache_l0_gen_array[2].gen_latch.clk_vld,clock,257
gen_tiles[5].i_tile_gen_caches[0].i_snitch_icache_gen_prefetcher[1].i_snitch_icache_l0_gen_array[3].gen_latch.clk_vld,clock,257
gen_tiles[5].i_tile_gen_caches[0].i_snitch_icache_gen_prefetcher[2].i_snitch_icache_l0_gen_array[0].gen_latch.clk_vld,clock,257
gen_tiles[5].i_tile_gen_caches[0].i_snitch_icache_gen_prefetcher[2].i_snitch_icache_l0_gen_array[1].gen_latch.clk_vld,clock,257
gen_tiles[5].i_tile_gen_caches[0].i_snitch_icache_gen_prefetcher[2].i_snitch_icache_l0_gen_array[2].gen_latch.clk_vld,clock,257
gen_tiles[5].i_tile_gen_caches[0].i_snitch_icache_gen_prefetcher[2].i_snitch_icache_l0_gen_array[3].gen_latch.clk_vld,clock,257
gen_tiles[5].i_tile_gen_caches[0].i_snitch_icache_gen_prefetcher[3].i_snitch_icache_l0_gen_array[0].gen_latch.clk_vld,clock,257
gen_tiles[5].i_tile_gen_caches[0].i_snitch_icache_gen_prefetcher[3].i_snitch_icache_l0_gen_array[1].gen_latch.clk_vld,clock,257
gen_tiles[5].i_tile_gen_caches[0].i_snitch_icache_gen_prefetcher[3].i_snitch_icache_l0_gen_array[2].gen_latch.clk_vld,clock,257
gen_tiles[5].i_tile_gen_caches[0].i_snitch_icache_gen_prefetcher[3].i_snitch_icache_l0_gen_array[3].gen_latch.clk_vld,clock,257
gen_tiles[6].i_tile_gen_caches[0].i_snitch_icache_gen_prefetcher[0].i_snitch_icache_l0_gen_array[0].gen_latch.clk_vld,clock,257
gen_tiles[6].i_tile_gen_caches[0].i_snitch_icache_gen_prefetcher[0].i_snitch_icache_l0_gen_array[1].gen_latch.clk_vld,clock,257
gen_tiles[6].i_tile_gen_caches[0].i_snitch_icache_gen_prefetcher[0].i_snitch_icache_l0_gen_array[2].gen_latch.clk_vld,clock,257
gen_tiles[6].i_tile_gen_caches[0].i_snitch_icache_gen_prefetcher[0].i_snitch_icache_l0_gen_array[3].gen_latch.clk_vld,clock,257
gen_tiles[6].i_tile_gen_caches[0].i_snitch_icache_gen_prefetcher[1].i_snitch_icache_l0_gen_array[0].gen_latch.clk_vld,clock,257
gen_tiles[6].i_tile_gen_caches[0].i_snitch_icache_gen_prefetcher[1].i_snitch_icache_l0_gen_array[1].gen_latch.clk_vld,clock,257
gen_tiles[6].i_tile_gen_caches[0].i_snitch_icache_gen_prefetcher[1].i_snitch_icache_l0_gen_array[2].gen_latch.clk_vld,clock,257
gen_tiles[6].i_tile_gen_caches[0].i_snitch_icache_gen_prefetcher[1].i_snitch_icache_l0_gen_array[3].gen_latch.clk_vld,clock,257
gen_tiles[6].i_tile_gen_caches[0].i_snitch_icache_gen_prefetcher[2].i_snitch_icache_l0_gen_array[0].gen_latch.clk_vld,clock,257
gen_tiles[6].i_tile_gen_caches[0].i_snitch_icache_gen_prefetcher[2].i_snitch_icache_l0_gen_array[1].gen_latch.clk_vld,clock,257
gen_tiles[6].i_tile_gen_caches[0].i_snitch_icache_gen_prefetcher[2].i_snitch_icache_l0_gen_array[2].gen_latch.clk_vld,clock,257
gen_tiles[6].i_tile_gen_caches[0].i_snitch_icache_gen_prefetcher[2].i_snitch_icache_l0_gen_array[3].gen_latch.clk_vld,clock,257
gen_tiles[6].i_tile_gen_caches[0].i_snitch_icache_gen_prefetcher[3].i_snitch_icache_l0_gen_array[0].gen_latch.clk_vld,clock,257
gen_tiles[6].i_tile_gen_caches[0].i_snitch_icache_gen_prefetcher[3].i_snitch_icache_l0_gen_array[1].gen_latch.clk_vld,clock,257
gen_tiles[6].i_tile_gen_caches[0].i_snitch_icache_gen_prefetcher[3].i_snitch_icache_l0_gen_array[2].gen_latch.clk_vld,clock,257
gen_tiles[6].i_tile_gen_caches[0].i_snitch_icache_gen_prefetcher[3].i_snitch_icache_l0_gen_array[3].gen_latch.clk_vld,clock,257
gen_tiles[7].i_tile_gen_caches[0].i_snitch_icache_gen_prefetcher[0].i_snitch_icache_l0_gen_array[0].gen_latch.clk_vld,clock,257
gen_tiles[7].i_tile_gen_caches[0].i_snitch_icache_gen_prefetcher[0].i_snitch_icache_l0_gen_array[1].gen_latch.clk_vld,clock,257
gen_tiles[7].i_tile_gen_caches[0].i_snitch_icache_gen_prefetcher[0].i_snitch_icache_l0_gen_array[2].gen_latch.clk_vld,clock,257
gen_tiles[7].i_tile_gen_caches[0].i_snitch_icache_gen_prefetcher[0].i_snitch_icache_l0_gen_array[3].gen_latch.clk_vld,clock,257
gen_tiles[7].i_tile_gen_caches[0].i_snitch_icache_gen_prefetcher[1].i_snitch_icache_l0_gen_array[0].gen_latch.clk_vld,clock,257
gen_tiles[7].i_tile_gen_caches[0].i_snitch_icache_gen_prefetcher[1].i_snitch_icache_l0_gen_array[1].gen_latch.clk_vld,clock,257
gen_tiles[7].i_tile_gen_caches[0].i_snitch_icache_gen_prefetcher[1].i_snitch_icache_l0_gen_array[2].gen_latch.clk_vld,clock,257
gen_tiles[7].i_tile_gen_caches[0].i_snitch_icache_gen_prefetcher[1].i_snitch_icache_l0_gen_array[3].gen_latch.clk_vld,clock,257
gen_tiles[7].i_tile_gen_caches[0].i_snitch_icache_gen_prefetcher[2].i_snitch_icache_l0_gen_array[0].gen_latch.clk_vld,clock,257
gen_tiles[7].i_tile_gen_caches[0].i_snitch_icache_gen_prefetcher[2].i_snitch_icache_l0_gen_array[1].gen_latch.clk_vld,clock,257
gen_tiles[7].i_tile_gen_caches[0].i_snitch_icache_gen_prefetcher[2].i_snitch_icache_l0_gen_array[2].gen_latch.clk_vld,clock,257
gen_tiles[7].i_tile_gen_caches[0].i_snitch_icache_gen_prefetcher[2].i_snitch_icache_l0_gen_array[3].gen_latch.clk_vld,clock,257
gen_tiles[7].i_tile_gen_caches[0].i_snitch_icache_gen_prefetcher[3].i_snitch_icache_l0_gen_array[0].gen_latch.clk_vld,clock,257
gen_tiles[7].i_tile_gen_caches[0].i_snitch_icache_gen_prefetcher[3].i_snitch_icache_l0_gen_array[1].gen_latch.clk_vld,clock,257
gen_tiles[7].i_tile_gen_caches[0].i_snitch_icache_gen_prefetcher[3].i_snitch_icache_l0_gen_array[2].gen_latch.clk_vld,clock,257
gen_tiles[7].i_tile_gen_caches[0].i_snitch_icache_gen_prefetcher[3].i_snitch_icache_l0_gen_array[3].gen_latch.clk_vld,clock,257
gen_tiles[8].i_tile_gen_caches[0].i_snitch_icache_gen_prefetcher[0].i_snitch_icache_l0_gen_array[1].gen_latch.clk_vld,clock,257
gen_tiles[8].i_tile_gen_caches[0].i_snitch_icache_gen_prefetcher[0].i_snitch_icache_l0_gen_array[2].gen_latch.clk_vld,clock,257
gen_tiles[8].i_tile_gen_caches[0].i_snitch_icache_gen_prefetcher[0].i_snitch_icache_l0_gen_array[3].gen_latch.clk_vld,clock,257
gen_tiles[8].i_tile_gen_caches[0].i_snitch_icache_gen_prefetcher[1].i_snitch_icache_l0_gen_array[0].gen_latch.clk_vld,clock,257
gen_tiles[8].i_tile_gen_caches[0].i_snitch_icache_gen_prefetcher[1].i_snitch_icache_l0_gen_array[1].gen_latch.clk_vld,clock,257
gen_tiles[8].i_tile_gen_caches[0].i_snitch_icache_gen_prefetcher[1].i_snitch_icache_l0_gen_array[2].gen_latch.clk_vld,clock,257
gen_tiles[8].i_tile_gen_caches[0].i_snitch_icache_gen_prefetcher[1].i_snitch_icache_l0_gen_array[3].gen_latch.clk_vld,clock,257
gen_tiles[8].i_tile_gen_caches[0].i_snitch_icache_gen_prefetcher[2].i_snitch_icache_l0_gen_array[0].gen_latch.clk_vld,clock,257
gen_tiles[8].i_tile_gen_caches[0].i_snitch_icache_gen_prefetcher[2].i_snitch_icache_l0_gen_array[1].gen_latch.clk_vld,clock,257
gen_tiles[8].i_tile_gen_caches[0].i_snitch_icache_gen_prefetcher[2].i_snitch_icache_l0_gen_array[2].gen_latch.clk_vld,clock,257
gen_tiles[8].i_tile_gen_caches[0].i_snitch_icache_gen_prefetcher[2].i_snitch_icache_l0_gen_array[3].gen_latch.clk_vld,clock,257
gen_tiles[8].i_tile_gen_caches[0].i_snitch_icache_gen_prefetcher[3].i_snitch_icache_l0_gen_array[0].gen_latch.clk_vld,clock,257
gen_tiles[8].i_tile_gen_caches[0].i_snitch_icache_gen_prefetcher[3].i_snitch_icache_l0_gen_array[1].gen_latch.clk_vld,clock,257
gen_tiles[8].i_tile_gen_caches[0].i_snitch_icache_gen_prefetcher[3].i_snitch_icache_l0_gen_array[2].gen_latch.clk_vld,clock,257
gen_tiles[8].i_tile_gen_caches[0].i_snitch_icache_gen_prefetcher[3].i_snitch_icache_l0_gen_array[3].gen_latch.clk_vld,clock,257
gen_tiles[9].i_tile_gen_caches[0].i_snitch_icache_gen_prefetcher[0].i_snitch_icache_l0_gen_array[0].gen_latch.clk_vld,clock,257
gen_tiles[9].i_tile_gen_caches[0].i_snitch_icache_gen_prefetcher[0].i_snitch_icache_l0_gen_array[1].gen_latch.clk_vld,clock,257
gen_tiles[9].i_tile_gen_caches[0].i_snitch_icache_gen_prefetcher[0].i_snitch_icache_l0_gen_array[2].gen_latch.clk_vld,clock,257
gen_tiles[9].i_tile_gen_caches[0].i_snitch_icache_gen_prefetcher[0].i_snitch_icache_l0_gen_array[3].gen_latch.clk_vld,clock,257
gen_tiles[9].i_tile_gen_caches[0].i_snitch_icache_gen_prefetcher[1].i_snitch_icache_l0_gen_array[0].gen_latch.clk_vld,clock,257
gen_tiles[9].i_tile_gen_caches[0].i_snitch_icache_gen_prefetcher[1].i_snitch_icache_l0_gen_array[1].gen_latch.clk_vld,clock,257
gen_tiles[9].i_tile_gen_caches[0].i_snitch_icache_gen_prefetcher[1].i_snitch_icache_l0_gen_array[2].gen_latch.clk_vld,clock,257
gen_tiles[9].i_tile_gen_caches[0].i_snitch_icache_gen_prefetcher[1].i_snitch_icache_l0_gen_array[3].gen_latch.clk_vld,clock,257
gen_tiles[9].i_tile_gen_caches[0].i_snitch_icache_gen_prefetcher[2].i_snitch_icache_l0_gen_array[0].gen_latch.clk_vld,clock,257
gen_tiles[9].i_tile_gen_caches[0].i_snitch_icache_gen_prefetcher[2].i_snitch_icache_l0_gen_array[1].gen_latch.clk_vld,clock,257
gen_tiles[9].i_tile_gen_caches[0].i_snitch_icache_gen_prefetcher[2].i_snitch_icache_l0_gen_array[2].gen_latch.clk_vld,clock,257
gen_tiles[9].i_tile_gen_caches[0].i_snitch_icache_gen_prefetcher[2].i_snitch_icache_l0_gen_array[3].gen_latch.clk_vld,clock,257
gen_tiles[9].i_tile_gen_caches[0].i_snitch_icache_gen_prefetcher[3].i_snitch_icache_l0_gen_array[0].gen_latch.clk_vld,clock,257
gen_tiles[9].i_tile_gen_caches[0].i_snitch_icache_gen_prefetcher[3].i_snitch_icache_l0_gen_array[1].gen_latch.clk_vld,clock,257
gen_tiles[9].i_tile_gen_caches[0].i_snitch_icache_gen_prefetcher[3].i_snitch_icache_l0_gen_array[2].gen_latch.clk_vld,clock,257
gen_tiles[9].i_tile_gen_caches[0].i_snitch_icache_gen_prefetcher[3].i_snitch_icache_l0_gen_array[3].gen_latch.clk_vld,clock,257
gen_tiles[10].i_tile_gen_caches[0].i_snitch_icache_gen_prefetcher[0].i_snitch_icache_l0_gen_array[0].gen_latch.clk_vld,clock,257
gen_tiles[10].i_tile_gen_caches[0].i_snitch_icache_gen_prefetcher[0].i_snitch_icache_l0_gen_array[1].gen_latch.clk_vld,clock,257
gen_tiles[10].i_tile_gen_caches[0].i_snitch_icache_gen_prefetcher[0].i_snitch_icache_l0_gen_array[2].gen_latch.clk_vld,clock,257
gen_tiles[10].i_tile_gen_caches[0].i_snitch_icache_gen_prefetcher[0].i_snitch_icache_l0_gen_array[3].gen_latch.clk_vld,clock,257
gen_tiles[10].i_tile_gen_caches[0].i_snitch_icache_gen_prefetcher[1].i_snitch_icache_l0_gen_array[0].gen_latch.clk_vld,clock,257
gen_tiles[10].i_tile_gen_caches[0].i_snitch_icache_gen_prefetcher[1].i_snitch_icache_l0_gen_array[1].gen_latch.clk_vld,clock,257
gen_tiles[10].i_tile_gen_caches[0].i_snitch_icache_gen_prefetcher[1].i_snitch_icache_l0_gen_array[2].gen_latch.clk_vld,clock,257
gen_tiles[10].i_tile_gen_caches[0].i_snitch_icache_gen_prefetcher[1].i_snitch_icache_l0_gen_array[3].gen_latch.clk_vld,clock,257
gen_tiles[10].i_tile_gen_caches[0].i_snitch_icache_gen_prefetcher[2].i_snitch_icache_l0_gen_array[0].gen_latch.clk_vld,clock,257
gen_tiles[10].i_tile_gen_caches[0].i_snitch_icache_gen_prefetcher[2].i_snitch_icache_l0_gen_array[1].gen_latch.clk_vld,clock,257
gen_tiles[10].i_tile_gen_caches[0].i_snitch_icache_gen_prefetcher[2].i_snitch_icache_l0_gen_array[2].gen_latch.clk_vld,clock,257
gen_tiles[10].i_tile_gen_caches[0].i_snitch_icache_gen_prefetcher[2].i_snitch_icache_l0_gen_array[3].gen_latch.clk_vld,clock,257
gen_tiles[10].i_tile_gen_caches[0].i_snitch_icache_gen_prefetcher[3].i_snitch_icache_l0_gen_array[0].gen_latch.clk_vld,clock,257
gen_tiles[10].i_tile_gen_caches[0].i_snitch_icache_gen_prefetcher[3].i_snitch_icache_l0_gen_array[1].gen_latch.clk_vld,clock,257
gen_tiles[10].i_tile_gen_caches[0].i_snitch_icache_gen_prefetcher[3].i_snitch_icache_l0_gen_array[2].gen_latch.clk_vld,clock,257
gen_tiles[10].i_tile_gen_caches[0].i_snitch_icache_gen_prefetcher[3].i_snitch_icache_l0_gen_array[3].gen_latch.clk_vld,clock,257
gen_tiles[11].i_tile_gen_caches[0].i_snitch_icache_gen_prefetcher[0].i_snitch_icache_l0_gen_array[0].gen_latch.clk_vld,clock,257
gen_tiles[11].i_tile_gen_caches[0].i_snitch_icache_gen_prefetcher[0].i_snitch_icache_l0_gen_array[1].gen_latch.clk_vld,clock,257
gen_tiles[11].i_tile_gen_caches[0].i_snitch_icache_gen_prefetcher[0].i_snitch_icache_l0_gen_array[2].gen_latch.clk_vld,clock,257
gen_tiles[11].i_tile_gen_caches[0].i_snitch_icache_gen_prefetcher[0].i_snitch_icache_l0_gen_array[3].gen_latch.clk_vld,clock,257
gen_tiles[11].i_tile_gen_caches[0].i_snitch_icache_gen_prefetcher[1].i_snitch_icache_l0_gen_array[0].gen_latch.clk_vld,clock,257
gen_tiles[11].i_tile_gen_caches[0].i_snitch_icache_gen_prefetcher[1].i_snitch_icache_l0_gen_array[1].gen_latch.clk_vld,clock,257
gen_tiles[11].i_tile_gen_caches[0].i_snitch_icache_gen_prefetcher[1].i_snitch_icache_l0_gen_array[2].gen_latch.clk_vld,clock,257
gen_tiles[11].i_tile_gen_caches[0].i_snitch_icache_gen_prefetcher[1].i_snitch_icache_l0_gen_array[3].gen_latch.clk_vld,clock,257
gen_tiles[11].i_tile_gen_caches[0].i_snitch_icache_gen_prefetcher[2].i_snitch_icache_l0_gen_array[0].gen_latch.clk_vld,clock,257
gen_tiles[11].i_tile_gen_caches[0].i_snitch_icache_gen_prefetcher[2].i_snitch_icache_l0_gen_array[1].gen_latch.clk_vld,clock,257
gen_tiles[11].i_tile_gen_caches[0].i_snitch_icache_gen_prefetcher[2].i_snitch_icache_l0_gen_array[2].gen_latch.clk_vld,clock,257
gen_tiles[11].i_tile_gen_caches[0].i_snitch_icache_gen_prefetcher[2].i_snitch_icache_l0_gen_array[3].gen_latch.clk_vld,clock,257
gen_tiles[11].i_tile_gen_caches[0].i_snitch_icache_gen_prefetcher[3].i_snitch_icache_l0_gen_array[0].gen_latch.clk_vld,clock,257
gen_tiles[11].i_tile_gen_caches[0].i_snitch_icache_gen_prefetcher[3].i_snitch_icache_l0_gen_array[1].gen_latch.clk_vld,clock,257
gen_tiles[11].i_tile_gen_caches[0].i_snitch_icache_gen_prefetcher[3].i_snitch_icache_l0_gen_array[2].gen_latch.clk_vld,clock,257
gen_tiles[11].i_tile_gen_caches[0].i_snitch_icache_gen_prefetcher[3].i_snitch_icache_l0_gen_array[3].gen_latch.clk_vld,clock,257
gen_tiles[12].i_tile_gen_caches[0].i_snitch_icache_gen_prefetcher[0].i_snitch_icache_l0_gen_array[0].gen_latch.clk_vld,clock,257
gen_tiles[12].i_tile_gen_caches[0].i_snitch_icache_gen_prefetcher[0].i_snitch_icache_l0_gen_array[2].gen_latch.clk_vld,clock,257
gen_tiles[12].i_tile_gen_caches[0].i_snitch_icache_gen_prefetcher[0].i_snitch_icache_l0_gen_array[3].gen_latch.clk_vld,clock,257
gen_tiles[12].i_tile_gen_caches[0].i_snitch_icache_gen_prefetcher[1].i_snitch_icache_l0_gen_array[0].gen_latch.clk_vld,clock,257
gen_tiles[12].i_tile_gen_caches[0].i_snitch_icache_gen_prefetcher[1].i_snitch_icache_l0_gen_array[1].gen_latch.clk_vld,clock,257
gen_tiles[12].i_tile_gen_caches[0].i_snitch_icache_gen_prefetcher[1].i_snitch_icache_l0_gen_array[2].gen_latch.clk_vld,clock,257
gen_tiles[12].i_tile_gen_caches[0].i_snitch_icache_gen_prefetcher[1].i_snitch_icache_l0_gen_array[3].gen_latch.clk_vld,clock,257
gen_tiles[12].i_tile_gen_caches[0].i_snitch_icache_gen_prefetcher[2].i_snitch_icache_l0_gen_array[0].gen_latch.clk_vld,clock,257
gen_tiles[12].i_tile_gen_caches[0].i_snitch_icache_gen_prefetcher[2].i_snitch_icache_l0_gen_array[1].gen_latch.clk_vld,clock,257
gen_tiles[12].i_tile_gen_caches[0].i_snitch_icache_gen_prefetcher[2].i_snitch_icache_l0_gen_array[2].gen_latch.clk_vld,clock,257
gen_tiles[12].i_tile_gen_caches[0].i_snitch_icache_gen_prefetcher[2].i_snitch_icache_l0_gen_array[3].gen_latch.clk_vld,clock,257
gen_tiles[12].i_tile_gen_caches[0].i_snitch_icache_gen_prefetcher[3].i_snitch_icache_l0_gen_array[0].gen_latch.clk_vld,clock,257
gen_tiles[12].i_tile_gen_caches[0].i_snitch_icache_gen_prefetcher[3].i_snitch_icache_l0_gen_array[1].gen_latch.clk_vld,clock,257
gen_tiles[12].i_tile_gen_caches[0].i_snitch_icache_gen_prefetcher[3].i_snitch_icache_l0_gen_array[2].gen_latch.clk_vld,clock,257
gen_tiles[12].i_tile_gen_caches[0].i_snitch_icache_gen_prefetcher[3].i_snitch_icache_l0_gen_array[3].gen_latch.clk_vld,clock,257
gen_tiles[13].i_tile_gen_caches[0].i_snitch_icache_gen_prefetcher[0].i_snitch_icache_l0_gen_array[0].gen_latch.clk_vld,clock,257
gen_tiles[13].i_tile_gen_caches[0].i_snitch_icache_gen_prefetcher[0].i_snitch_icache_l0_gen_array[1].gen_latch.clk_vld,clock,257
gen_tiles[13].i_tile_gen_caches[0].i_snitch_icache_gen_prefetcher[0].i_snitch_icache_l0_gen_array[2].gen_latch.clk_vld,clock,257
gen_tiles[13].i_tile_gen_caches[0].i_snitch_icache_gen_prefetcher[0].i_snitch_icache_l0_gen_array[3].gen_latch.clk_vld,clock,257
gen_tiles[13].i_tile_gen_caches[0].i_snitch_icache_gen_prefetcher[1].i_snitch_icache_l0_gen_array[0].gen_latch.clk_vld,clock,257
gen_tiles[13].i_tile_gen_caches[0].i_snitch_icache_gen_prefetcher[1].i_snitch_icache_l0_gen_array[1].gen_latch.clk_vld,clock,257
gen_tiles[13].i_tile_gen_caches[0].i_snitch_icache_gen_prefetcher[1].i_snitch_icache_l0_gen_array[2].gen_latch.clk_vld,clock,257
gen_tiles[13].i_tile_gen_caches[0].i_snitch_icache_gen_prefetcher[1].i_snitch_icache_l0_gen_array[3].gen_latch.clk_vld,clock,257
gen_tiles[13].i_tile_gen_caches[0].i_snitch_icache_gen_prefetcher[2].i_snitch_icache_l0_gen_array[0].gen_latch.clk_vld,clock,257
gen_tiles[13].i_tile_gen_caches[0].i_snitch_icache_gen_prefetcher[2].i_snitch_icache_l0_gen_array[1].gen_latch.clk_vld,clock,257
gen_tiles[13].i_tile_gen_caches[0].i_snitch_icache_gen_prefetcher[2].i_snitch_icache_l0_gen_array[2].gen_latch.clk_vld,clock,257
gen_tiles[13].i_tile_gen_caches[0].i_snitch_icache_gen_prefetcher[2].i_snitch_icache_l0_gen_array[3].gen_latch.clk_vld,clock,257
gen_tiles[13].i_tile_gen_caches[0].i_snitch_icache_gen_prefetcher[3].i_snitch_icache_l0_gen_array[0].gen_latch.clk_vld,clock,257
gen_tiles[13].i_tile_gen_caches[0].i_snitch_icache_gen_prefetcher[3].i_snitch_icache_l0_gen_array[1].gen_latch.clk_vld,clock,257
gen_tiles[13].i_tile_gen_caches[0].i_snitch_icache_gen_prefetcher[3].i_snitch_icache_l0_gen_array[2].gen_latch.clk_vld,clock,257
gen_tiles[13].i_tile_gen_caches[0].i_snitch_icache_gen_prefetcher[3].i_snitch_icache_l0_gen_array[3].gen_latch.clk_vld,clock,257
gen_tiles[14].i_tile_gen_caches[0].i_snitch_icache_gen_prefetcher[0].i_snitch_icache_l0_gen_array[0].gen_latch.clk_vld,clock,257
gen_tiles[14].i_tile_gen_caches[0].i_snitch_icache_gen_prefetcher[0].i_snitch_icache_l0_gen_array[1].gen_latch.clk_vld,clock,257
gen_tiles[14].i_tile_gen_caches[0].i_snitch_icache_gen_prefetcher[0].i_snitch_icache_l0_gen_array[2].gen_latch.clk_vld,clock,257
gen_tiles[14].i_tile_gen_caches[0].i_snitch_icache_gen_prefetcher[0].i_snitch_icache_l0_gen_array[3].gen_latch.clk_vld,clock,257
gen_tiles[14].i_tile_gen_caches[0].i_snitch_icache_gen_prefetcher[1].i_snitch_icache_l0_gen_array[0].gen_latch.clk_vld,clock,257
gen_tiles[14].i_tile_gen_caches[0].i_snitch_icache_gen_prefetcher[1].i_snitch_icache_l0_gen_array[1].gen_latch.clk_vld,clock,257
gen_tiles[14].i_tile_gen_caches[0].i_snitch_icache_gen_prefetcher[1].i_snitch_icache_l0_gen_array[2].gen_latch.clk_vld,clock,257
gen_tiles[14].i_tile_gen_caches[0].i_snitch_icache_gen_prefetcher[1].i_snitch_icache_l0_gen_array[3].gen_latch.clk_vld,clock,257
gen_tiles[14].i_tile_gen_caches[0].i_snitch_icache_gen_prefetcher[2].i_snitch_icache_l0_gen_array[0].gen_latch.clk_vld,clock,257
gen_tiles[14].i_tile_gen_caches[0].i_snitch_icache_gen_prefetcher[2].i_snitch_icache_l0_gen_array[1].gen_latch.clk_vld,clock,257
gen_tiles[14].i_tile_gen_caches[0].i_snitch_icache_gen_prefetcher[2].i_snitch_icache_l0_gen_array[2].gen_latch.clk_vld,clock,257
gen_tiles[14].i_tile_gen_caches[0].i_snitch_icache_gen_prefetcher[2].i_snitch_icache_l0_gen_array[3].gen_latch.clk_vld,clock,257
gen_tiles[14].i_tile_gen_caches[0].i_snitch_icache_gen_prefetcher[3].i_snitch_icache_l0_gen_array[0].gen_latch.clk_vld,clock,257
gen_tiles[14].i_tile_gen_caches[0].i_snitch_icache_gen_prefetcher[3].i_snitch_icache_l0_gen_array[1].gen_latch.clk_vld,clock,257
gen_tiles[14].i_tile_gen_caches[0].i_snitch_icache_gen_prefetcher[3].i_snitch_icache_l0_gen_array[2].gen_latch.clk_vld,clock,257
gen_tiles[14].i_tile_gen_caches[0].i_snitch_icache_gen_prefetcher[3].i_snitch_icache_l0_gen_array[3].gen_latch.clk_vld,clock,257
gen_tiles[15].i_tile_gen_caches[0].i_snitch_icache_gen_prefetcher[0].i_snitch_icache_l0_gen_array[0].gen_latch.clk_vld,clock,257
gen_tiles[15].i_tile_gen_caches[0].i_snitch_icache_gen_prefetcher[0].i_snitch_icache_l0_gen_array[1].gen_latch.clk_vld,clock,257
gen_tiles[15].i_tile_gen_caches[0].i_snitch_icache_gen_prefetcher[0].i_snitch_icache_l0_gen_array[2].gen_latch.clk_vld,clock,257
gen_tiles[15].i_tile_gen_caches[0].i_snitch_icache_gen_prefetcher[0].i_snitch_icache_l0_gen_array[3].gen_latch.clk_vld,clock,257
gen_tiles[15].i_tile_gen_caches[0].i_snitch_icache_gen_prefetcher[1].i_snitch_icache_l0_gen_array[0].gen_latch.clk_vld,clock,257
gen_tiles[15].i_tile_gen_caches[0].i_snitch_icache_gen_prefetcher[1].i_snitch_icache_l0_gen_array[1].gen_latch.clk_vld,clock,257
gen_tiles[15].i_tile_gen_caches[0].i_snitch_icache_gen_prefetcher[1].i_snitch_icache_l0_gen_array[2].gen_latch.clk_vld,clock,257
gen_tiles[15].i_tile_gen_caches[0].i_snitch_icache_gen_prefetcher[1].i_snitch_icache_l0_gen_array[3].gen_latch.clk_vld,clock,257
gen_tiles[15].i_tile_gen_caches[0].i_snitch_icache_gen_prefetcher[2].i_snitch_icache_l0_gen_array[0].gen_latch.clk_vld,clock,257
gen_tiles[15].i_tile_gen_caches[0].i_snitch_icache_gen_prefetcher[2].i_snitch_icache_l0_gen_array[1].gen_latch.clk_vld,clock,257
gen_tiles[15].i_tile_gen_caches[0].i_snitch_icache_gen_prefetcher[2].i_snitch_icache_l0_gen_array[2].gen_latch.clk_vld,clock,257
gen_tiles[15].i_tile_gen_caches[0].i_snitch_icache_gen_prefetcher[2].i_snitch_icache_l0_gen_array[3].gen_latch.clk_vld,clock,257
gen_tiles[15].i_tile_gen_caches[0].i_snitch_icache_gen_prefetcher[3].i_snitch_icache_l0_gen_array[0].gen_latch.clk_vld,clock,257
gen_tiles[15].i_tile_gen_caches[0].i_snitch_icache_gen_prefetcher[3].i_snitch_icache_l0_gen_array[1].gen_latch.clk_vld,clock,257
gen_tiles[15].i_tile_gen_caches[0].i_snitch_icache_gen_prefetcher[3].i_snitch_icache_l0_gen_array[2].gen_latch.clk_vld,clock,257
gen_tiles[15].i_tile_gen_caches[0].i_snitch_icache_gen_prefetcher[3].i_snitch_icache_l0_gen_array[3].gen_latch.clk_vld,clock,257
LOGICAL_1,constant,100
gen_tiles[0].i_tile_gen_caches[0].i_snitch_icache_i_lookup_g_sets[0].gen_scm.i_tag_ClocksxC[0],clock,24
gen_tiles[0].i_tile_gen_caches[0].i_snitch_icache_i_lookup_g_sets[0].gen_scm.i_tag_ClocksxC[1],clock,24
gen_tiles[0].i_tile_gen_caches[0].i_snitch_icache_i_lookup_g_sets[0].gen_scm.i_tag_ClocksxC[2],clock,24
gen_tiles[0].i_tile_gen_caches[0].i_snitch_icache_i_lookup_g_sets[0].gen_scm.i_tag_ClocksxC[3],clock,24
gen_tiles[0].i_tile_gen_caches[0].i_snitch_icache_i_lookup_g_sets[0].gen_scm.i_tag_ClocksxC[4],clock,24
gen_tiles[0].i_tile_gen_caches[0].i_snitch_icache_i_lookup_g_sets[0].gen_scm.i_tag_ClocksxC[5],clock,24
gen_tiles[0].i_tile_gen_caches[0].i_snitch_icache_i_lookup_g_sets[0].gen_scm.i_tag_ClocksxC[6],clock,24
gen_tiles[0].i_tile_gen_caches[0].i_snitch_icache_i_lookup_g_sets[0].gen_scm.i_tag_ClocksxC[7],clock,24
gen_tiles[0].i_tile_gen_caches[0].i_snitch_icache_i_lookup_g_sets[0].gen_scm.i_tag_ClocksxC[8],clock,24
gen_tiles[0].i_tile_gen_caches[0].i_snitch_icache_i_lookup_g_sets[0].gen_scm.i_tag_ClocksxC[9],clock,24
gen_tiles[0].i_tile_gen_caches[0].i_snitch_icache_i_lookup_g_sets[0].gen_scm.i_tag_ClocksxC[10],clock,24
gen_tiles[0].i_tile_gen_caches[0].i_snitch_icache_i_lookup_g_sets[0].gen_scm.i_tag_ClocksxC[11],clock,24
gen_tiles[0].i_tile_gen_caches[0].i_snitch_icache_i_lookup_g_sets[0].gen_scm.i_tag_ClocksxC[12],clock,24
gen_tiles[0].i_tile_gen_caches[0].i_snitch_icache_i_lookup_g_sets[0].gen_scm.i_tag_ClocksxC[13],clock,24
gen_tiles[0].i_tile_gen_caches[0].i_snitch_icache_i_lookup_g_sets[0].gen_scm.i_tag_ClocksxC[14],clock,24
gen_tiles[0].i_tile_gen_caches[0].i_snitch_icache_i_lookup_g_sets[0].gen_scm.i_tag_ClocksxC[15],clock,24
gen_tiles[0].i_tile_gen_caches[0].i_snitch_icache_i_lookup_g_sets[0].gen_scm.i_tag_ClocksxC[16],clock,24
gen_tiles[0].i_tile_gen_caches[0].i_snitch_icache_i_lookup_g_sets[0].gen_scm.i_tag_ClocksxC[17],clock,24
gen_tiles[0].i_tile_gen_caches[0].i_snitch_icache_i_lookup_g_sets[0].gen_scm.i_tag_ClocksxC[18],clock,24
gen_tiles[0].i_tile_gen_caches[0].i_snitch_icache_i_lookup_g_sets[0].gen_scm.i_tag_ClocksxC[19],clock,24
gen_tiles[0].i_tile_gen_caches[0].i_snitch_icache_i_lookup_g_sets[0].gen_scm.i_tag_ClocksxC[20],clock,24
gen_tiles[0].i_tile_gen_caches[0].i_snitch_icache_i_lookup_g_sets[0].gen_scm.i_tag_ClocksxC[21],clock,24
gen_tiles[0].i_tile_gen_caches[0].i_snitch_icache_i_lookup_g_sets[0].gen_scm.i_tag_ClocksxC[22],clock,24
gen_tiles[0].i_tile_gen_caches[0].i_snitch_icache_i_lookup_g_sets[0].gen_scm.i_tag_ClocksxC[23],clock,24
gen_tiles[0].i_tile_gen_caches[0].i_snitch_icache_i_lookup_g_sets[0].gen_scm.i_tag_ClocksxC[24],clock,24
gen_tiles[0].i_tile_gen_caches[0].i_snitch_icache_i_lookup_g_sets[0].gen_scm.i_tag_ClocksxC[25],clock,24
gen_tiles[0].i_tile_gen_caches[0].i_snitch_icache_i_lookup_g_sets[0].gen_scm.i_tag_ClocksxC[26],clock,24
gen_tiles[0].i_tile_gen_caches[0].i_snitch_icache_i_lookup_g_sets[0].gen_scm.i_tag_ClocksxC[27],clock,24
gen_tiles[0].i_tile_gen_caches[0].i_snitch_icache_i_lookup_g_sets[0].gen_scm.i_tag_ClocksxC[28],clock,24
gen_tiles[0].i_tile_gen_caches[0].i_snitch_icache_i_lookup_g_sets[0].gen_scm.i_tag_ClocksxC[29],clock,24
gen_tiles[0].i_tile_gen_caches[0].i_snitch_icache_i_lookup_g_sets[0].gen_scm.i_tag_ClocksxC[30],clock,24
gen_tiles[0].i_tile_gen_caches[0].i_snitch_icache_i_lookup_g_sets[0].gen_scm.i_tag_ClocksxC[31],clock,24
gen_tiles[0].i_tile_gen_caches[0].i_snitch_icache_i_lookup_g_sets[1].gen_scm.i_tag_ClocksxC[0],clock,24
gen_tiles[0].i_tile_gen_caches[0].i_snitch_icache_i_lookup_g_sets[1].gen_scm.i_tag_ClocksxC[1],clock,24
gen_tiles[0].i_tile_gen_caches[0].i_snitch_icache_i_lookup_g_sets[1].gen_scm.i_tag_ClocksxC[2],clock,24
gen_tiles[0].i_tile_gen_caches[0].i_snitch_icache_i_lookup_g_sets[1].gen_scm.i_tag_ClocksxC[3],clock,24
gen_tiles[0].i_tile_gen_caches[0].i_snitch_icache_i_lookup_g_sets[1].gen_scm.i_tag_ClocksxC[4],clock,24
gen_tiles[0].i_tile_gen_caches[0].i_snitch_icache_i_lookup_g_sets[1].gen_scm.i_tag_ClocksxC[5],clock,24
gen_tiles[0].i_tile_gen_caches[0].i_snitch_icache_i_lookup_g_sets[1].gen_scm.i_tag_ClocksxC[6],clock,24
gen_tiles[0].i_tile_gen_caches[0].i_snitch_icache_i_lookup_g_sets[1].gen_scm.i_tag_ClocksxC[7],clock,24
gen_tiles[0].i_tile_gen_caches[0].i_snitch_icache_i_lookup_g_sets[1].gen_scm.i_tag_ClocksxC[8],clock,24
gen_tiles[0].i_tile_gen_caches[0].i_snitch_icache_i_lookup_g_sets[1].gen_scm.i_tag_ClocksxC[9],clock,24
gen_tiles[0].i_tile_gen_caches[0].i_snitch_icache_i_lookup_g_sets[1].gen_scm.i_tag_ClocksxC[10],clock,24
gen_tiles[0].i_tile_gen_caches[0].i_snitch_icache_i_lookup_g_sets[1].gen_scm.i_tag_ClocksxC[11],clock,24
gen_tiles[0].i_tile_gen_caches[0].i_snitch_icache_i_lookup_g_sets[1].gen_scm.i_tag_ClocksxC[12],clock,24
gen_tiles[0].i_tile_gen_caches[0].i_snitch_icache_i_lookup_g_sets[1].gen_scm.i_tag_ClocksxC[13],clock,24
gen_tiles[0].i_tile_gen_caches[0].i_snitch_icache_i_lookup_g_sets[1].gen_scm.i_tag_ClocksxC[14],clock,24
gen_tiles[0].i_tile_gen_caches[0].i_snitch_icache_i_lookup_g_sets[1].gen_scm.i_tag_ClocksxC[15],clock,24
gen_tiles[0].i_tile_gen_caches[0].i_snitch_icache_i_lookup_g_sets[1].gen_scm.i_tag_ClocksxC[16],clock,24
gen_tiles[0].i_tile_gen_caches[0].i_snitch_icache_i_lookup_g_sets[1].gen_scm.i_tag_ClocksxC[17],clock,24
gen_tiles[0].i_tile_gen_caches[0].i_snitch_icache_i_lookup_g_sets[1].gen_scm.i_tag_ClocksxC[18],clock,24
gen_tiles[0].i_tile_gen_caches[0].i_snitch_icache_i_lookup_g_sets[1].gen_scm.i_tag_ClocksxC[19],clock,24
gen_tiles[0].i_tile_gen_caches[0].i_snitch_icache_i_lookup_g_sets[1].gen_scm.i_tag_ClocksxC[20],clock,24
gen_tiles[0].i_tile_gen_caches[0].i_snitch_icache_i_lookup_g_sets[1].gen_scm.i_tag_ClocksxC[21],clock,24
gen_tiles[0].i_tile_gen_caches[0].i_snitch_icache_i_lookup_g_sets[1].gen_scm.i_tag_ClocksxC[22],clock,24
gen_tiles[0].i_tile_gen_caches[0].i_snitch_icache_i_lookup_g_sets[1].gen_scm.i_tag_ClocksxC[23],clock,24
gen_tiles[0].i_tile_gen_caches[0].i_snitch_icache_i_lookup_g_sets[1].gen_scm.i_tag_ClocksxC[24],clock,24
gen_tiles[0].i_tile_gen_caches[0].i_snitch_icache_i_lookup_g_sets[1].gen_scm.i_tag_ClocksxC[25],clock,24
gen_tiles[0].i_tile_gen_caches[0].i_snitch_icache_i_lookup_g_sets[1].gen_scm.i_tag_ClocksxC[26],clock,24
gen_tiles[0].i_tile_gen_caches[0].i_snitch_icache_i_lookup_g_sets[1].gen_scm.i_tag_ClocksxC[27],clock,24
gen_tiles[0].i_tile_gen_caches[0].i_snitch_icache_i_lookup_g_sets[1].gen_scm.i_tag_ClocksxC[28],clock,24
gen_tiles[0].i_tile_gen_caches[0].i_snitch_icache_i_lookup_g_sets[1].gen_scm.i_tag_ClocksxC[29],clock,24
gen_tiles[0].i_tile_gen_caches[0].i_snitch_icache_i_lookup_g_sets[1].gen_scm.i_tag_ClocksxC[30],clock,24
gen_tiles[0].i_tile_gen_caches[0].i_snitch_icache_i_lookup_g_sets[1].gen_scm.i_tag_ClocksxC[31],clock,24
gen_tiles[1].i_tile_gen_caches[0].i_snitch_icache_i_lookup_g_sets[0].gen_scm.i_tag_ClocksxC[0],clock,24
gen_tiles[1].i_tile_gen_caches[0].i_snitch_icache_i_lookup_g_sets[0].gen_scm.i_tag_ClocksxC[1],clock,24
gen_tiles[1].i_tile_gen_caches[0].i_snitch_icache_i_lookup_g_sets[0].gen_scm.i_tag_ClocksxC[2],clock,24
gen_tiles[1].i_tile_gen_caches[0].i_snitch_icache_i_lookup_g_sets[0].gen_scm.i_tag_ClocksxC[3],clock,24
gen_tiles[1].i_tile_gen_caches[0].i_snitch_icache_i_lookup_g_sets[0].gen_scm.i_tag_ClocksxC[4],clock,24
gen_tiles[1].i_tile_gen_caches[0].i_snitch_icache_i_lookup_g_sets[0].gen_scm.i_tag_ClocksxC[5],clock,24
gen_tiles[1].i_tile_gen_caches[0].i_snitch_icache_i_lookup_g_sets[0].gen_scm.i_tag_ClocksxC[6],clock,24
gen_tiles[1].i_tile_gen_caches[0].i_snitch_icache_i_lookup_g_sets[0].gen_scm.i_tag_ClocksxC[7],clock,24
gen_tiles[1].i_tile_gen_caches[0].i_snitch_icache_i_lookup_g_sets[0].gen_scm.i_tag_ClocksxC[8],clock,24
gen_tiles[1].i_tile_gen_caches[0].i_snitch_icache_i_lookup_g_sets[0].gen_scm.i_tag_ClocksxC[9],clock,24
gen_tiles[1].i_tile_gen_caches[0].i_snitch_icache_i_lookup_g_sets[0].gen_scm.i_tag_ClocksxC[10],clock,24
gen_tiles[1].i_tile_gen_caches[0].i_snitch_icache_i_lookup_g_sets[0].gen_scm.i_tag_ClocksxC[11],clock,24
gen_tiles[1].i_tile_gen_caches[0].i_snitch_icache_i_lookup_g_sets[0].gen_scm.i_tag_ClocksxC[12],clock,24
gen_tiles[1].i_tile_gen_caches[0].i_snitch_icache_i_lookup_g_sets[0].gen_scm.i_tag_ClocksxC[13],clock,24
gen_tiles[1].i_tile_gen_caches[0].i_snitch_icache_i_lookup_g_sets[0].gen_scm.i_tag_ClocksxC[14],clock,24
gen_tiles[1].i_tile_gen_caches[0].i_snitch_icache_i_lookup_g_sets[0].gen_scm.i_tag_ClocksxC[15],clock,24
gen_tiles[1].i_tile_gen_caches[0].i_snitch_icache_i_lookup_g_sets[0].gen_scm.i_tag_ClocksxC[16],clock,24
gen_tiles[1].i_tile_gen_caches[0].i_snitch_icache_i_lookup_g_sets[0].gen_scm.i_tag_ClocksxC[17],clock,24
gen_tiles[1].i_tile_gen_caches[0].i_snitch_icache_i_lookup_g_sets[0].gen_scm.i_tag_ClocksxC[18],clock,24
gen_tiles[1].i_tile_gen_caches[0].i_snitch_icache_i_lookup_g_sets[0].gen_scm.i_tag_ClocksxC[19],clock,24
gen_tiles[1].i_tile_gen_caches[0].i_snitch_icache_i_lookup_g_sets[0].gen_scm.i_tag_ClocksxC[20],clock,24
gen_tiles[1].i_tile_gen_caches[0].i_snitch_icache_i_lookup_g_sets[0].gen_scm.i_tag_ClocksxC[21],clock,24
gen_tiles[1].i_tile_gen_caches[0].i_snitch_icache_i_lookup_g_sets[0].gen_scm.i_tag_ClocksxC[22],clock,24
gen_tiles[1].i_tile_gen_caches[0].i_snitch_icache_i_lookup_g_sets[0].gen_scm.i_tag_ClocksxC[23],clock,24
gen_tiles[1].i_tile_gen_caches[0].i_snitch_icache_i_lookup_g_sets[0].gen_scm.i_tag_ClocksxC[24],clock,24
gen_tiles[1].i_tile_gen_caches[0].i_snitch_icache_i_lookup_g_sets[0].gen_scm.i_tag_ClocksxC[25],clock,24
gen_tiles[1].i_tile_gen_caches[0].i_snitch_icache_i_lookup_g_sets[0].gen_scm.i_tag_ClocksxC[26],clock,24
gen_tiles[1].i_tile_gen_caches[0].i_snitch_icache_i_lookup_g_sets[0].gen_scm.i_tag_ClocksxC[27],clock,24
gen_tiles[1].i_tile_gen_caches[0].i_snitch_icache_i_lookup_g_sets[0].gen_scm.i_tag_ClocksxC[28],clock,24
gen_tiles[1].i_tile_gen_caches[0].i_snitch_icache_i_lookup_g_sets[0].gen_scm.i_tag_ClocksxC[29],clock,24
gen_tiles[1].i_tile_gen_caches[0].i_snitch_icache_i_lookup_g_sets[0].gen_scm.i_tag_ClocksxC[30],clock,24
gen_tiles[1].i_tile_gen_caches[0].i_snitch_icache_i_lookup_g_sets[0].gen_scm.i_tag_ClocksxC[31],clock,24
gen_tiles[1].i_tile_gen_caches[0].i_snitch_icache_i_lookup_g_sets[1].gen_scm.i_tag_ClocksxC[0],clock,24
gen_tiles[1].i_tile_gen_caches[0].i_snitch_icache_i_lookup_g_sets[1].gen_scm.i_tag_ClocksxC[1],clock,24
gen_tiles[1].i_tile_gen_caches[0].i_snitch_icache_i_lookup_g_sets[1].gen_scm.i_tag_ClocksxC[2],clock,24
gen_tiles[1].i_tile_gen_caches[0].i_snitch_icache_i_lookup_g_sets[1].gen_scm.i_tag_ClocksxC[3],clock,24
gen_tiles[1].i_tile_gen_caches[0].i_snitch_icache_i_lookup_g_sets[1].gen_scm.i_tag_ClocksxC[4],clock,24
gen_tiles[1].i_tile_gen_caches[0].i_snitch_icache_i_lookup_g_sets[1].gen_scm.i_tag_ClocksxC[5],clock,24
gen_tiles[1].i_tile_gen_caches[0].i_snitch_icache_i_lookup_g_sets[1].gen_scm.i_tag_ClocksxC[6],clock,24
gen_tiles[1].i_tile_gen_caches[0].i_snitch_icache_i_lookup_g_sets[1].gen_scm.i_tag_ClocksxC[7],clock,24
gen_tiles[1].i_tile_gen_caches[0].i_snitch_icache_i_lookup_g_sets[1].gen_scm.i_tag_ClocksxC[8],clock,24
gen_tiles[1].i_tile_gen_caches[0].i_snitch_icache_i_lookup_g_sets[1].gen_scm.i_tag_ClocksxC[9],clock,24
gen_tiles[1].i_tile_gen_caches[0].i_snitch_icache_i_lookup_g_sets[1].gen_scm.i_tag_ClocksxC[10],clock,24
gen_tiles[1].i_tile_gen_caches[0].i_snitch_icache_i_lookup_g_sets[1].gen_scm.i_tag_ClocksxC[11],clock,24
gen_tiles[1].i_tile_gen_caches[0].i_snitch_icache_i_lookup_g_sets[1].gen_scm.i_tag_ClocksxC[12],clock,24
gen_tiles[1].i_tile_gen_caches[0].i_snitch_icache_i_lookup_g_sets[1].gen_scm.i_tag_ClocksxC[13],clock,24
gen_tiles[1].i_tile_gen_caches[0].i_snitch_icache_i_lookup_g_sets[1].gen_scm.i_tag_ClocksxC[14],clock,24
gen_tiles[1].i_tile_gen_caches[0].i_snitch_icache_i_lookup_g_sets[1].gen_scm.i_tag_ClocksxC[15],clock,24
gen_tiles[1].i_tile_gen_caches[0].i_snitch_icache_i_lookup_g_sets[1].gen_scm.i_tag_ClocksxC[16],clock,24
gen_tiles[1].i_tile_gen_caches[0].i_snitch_icache_i_lookup_g_sets[1].gen_scm.i_tag_ClocksxC[17],clock,24
gen_tiles[1].i_tile_gen_caches[0].i_snitch_icache_i_lookup_g_sets[1].gen_scm.i_tag_ClocksxC[18],clock,24
gen_tiles[1].i_tile_gen_caches[0].i_snitch_icache_i_lookup_g_sets[1].gen_scm.i_tag_ClocksxC[19],clock,24
gen_tiles[1].i_tile_gen_caches[0].i_snitch_icache_i_lookup_g_sets[1].gen_scm.i_tag_ClocksxC[20],clock,24
gen_tiles[1].i_tile_gen_caches[0].i_snitch_icache_i_lookup_g_sets[1].gen_scm.i_tag_ClocksxC[21],clock,24
gen_tiles[1].i_tile_gen_caches[0].i_snitch_icache_i_lookup_g_sets[1].gen_scm.i_tag_ClocksxC[22],clock,24
gen_tiles[1].i_tile_gen_caches[0].i_snitch_icache_i_lookup_g_sets[1].gen_scm.i_tag_ClocksxC[23],clock,24
gen_tiles[1].i_tile_gen_caches[0].i_snitch_icache_i_lookup_g_sets[1].gen_scm.i_tag_ClocksxC[24],clock,24
gen_tiles[1].i_tile_gen_caches[0].i_snitch_icache_i_lookup_g_sets[1].gen_scm.i_tag_ClocksxC[25],clock,24
gen_tiles[1].i_tile_gen_caches[0].i_snitch_icache_i_lookup_g_sets[1].gen_scm.i_tag_ClocksxC[26],clock,24
gen_tiles[1].i_tile_gen_caches[0].i_snitch_icache_i_lookup_g_sets[1].gen_scm.i_tag_ClocksxC[27],clock,24
gen_tiles[1].i_tile_gen_caches[0].i_snitch_icache_i_lookup_g_sets[1].gen_scm.i_tag_ClocksxC[28],clock,24
gen_tiles[1].i_tile_gen_caches[0].i_snitch_icache_i_lookup_g_sets[1].gen_scm.i_tag_ClocksxC[29],clock,24
gen_tiles[1].i_tile_gen_caches[0].i_snitch_icache_i_lookup_g_sets[1].gen_scm.i_tag_ClocksxC[30],clock,24
gen_tiles[1].i_tile_gen_caches[0].i_snitch_icache_i_lookup_g_sets[1].gen_scm.i_tag_ClocksxC[31],clock,24
gen_tiles[2].i_tile_gen_caches[0].i_snitch_icache_i_lookup_g_sets[0].gen_scm.i_tag_ClocksxC[0],clock,24
gen_tiles[2].i_tile_gen_caches[0].i_snitch_icache_i_lookup_g_sets[0].gen_scm.i_tag_ClocksxC[1],clock,24
gen_tiles[2].i_tile_gen_caches[0].i_snitch_icache_i_lookup_g_sets[0].gen_scm.i_tag_ClocksxC[2],clock,24
gen_tiles[2].i_tile_gen_caches[0].i_snitch_icache_i_lookup_g_sets[0].gen_scm.i_tag_ClocksxC[3],clock,24
gen_tiles[2].i_tile_gen_caches[0].i_snitch_icache_i_lookup_g_sets[0].gen_scm.i_tag_ClocksxC[4],clock,24
gen_tiles[2].i_tile_gen_caches[0].i_snitch_icache_i_lookup_g_sets[0].gen_scm.i_tag_ClocksxC[5],clock,24
gen_tiles[2].i_tile_gen_caches[0].i_snitch_icache_i_lookup_g_sets[0].gen_scm.i_tag_ClocksxC[6],clock,24
gen_tiles[2].i_tile_gen_caches[0].i_snitch_icache_i_lookup_g_sets[0].gen_scm.i_tag_ClocksxC[7],clock,24
gen_tiles[2].i_tile_gen_caches[0].i_snitch_icache_i_lookup_g_sets[0].gen_scm.i_tag_ClocksxC[8],clock,24
gen_tiles[2].i_tile_gen_caches[0].i_snitch_icache_i_lookup_g_sets[0].gen_scm.i_tag_ClocksxC[9],clock,24
gen_tiles[2].i_tile_gen_caches[0].i_snitch_icache_i_lookup_g_sets[0].gen_scm.i_tag_ClocksxC[10],clock,24
gen_tiles[2].i_tile_gen_caches[0].i_snitch_icache_i_lookup_g_sets[0].gen_scm.i_tag_ClocksxC[11],clock,24
gen_tiles[2].i_tile_gen_caches[0].i_snitch_icache_i_lookup_g_sets[0].gen_scm.i_tag_ClocksxC[12],clock,24
gen_tiles[2].i_tile_gen_caches[0].i_snitch_icache_i_lookup_g_sets[0].gen_scm.i_tag_ClocksxC[13],clock,24
gen_tiles[2].i_tile_gen_caches[0].i_snitch_icache_i_lookup_g_sets[0].gen_scm.i_tag_ClocksxC[14],clock,24
gen_tiles[2].i_tile_gen_caches[0].i_snitch_icache_i_lookup_g_sets[0].gen_scm.i_tag_ClocksxC[15],clock,24
gen_tiles[2].i_tile_gen_caches[0].i_snitch_icache_i_lookup_g_sets[0].gen_scm.i_tag_ClocksxC[16],clock,24
gen_tiles[2].i_tile_gen_caches[0].i_snitch_icache_i_lookup_g_sets[0].gen_scm.i_tag_ClocksxC[17],clock,24
gen_tiles[2].i_tile_gen_caches[0].i_snitch_icache_i_lookup_g_sets[0].gen_scm.i_tag_ClocksxC[18],clock,24
gen_tiles[2].i_tile_gen_caches[0].i_snitch_icache_i_lookup_g_sets[0].gen_scm.i_tag_ClocksxC[19],clock,24
gen_tiles[2].i_tile_gen_caches[0].i_snitch_icache_i_lookup_g_sets[0].gen_scm.i_tag_ClocksxC[20],clock,24
gen_tiles[2].i_tile_gen_caches[0].i_snitch_icache_i_lookup_g_sets[0].gen_scm.i_tag_ClocksxC[21],clock,24
gen_tiles[2].i_tile_gen_caches[0].i_snitch_icache_i_lookup_g_sets[0].gen_scm.i_tag_ClocksxC[22],clock,24
gen_tiles[2].i_tile_gen_caches[0].i_snitch_icache_i_lookup_g_sets[0].gen_scm.i_tag_ClocksxC[23],clock,24
gen_tiles[2].i_tile_gen_caches[0].i_snitch_icache_i_lookup_g_sets[0].gen_scm.i_tag_ClocksxC[24],clock,24
gen_tiles[2].i_tile_gen_caches[0].i_snitch_icache_i_lookup_g_sets[0].gen_scm.i_tag_ClocksxC[25],clock,24
gen_tiles[2].i_tile_gen_caches[0].i_snitch_icache_i_lookup_g_sets[0].gen_scm.i_tag_ClocksxC[26],clock,24
gen_tiles[2].i_tile_gen_caches[0].i_snitch_icache_i_lookup_g_sets[0].gen_scm.i_tag_ClocksxC[27],clock,24
gen_tiles[2].i_tile_gen_caches[0].i_snitch_icache_i_lookup_g_sets[0].gen_scm.i_tag_ClocksxC[28],clock,24
gen_tiles[2].i_tile_gen_caches[0].i_snitch_icache_i_lookup_g_sets[0].gen_scm.i_tag_ClocksxC[29],clock,24
gen_tiles[2].i_tile_gen_caches[0].i_snitch_icache_i_lookup_g_sets[0].gen_scm.i_tag_ClocksxC[30],clock,24
gen_tiles[2].i_tile_gen_caches[0].i_snitch_icache_i_lookup_g_sets[0].gen_scm.i_tag_ClocksxC[31],clock,24
gen_tiles[2].i_tile_gen_caches[0].i_snitch_icache_i_lookup_g_sets[1].gen_scm.i_tag_ClocksxC[0],clock,24
gen_tiles[2].i_tile_gen_caches[0].i_snitch_icache_i_lookup_g_sets[1].gen_scm.i_tag_ClocksxC[1],clock,24
gen_tiles[2].i_tile_gen_caches[0].i_snitch_icache_i_lookup_g_sets[1].gen_scm.i_tag_ClocksxC[2],clock,24
gen_tiles[2].i_tile_gen_caches[0].i_snitch_icache_i_lookup_g_sets[1].gen_scm.i_tag_ClocksxC[3],clock,24
gen_tiles[2].i_tile_gen_caches[0].i_snitch_icache_i_lookup_g_sets[1].gen_scm.i_tag_ClocksxC[4],clock,24
gen_tiles[2].i_tile_gen_caches[0].i_snitch_icache_i_lookup_g_sets[1].gen_scm.i_tag_ClocksxC[5],clock,24
gen_tiles[2].i_tile_gen_caches[0].i_snitch_icache_i_lookup_g_sets[1].gen_scm.i_tag_ClocksxC[6],clock,24
gen_tiles[2].i_tile_gen_caches[0].i_snitch_icache_i_lookup_g_sets[1].gen_scm.i_tag_ClocksxC[7],clock,24
gen_tiles[2].i_tile_gen_caches[0].i_snitch_icache_i_lookup_g_sets[1].gen_scm.i_tag_ClocksxC[8],clock,24
gen_tiles[2].i_tile_gen_caches[0].i_snitch_icache_i_lookup_g_sets[1].gen_scm.i_tag_ClocksxC[9],clock,24
gen_tiles[2].i_tile_gen_caches[0].i_snitch_icache_i_lookup_g_sets[1].gen_scm.i_tag_ClocksxC[10],clock,24
gen_tiles[2].i_tile_gen_caches[0].i_snitch_icache_i_lookup_g_sets[1].gen_scm.i_tag_ClocksxC[11],clock,24
gen_tiles[2].i_tile_gen_caches[0].i_snitch_icache_i_lookup_g_sets[1].gen_scm.i_tag_ClocksxC[12],clock,24
gen_tiles[2].i_tile_gen_caches[0].i_snitch_icache_i_lookup_g_sets[1].gen_scm.i_tag_ClocksxC[13],clock,24
gen_tiles[2].i_tile_gen_caches[0].i_snitch_icache_i_lookup_g_sets[1].gen_scm.i_tag_ClocksxC[14],clock,24
gen_tiles[2].i_tile_gen_caches[0].i_snitch_icache_i_lookup_g_sets[1].gen_scm.i_tag_ClocksxC[15],clock,24
gen_tiles[2].i_tile_gen_caches[0].i_snitch_icache_i_lookup_g_sets[1].gen_scm.i_tag_ClocksxC[16],clock,24
gen_tiles[2].i_tile_gen_caches[0].i_snitch_icache_i_lookup_g_sets[1].gen_scm.i_tag_ClocksxC[17],clock,24
gen_tiles[2].i_tile_gen_caches[0].i_snitch_icache_i_lookup_g_sets[1].gen_scm.i_tag_ClocksxC[18],clock,24
gen_tiles[2].i_tile_gen_caches[0].i_snitch_icache_i_lookup_g_sets[1].gen_scm.i_tag_ClocksxC[19],clock,24
gen_tiles[2].i_tile_gen_caches[0].i_snitch_icache_i_lookup_g_sets[1].gen_scm.i_tag_ClocksxC[20],clock,24
gen_tiles[2].i_tile_gen_caches[0].i_snitch_icache_i_lookup_g_sets[1].gen_scm.i_tag_ClocksxC[21],clock,24
gen_tiles[2].i_tile_gen_caches[0].i_snitch_icache_i_lookup_g_sets[1].gen_scm.i_tag_ClocksxC[22],clock,24
gen_tiles[2].i_tile_gen_caches[0].i_snitch_icache_i_lookup_g_sets[1].gen_scm.i_tag_ClocksxC[23],clock,24
gen_tiles[2].i_tile_gen_caches[0].i_snitch_icache_i_lookup_g_sets[1].gen_scm.i_tag_ClocksxC[24],clock,24
gen_tiles[2].i_tile_gen_caches[0].i_snitch_icache_i_lookup_g_sets[1].gen_scm.i_tag_ClocksxC[25],clock,24
gen_tiles[2].i_tile_gen_caches[0].i_snitch_icache_i_lookup_g_sets[1].gen_scm.i_tag_ClocksxC[26],clock,24
gen_tiles[2].i_tile_gen_caches[0].i_snitch_icache_i_lookup_g_sets[1].gen_scm.i_tag_ClocksxC[27],clock,24
gen_tiles[2].i_tile_gen_caches[0].i_snitch_icache_i_lookup_g_sets[1].gen_scm.i_tag_ClocksxC[28],clock,24
gen_tiles[2].i_tile_gen_caches[0].i_snitch_icache_i_lookup_g_sets[1].gen_scm.i_tag_ClocksxC[29],clock,24
gen_tiles[2].i_tile_gen_caches[0].i_snitch_icache_i_lookup_g_sets[1].gen_scm.i_tag_ClocksxC[30],clock,24
gen_tiles[2].i_tile_gen_caches[0].i_snitch_icache_i_lookup_g_sets[1].gen_scm.i_tag_ClocksxC[31],clock,24
gen_tiles[3].i_tile_gen_caches[0].i_snitch_icache_i_lookup_g_sets[0].gen_scm.i_tag_ClocksxC[0],clock,24
gen_tiles[3].i_tile_gen_caches[0].i_snitch_icache_i_lookup_g_sets[0].gen_scm.i_tag_ClocksxC[1],clock,24
gen_tiles[3].i_tile_gen_caches[0].i_snitch_icache_i_lookup_g_sets[0].gen_scm.i_tag_ClocksxC[2],clock,24
gen_tiles[3].i_tile_gen_caches[0].i_snitch_icache_i_lookup_g_sets[0].gen_scm.i_tag_ClocksxC[3],clock,24
gen_tiles[3].i_tile_gen_caches[0].i_snitch_icache_i_lookup_g_sets[0].gen_scm.i_tag_ClocksxC[4],clock,24
gen_tiles[3].i_tile_gen_caches[0].i_snitch_icache_i_lookup_g_sets[0].gen_scm.i_tag_ClocksxC[5],clock,24
gen_tiles[3].i_tile_gen_caches[0].i_snitch_icache_i_lookup_g_sets[0].gen_scm.i_tag_ClocksxC[6],clock,24
gen_tiles[3].i_tile_gen_caches[0].i_snitch_icache_i_lookup_g_sets[0].gen_scm.i_tag_ClocksxC[7],clock,24
gen_tiles[3].i_tile_gen_caches[0].i_snitch_icache_i_lookup_g_sets[0].gen_scm.i_tag_ClocksxC[8],clock,24
gen_tiles[3].i_tile_gen_caches[0].i_snitch_icache_i_lookup_g_sets[0].gen_scm.i_tag_ClocksxC[9],clock,24
gen_tiles[3].i_tile_gen_caches[0].i_snitch_icache_i_lookup_g_sets[0].gen_scm.i_tag_ClocksxC[10],clock,24
gen_tiles[3].i_tile_gen_caches[0].i_snitch_icache_i_lookup_g_sets[0].gen_scm.i_tag_ClocksxC[11],clock,24
gen_tiles[3].i_tile_gen_caches[0].i_snitch_icache_i_lookup_g_sets[0].gen_scm.i_tag_ClocksxC[12],clock,24
gen_tiles[3].i_tile_gen_caches[0].i_snitch_icache_i_lookup_g_sets[0].gen_scm.i_tag_ClocksxC[13],clock,24
gen_tiles[3].i_tile_gen_caches[0].i_snitch_icache_i_lookup_g_sets[0].gen_scm.i_tag_ClocksxC[14],clock,24
gen_tiles[3].i_tile_gen_caches[0].i_snitch_icache_i_lookup_g_sets[0].gen_scm.i_tag_ClocksxC[15],clock,24
gen_tiles[3].i_tile_gen_caches[0].i_snitch_icache_i_lookup_g_sets[0].gen_scm.i_tag_ClocksxC[16],clock,24
gen_tiles[3].i_tile_gen_caches[0].i_snitch_icache_i_lookup_g_sets[0].gen_scm.i_tag_ClocksxC[17],clock,24
gen_tiles[3].i_tile_gen_caches[0].i_snitch_icache_i_lookup_g_sets[0].gen_scm.i_tag_ClocksxC[18],clock,24
gen_tiles[3].i_tile_gen_caches[0].i_snitch_icache_i_lookup_g_sets[0].gen_scm.i_tag_ClocksxC[19],clock,24
gen_tiles[3].i_tile_gen_caches[0].i_snitch_icache_i_lookup_g_sets[0].gen_scm.i_tag_ClocksxC[20],clock,24
gen_tiles[3].i_tile_gen_caches[0].i_snitch_icache_i_lookup_g_sets[0].gen_scm.i_tag_ClocksxC[21],clock,24
gen_tiles[3].i_tile_gen_caches[0].i_snitch_icache_i_lookup_g_sets[0].gen_scm.i_tag_ClocksxC[22],clock,24
gen_tiles[3].i_tile_gen_caches[0].i_snitch_icache_i_lookup_g_sets[0].gen_scm.i_tag_ClocksxC[23],clock,24
gen_tiles[3].i_tile_gen_caches[0].i_snitch_icache_i_lookup_g_sets[0].gen_scm.i_tag_ClocksxC[24],clock,24
gen_tiles[3].i_tile_gen_caches[0].i_snitch_icache_i_lookup_g_sets[0].gen_scm.i_tag_ClocksxC[25],clock,24
gen_tiles[3].i_tile_gen_caches[0].i_snitch_icache_i_lookup_g_sets[0].gen_scm.i_tag_ClocksxC[26],clock,24
gen_tiles[3].i_tile_gen_caches[0].i_snitch_icache_i_lookup_g_sets[0].gen_scm.i_tag_ClocksxC[27],clock,24
gen_tiles[3].i_tile_gen_caches[0].i_snitch_icache_i_lookup_g_sets[0].gen_scm.i_tag_ClocksxC[28],clock,24
gen_tiles[3].i_tile_gen_caches[0].i_snitch_icache_i_lookup_g_sets[0].gen_scm.i_tag_ClocksxC[29],clock,24
gen_tiles[3].i_tile_gen_caches[0].i_snitch_icache_i_lookup_g_sets[0].gen_scm.i_tag_ClocksxC[30],clock,24
gen_tiles[3].i_tile_gen_caches[0].i_snitch_icache_i_lookup_g_sets[0].gen_scm.i_tag_ClocksxC[31],clock,24
gen_tiles[3].i_tile_gen_caches[0].i_snitch_icache_i_lookup_g_sets[1].gen_scm.i_tag_ClocksxC[0],clock,24
gen_tiles[3].i_tile_gen_caches[0].i_snitch_icache_i_lookup_g_sets[1].gen_scm.i_tag_ClocksxC[1],clock,24
gen_tiles[3].i_tile_gen_caches[0].i_snitch_icache_i_lookup_g_sets[1].gen_scm.i_tag_ClocksxC[2],clock,24
gen_tiles[3].i_tile_gen_caches[0].i_snitch_icache_i_lookup_g_sets[1].gen_scm.i_tag_ClocksxC[3],clock,24
gen_tiles[3].i_tile_gen_caches[0].i_snitch_icache_i_lookup_g_sets[1].gen_scm.i_tag_ClocksxC[4],clock,24
gen_tiles[3].i_tile_gen_caches[0].i_snitch_icache_i_lookup_g_sets[1].gen_scm.i_tag_ClocksxC[5],clock,24
gen_tiles[3].i_tile_gen_caches[0].i_snitch_icache_i_lookup_g_sets[1].gen_scm.i_tag_ClocksxC[6],clock,24
gen_tiles[3].i_tile_gen_caches[0].i_snitch_icache_i_lookup_g_sets[1].gen_scm.i_tag_ClocksxC[7],clock,24
gen_tiles[3].i_tile_gen_caches[0].i_snitch_icache_i_lookup_g_sets[1].gen_scm.i_tag_ClocksxC[8],clock,24
gen_tiles[3].i_tile_gen_caches[0].i_snitch_icache_i_lookup_g_sets[1].gen_scm.i_tag_ClocksxC[9],clock,24
gen_tiles[3].i_tile_gen_caches[0].i_snitch_icache_i_lookup_g_sets[1].gen_scm.i_tag_ClocksxC[10],clock,24
gen_tiles[3].i_tile_gen_caches[0].i_snitch_icache_i_lookup_g_sets[1].gen_scm.i_tag_ClocksxC[11],clock,24
gen_tiles[3].i_tile_gen_caches[0].i_snitch_icache_i_lookup_g_sets[1].gen_scm.i_tag_ClocksxC[12],clock,24
gen_tiles[3].i_tile_gen_caches[0].i_snitch_icache_i_lookup_g_sets[1].gen_scm.i_tag_ClocksxC[13],clock,24
gen_tiles[3].i_tile_gen_caches[0].i_snitch_icache_i_lookup_g_sets[1].gen_scm.i_tag_ClocksxC[14],clock,24
gen_tiles[3].i_tile_gen_caches[0].i_snitch_icache_i_lookup_g_sets[1].gen_scm.i_tag_ClocksxC[15],clock,24
gen_tiles[3].i_tile_gen_caches[0].i_snitch_icache_i_lookup_g_sets[1].gen_scm.i_tag_ClocksxC[16],clock,24
gen_tiles[3].i_tile_gen_caches[0].i_snitch_icache_i_lookup_g_sets[1].gen_scm.i_tag_ClocksxC[17],clock,24
gen_tiles[3].i_tile_gen_caches[0].i_snitch_icache_i_lookup_g_sets[1].gen_scm.i_tag_ClocksxC[18],clock,24
gen_tiles[3].i_tile_gen_caches[0].i_snitch_icache_i_lookup_g_sets[1].gen_scm.i_tag_ClocksxC[19],clock,24
gen_tiles[3].i_tile_gen_caches[0].i_snitch_icache_i_lookup_g_sets[1].gen_scm.i_tag_ClocksxC[20],clock,24
gen_tiles[3].i_tile_gen_caches[0].i_snitch_icache_i_lookup_g_sets[1].gen_scm.i_tag_ClocksxC[21],clock,24
gen_tiles[3].i_tile_gen_caches[0].i_snitch_icache_i_lookup_g_sets[1].gen_scm.i_tag_ClocksxC[22],clock,24
gen_tiles[3].i_tile_gen_caches[0].i_snitch_icache_i_lookup_g_sets[1].gen_scm.i_tag_ClocksxC[23],clock,24
gen_tiles[3].i_tile_gen_caches[0].i_snitch_icache_i_lookup_g_sets[1].gen_scm.i_tag_ClocksxC[24],clock,24
gen_tiles[3].i_tile_gen_caches[0].i_snitch_icache_i_lookup_g_sets[1].gen_scm.i_tag_ClocksxC[25],clock,24
gen_tiles[3].i_tile_gen_caches[0].i_snitch_icache_i_lookup_g_sets[1].gen_scm.i_tag_ClocksxC[26],clock,24
gen_tiles[3].i_tile_gen_caches[0].i_snitch_icache_i_lookup_g_sets[1].gen_scm.i_tag_ClocksxC[27],clock,24
gen_tiles[3].i_tile_gen_caches[0].i_snitch_icache_i_lookup_g_sets[1].gen_scm.i_tag_ClocksxC[28],clock,24
gen_tiles[3].i_tile_gen_caches[0].i_snitch_icache_i_lookup_g_sets[1].gen_scm.i_tag_ClocksxC[29],clock,24
gen_tiles[3].i_tile_gen_caches[0].i_snitch_icache_i_lookup_g_sets[1].gen_scm.i_tag_ClocksxC[30],clock,24
gen_tiles[3].i_tile_gen_caches[0].i_snitch_icache_i_lookup_g_sets[1].gen_scm.i_tag_ClocksxC[31],clock,24
gen_tiles[4].i_tile_gen_caches[0].i_snitch_icache_i_lookup_g_sets[1].gen_scm.i_tag_ClocksxC[0],clock,24
gen_tiles[4].i_tile_gen_caches[0].i_snitch_icache_i_lookup_g_sets[1].gen_scm.i_tag_ClocksxC[1],clock,24
gen_tiles[4].i_tile_gen_caches[0].i_snitch_icache_i_lookup_g_sets[1].gen_scm.i_tag_ClocksxC[2],clock,24
gen_tiles[4].i_tile_gen_caches[0].i_snitch_icache_i_lookup_g_sets[1].gen_scm.i_tag_ClocksxC[3],clock,24
gen_tiles[4].i_tile_gen_caches[0].i_snitch_icache_i_lookup_g_sets[1].gen_scm.i_tag_ClocksxC[4],clock,24
gen_tiles[4].i_tile_gen_caches[0].i_snitch_icache_i_lookup_g_sets[1].gen_scm.i_tag_ClocksxC[5],clock,24
gen_tiles[4].i_tile_gen_caches[0].i_snitch_icache_i_lookup_g_sets[1].gen_scm.i_tag_ClocksxC[6],clock,24
gen_tiles[4].i_tile_gen_caches[0].i_snitch_icache_i_lookup_g_sets[1].gen_scm.i_tag_ClocksxC[7],clock,24
gen_tiles[4].i_tile_gen_caches[0].i_snitch_icache_i_lookup_g_sets[1].gen_scm.i_tag_ClocksxC[8],clock,24
gen_tiles[4].i_tile_gen_caches[0].i_snitch_icache_i_lookup_g_sets[1].gen_scm.i_tag_ClocksxC[9],clock,24
gen_tiles[4].i_tile_gen_caches[0].i_snitch_icache_i_lookup_g_sets[1].gen_scm.i_tag_ClocksxC[10],clock,24
gen_tiles[4].i_tile_gen_caches[0].i_snitch_icache_i_lookup_g_sets[1].gen_scm.i_tag_ClocksxC[11],clock,24
gen_tiles[4].i_tile_gen_caches[0].i_snitch_icache_i_lookup_g_sets[1].gen_scm.i_tag_ClocksxC[12],clock,24
gen_tiles[4].i_tile_gen_caches[0].i_snitch_icache_i_lookup_g_sets[1].gen_scm.i_tag_ClocksxC[13],clock,24
gen_tiles[4].i_tile_gen_caches[0].i_snitch_icache_i_lookup_g_sets[1].gen_scm.i_tag_ClocksxC[14],clock,24
gen_tiles[4].i_tile_gen_caches[0].i_snitch_icache_i_lookup_g_sets[1].gen_scm.i_tag_ClocksxC[15],clock,24
gen_tiles[4].i_tile_gen_caches[0].i_snitch_icache_i_lookup_g_sets[1].gen_scm.i_tag_ClocksxC[16],clock,24
gen_tiles[4].i_tile_gen_caches[0].i_snitch_icache_i_lookup_g_sets[1].gen_scm.i_tag_ClocksxC[17],clock,24
gen_tiles[4].i_tile_gen_caches[0].i_snitch_icache_i_lookup_g_sets[1].gen_scm.i_tag_ClocksxC[18],clock,24
gen_tiles[4].i_tile_gen_caches[0].i_snitch_icache_i_lookup_g_sets[1].gen_scm.i_tag_ClocksxC[19],clock,24
gen_tiles[4].i_tile_gen_caches[0].i_snitch_icache_i_lookup_g_sets[1].gen_scm.i_tag_ClocksxC[20],clock,24
gen_tiles[4].i_tile_gen_caches[0].i_snitch_icache_i_lookup_g_sets[1].gen_scm.i_tag_ClocksxC[21],clock,24
gen_tiles[4].i_tile_gen_caches[0].i_snitch_icache_i_lookup_g_sets[1].gen_scm.i_tag_ClocksxC[22],clock,24
gen_tiles[4].i_tile_gen_caches[0].i_snitch_icache_i_lookup_g_sets[1].gen_scm.i_tag_ClocksxC[23],clock,24
gen_tiles[4].i_tile_gen_caches[0].i_snitch_icache_i_lookup_g_sets[1].gen_scm.i_tag_ClocksxC[24],clock,24
gen_tiles[4].i_tile_gen_caches[0].i_snitch_icache_i_lookup_g_sets[1].gen_scm.i_tag_ClocksxC[25],clock,24
gen_tiles[4].i_tile_gen_caches[0].i_snitch_icache_i_lookup_g_sets[1].gen_scm.i_tag_ClocksxC[26],clock,24
gen_tiles[4].i_tile_gen_caches[0].i_snitch_icache_i_lookup_g_sets[1].gen_scm.i_tag_ClocksxC[27],clock,24
gen_tiles[4].i_tile_gen_caches[0].i_snitch_icache_i_lookup_g_sets[1].gen_scm.i_tag_ClocksxC[28],clock,24
gen_tiles[4].i_tile_gen_caches[0].i_snitch_icache_i_lookup_g_sets[1].gen_scm.i_tag_ClocksxC[29],clock,24
gen_tiles[4].i_tile_gen_caches[0].i_snitch_icache_i_lookup_g_sets[1].gen_scm.i_tag_ClocksxC[30],clock,24
gen_tiles[4].i_tile_gen_caches[0].i_snitch_icache_i_lookup_g_sets[1].gen_scm.i_tag_ClocksxC[31],clock,24
gen_tiles[5].i_tile_gen_caches[0].i_snitch_icache_i_lookup_g_sets[0].gen_scm.i_tag_ClocksxC[0],clock,24
gen_tiles[5].i_tile_gen_caches[0].i_snitch_icache_i_lookup_g_sets[0].gen_scm.i_tag_ClocksxC[1],clock,24
gen_tiles[5].i_tile_gen_caches[0].i_snitch_icache_i_lookup_g_sets[0].gen_scm.i_tag_ClocksxC[2],clock,24
gen_tiles[5].i_tile_gen_caches[0].i_snitch_icache_i_lookup_g_sets[0].gen_scm.i_tag_ClocksxC[3],clock,24
gen_tiles[5].i_tile_gen_caches[0].i_snitch_icache_i_lookup_g_sets[0].gen_scm.i_tag_ClocksxC[4],clock,24
gen_tiles[5].i_tile_gen_caches[0].i_snitch_icache_i_lookup_g_sets[0].gen_scm.i_tag_ClocksxC[5],clock,24
gen_tiles[5].i_tile_gen_caches[0].i_snitch_icache_i_lookup_g_sets[0].gen_scm.i_tag_ClocksxC[6],clock,24
gen_tiles[5].i_tile_gen_caches[0].i_snitch_icache_i_lookup_g_sets[0].gen_scm.i_tag_ClocksxC[7],clock,24
gen_tiles[5].i_tile_gen_caches[0].i_snitch_icache_i_lookup_g_sets[0].gen_scm.i_tag_ClocksxC[8],clock,24
gen_tiles[5].i_tile_gen_caches[0].i_snitch_icache_i_lookup_g_sets[0].gen_scm.i_tag_ClocksxC[9],clock,24
gen_tiles[5].i_tile_gen_caches[0].i_snitch_icache_i_lookup_g_sets[0].gen_scm.i_tag_ClocksxC[10],clock,24
gen_tiles[5].i_tile_gen_caches[0].i_snitch_icache_i_lookup_g_sets[0].gen_scm.i_tag_ClocksxC[11],clock,24
gen_tiles[5].i_tile_gen_caches[0].i_snitch_icache_i_lookup_g_sets[0].gen_scm.i_tag_ClocksxC[12],clock,24
gen_tiles[5].i_tile_gen_caches[0].i_snitch_icache_i_lookup_g_sets[0].gen_scm.i_tag_ClocksxC[13],clock,24
gen_tiles[5].i_tile_gen_caches[0].i_snitch_icache_i_lookup_g_sets[0].gen_scm.i_tag_ClocksxC[14],clock,24
gen_tiles[5].i_tile_gen_caches[0].i_snitch_icache_i_lookup_g_sets[0].gen_scm.i_tag_ClocksxC[15],clock,24
gen_tiles[5].i_tile_gen_caches[0].i_snitch_icache_i_lookup_g_sets[0].gen_scm.i_tag_ClocksxC[16],clock,24
gen_tiles[5].i_tile_gen_caches[0].i_snitch_icache_i_lookup_g_sets[0].gen_scm.i_tag_ClocksxC[17],clock,24
gen_tiles[5].i_tile_gen_caches[0].i_snitch_icache_i_lookup_g_sets[0].gen_scm.i_tag_ClocksxC[18],clock,24
gen_tiles[5].i_tile_gen_caches[0].i_snitch_icache_i_lookup_g_sets[0].gen_scm.i_tag_ClocksxC[19],clock,24
gen_tiles[5].i_tile_gen_caches[0].i_snitch_icache_i_lookup_g_sets[0].gen_scm.i_tag_ClocksxC[20],clock,24
gen_tiles[5].i_tile_gen_caches[0].i_snitch_icache_i_lookup_g_sets[0].gen_scm.i_tag_ClocksxC[21],clock,24
gen_tiles[5].i_tile_gen_caches[0].i_snitch_icache_i_lookup_g_sets[0].gen_scm.i_tag_ClocksxC[22],clock,24
gen_tiles[5].i_tile_gen_caches[0].i_snitch_icache_i_lookup_g_sets[0].gen_scm.i_tag_ClocksxC[23],clock,24
gen_tiles[5].i_tile_gen_caches[0].i_snitch_icache_i_lookup_g_sets[0].gen_scm.i_tag_ClocksxC[24],clock,24
gen_tiles[5].i_tile_gen_caches[0].i_snitch_icache_i_lookup_g_sets[0].gen_scm.i_tag_ClocksxC[25],clock,24
gen_tiles[5].i_tile_gen_caches[0].i_snitch_icache_i_lookup_g_sets[0].gen_scm.i_tag_ClocksxC[26],clock,24
gen_tiles[5].i_tile_gen_caches[0].i_snitch_icache_i_lookup_g_sets[0].gen_scm.i_tag_ClocksxC[27],clock,24
gen_tiles[5].i_tile_gen_caches[0].i_snitch_icache_i_lookup_g_sets[0].gen_scm.i_tag_ClocksxC[28],clock,24
gen_tiles[5].i_tile_gen_caches[0].i_snitch_icache_i_lookup_g_sets[0].gen_scm.i_tag_ClocksxC[29],clock,24
gen_tiles[5].i_tile_gen_caches[0].i_snitch_icache_i_lookup_g_sets[0].gen_scm.i_tag_ClocksxC[30],clock,24
gen_tiles[5].i_tile_gen_caches[0].i_snitch_icache_i_lookup_g_sets[0].gen_scm.i_tag_ClocksxC[31],clock,24
gen_tiles[5].i_tile_gen_caches[0].i_snitch_icache_i_lookup_g_sets[1].gen_scm.i_tag_ClocksxC[0],clock,24
gen_tiles[5].i_tile_gen_caches[0].i_snitch_icache_i_lookup_g_sets[1].gen_scm.i_tag_ClocksxC[1],clock,24
gen_tiles[5].i_tile_gen_caches[0].i_snitch_icache_i_lookup_g_sets[1].gen_scm.i_tag_ClocksxC[2],clock,24
gen_tiles[5].i_tile_gen_caches[0].i_snitch_icache_i_lookup_g_sets[1].gen_scm.i_tag_ClocksxC[3],clock,24
gen_tiles[5].i_tile_gen_caches[0].i_snitch_icache_i_lookup_g_sets[1].gen_scm.i_tag_ClocksxC[4],clock,24
gen_tiles[5].i_tile_gen_caches[0].i_snitch_icache_i_lookup_g_sets[1].gen_scm.i_tag_ClocksxC[5],clock,24
gen_tiles[5].i_tile_gen_caches[0].i_snitch_icache_i_lookup_g_sets[1].gen_scm.i_tag_ClocksxC[6],clock,24
gen_tiles[5].i_tile_gen_caches[0].i_snitch_icache_i_lookup_g_sets[1].gen_scm.i_tag_ClocksxC[7],clock,24
gen_tiles[5].i_tile_gen_caches[0].i_snitch_icache_i_lookup_g_sets[1].gen_scm.i_tag_ClocksxC[8],clock,24
gen_tiles[5].i_tile_gen_caches[0].i_snitch_icache_i_lookup_g_sets[1].gen_scm.i_tag_ClocksxC[9],clock,24
gen_tiles[5].i_tile_gen_caches[0].i_snitch_icache_i_lookup_g_sets[1].gen_scm.i_tag_ClocksxC[10],clock,24
gen_tiles[5].i_tile_gen_caches[0].i_snitch_icache_i_lookup_g_sets[1].gen_scm.i_tag_ClocksxC[11],clock,24
gen_tiles[5].i_tile_gen_caches[0].i_snitch_icache_i_lookup_g_sets[1].gen_scm.i_tag_ClocksxC[12],clock,24
gen_tiles[5].i_tile_gen_caches[0].i_snitch_icache_i_lookup_g_sets[1].gen_scm.i_tag_ClocksxC[13],clock,24
gen_tiles[5].i_tile_gen_caches[0].i_snitch_icache_i_lookup_g_sets[1].gen_scm.i_tag_ClocksxC[14],clock,24
gen_tiles[5].i_tile_gen_caches[0].i_snitch_icache_i_lookup_g_sets[1].gen_scm.i_tag_ClocksxC[15],clock,24
gen_tiles[5].i_tile_gen_caches[0].i_snitch_icache_i_lookup_g_sets[1].gen_scm.i_tag_ClocksxC[16],clock,24
gen_tiles[5].i_tile_gen_caches[0].i_snitch_icache_i_lookup_g_sets[1].gen_scm.i_tag_ClocksxC[17],clock,24
gen_tiles[5].i_tile_gen_caches[0].i_snitch_icache_i_lookup_g_sets[1].gen_scm.i_tag_ClocksxC[18],clock,24
gen_tiles[5].i_tile_gen_caches[0].i_snitch_icache_i_lookup_g_sets[1].gen_scm.i_tag_ClocksxC[19],clock,24
gen_tiles[5].i_tile_gen_caches[0].i_snitch_icache_i_lookup_g_sets[1].gen_scm.i_tag_ClocksxC[20],clock,24
gen_tiles[5].i_tile_gen_caches[0].i_snitch_icache_i_lookup_g_sets[1].gen_scm.i_tag_ClocksxC[21],clock,24
gen_tiles[5].i_tile_gen_caches[0].i_snitch_icache_i_lookup_g_sets[1].gen_scm.i_tag_ClocksxC[22],clock,24
gen_tiles[5].i_tile_gen_caches[0].i_snitch_icache_i_lookup_g_sets[1].gen_scm.i_tag_ClocksxC[23],clock,24
gen_tiles[5].i_tile_gen_caches[0].i_snitch_icache_i_lookup_g_sets[1].gen_scm.i_tag_ClocksxC[24],clock,24
gen_tiles[5].i_tile_gen_caches[0].i_snitch_icache_i_lookup_g_sets[1].gen_scm.i_tag_ClocksxC[25],clock,24
gen_tiles[5].i_tile_gen_caches[0].i_snitch_icache_i_lookup_g_sets[1].gen_scm.i_tag_ClocksxC[26],clock,24
gen_tiles[5].i_tile_gen_caches[0].i_snitch_icache_i_lookup_g_sets[1].gen_scm.i_tag_ClocksxC[27],clock,24
gen_tiles[5].i_tile_gen_caches[0].i_snitch_icache_i_lookup_g_sets[1].gen_scm.i_tag_ClocksxC[28],clock,24
gen_tiles[5].i_tile_gen_caches[0].i_snitch_icache_i_lookup_g_sets[1].gen_scm.i_tag_ClocksxC[29],clock,24
gen_tiles[5].i_tile_gen_caches[0].i_snitch_icache_i_lookup_g_sets[1].gen_scm.i_tag_ClocksxC[30],clock,24
gen_tiles[5].i_tile_gen_caches[0].i_snitch_icache_i_lookup_g_sets[1].gen_scm.i_tag_ClocksxC[31],clock,24
gen_tiles[6].i_tile_gen_caches[0].i_snitch_icache_i_lookup_g_sets[0].gen_scm.i_tag_ClocksxC[0],clock,24
gen_tiles[6].i_tile_gen_caches[0].i_snitch_icache_i_lookup_g_sets[0].gen_scm.i_tag_ClocksxC[1],clock,24
gen_tiles[6].i_tile_gen_caches[0].i_snitch_icache_i_lookup_g_sets[0].gen_scm.i_tag_ClocksxC[2],clock,24
gen_tiles[6].i_tile_gen_caches[0].i_snitch_icache_i_lookup_g_sets[0].gen_scm.i_tag_ClocksxC[3],clock,24
gen_tiles[6].i_tile_gen_caches[0].i_snitch_icache_i_lookup_g_sets[0].gen_scm.i_tag_ClocksxC[4],clock,24
gen_tiles[6].i_tile_gen_caches[0].i_snitch_icache_i_lookup_g_sets[0].gen_scm.i_tag_ClocksxC[5],clock,24
gen_tiles[6].i_tile_gen_caches[0].i_snitch_icache_i_lookup_g_sets[0].gen_scm.i_tag_ClocksxC[6],clock,24
gen_tiles[6].i_tile_gen_caches[0].i_snitch_icache_i_lookup_g_sets[0].gen_scm.i_tag_ClocksxC[7],clock,24
gen_tiles[6].i_tile_gen_caches[0].i_snitch_icache_i_lookup_g_sets[0].gen_scm.i_tag_ClocksxC[8],clock,24
gen_tiles[6].i_tile_gen_caches[0].i_snitch_icache_i_lookup_g_sets[0].gen_scm.i_tag_ClocksxC[9],clock,24
gen_tiles[6].i_tile_gen_caches[0].i_snitch_icache_i_lookup_g_sets[0].gen_scm.i_tag_ClocksxC[10],clock,24
gen_tiles[6].i_tile_gen_caches[0].i_snitch_icache_i_lookup_g_sets[0].gen_scm.i_tag_ClocksxC[11],clock,24
gen_tiles[6].i_tile_gen_caches[0].i_snitch_icache_i_lookup_g_sets[0].gen_scm.i_tag_ClocksxC[12],clock,24
gen_tiles[6].i_tile_gen_caches[0].i_snitch_icache_i_lookup_g_sets[0].gen_scm.i_tag_ClocksxC[13],clock,24
gen_tiles[6].i_tile_gen_caches[0].i_snitch_icache_i_lookup_g_sets[0].gen_scm.i_tag_ClocksxC[14],clock,24
gen_tiles[6].i_tile_gen_caches[0].i_snitch_icache_i_lookup_g_sets[0].gen_scm.i_tag_ClocksxC[15],clock,24
gen_tiles[6].i_tile_gen_caches[0].i_snitch_icache_i_lookup_g_sets[0].gen_scm.i_tag_ClocksxC[16],clock,24
gen_tiles[6].i_tile_gen_caches[0].i_snitch_icache_i_lookup_g_sets[0].gen_scm.i_tag_ClocksxC[17],clock,24
gen_tiles[6].i_tile_gen_caches[0].i_snitch_icache_i_lookup_g_sets[0].gen_scm.i_tag_ClocksxC[18],clock,24
gen_tiles[6].i_tile_gen_caches[0].i_snitch_icache_i_lookup_g_sets[0].gen_scm.i_tag_ClocksxC[19],clock,24
gen_tiles[6].i_tile_gen_caches[0].i_snitch_icache_i_lookup_g_sets[0].gen_scm.i_tag_ClocksxC[20],clock,24
gen_tiles[6].i_tile_gen_caches[0].i_snitch_icache_i_lookup_g_sets[0].gen_scm.i_tag_ClocksxC[21],clock,24
gen_tiles[6].i_tile_gen_caches[0].i_snitch_icache_i_lookup_g_sets[0].gen_scm.i_tag_ClocksxC[22],clock,24
gen_tiles[6].i_tile_gen_caches[0].i_snitch_icache_i_lookup_g_sets[0].gen_scm.i_tag_ClocksxC[23],clock,24
gen_tiles[6].i_tile_gen_caches[0].i_snitch_icache_i_lookup_g_sets[0].gen_scm.i_tag_ClocksxC[24],clock,24
gen_tiles[6].i_tile_gen_caches[0].i_snitch_icache_i_lookup_g_sets[0].gen_scm.i_tag_ClocksxC[25],clock,24
gen_tiles[6].i_tile_gen_caches[0].i_snitch_icache_i_lookup_g_sets[0].gen_scm.i_tag_ClocksxC[26],clock,24
gen_tiles[6].i_tile_gen_caches[0].i_snitch_icache_i_lookup_g_sets[0].gen_scm.i_tag_ClocksxC[27],clock,24
gen_tiles[6].i_tile_gen_caches[0].i_snitch_icache_i_lookup_g_sets[0].gen_scm.i_tag_ClocksxC[28],clock,24
gen_tiles[6].i_tile_gen_caches[0].i_snitch_icache_i_lookup_g_sets[0].gen_scm.i_tag_ClocksxC[29],clock,24
gen_tiles[6].i_tile_gen_caches[0].i_snitch_icache_i_lookup_g_sets[0].gen_scm.i_tag_ClocksxC[30],clock,24
gen_tiles[6].i_tile_gen_caches[0].i_snitch_icache_i_lookup_g_sets[0].gen_scm.i_tag_ClocksxC[31],clock,24
gen_tiles[6].i_tile_gen_caches[0].i_snitch_icache_i_lookup_g_sets[1].gen_scm.i_tag_ClocksxC[0],clock,24
gen_tiles[6].i_tile_gen_caches[0].i_snitch_icache_i_lookup_g_sets[1].gen_scm.i_tag_ClocksxC[1],clock,24
gen_tiles[6].i_tile_gen_caches[0].i_snitch_icache_i_lookup_g_sets[1].gen_scm.i_tag_ClocksxC[2],clock,24
gen_tiles[6].i_tile_gen_caches[0].i_snitch_icache_i_lookup_g_sets[1].gen_scm.i_tag_ClocksxC[3],clock,24
gen_tiles[6].i_tile_gen_caches[0].i_snitch_icache_i_lookup_g_sets[1].gen_scm.i_tag_ClocksxC[4],clock,24
gen_tiles[6].i_tile_gen_caches[0].i_snitch_icache_i_lookup_g_sets[1].gen_scm.i_tag_ClocksxC[5],clock,24
gen_tiles[6].i_tile_gen_caches[0].i_snitch_icache_i_lookup_g_sets[1].gen_scm.i_tag_ClocksxC[6],clock,24
gen_tiles[6].i_tile_gen_caches[0].i_snitch_icache_i_lookup_g_sets[1].gen_scm.i_tag_ClocksxC[7],clock,24
gen_tiles[6].i_tile_gen_caches[0].i_snitch_icache_i_lookup_g_sets[1].gen_scm.i_tag_ClocksxC[8],clock,24
gen_tiles[6].i_tile_gen_caches[0].i_snitch_icache_i_lookup_g_sets[1].gen_scm.i_tag_ClocksxC[9],clock,24
gen_tiles[6].i_tile_gen_caches[0].i_snitch_icache_i_lookup_g_sets[1].gen_scm.i_tag_ClocksxC[10],clock,24
gen_tiles[6].i_tile_gen_caches[0].i_snitch_icache_i_lookup_g_sets[1].gen_scm.i_tag_ClocksxC[11],clock,24
gen_tiles[6].i_tile_gen_caches[0].i_snitch_icache_i_lookup_g_sets[1].gen_scm.i_tag_ClocksxC[12],clock,24
gen_tiles[6].i_tile_gen_caches[0].i_snitch_icache_i_lookup_g_sets[1].gen_scm.i_tag_ClocksxC[13],clock,24
gen_tiles[6].i_tile_gen_caches[0].i_snitch_icache_i_lookup_g_sets[1].gen_scm.i_tag_ClocksxC[14],clock,24
gen_tiles[6].i_tile_gen_caches[0].i_snitch_icache_i_lookup_g_sets[1].gen_scm.i_tag_ClocksxC[15],clock,24
gen_tiles[6].i_tile_gen_caches[0].i_snitch_icache_i_lookup_g_sets[1].gen_scm.i_tag_ClocksxC[16],clock,24
gen_tiles[6].i_tile_gen_caches[0].i_snitch_icache_i_lookup_g_sets[1].gen_scm.i_tag_ClocksxC[17],clock,24
gen_tiles[6].i_tile_gen_caches[0].i_snitch_icache_i_lookup_g_sets[1].gen_scm.i_tag_ClocksxC[18],clock,24
gen_tiles[6].i_tile_gen_caches[0].i_snitch_icache_i_lookup_g_sets[1].gen_scm.i_tag_ClocksxC[19],clock,24
gen_tiles[6].i_tile_gen_caches[0].i_snitch_icache_i_lookup_g_sets[1].gen_scm.i_tag_ClocksxC[20],clock,24
gen_tiles[6].i_tile_gen_caches[0].i_snitch_icache_i_lookup_g_sets[1].gen_scm.i_tag_ClocksxC[21],clock,24
gen_tiles[6].i_tile_gen_caches[0].i_snitch_icache_i_lookup_g_sets[1].gen_scm.i_tag_ClocksxC[22],clock,24
gen_tiles[6].i_tile_gen_caches[0].i_snitch_icache_i_lookup_g_sets[1].gen_scm.i_tag_ClocksxC[23],clock,24
gen_tiles[6].i_tile_gen_caches[0].i_snitch_icache_i_lookup_g_sets[1].gen_scm.i_tag_ClocksxC[24],clock,24
gen_tiles[6].i_tile_gen_caches[0].i_snitch_icache_i_lookup_g_sets[1].gen_scm.i_tag_ClocksxC[25],clock,24
gen_tiles[6].i_tile_gen_caches[0].i_snitch_icache_i_lookup_g_sets[1].gen_scm.i_tag_ClocksxC[26],clock,24
gen_tiles[6].i_tile_gen_caches[0].i_snitch_icache_i_lookup_g_sets[1].gen_scm.i_tag_ClocksxC[27],clock,24
gen_tiles[6].i_tile_gen_caches[0].i_snitch_icache_i_lookup_g_sets[1].gen_scm.i_tag_ClocksxC[28],clock,24
gen_tiles[6].i_tile_gen_caches[0].i_snitch_icache_i_lookup_g_sets[1].gen_scm.i_tag_ClocksxC[29],clock,24
gen_tiles[6].i_tile_gen_caches[0].i_snitch_icache_i_lookup_g_sets[1].gen_scm.i_tag_ClocksxC[30],clock,24
gen_tiles[6].i_tile_gen_caches[0].i_snitch_icache_i_lookup_g_sets[1].gen_scm.i_tag_ClocksxC[31],clock,24
gen_tiles[7].i_tile_gen_caches[0].i_snitch_icache_i_lookup_g_sets[0].gen_scm.i_tag_ClocksxC[0],clock,24
gen_tiles[7].i_tile_gen_caches[0].i_snitch_icache_i_lookup_g_sets[0].gen_scm.i_tag_ClocksxC[1],clock,24
gen_tiles[7].i_tile_gen_caches[0].i_snitch_icache_i_lookup_g_sets[0].gen_scm.i_tag_ClocksxC[2],clock,24
gen_tiles[7].i_tile_gen_caches[0].i_snitch_icache_i_lookup_g_sets[0].gen_scm.i_tag_ClocksxC[3],clock,24
gen_tiles[7].i_tile_gen_caches[0].i_snitch_icache_i_lookup_g_sets[0].gen_scm.i_tag_ClocksxC[4],clock,24
gen_tiles[7].i_tile_gen_caches[0].i_snitch_icache_i_lookup_g_sets[0].gen_scm.i_tag_ClocksxC[5],clock,24
gen_tiles[7].i_tile_gen_caches[0].i_snitch_icache_i_lookup_g_sets[0].gen_scm.i_tag_ClocksxC[6],clock,24
gen_tiles[7].i_tile_gen_caches[0].i_snitch_icache_i_lookup_g_sets[0].gen_scm.i_tag_ClocksxC[7],clock,24
gen_tiles[7].i_tile_gen_caches[0].i_snitch_icache_i_lookup_g_sets[0].gen_scm.i_tag_ClocksxC[8],clock,24
gen_tiles[7].i_tile_gen_caches[0].i_snitch_icache_i_lookup_g_sets[0].gen_scm.i_tag_ClocksxC[9],clock,24
gen_tiles[7].i_tile_gen_caches[0].i_snitch_icache_i_lookup_g_sets[0].gen_scm.i_tag_ClocksxC[10],clock,24
gen_tiles[7].i_tile_gen_caches[0].i_snitch_icache_i_lookup_g_sets[0].gen_scm.i_tag_ClocksxC[11],clock,24
gen_tiles[7].i_tile_gen_caches[0].i_snitch_icache_i_lookup_g_sets[0].gen_scm.i_tag_ClocksxC[12],clock,24
gen_tiles[7].i_tile_gen_caches[0].i_snitch_icache_i_lookup_g_sets[0].gen_scm.i_tag_ClocksxC[13],clock,24
gen_tiles[7].i_tile_gen_caches[0].i_snitch_icache_i_lookup_g_sets[0].gen_scm.i_tag_ClocksxC[14],clock,24
gen_tiles[7].i_tile_gen_caches[0].i_snitch_icache_i_lookup_g_sets[0].gen_scm.i_tag_ClocksxC[15],clock,24
gen_tiles[7].i_tile_gen_caches[0].i_snitch_icache_i_lookup_g_sets[0].gen_scm.i_tag_ClocksxC[16],clock,24
gen_tiles[7].i_tile_gen_caches[0].i_snitch_icache_i_lookup_g_sets[0].gen_scm.i_tag_ClocksxC[17],clock,24
gen_tiles[7].i_tile_gen_caches[0].i_snitch_icache_i_lookup_g_sets[0].gen_scm.i_tag_ClocksxC[18],clock,24
gen_tiles[7].i_tile_gen_caches[0].i_snitch_icache_i_lookup_g_sets[0].gen_scm.i_tag_ClocksxC[19],clock,24
gen_tiles[7].i_tile_gen_caches[0].i_snitch_icache_i_lookup_g_sets[0].gen_scm.i_tag_ClocksxC[20],clock,24
gen_tiles[7].i_tile_gen_caches[0].i_snitch_icache_i_lookup_g_sets[0].gen_scm.i_tag_ClocksxC[21],clock,24
gen_tiles[7].i_tile_gen_caches[0].i_snitch_icache_i_lookup_g_sets[0].gen_scm.i_tag_ClocksxC[22],clock,24
gen_tiles[7].i_tile_gen_caches[0].i_snitch_icache_i_lookup_g_sets[0].gen_scm.i_tag_ClocksxC[23],clock,24
gen_tiles[7].i_tile_gen_caches[0].i_snitch_icache_i_lookup_g_sets[0].gen_scm.i_tag_ClocksxC[24],clock,24
gen_tiles[7].i_tile_gen_caches[0].i_snitch_icache_i_lookup_g_sets[0].gen_scm.i_tag_ClocksxC[25],clock,24
gen_tiles[7].i_tile_gen_caches[0].i_snitch_icache_i_lookup_g_sets[0].gen_scm.i_tag_ClocksxC[26],clock,24
gen_tiles[7].i_tile_gen_caches[0].i_snitch_icache_i_lookup_g_sets[0].gen_scm.i_tag_ClocksxC[27],clock,24
gen_tiles[7].i_tile_gen_caches[0].i_snitch_icache_i_lookup_g_sets[0].gen_scm.i_tag_ClocksxC[28],clock,24
gen_tiles[7].i_tile_gen_caches[0].i_snitch_icache_i_lookup_g_sets[0].gen_scm.i_tag_ClocksxC[29],clock,24
gen_tiles[7].i_tile_gen_caches[0].i_snitch_icache_i_lookup_g_sets[0].gen_scm.i_tag_ClocksxC[30],clock,24
gen_tiles[7].i_tile_gen_caches[0].i_snitch_icache_i_lookup_g_sets[0].gen_scm.i_tag_ClocksxC[31],clock,24
gen_tiles[7].i_tile_gen_caches[0].i_snitch_icache_i_lookup_g_sets[1].gen_scm.i_tag_ClocksxC[0],clock,24
gen_tiles[7].i_tile_gen_caches[0].i_snitch_icache_i_lookup_g_sets[1].gen_scm.i_tag_ClocksxC[1],clock,24
gen_tiles[7].i_tile_gen_caches[0].i_snitch_icache_i_lookup_g_sets[1].gen_scm.i_tag_ClocksxC[2],clock,24
gen_tiles[7].i_tile_gen_caches[0].i_snitch_icache_i_lookup_g_sets[1].gen_scm.i_tag_ClocksxC[3],clock,24
gen_tiles[7].i_tile_gen_caches[0].i_snitch_icache_i_lookup_g_sets[1].gen_scm.i_tag_ClocksxC[4],clock,24
gen_tiles[7].i_tile_gen_caches[0].i_snitch_icache_i_lookup_g_sets[1].gen_scm.i_tag_ClocksxC[5],clock,24
gen_tiles[7].i_tile_gen_caches[0].i_snitch_icache_i_lookup_g_sets[1].gen_scm.i_tag_ClocksxC[6],clock,24
gen_tiles[7].i_tile_gen_caches[0].i_snitch_icache_i_lookup_g_sets[1].gen_scm.i_tag_ClocksxC[7],clock,24
gen_tiles[7].i_tile_gen_caches[0].i_snitch_icache_i_lookup_g_sets[1].gen_scm.i_tag_ClocksxC[8],clock,24
gen_tiles[7].i_tile_gen_caches[0].i_snitch_icache_i_lookup_g_sets[1].gen_scm.i_tag_ClocksxC[9],clock,24
gen_tiles[7].i_tile_gen_caches[0].i_snitch_icache_i_lookup_g_sets[1].gen_scm.i_tag_ClocksxC[10],clock,24
gen_tiles[7].i_tile_gen_caches[0].i_snitch_icache_i_lookup_g_sets[1].gen_scm.i_tag_ClocksxC[11],clock,24
gen_tiles[7].i_tile_gen_caches[0].i_snitch_icache_i_lookup_g_sets[1].gen_scm.i_tag_ClocksxC[12],clock,24
gen_tiles[7].i_tile_gen_caches[0].i_snitch_icache_i_lookup_g_sets[1].gen_scm.i_tag_ClocksxC[13],clock,24
gen_tiles[7].i_tile_gen_caches[0].i_snitch_icache_i_lookup_g_sets[1].gen_scm.i_tag_ClocksxC[14],clock,24
gen_tiles[7].i_tile_gen_caches[0].i_snitch_icache_i_lookup_g_sets[1].gen_scm.i_tag_ClocksxC[15],clock,24
gen_tiles[7].i_tile_gen_caches[0].i_snitch_icache_i_lookup_g_sets[1].gen_scm.i_tag_ClocksxC[16],clock,24
gen_tiles[7].i_tile_gen_caches[0].i_snitch_icache_i_lookup_g_sets[1].gen_scm.i_tag_ClocksxC[17],clock,24
gen_tiles[7].i_tile_gen_caches[0].i_snitch_icache_i_lookup_g_sets[1].gen_scm.i_tag_ClocksxC[18],clock,24
gen_tiles[7].i_tile_gen_caches[0].i_snitch_icache_i_lookup_g_sets[1].gen_scm.i_tag_ClocksxC[19],clock,24
gen_tiles[7].i_tile_gen_caches[0].i_snitch_icache_i_lookup_g_sets[1].gen_scm.i_tag_ClocksxC[20],clock,24
gen_tiles[7].i_tile_gen_caches[0].i_snitch_icache_i_lookup_g_sets[1].gen_scm.i_tag_ClocksxC[21],clock,24
gen_tiles[7].i_tile_gen_caches[0].i_snitch_icache_i_lookup_g_sets[1].gen_scm.i_tag_ClocksxC[22],clock,24
gen_tiles[7].i_tile_gen_caches[0].i_snitch_icache_i_lookup_g_sets[1].gen_scm.i_tag_ClocksxC[23],clock,24
gen_tiles[7].i_tile_gen_caches[0].i_snitch_icache_i_lookup_g_sets[1].gen_scm.i_tag_ClocksxC[24],clock,24
gen_tiles[7].i_tile_gen_caches[0].i_snitch_icache_i_lookup_g_sets[1].gen_scm.i_tag_ClocksxC[25],clock,24
gen_tiles[7].i_tile_gen_caches[0].i_snitch_icache_i_lookup_g_sets[1].gen_scm.i_tag_ClocksxC[26],clock,24
gen_tiles[7].i_tile_gen_caches[0].i_snitch_icache_i_lookup_g_sets[1].gen_scm.i_tag_ClocksxC[27],clock,24
gen_tiles[7].i_tile_gen_caches[0].i_snitch_icache_i_lookup_g_sets[1].gen_scm.i_tag_ClocksxC[28],clock,24
gen_tiles[7].i_tile_gen_caches[0].i_snitch_icache_i_lookup_g_sets[1].gen_scm.i_tag_ClocksxC[29],clock,24
gen_tiles[7].i_tile_gen_caches[0].i_snitch_icache_i_lookup_g_sets[1].gen_scm.i_tag_ClocksxC[30],clock,24
gen_tiles[7].i_tile_gen_caches[0].i_snitch_icache_i_lookup_g_sets[1].gen_scm.i_tag_ClocksxC[31],clock,24
gen_tiles[9].i_tile_gen_caches[0].i_snitch_icache_i_lookup_g_sets[0].gen_scm.i_tag_ClocksxC[0],clock,24
gen_tiles[9].i_tile_gen_caches[0].i_snitch_icache_i_lookup_g_sets[0].gen_scm.i_tag_ClocksxC[1],clock,24
gen_tiles[9].i_tile_gen_caches[0].i_snitch_icache_i_lookup_g_sets[0].gen_scm.i_tag_ClocksxC[2],clock,24
gen_tiles[9].i_tile_gen_caches[0].i_snitch_icache_i_lookup_g_sets[0].gen_scm.i_tag_ClocksxC[3],clock,24
gen_tiles[9].i_tile_gen_caches[0].i_snitch_icache_i_lookup_g_sets[0].gen_scm.i_tag_ClocksxC[4],clock,24
gen_tiles[9].i_tile_gen_caches[0].i_snitch_icache_i_lookup_g_sets[0].gen_scm.i_tag_ClocksxC[5],clock,24
gen_tiles[9].i_tile_gen_caches[0].i_snitch_icache_i_lookup_g_sets[0].gen_scm.i_tag_ClocksxC[6],clock,24
gen_tiles[9].i_tile_gen_caches[0].i_snitch_icache_i_lookup_g_sets[0].gen_scm.i_tag_ClocksxC[7],clock,24
gen_tiles[9].i_tile_gen_caches[0].i_snitch_icache_i_lookup_g_sets[0].gen_scm.i_tag_ClocksxC[8],clock,24
gen_tiles[9].i_tile_gen_caches[0].i_snitch_icache_i_lookup_g_sets[0].gen_scm.i_tag_ClocksxC[9],clock,24
gen_tiles[9].i_tile_gen_caches[0].i_snitch_icache_i_lookup_g_sets[0].gen_scm.i_tag_ClocksxC[10],clock,24
gen_tiles[9].i_tile_gen_caches[0].i_snitch_icache_i_lookup_g_sets[0].gen_scm.i_tag_ClocksxC[11],clock,24
gen_tiles[9].i_tile_gen_caches[0].i_snitch_icache_i_lookup_g_sets[0].gen_scm.i_tag_ClocksxC[12],clock,24
gen_tiles[9].i_tile_gen_caches[0].i_snitch_icache_i_lookup_g_sets[0].gen_scm.i_tag_ClocksxC[13],clock,24
gen_tiles[9].i_tile_gen_caches[0].i_snitch_icache_i_lookup_g_sets[0].gen_scm.i_tag_ClocksxC[14],clock,24
gen_tiles[9].i_tile_gen_caches[0].i_snitch_icache_i_lookup_g_sets[0].gen_scm.i_tag_ClocksxC[15],clock,24
gen_tiles[9].i_tile_gen_caches[0].i_snitch_icache_i_lookup_g_sets[0].gen_scm.i_tag_ClocksxC[16],clock,24
gen_tiles[9].i_tile_gen_caches[0].i_snitch_icache_i_lookup_g_sets[0].gen_scm.i_tag_ClocksxC[17],clock,24
gen_tiles[9].i_tile_gen_caches[0].i_snitch_icache_i_lookup_g_sets[0].gen_scm.i_tag_ClocksxC[18],clock,24
gen_tiles[9].i_tile_gen_caches[0].i_snitch_icache_i_lookup_g_sets[0].gen_scm.i_tag_ClocksxC[19],clock,24
gen_tiles[9].i_tile_gen_caches[0].i_snitch_icache_i_lookup_g_sets[0].gen_scm.i_tag_ClocksxC[20],clock,24
gen_tiles[9].i_tile_gen_caches[0].i_snitch_icache_i_lookup_g_sets[0].gen_scm.i_tag_ClocksxC[21],clock,24
gen_tiles[9].i_tile_gen_caches[0].i_snitch_icache_i_lookup_g_sets[0].gen_scm.i_tag_ClocksxC[22],clock,24
gen_tiles[9].i_tile_gen_caches[0].i_snitch_icache_i_lookup_g_sets[0].gen_scm.i_tag_ClocksxC[23],clock,24
gen_tiles[9].i_tile_gen_caches[0].i_snitch_icache_i_lookup_g_sets[0].gen_scm.i_tag_ClocksxC[24],clock,24
gen_tiles[9].i_tile_gen_caches[0].i_snitch_icache_i_lookup_g_sets[0].gen_scm.i_tag_ClocksxC[25],clock,24
gen_tiles[9].i_tile_gen_caches[0].i_snitch_icache_i_lookup_g_sets[0].gen_scm.i_tag_ClocksxC[26],clock,24
gen_tiles[9].i_tile_gen_caches[0].i_snitch_icache_i_lookup_g_sets[0].gen_scm.i_tag_ClocksxC[27],clock,24
gen_tiles[9].i_tile_gen_caches[0].i_snitch_icache_i_lookup_g_sets[0].gen_scm.i_tag_ClocksxC[28],clock,24
gen_tiles[9].i_tile_gen_caches[0].i_snitch_icache_i_lookup_g_sets[0].gen_scm.i_tag_ClocksxC[29],clock,24
gen_tiles[9].i_tile_gen_caches[0].i_snitch_icache_i_lookup_g_sets[0].gen_scm.i_tag_ClocksxC[30],clock,24
gen_tiles[9].i_tile_gen_caches[0].i_snitch_icache_i_lookup_g_sets[0].gen_scm.i_tag_ClocksxC[31],clock,24
gen_tiles[9].i_tile_gen_caches[0].i_snitch_icache_i_lookup_g_sets[1].gen_scm.i_tag_ClocksxC[0],clock,24
gen_tiles[9].i_tile_gen_caches[0].i_snitch_icache_i_lookup_g_sets[1].gen_scm.i_tag_ClocksxC[1],clock,24
gen_tiles[9].i_tile_gen_caches[0].i_snitch_icache_i_lookup_g_sets[1].gen_scm.i_tag_ClocksxC[2],clock,24
gen_tiles[9].i_tile_gen_caches[0].i_snitch_icache_i_lookup_g_sets[1].gen_scm.i_tag_ClocksxC[3],clock,24
gen_tiles[9].i_tile_gen_caches[0].i_snitch_icache_i_lookup_g_sets[1].gen_scm.i_tag_ClocksxC[4],clock,24
gen_tiles[9].i_tile_gen_caches[0].i_snitch_icache_i_lookup_g_sets[1].gen_scm.i_tag_ClocksxC[5],clock,24
gen_tiles[9].i_tile_gen_caches[0].i_snitch_icache_i_lookup_g_sets[1].gen_scm.i_tag_ClocksxC[6],clock,24
gen_tiles[9].i_tile_gen_caches[0].i_snitch_icache_i_lookup_g_sets[1].gen_scm.i_tag_ClocksxC[7],clock,24
gen_tiles[9].i_tile_gen_caches[0].i_snitch_icache_i_lookup_g_sets[1].gen_scm.i_tag_ClocksxC[8],clock,24
gen_tiles[9].i_tile_gen_caches[0].i_snitch_icache_i_lookup_g_sets[1].gen_scm.i_tag_ClocksxC[9],clock,24
gen_tiles[9].i_tile_gen_caches[0].i_snitch_icache_i_lookup_g_sets[1].gen_scm.i_tag_ClocksxC[10],clock,24
gen_tiles[9].i_tile_gen_caches[0].i_snitch_icache_i_lookup_g_sets[1].gen_scm.i_tag_ClocksxC[11],clock,24
gen_tiles[9].i_tile_gen_caches[0].i_snitch_icache_i_lookup_g_sets[1].gen_scm.i_tag_ClocksxC[12],clock,24
gen_tiles[9].i_tile_gen_caches[0].i_snitch_icache_i_lookup_g_sets[1].gen_scm.i_tag_ClocksxC[13],clock,24
gen_tiles[9].i_tile_gen_caches[0].i_snitch_icache_i_lookup_g_sets[1].gen_scm.i_tag_ClocksxC[14],clock,24
gen_tiles[9].i_tile_gen_caches[0].i_snitch_icache_i_lookup_g_sets[1].gen_scm.i_tag_ClocksxC[15],clock,24
gen_tiles[9].i_tile_gen_caches[0].i_snitch_icache_i_lookup_g_sets[1].gen_scm.i_tag_ClocksxC[16],clock,24
gen_tiles[9].i_tile_gen_caches[0].i_snitch_icache_i_lookup_g_sets[1].gen_scm.i_tag_ClocksxC[17],clock,24
gen_tiles[9].i_tile_gen_caches[0].i_snitch_icache_i_lookup_g_sets[1].gen_scm.i_tag_ClocksxC[18],clock,24
gen_tiles[9].i_tile_gen_caches[0].i_snitch_icache_i_lookup_g_sets[1].gen_scm.i_tag_ClocksxC[19],clock,24
gen_tiles[9].i_tile_gen_caches[0].i_snitch_icache_i_lookup_g_sets[1].gen_scm.i_tag_ClocksxC[20],clock,24
gen_tiles[9].i_tile_gen_caches[0].i_snitch_icache_i_lookup_g_sets[1].gen_scm.i_tag_ClocksxC[21],clock,24
gen_tiles[9].i_tile_gen_caches[0].i_snitch_icache_i_lookup_g_sets[1].gen_scm.i_tag_ClocksxC[22],clock,24
gen_tiles[9].i_tile_gen_caches[0].i_snitch_icache_i_lookup_g_sets[1].gen_scm.i_tag_ClocksxC[23],clock,24
gen_tiles[9].i_tile_gen_caches[0].i_snitch_icache_i_lookup_g_sets[1].gen_scm.i_tag_ClocksxC[24],clock,24
gen_tiles[9].i_tile_gen_caches[0].i_snitch_icache_i_lookup_g_sets[1].gen_scm.i_tag_ClocksxC[25],clock,24
gen_tiles[9].i_tile_gen_caches[0].i_snitch_icache_i_lookup_g_sets[1].gen_scm.i_tag_ClocksxC[26],clock,24
gen_tiles[9].i_tile_gen_caches[0].i_snitch_icache_i_lookup_g_sets[1].gen_scm.i_tag_ClocksxC[27],clock,24
gen_tiles[9].i_tile_gen_caches[0].i_snitch_icache_i_lookup_g_sets[1].gen_scm.i_tag_ClocksxC[28],clock,24
gen_tiles[9].i_tile_gen_caches[0].i_snitch_icache_i_lookup_g_sets[1].gen_scm.i_tag_ClocksxC[29],clock,24
gen_tiles[9].i_tile_gen_caches[0].i_snitch_icache_i_lookup_g_sets[1].gen_scm.i_tag_ClocksxC[30],clock,24
gen_tiles[9].i_tile_gen_caches[0].i_snitch_icache_i_lookup_g_sets[1].gen_scm.i_tag_ClocksxC[31],clock,24
gen_tiles[11].i_tile_gen_caches[0].i_snitch_icache_i_lookup_g_sets[0].gen_scm.i_tag_ClocksxC[0],clock,24
gen_tiles[11].i_tile_gen_caches[0].i_snitch_icache_i_lookup_g_sets[0].gen_scm.i_tag_ClocksxC[1],clock,24
gen_tiles[11].i_tile_gen_caches[0].i_snitch_icache_i_lookup_g_sets[0].gen_scm.i_tag_ClocksxC[2],clock,24
gen_tiles[11].i_tile_gen_caches[0].i_snitch_icache_i_lookup_g_sets[0].gen_scm.i_tag_ClocksxC[3],clock,24
gen_tiles[11].i_tile_gen_caches[0].i_snitch_icache_i_lookup_g_sets[0].gen_scm.i_tag_ClocksxC[4],clock,24
gen_tiles[11].i_tile_gen_caches[0].i_snitch_icache_i_lookup_g_sets[0].gen_scm.i_tag_ClocksxC[5],clock,24
gen_tiles[11].i_tile_gen_caches[0].i_snitch_icache_i_lookup_g_sets[0].gen_scm.i_tag_ClocksxC[6],clock,24
gen_tiles[11].i_tile_gen_caches[0].i_snitch_icache_i_lookup_g_sets[0].gen_scm.i_tag_ClocksxC[7],clock,24
gen_tiles[11].i_tile_gen_caches[0].i_snitch_icache_i_lookup_g_sets[0].gen_scm.i_tag_ClocksxC[8],clock,24
gen_tiles[11].i_tile_gen_caches[0].i_snitch_icache_i_lookup_g_sets[0].gen_scm.i_tag_ClocksxC[9],clock,24
gen_tiles[11].i_tile_gen_caches[0].i_snitch_icache_i_lookup_g_sets[0].gen_scm.i_tag_ClocksxC[10],clock,24
gen_tiles[11].i_tile_gen_caches[0].i_snitch_icache_i_lookup_g_sets[0].gen_scm.i_tag_ClocksxC[11],clock,24
gen_tiles[11].i_tile_gen_caches[0].i_snitch_icache_i_lookup_g_sets[0].gen_scm.i_tag_ClocksxC[12],clock,24
gen_tiles[11].i_tile_gen_caches[0].i_snitch_icache_i_lookup_g_sets[0].gen_scm.i_tag_ClocksxC[13],clock,24
gen_tiles[11].i_tile_gen_caches[0].i_snitch_icache_i_lookup_g_sets[0].gen_scm.i_tag_ClocksxC[14],clock,24
gen_tiles[11].i_tile_gen_caches[0].i_snitch_icache_i_lookup_g_sets[0].gen_scm.i_tag_ClocksxC[15],clock,24
gen_tiles[11].i_tile_gen_caches[0].i_snitch_icache_i_lookup_g_sets[0].gen_scm.i_tag_ClocksxC[16],clock,24
gen_tiles[11].i_tile_gen_caches[0].i_snitch_icache_i_lookup_g_sets[0].gen_scm.i_tag_ClocksxC[17],clock,24
gen_tiles[11].i_tile_gen_caches[0].i_snitch_icache_i_lookup_g_sets[0].gen_scm.i_tag_ClocksxC[18],clock,24
gen_tiles[11].i_tile_gen_caches[0].i_snitch_icache_i_lookup_g_sets[0].gen_scm.i_tag_ClocksxC[19],clock,24
gen_tiles[11].i_tile_gen_caches[0].i_snitch_icache_i_lookup_g_sets[0].gen_scm.i_tag_ClocksxC[20],clock,24
gen_tiles[11].i_tile_gen_caches[0].i_snitch_icache_i_lookup_g_sets[0].gen_scm.i_tag_ClocksxC[21],clock,24
gen_tiles[11].i_tile_gen_caches[0].i_snitch_icache_i_lookup_g_sets[0].gen_scm.i_tag_ClocksxC[22],clock,24
gen_tiles[11].i_tile_gen_caches[0].i_snitch_icache_i_lookup_g_sets[0].gen_scm.i_tag_ClocksxC[23],clock,24
gen_tiles[11].i_tile_gen_caches[0].i_snitch_icache_i_lookup_g_sets[0].gen_scm.i_tag_ClocksxC[24],clock,24
gen_tiles[11].i_tile_gen_caches[0].i_snitch_icache_i_lookup_g_sets[0].gen_scm.i_tag_ClocksxC[25],clock,24
gen_tiles[11].i_tile_gen_caches[0].i_snitch_icache_i_lookup_g_sets[0].gen_scm.i_tag_ClocksxC[26],clock,24
gen_tiles[11].i_tile_gen_caches[0].i_snitch_icache_i_lookup_g_sets[0].gen_scm.i_tag_ClocksxC[27],clock,24
gen_tiles[11].i_tile_gen_caches[0].i_snitch_icache_i_lookup_g_sets[0].gen_scm.i_tag_ClocksxC[28],clock,24
gen_tiles[11].i_tile_gen_caches[0].i_snitch_icache_i_lookup_g_sets[0].gen_scm.i_tag_ClocksxC[29],clock,24
gen_tiles[11].i_tile_gen_caches[0].i_snitch_icache_i_lookup_g_sets[0].gen_scm.i_tag_ClocksxC[30],clock,24
gen_tiles[11].i_tile_gen_caches[0].i_snitch_icache_i_lookup_g_sets[0].gen_scm.i_tag_ClocksxC[31],clock,24
gen_tiles[11].i_tile_gen_caches[0].i_snitch_icache_i_lookup_g_sets[1].gen_scm.i_tag_ClocksxC[0],clock,24
gen_tiles[11].i_tile_gen_caches[0].i_snitch_icache_i_lookup_g_sets[1].gen_scm.i_tag_ClocksxC[1],clock,24
gen_tiles[11].i_tile_gen_caches[0].i_snitch_icache_i_lookup_g_sets[1].gen_scm.i_tag_ClocksxC[2],clock,24
gen_tiles[11].i_tile_gen_caches[0].i_snitch_icache_i_lookup_g_sets[1].gen_scm.i_tag_ClocksxC[3],clock,24
gen_tiles[11].i_tile_gen_caches[0].i_snitch_icache_i_lookup_g_sets[1].gen_scm.i_tag_ClocksxC[4],clock,24
gen_tiles[11].i_tile_gen_caches[0].i_snitch_icache_i_lookup_g_sets[1].gen_scm.i_tag_ClocksxC[5],clock,24
gen_tiles[11].i_tile_gen_caches[0].i_snitch_icache_i_lookup_g_sets[1].gen_scm.i_tag_ClocksxC[6],clock,24
gen_tiles[11].i_tile_gen_caches[0].i_snitch_icache_i_lookup_g_sets[1].gen_scm.i_tag_ClocksxC[7],clock,24
gen_tiles[11].i_tile_gen_caches[0].i_snitch_icache_i_lookup_g_sets[1].gen_scm.i_tag_ClocksxC[8],clock,24
gen_tiles[11].i_tile_gen_caches[0].i_snitch_icache_i_lookup_g_sets[1].gen_scm.i_tag_ClocksxC[9],clock,24
gen_tiles[11].i_tile_gen_caches[0].i_snitch_icache_i_lookup_g_sets[1].gen_scm.i_tag_ClocksxC[10],clock,24
gen_tiles[11].i_tile_gen_caches[0].i_snitch_icache_i_lookup_g_sets[1].gen_scm.i_tag_ClocksxC[11],clock,24
gen_tiles[11].i_tile_gen_caches[0].i_snitch_icache_i_lookup_g_sets[1].gen_scm.i_tag_ClocksxC[12],clock,24
gen_tiles[11].i_tile_gen_caches[0].i_snitch_icache_i_lookup_g_sets[1].gen_scm.i_tag_ClocksxC[13],clock,24
gen_tiles[11].i_tile_gen_caches[0].i_snitch_icache_i_lookup_g_sets[1].gen_scm.i_tag_ClocksxC[14],clock,24
gen_tiles[11].i_tile_gen_caches[0].i_snitch_icache_i_lookup_g_sets[1].gen_scm.i_tag_ClocksxC[15],clock,24
gen_tiles[11].i_tile_gen_caches[0].i_snitch_icache_i_lookup_g_sets[1].gen_scm.i_tag_ClocksxC[16],clock,24
gen_tiles[11].i_tile_gen_caches[0].i_snitch_icache_i_lookup_g_sets[1].gen_scm.i_tag_ClocksxC[17],clock,24
gen_tiles[11].i_tile_gen_caches[0].i_snitch_icache_i_lookup_g_sets[1].gen_scm.i_tag_ClocksxC[18],clock,24
gen_tiles[11].i_tile_gen_caches[0].i_snitch_icache_i_lookup_g_sets[1].gen_scm.i_tag_ClocksxC[19],clock,24
gen_tiles[11].i_tile_gen_caches[0].i_snitch_icache_i_lookup_g_sets[1].gen_scm.i_tag_ClocksxC[20],clock,24
gen_tiles[11].i_tile_gen_caches[0].i_snitch_icache_i_lookup_g_sets[1].gen_scm.i_tag_ClocksxC[21],clock,24
gen_tiles[11].i_tile_gen_caches[0].i_snitch_icache_i_lookup_g_sets[1].gen_scm.i_tag_ClocksxC[22],clock,24
gen_tiles[11].i_tile_gen_caches[0].i_snitch_icache_i_lookup_g_sets[1].gen_scm.i_tag_ClocksxC[23],clock,24
gen_tiles[11].i_tile_gen_caches[0].i_snitch_icache_i_lookup_g_sets[1].gen_scm.i_tag_ClocksxC[24],clock,24
gen_tiles[11].i_tile_gen_caches[0].i_snitch_icache_i_lookup_g_sets[1].gen_scm.i_tag_ClocksxC[25],clock,24
gen_tiles[11].i_tile_gen_caches[0].i_snitch_icache_i_lookup_g_sets[1].gen_scm.i_tag_ClocksxC[26],clock,24
gen_tiles[11].i_tile_gen_caches[0].i_snitch_icache_i_lookup_g_sets[1].gen_scm.i_tag_ClocksxC[27],clock,24
gen_tiles[11].i_tile_gen_caches[0].i_snitch_icache_i_lookup_g_sets[1].gen_scm.i_tag_ClocksxC[28],clock,24
gen_tiles[11].i_tile_gen_caches[0].i_snitch_icache_i_lookup_g_sets[1].gen_scm.i_tag_ClocksxC[29],clock,24
gen_tiles[11].i_tile_gen_caches[0].i_snitch_icache_i_lookup_g_sets[1].gen_scm.i_tag_ClocksxC[30],clock,24
gen_tiles[11].i_tile_gen_caches[0].i_snitch_icache_i_lookup_g_sets[1].gen_scm.i_tag_ClocksxC[31],clock,24
gen_tiles[13].i_tile_gen_caches[0].i_snitch_icache_i_lookup_g_sets[0].gen_scm.i_tag_ClocksxC[0],clock,24
gen_tiles[13].i_tile_gen_caches[0].i_snitch_icache_i_lookup_g_sets[0].gen_scm.i_tag_ClocksxC[1],clock,24
gen_tiles[13].i_tile_gen_caches[0].i_snitch_icache_i_lookup_g_sets[0].gen_scm.i_tag_ClocksxC[2],clock,24
gen_tiles[13].i_tile_gen_caches[0].i_snitch_icache_i_lookup_g_sets[0].gen_scm.i_tag_ClocksxC[3],clock,24
gen_tiles[13].i_tile_gen_caches[0].i_snitch_icache_i_lookup_g_sets[0].gen_scm.i_tag_ClocksxC[4],clock,24
gen_tiles[13].i_tile_gen_caches[0].i_snitch_icache_i_lookup_g_sets[0].gen_scm.i_tag_ClocksxC[5],clock,24
gen_tiles[13].i_tile_gen_caches[0].i_snitch_icache_i_lookup_g_sets[0].gen_scm.i_tag_ClocksxC[6],clock,24
gen_tiles[13].i_tile_gen_caches[0].i_snitch_icache_i_lookup_g_sets[0].gen_scm.i_tag_ClocksxC[7],clock,24
gen_tiles[13].i_tile_gen_caches[0].i_snitch_icache_i_lookup_g_sets[0].gen_scm.i_tag_ClocksxC[8],clock,24
gen_tiles[13].i_tile_gen_caches[0].i_snitch_icache_i_lookup_g_sets[0].gen_scm.i_tag_ClocksxC[9],clock,24
gen_tiles[13].i_tile_gen_caches[0].i_snitch_icache_i_lookup_g_sets[0].gen_scm.i_tag_ClocksxC[10],clock,24
gen_tiles[13].i_tile_gen_caches[0].i_snitch_icache_i_lookup_g_sets[0].gen_scm.i_tag_ClocksxC[11],clock,24
gen_tiles[13].i_tile_gen_caches[0].i_snitch_icache_i_lookup_g_sets[0].gen_scm.i_tag_ClocksxC[12],clock,24
gen_tiles[13].i_tile_gen_caches[0].i_snitch_icache_i_lookup_g_sets[0].gen_scm.i_tag_ClocksxC[13],clock,24
gen_tiles[13].i_tile_gen_caches[0].i_snitch_icache_i_lookup_g_sets[0].gen_scm.i_tag_ClocksxC[14],clock,24
gen_tiles[13].i_tile_gen_caches[0].i_snitch_icache_i_lookup_g_sets[0].gen_scm.i_tag_ClocksxC[15],clock,24
gen_tiles[13].i_tile_gen_caches[0].i_snitch_icache_i_lookup_g_sets[0].gen_scm.i_tag_ClocksxC[16],clock,24
gen_tiles[13].i_tile_gen_caches[0].i_snitch_icache_i_lookup_g_sets[0].gen_scm.i_tag_ClocksxC[17],clock,24
gen_tiles[13].i_tile_gen_caches[0].i_snitch_icache_i_lookup_g_sets[0].gen_scm.i_tag_ClocksxC[18],clock,24
gen_tiles[13].i_tile_gen_caches[0].i_snitch_icache_i_lookup_g_sets[0].gen_scm.i_tag_ClocksxC[19],clock,24
gen_tiles[13].i_tile_gen_caches[0].i_snitch_icache_i_lookup_g_sets[0].gen_scm.i_tag_ClocksxC[20],clock,24
gen_tiles[13].i_tile_gen_caches[0].i_snitch_icache_i_lookup_g_sets[0].gen_scm.i_tag_ClocksxC[21],clock,24
gen_tiles[13].i_tile_gen_caches[0].i_snitch_icache_i_lookup_g_sets[0].gen_scm.i_tag_ClocksxC[22],clock,24
gen_tiles[13].i_tile_gen_caches[0].i_snitch_icache_i_lookup_g_sets[0].gen_scm.i_tag_ClocksxC[23],clock,24
gen_tiles[13].i_tile_gen_caches[0].i_snitch_icache_i_lookup_g_sets[0].gen_scm.i_tag_ClocksxC[24],clock,24
gen_tiles[13].i_tile_gen_caches[0].i_snitch_icache_i_lookup_g_sets[0].gen_scm.i_tag_ClocksxC[25],clock,24
gen_tiles[13].i_tile_gen_caches[0].i_snitch_icache_i_lookup_g_sets[0].gen_scm.i_tag_ClocksxC[26],clock,24
gen_tiles[13].i_tile_gen_caches[0].i_snitch_icache_i_lookup_g_sets[0].gen_scm.i_tag_ClocksxC[27],clock,24
gen_tiles[13].i_tile_gen_caches[0].i_snitch_icache_i_lookup_g_sets[0].gen_scm.i_tag_ClocksxC[28],clock,24
gen_tiles[13].i_tile_gen_caches[0].i_snitch_icache_i_lookup_g_sets[0].gen_scm.i_tag_ClocksxC[29],clock,24
gen_tiles[13].i_tile_gen_caches[0].i_snitch_icache_i_lookup_g_sets[0].gen_scm.i_tag_ClocksxC[30],clock,24
gen_tiles[13].i_tile_gen_caches[0].i_snitch_icache_i_lookup_g_sets[0].gen_scm.i_tag_ClocksxC[31],clock,24
gen_tiles[13].i_tile_gen_caches[0].i_snitch_icache_i_lookup_g_sets[1].gen_scm.i_tag_ClocksxC[0],clock,24
gen_tiles[13].i_tile_gen_caches[0].i_snitch_icache_i_lookup_g_sets[1].gen_scm.i_tag_ClocksxC[1],clock,24
gen_tiles[13].i_tile_gen_caches[0].i_snitch_icache_i_lookup_g_sets[1].gen_scm.i_tag_ClocksxC[2],clock,24
gen_tiles[13].i_tile_gen_caches[0].i_snitch_icache_i_lookup_g_sets[1].gen_scm.i_tag_ClocksxC[3],clock,24
gen_tiles[13].i_tile_gen_caches[0].i_snitch_icache_i_lookup_g_sets[1].gen_scm.i_tag_ClocksxC[4],clock,24
gen_tiles[13].i_tile_gen_caches[0].i_snitch_icache_i_lookup_g_sets[1].gen_scm.i_tag_ClocksxC[5],clock,24
gen_tiles[13].i_tile_gen_caches[0].i_snitch_icache_i_lookup_g_sets[1].gen_scm.i_tag_ClocksxC[6],clock,24
gen_tiles[13].i_tile_gen_caches[0].i_snitch_icache_i_lookup_g_sets[1].gen_scm.i_tag_ClocksxC[7],clock,24
gen_tiles[13].i_tile_gen_caches[0].i_snitch_icache_i_lookup_g_sets[1].gen_scm.i_tag_ClocksxC[8],clock,24
gen_tiles[13].i_tile_gen_caches[0].i_snitch_icache_i_lookup_g_sets[1].gen_scm.i_tag_ClocksxC[9],clock,24
gen_tiles[13].i_tile_gen_caches[0].i_snitch_icache_i_lookup_g_sets[1].gen_scm.i_tag_ClocksxC[10],clock,24
gen_tiles[13].i_tile_gen_caches[0].i_snitch_icache_i_lookup_g_sets[1].gen_scm.i_tag_ClocksxC[11],clock,24
gen_tiles[13].i_tile_gen_caches[0].i_snitch_icache_i_lookup_g_sets[1].gen_scm.i_tag_ClocksxC[12],clock,24
gen_tiles[13].i_tile_gen_caches[0].i_snitch_icache_i_lookup_g_sets[1].gen_scm.i_tag_ClocksxC[13],clock,24
gen_tiles[13].i_tile_gen_caches[0].i_snitch_icache_i_lookup_g_sets[1].gen_scm.i_tag_ClocksxC[14],clock,24
gen_tiles[13].i_tile_gen_caches[0].i_snitch_icache_i_lookup_g_sets[1].gen_scm.i_tag_ClocksxC[15],clock,24
gen_tiles[13].i_tile_gen_caches[0].i_snitch_icache_i_lookup_g_sets[1].gen_scm.i_tag_ClocksxC[16],clock,24
gen_tiles[13].i_tile_gen_caches[0].i_snitch_icache_i_lookup_g_sets[1].gen_scm.i_tag_ClocksxC[17],clock,24
gen_tiles[13].i_tile_gen_caches[0].i_snitch_icache_i_lookup_g_sets[1].gen_scm.i_tag_ClocksxC[18],clock,24
gen_tiles[13].i_tile_gen_caches[0].i_snitch_icache_i_lookup_g_sets[1].gen_scm.i_tag_ClocksxC[19],clock,24
gen_tiles[13].i_tile_gen_caches[0].i_snitch_icache_i_lookup_g_sets[1].gen_scm.i_tag_ClocksxC[20],clock,24
gen_tiles[13].i_tile_gen_caches[0].i_snitch_icache_i_lookup_g_sets[1].gen_scm.i_tag_ClocksxC[21],clock,24
gen_tiles[13].i_tile_gen_caches[0].i_snitch_icache_i_lookup_g_sets[1].gen_scm.i_tag_ClocksxC[22],clock,24
gen_tiles[13].i_tile_gen_caches[0].i_snitch_icache_i_lookup_g_sets[1].gen_scm.i_tag_ClocksxC[23],clock,24
gen_tiles[13].i_tile_gen_caches[0].i_snitch_icache_i_lookup_g_sets[1].gen_scm.i_tag_ClocksxC[24],clock,24
gen_tiles[13].i_tile_gen_caches[0].i_snitch_icache_i_lookup_g_sets[1].gen_scm.i_tag_ClocksxC[25],clock,24
gen_tiles[13].i_tile_gen_caches[0].i_snitch_icache_i_lookup_g_sets[1].gen_scm.i_tag_ClocksxC[26],clock,24
gen_tiles[13].i_tile_gen_caches[0].i_snitch_icache_i_lookup_g_sets[1].gen_scm.i_tag_ClocksxC[27],clock,24
gen_tiles[13].i_tile_gen_caches[0].i_snitch_icache_i_lookup_g_sets[1].gen_scm.i_tag_ClocksxC[28],clock,24
gen_tiles[13].i_tile_gen_caches[0].i_snitch_icache_i_lookup_g_sets[1].gen_scm.i_tag_ClocksxC[29],clock,24
gen_tiles[13].i_tile_gen_caches[0].i_snitch_icache_i_lookup_g_sets[1].gen_scm.i_tag_ClocksxC[30],clock,24
gen_tiles[13].i_tile_gen_caches[0].i_snitch_icache_i_lookup_g_sets[1].gen_scm.i_tag_ClocksxC[31],clock,24
gen_tiles[14].i_tile_gen_caches[0].i_snitch_icache_i_lookup_g_sets[0].gen_scm.i_tag_ClocksxC[0],clock,24
gen_tiles[14].i_tile_gen_caches[0].i_snitch_icache_i_lookup_g_sets[0].gen_scm.i_tag_ClocksxC[1],clock,24
gen_tiles[14].i_tile_gen_caches[0].i_snitch_icache_i_lookup_g_sets[0].gen_scm.i_tag_ClocksxC[2],clock,24
gen_tiles[14].i_tile_gen_caches[0].i_snitch_icache_i_lookup_g_sets[0].gen_scm.i_tag_ClocksxC[3],clock,24
gen_tiles[14].i_tile_gen_caches[0].i_snitch_icache_i_lookup_g_sets[0].gen_scm.i_tag_ClocksxC[4],clock,24
gen_tiles[14].i_tile_gen_caches[0].i_snitch_icache_i_lookup_g_sets[0].gen_scm.i_tag_ClocksxC[5],clock,24
gen_tiles[14].i_tile_gen_caches[0].i_snitch_icache_i_lookup_g_sets[0].gen_scm.i_tag_ClocksxC[6],clock,24
gen_tiles[14].i_tile_gen_caches[0].i_snitch_icache_i_lookup_g_sets[0].gen_scm.i_tag_ClocksxC[7],clock,24
gen_tiles[14].i_tile_gen_caches[0].i_snitch_icache_i_lookup_g_sets[0].gen_scm.i_tag_ClocksxC[8],clock,24
gen_tiles[14].i_tile_gen_caches[0].i_snitch_icache_i_lookup_g_sets[0].gen_scm.i_tag_ClocksxC[9],clock,24
gen_tiles[14].i_tile_gen_caches[0].i_snitch_icache_i_lookup_g_sets[0].gen_scm.i_tag_ClocksxC[10],clock,24
gen_tiles[14].i_tile_gen_caches[0].i_snitch_icache_i_lookup_g_sets[0].gen_scm.i_tag_ClocksxC[11],clock,24
gen_tiles[14].i_tile_gen_caches[0].i_snitch_icache_i_lookup_g_sets[0].gen_scm.i_tag_ClocksxC[12],clock,24
gen_tiles[14].i_tile_gen_caches[0].i_snitch_icache_i_lookup_g_sets[0].gen_scm.i_tag_ClocksxC[13],clock,24
gen_tiles[14].i_tile_gen_caches[0].i_snitch_icache_i_lookup_g_sets[0].gen_scm.i_tag_ClocksxC[14],clock,24
gen_tiles[14].i_tile_gen_caches[0].i_snitch_icache_i_lookup_g_sets[0].gen_scm.i_tag_ClocksxC[15],clock,24
gen_tiles[14].i_tile_gen_caches[0].i_snitch_icache_i_lookup_g_sets[0].gen_scm.i_tag_ClocksxC[16],clock,24
gen_tiles[14].i_tile_gen_caches[0].i_snitch_icache_i_lookup_g_sets[0].gen_scm.i_tag_ClocksxC[17],clock,24
gen_tiles[14].i_tile_gen_caches[0].i_snitch_icache_i_lookup_g_sets[0].gen_scm.i_tag_ClocksxC[18],clock,24
gen_tiles[14].i_tile_gen_caches[0].i_snitch_icache_i_lookup_g_sets[0].gen_scm.i_tag_ClocksxC[19],clock,24
gen_tiles[14].i_tile_gen_caches[0].i_snitch_icache_i_lookup_g_sets[0].gen_scm.i_tag_ClocksxC[20],clock,24
gen_tiles[14].i_tile_gen_caches[0].i_snitch_icache_i_lookup_g_sets[0].gen_scm.i_tag_ClocksxC[21],clock,24
gen_tiles[14].i_tile_gen_caches[0].i_snitch_icache_i_lookup_g_sets[0].gen_scm.i_tag_ClocksxC[22],clock,24
gen_tiles[14].i_tile_gen_caches[0].i_snitch_icache_i_lookup_g_sets[0].gen_scm.i_tag_ClocksxC[23],clock,24
gen_tiles[14].i_tile_gen_caches[0].i_snitch_icache_i_lookup_g_sets[0].gen_scm.i_tag_ClocksxC[24],clock,24
gen_tiles[14].i_tile_gen_caches[0].i_snitch_icache_i_lookup_g_sets[0].gen_scm.i_tag_ClocksxC[25],clock,24
gen_tiles[14].i_tile_gen_caches[0].i_snitch_icache_i_lookup_g_sets[0].gen_scm.i_tag_ClocksxC[26],clock,24
gen_tiles[14].i_tile_gen_caches[0].i_snitch_icache_i_lookup_g_sets[0].gen_scm.i_tag_ClocksxC[27],clock,24
gen_tiles[14].i_tile_gen_caches[0].i_snitch_icache_i_lookup_g_sets[0].gen_scm.i_tag_ClocksxC[28],clock,24
gen_tiles[14].i_tile_gen_caches[0].i_snitch_icache_i_lookup_g_sets[0].gen_scm.i_tag_ClocksxC[29],clock,24
gen_tiles[14].i_tile_gen_caches[0].i_snitch_icache_i_lookup_g_sets[0].gen_scm.i_tag_ClocksxC[30],clock,24
gen_tiles[14].i_tile_gen_caches[0].i_snitch_icache_i_lookup_g_sets[0].gen_scm.i_tag_ClocksxC[31],clock,24
gen_tiles[14].i_tile_gen_caches[0].i_snitch_icache_i_lookup_g_sets[1].gen_scm.i_tag_ClocksxC[0],clock,24
gen_tiles[14].i_tile_gen_caches[0].i_snitch_icache_i_lookup_g_sets[1].gen_scm.i_tag_ClocksxC[1],clock,24
gen_tiles[14].i_tile_gen_caches[0].i_snitch_icache_i_lookup_g_sets[1].gen_scm.i_tag_ClocksxC[2],clock,24
gen_tiles[14].i_tile_gen_caches[0].i_snitch_icache_i_lookup_g_sets[1].gen_scm.i_tag_ClocksxC[3],clock,24
gen_tiles[14].i_tile_gen_caches[0].i_snitch_icache_i_lookup_g_sets[1].gen_scm.i_tag_ClocksxC[4],clock,24
gen_tiles[14].i_tile_gen_caches[0].i_snitch_icache_i_lookup_g_sets[1].gen_scm.i_tag_ClocksxC[5],clock,24
gen_tiles[14].i_tile_gen_caches[0].i_snitch_icache_i_lookup_g_sets[1].gen_scm.i_tag_ClocksxC[6],clock,24
gen_tiles[14].i_tile_gen_caches[0].i_snitch_icache_i_lookup_g_sets[1].gen_scm.i_tag_ClocksxC[7],clock,24
gen_tiles[14].i_tile_gen_caches[0].i_snitch_icache_i_lookup_g_sets[1].gen_scm.i_tag_ClocksxC[8],clock,24
gen_tiles[14].i_tile_gen_caches[0].i_snitch_icache_i_lookup_g_sets[1].gen_scm.i_tag_ClocksxC[9],clock,24
gen_tiles[14].i_tile_gen_caches[0].i_snitch_icache_i_lookup_g_sets[1].gen_scm.i_tag_ClocksxC[10],clock,24
gen_tiles[14].i_tile_gen_caches[0].i_snitch_icache_i_lookup_g_sets[1].gen_scm.i_tag_ClocksxC[11],clock,24
gen_tiles[14].i_tile_gen_caches[0].i_snitch_icache_i_lookup_g_sets[1].gen_scm.i_tag_ClocksxC[12],clock,24
gen_tiles[14].i_tile_gen_caches[0].i_snitch_icache_i_lookup_g_sets[1].gen_scm.i_tag_ClocksxC[13],clock,24
gen_tiles[14].i_tile_gen_caches[0].i_snitch_icache_i_lookup_g_sets[1].gen_scm.i_tag_ClocksxC[14],clock,24
gen_tiles[14].i_tile_gen_caches[0].i_snitch_icache_i_lookup_g_sets[1].gen_scm.i_tag_ClocksxC[15],clock,24
gen_tiles[14].i_tile_gen_caches[0].i_snitch_icache_i_lookup_g_sets[1].gen_scm.i_tag_ClocksxC[16],clock,24
gen_tiles[14].i_tile_gen_caches[0].i_snitch_icache_i_lookup_g_sets[1].gen_scm.i_tag_ClocksxC[17],clock,24
gen_tiles[14].i_tile_gen_caches[0].i_snitch_icache_i_lookup_g_sets[1].gen_scm.i_tag_ClocksxC[18],clock,24
gen_tiles[14].i_tile_gen_caches[0].i_snitch_icache_i_lookup_g_sets[1].gen_scm.i_tag_ClocksxC[19],clock,24
gen_tiles[14].i_tile_gen_caches[0].i_snitch_icache_i_lookup_g_sets[1].gen_scm.i_tag_ClocksxC[20],clock,24
gen_tiles[14].i_tile_gen_caches[0].i_snitch_icache_i_lookup_g_sets[1].gen_scm.i_tag_ClocksxC[21],clock,24
gen_tiles[14].i_tile_gen_caches[0].i_snitch_icache_i_lookup_g_sets[1].gen_scm.i_tag_ClocksxC[22],clock,24
gen_tiles[14].i_tile_gen_caches[0].i_snitch_icache_i_lookup_g_sets[1].gen_scm.i_tag_ClocksxC[23],clock,24
gen_tiles[14].i_tile_gen_caches[0].i_snitch_icache_i_lookup_g_sets[1].gen_scm.i_tag_ClocksxC[24],clock,24
gen_tiles[14].i_tile_gen_caches[0].i_snitch_icache_i_lookup_g_sets[1].gen_scm.i_tag_ClocksxC[25],clock,24
gen_tiles[14].i_tile_gen_caches[0].i_snitch_icache_i_lookup_g_sets[1].gen_scm.i_tag_ClocksxC[26],clock,24
gen_tiles[14].i_tile_gen_caches[0].i_snitch_icache_i_lookup_g_sets[1].gen_scm.i_tag_ClocksxC[27],clock,24
gen_tiles[14].i_tile_gen_caches[0].i_snitch_icache_i_lookup_g_sets[1].gen_scm.i_tag_ClocksxC[28],clock,24
gen_tiles[14].i_tile_gen_caches[0].i_snitch_icache_i_lookup_g_sets[1].gen_scm.i_tag_ClocksxC[29],clock,24
gen_tiles[14].i_tile_gen_caches[0].i_snitch_icache_i_lookup_g_sets[1].gen_scm.i_tag_ClocksxC[30],clock,24
gen_tiles[14].i_tile_gen_caches[0].i_snitch_icache_i_lookup_g_sets[1].gen_scm.i_tag_ClocksxC[31],clock,24
gen_tiles[0].i_tile_gen_caches[0].i_snitch_icache_gen_prefetcher[0].i_snitch_icache_l0_clk_inv,clock,17
gen_tiles[1].i_tile_gen_caches[0].i_snitch_icache_gen_prefetcher[0].i_snitch_icache_l0_clk_inv,clock,17
gen_tiles[2].i_tile_gen_caches[0].i_snitch_icache_gen_prefetcher[0].i_snitch_icache_l0_clk_inv,clock,17
gen_tiles[3].i_tile_gen_caches[0].i_snitch_icache_gen_prefetcher[0].i_snitch_icache_l0_clk_inv,clock,17
gen_tiles[4].i_tile_gen_caches[0].i_snitch_icache_gen_prefetcher[0].i_snitch_icache_l0_clk_inv,clock,17
gen_tiles[5].i_tile_gen_caches[0].i_snitch_icache_gen_prefetcher[0].i_snitch_icache_l0_clk_inv,clock,17
gen_tiles[6].i_tile_gen_caches[0].i_snitch_icache_gen_prefetcher[0].i_snitch_icache_l0_clk_inv,clock,17
gen_tiles[7].i_tile_gen_caches[0].i_snitch_icache_gen_prefetcher[0].i_snitch_icache_l0_clk_inv,clock,17
gen_tiles[8].i_tile_gen_caches[0].i_snitch_icache_gen_prefetcher[0].i_snitch_icache_l0_clk_inv,clock,17
gen_tiles[9].i_tile_gen_caches[0].i_snitch_icache_gen_prefetcher[0].i_snitch_icache_l0_clk_inv,clock,17
gen_tiles[10].i_tile_gen_caches[0].i_snitch_icache_gen_prefetcher[0].i_snitch_icache_l0_clk_inv,clock,17
gen_tiles[11].i_tile_gen_caches[0].i_snitch_icache_gen_prefetcher[0].i_snitch_icache_l0_clk_inv,clock,17
gen_tiles[12].i_tile_gen_caches[0].i_snitch_icache_gen_prefetcher[0].i_snitch_icache_l0_clk_inv,clock,17
gen_tiles[13].i_tile_gen_caches[0].i_snitch_icache_gen_prefetcher[0].i_snitch_icache_l0_clk_inv,clock,17
gen_tiles[14].i_tile_gen_caches[0].i_snitch_icache_gen_prefetcher[0].i_snitch_icache_l0_clk_inv,clock,17
gen_tiles[15].i_tile_gen_caches[0].i_snitch_icache_gen_prefetcher[0].i_snitch_icache_l0_clk_inv,clock,17
gen_dmas[3].i_axi_dma_backend_i_axi_dma_burst_reshaper_burst_q_deburst,reset,12
gen_dmas[0].i_axi_dma_backend_i_axi_dma_burst_reshaper_burst_q_deburst,reset,11
gen_dmas[0].i_axi_dma_backend_i_axi_dma_data_mover_i_axi_dma_data_path_is_first_r,reset,11
gen_dmas[1].i_axi_dma_backend_i_axi_dma_burst_reshaper_burst_q_deburst,reset,11
gen_dmas[1].i_axi_dma_backend_i_axi_dma_burst_reshaper_burst_q_src_num_bytes[2],reset,11
gen_dmas[1].i_axi_dma_backend_i_axi_dma_burst_reshaper_burst_q_src_num_bytes[9],reset,11
gen_dmas[1].i_axi_dma_backend_i_axi_dma_burst_reshaper_burst_q_src_num_bytes[11],reset,11
gen_dmas[2].i_axi_dma_backend_i_axi_dma_burst_reshaper_burst_q_src_num_bytes[7],reset,11
gen_dmas[2].i_axi_dma_backend_i_axi_dma_data_mover_i_axi_dma_data_path_is_first_r,reset,11
gen_dmas[3].i_axi_dma_backend_i_axi_dma_burst_reshaper_burst_q_src_num_bytes[11],reset,11
gen_dmas[3].i_axi_dma_backend_i_axi_dma_data_mover_i_axi_dma_data_path_is_first_r,reset,11
gen_dmas[0].i_axi_dma_backend_i_axi_dma_burst_reshaper_burst_q_dst_num_bytes[5],reset,10
gen_dmas[0].i_axi_dma_backend_i_axi_dma_burst_reshaper_burst_q_dst_num_bytes[8],reset,10
gen_dmas[0].i_axi_dma_backend_i_axi_dma_burst_reshaper_burst_q_src_num_bytes[9],reset,10
gen_dmas[1].i_axi_dma_backend_i_axi_dma_burst_reshaper_burst_q_dst_num_bytes[4],reset,10
gen_dmas[1].i_axi_dma_backend_i_axi_dma_burst_reshaper_burst_q_dst_num_bytes[7],reset,10
gen_dmas[1].i_axi_dma_backend_i_axi_dma_burst_reshaper_burst_q_src_num_bytes[1],reset,10
gen_dmas[2].i_axi_dma_backend_i_axi_dma_burst_reshaper_burst_q_src_num_bytes[8],reset,10
gen_dmas[3].i_axi_dma_backend_i_axi_dma_burst_reshaper_burst_q_dst_num_bytes[1],reset,10
gen_dmas[3].i_axi_dma_backend_i_axi_dma_burst_reshaper_burst_q_dst_num_bytes[7],reset,10
gen_dmas[3].i_axi_dma_backend_i_axi_dma_burst_reshaper_burst_q_dst_num_bytes[12],reset,10
gen_dmas[3].i_axi_dma_backend_i_axi_dma_burst_reshaper_burst_q_src_num_bytes[3],reset,10
gen_dmas[3].i_axi_dma_backend_i_axi_dma_burst_reshaper_burst_q_src_num_bytes[10],reset,10
gen_dmas[3].i_axi_dma_backend_i_axi_dma_burst_reshaper_burst_q_src_num_bytes[12],reset,10
gen_dmas[0].i_axi_dma_backend_i_axi_dma_burst_reshaper_burst_q_dst_num_bytes[3],reset,9
gen_dmas[0].i_axi_dma_backend_i_axi_dma_burst_reshaper_burst_q_dst_num_bytes[7],reset,9
gen_dmas[0].i_axi_dma_backend_i_axi_dma_burst_reshaper_burst_q_dst_num_bytes[10],reset,9
gen_dmas[0].i_axi_dma_backend_i_axi_dma_burst_reshaper_burst_q_dst_num_bytes[11],reset,9
gen_dmas[0].i_axi_dma_backend_i_axi_dma_burst_reshaper_burst_q_src_num_bytes[5],reset,9
gen_dmas[0].i_axi_dma_backend_i_axi_dma_burst_reshaper_burst_q_src_num_bytes[8],reset,9
gen_dmas[0].i_axi_dma_backend_i_axi_dma_burst_reshaper_burst_q_src_num_bytes[10],reset,9
gen_dmas[1].i_axi_dma_backend_i_axi_dma_burst_reshaper_burst_q_dst_num_bytes[2],reset,9
gen_dmas[1].i_axi_dma_backend_i_axi_dma_burst_reshaper_burst_q_dst_num_bytes[3],reset,9
gen_dmas[1].i_axi_dma_backend_i_axi_dma_burst_reshaper_burst_q_dst_num_bytes[12],reset,9
gen_dmas[2].i_axi_dma_backend_i_axi_dma_burst_reshaper_burst_q_deburst,reset,9
gen_dmas[3].i_axi_dma_backend_i_axi_dma_burst_reshaper_burst_q_dst_num_bytes[0],reset,9
gen_dmas[3].i_axi_dma_backend_i_axi_dma_burst_reshaper_burst_q_dst_num_bytes[2],reset,9
gen_dmas[3].i_axi_dma_backend_i_axi_dma_burst_reshaper_burst_q_dst_num_bytes[4],reset,9
gen_dmas[3].i_axi_dma_backend_i_axi_dma_burst_reshaper_burst_q_dst_num_bytes[6],reset,9
gen_dmas[3].i_axi_dma_backend_i_axi_dma_burst_reshaper_burst_q_dst_num_bytes[9],reset,9
gen_dmas[3].i_axi_dma_backend_i_axi_dma_burst_reshaper_burst_q_src_num_bytes[4],reset,9
gen_dmas[3].i_axi_dma_backend_i_axi_dma_burst_reshaper_burst_q_src_num_bytes[9],reset,9
gen_dmas[0].i_axi_dma_backend_i_axi_dma_burst_reshaper_burst_q_dst_num_bytes[4],reset,8
gen_dmas[0].i_axi_dma_backend_i_axi_dma_burst_reshaper_burst_q_dst_num_bytes[12],reset,8
gen_dmas[0].i_axi_dma_backend_i_axi_dma_burst_reshaper_burst_q_src_num_bytes[4],reset,8
gen_dmas[0].i_axi_dma_backend_i_axi_dma_burst_reshaper_burst_q_src_num_bytes[12],reset,8
gen_dmas[1].i_axi_dma_backend_i_axi_dma_burst_reshaper_burst_q_dst_num_bytes[10],reset,8
gen_dmas[1].i_axi_dma_backend_i_axi_dma_burst_reshaper_burst_q_src_num_bytes[4],reset,8
gen_dmas[1].i_axi_dma_backend_i_axi_dma_burst_reshaper_burst_q_src_num_bytes[8],reset,8
gen_dmas[1].i_axi_dma_backend_i_axi_dma_burst_reshaper_burst_q_src_num_bytes[10],reset,8
gen_dmas[3].i_axi_dma_backend_i_axi_dma_burst_reshaper_burst_q_dst_num_bytes[3],reset,8
gen_dmas[3].i_axi_dma_backend_i_axi_dma_burst_reshaper_burst_q_dst_num_bytes[10],reset,8
gen_dmas[3].i_axi_dma_backend_i_axi_dma_burst_reshaper_burst_q_dst_num_bytes[11],reset,8
gen_dmas[3].i_axi_dma_backend_i_axi_dma_burst_reshaper_burst_q_src_num_bytes[0],reset,8
gen_dmas[3].i_axi_dma_backend_i_axi_dma_burst_reshaper_burst_q_src_num_bytes[1],reset,8
gen_dmas[3].i_axi_dma_backend_i_axi_dma_burst_reshaper_burst_q_src_num_bytes[2],reset,8
gen_dmas[3].i_axi_dma_backend_i_axi_dma_burst_reshaper_burst_q_src_num_bytes[6],reset,8
gen_dmas[3].i_axi_dma_backend_i_axi_dma_burst_reshaper_burst_q_src_num_bytes[7],reset,8
gen_dmas[0].i_axi_dma_backend_i_axi_dma_burst_reshaper_burst_q_dst_num_bytes[9],reset,7
gen_dmas[0].i_axi_dma_backend_i_axi_dma_burst_reshaper_burst_q_dst_num_bytes[29],reset,7
gen_dmas[0].i_axi_dma_backend_i_axi_dma_burst_reshaper_burst_q_src_num_bytes[1],reset,7
gen_dmas[0].i_axi_dma_backend_i_axi_dma_burst_reshaper_burst_q_src_num_bytes[2],reset,7
gen_dmas[0].i_axi_dma_backend_i_axi_dma_burst_reshaper_burst_q_src_num_bytes[3],reset,7
gen_dmas[0].i_axi_dma_backend_i_axi_dma_burst_reshaper_burst_q_src_num_bytes[6],reset,7
gen_dmas[0].i_axi_dma_backend_i_axi_dma_burst_reshaper_burst_q_src_num_bytes[19],reset,7
gen_dmas[1].i_axi_dma_backend_i_axi_dma_burst_reshaper_burst_q_dst_num_bytes[1],reset,7
gen_dmas[1].i_axi_dma_backend_i_axi_dma_burst_reshaper_burst_q_dst_num_bytes[6],reset,7
gen_dmas[1].i_axi_dma_backend_i_axi_dma_burst_reshaper_burst_q_dst_num_bytes[11],reset,7
gen_dmas[1].i_axi_dma_backend_i_axi_dma_burst_reshaper_burst_q_src_num_bytes[3],reset,7
gen_dmas[1].i_axi_dma_backend_i_axi_dma_burst_reshaper_burst_q_src_num_bytes[6],reset,7
gen_dmas[1].i_axi_dma_backend_i_axi_dma_burst_reshaper_burst_q_src_num_bytes[7],reset,7
gen_dmas[1].i_axi_dma_backend_i_axi_dma_burst_reshaper_burst_q_src_num_bytes[12],reset,7
gen_dmas[2].i_axi_dma_backend_i_axi_dma_burst_reshaper_burst_q_dst_num_bytes[6],reset,7
gen_dmas[2].i_axi_dma_backend_i_axi_dma_burst_reshaper_burst_q_dst_num_bytes[7],reset,7
gen_dmas[2].i_axi_dma_backend_i_axi_dma_burst_reshaper_burst_q_dst_num_bytes[8],reset,7
gen_dmas[2].i_axi_dma_backend_i_axi_dma_burst_reshaper_burst_q_dst_num_bytes[9],reset,7
gen_dmas[2].i_axi_dma_backend_i_axi_dma_burst_reshaper_burst_q_dst_num_bytes[10],reset,7
gen_dmas[2].i_axi_dma_backend_i_axi_dma_burst_reshaper_burst_q_dst_num_bytes[11],reset,7
gen_dmas[2].i_axi_dma_backend_i_axi_dma_burst_reshaper_burst_q_src_num_bytes[6],reset,7
gen_dmas[3].i_axi_dma_backend_i_axi_dma_burst_reshaper_burst_q_dst_num_bytes[5],reset,7
gen_dmas[3].i_axi_dma_backend_i_axi_dma_burst_reshaper_burst_q_dst_num_bytes[8],reset,7
gen_dmas[0].i_axi_dma_backend_i_axi_dma_burst_reshaper_burst_q_dst_num_bytes[1],reset,6
gen_dmas[0].i_axi_dma_backend_i_axi_dma_burst_reshaper_burst_q_dst_num_bytes[15],reset,6
gen_dmas[0].i_axi_dma_backend_i_axi_dma_burst_reshaper_burst_q_dst_num_bytes[18],reset,6
gen_dmas[0].i_axi_dma_backend_i_axi_dma_burst_reshaper_burst_q_dst_num_bytes[24],reset,6
gen_dmas[0].i_axi_dma_backend_i_axi_dma_burst_reshaper_burst_q_dst_num_bytes[31],reset,6
gen_dmas[0].i_axi_dma_backend_i_axi_dma_burst_reshaper_burst_q_src_num_bytes[7],reset,6
gen_dmas[0].i_axi_dma_backend_i_axi_dma_burst_reshaper_burst_q_src_num_bytes[11],reset,6
gen_dmas[0].i_axi_dma_backend_i_axi_dma_burst_reshaper_burst_q_src_num_bytes[13],reset,6
gen_dmas[0].i_axi_dma_backend_i_axi_dma_burst_reshaper_burst_q_src_num_bytes[15],reset,6
gen_dmas[0].i_axi_dma_backend_i_burst_request_fifo_status_cnt_q[0],reset,6
gen_dmas[1].i_axi_dma_backend_i_axi_dma_burst_reshaper_burst_q_dst_num_bytes[0],reset,6
gen_dmas[1].i_axi_dma_backend_i_axi_dma_burst_reshaper_burst_q_dst_num_bytes[9],reset,6
gen_dmas[1].i_axi_dma_backend_i_axi_dma_burst_reshaper_burst_q_dst_num_bytes[16],reset,6
gen_dmas[1].i_axi_dma_backend_i_axi_dma_burst_reshaper_burst_q_dst_num_bytes[18],reset,6
gen_dmas[1].i_axi_dma_backend_i_axi_dma_burst_reshaper_burst_q_dst_num_bytes[20],reset,6
gen_dmas[1].i_axi_dma_backend_i_axi_dma_burst_reshaper_burst_q_dst_num_bytes[22],reset,6
gen_dmas[1].i_axi_dma_backend_i_axi_dma_burst_reshaper_burst_q_dst_num_bytes[24],reset,6
gen_dmas[1].i_axi_dma_backend_i_axi_dma_burst_reshaper_burst_q_dst_num_bytes[26],reset,6
gen_dmas[1].i_axi_dma_backend_i_axi_dma_burst_reshaper_burst_q_dst_num_bytes[28],reset,6
gen_dmas[1].i_axi_dma_backend_i_axi_dma_burst_reshaper_burst_q_src_num_bytes[0],reset,6
gen_dmas[1].i_axi_dma_backend_i_axi_dma_burst_reshaper_burst_q_src_num_bytes[16],reset,6
gen_dmas[1].i_axi_dma_backend_i_axi_dma_burst_reshaper_burst_q_src_num_bytes[18],reset,6
gen_dmas[1].i_axi_dma_backend_i_axi_dma_burst_reshaper_burst_q_src_num_bytes[20],reset,6
gen_dmas[1].i_axi_dma_backend_i_axi_dma_burst_reshaper_burst_q_src_num_bytes[22],reset,6
gen_dmas[1].i_axi_dma_backend_i_axi_dma_burst_reshaper_burst_q_src_num_bytes[24],reset,6
gen_dmas[1].i_axi_dma_backend_i_axi_dma_burst_reshaper_burst_q_src_num_bytes[26],reset,6
gen_dmas[1].i_axi_dma_backend_i_axi_dma_burst_reshaper_burst_q_src_num_bytes[28],reset,6
gen_dmas[1].i_axi_dma_backend_i_axi_dma_data_mover_i_axi_dma_data_path_is_first_r,reset,6
gen_dmas[2].i_axi_dma_backend_i_axi_dma_burst_reshaper_burst_q_dst_num_bytes[5],reset,6
gen_dmas[2].i_axi_dma_backend_i_axi_dma_burst_reshaper_burst_q_dst_num_bytes[16],reset,6
gen_dmas[2].i_axi_dma_backend_i_axi_dma_burst_reshaper_burst_q_dst_num_bytes[18],reset,6
gen_dmas[2].i_axi_dma_backend_i_axi_dma_burst_reshaper_burst_q_dst_num_bytes[22],reset,6
gen_dmas[2].i_axi_dma_backend_i_axi_dma_burst_reshaper_burst_q_dst_num_bytes[24],reset,6
gen_dmas[2].i_axi_dma_backend_i_axi_dma_burst_reshaper_burst_q_dst_num_bytes[26],reset,6
gen_dmas[2].i_axi_dma_backend_i_axi_dma_burst_reshaper_burst_q_src_num_bytes[2],reset,6
gen_dmas[2].i_axi_dma_backend_i_axi_dma_burst_reshaper_burst_q_src_num_bytes[9],reset,6
gen_dmas[2].i_axi_dma_backend_i_axi_dma_burst_reshaper_burst_q_src_num_bytes[10],reset,6
gen_dmas[2].i_axi_dma_backend_i_axi_dma_burst_reshaper_burst_q_src_num_bytes[11],reset,6
gen_dmas[2].i_axi_dma_backend_i_axi_dma_burst_reshaper_burst_q_src_num_bytes[12],reset,6
gen_dmas[2].i_axi_dma_backend_i_axi_dma_burst_reshaper_burst_q_src_num_bytes[13],reset,6
gen_dmas[2].i_axi_dma_backend_i_axi_dma_burst_reshaper_burst_q_src_num_bytes[15],reset,6
gen_dmas[2].i_axi_dma_backend_i_axi_dma_burst_reshaper_burst_q_src_num_bytes[17],reset,6
gen_dmas[2].i_axi_dma_backend_i_axi_dma_burst_reshaper_burst_q_src_num_bytes[19],reset,6
gen_dmas[2].i_axi_dma_backend_i_burst_request_fifo_status_cnt_q[0],reset,6
gen_dmas[3].i_axi_dma_backend_i_axi_dma_burst_reshaper_burst_q_decouple_rw,reset,6
gen_dmas[3].i_axi_dma_backend_i_axi_dma_burst_reshaper_burst_q_dst_num_bytes[20],reset,6
gen_dmas[3].i_axi_dma_backend_i_axi_dma_burst_reshaper_burst_q_dst_num_bytes[22],reset,6
gen_dmas[3].i_axi_dma_backend_i_axi_dma_burst_reshaper_burst_q_dst_num_bytes[24],reset,6
gen_dmas[3].i_axi_dma_backend_i_axi_dma_burst_reshaper_burst_q_src_num_bytes[14],reset,6
gen_dmas[3].i_axi_dma_backend_i_axi_dma_burst_reshaper_burst_q_src_num_bytes[20],reset,6
gen_dmas[3].i_axi_dma_backend_i_axi_dma_burst_reshaper_burst_q_src_num_bytes[24],reset,6
gen_dmas[3].i_axi_dma_backend_i_axi_dma_burst_reshaper_burst_q_src_num_bytes[26],reset,6
i_axi_interco_gen_bottom_level.gen_ro_cache.i_snitch_read_only_cache_i_axi_to_cache_i_axi_burst_splitter_table_i_idq_head_tail_q[8]_free,reset,6
i_axi_interco_gen_bottom_level.gen_ro_cache.i_snitch_read_only_cache_i_axi_to_cache_i_axi_burst_splitter_table_i_idq_linked_data_q[0]_free,reset,6
i_axi_interco_gen_bottom_level.i_axi_mux_gen_mux.i_ar_spill_reg_spill_register_flushable_i_gen_spill_reg.a_data_q_burst[1],reset,6
i_dma_req_register_spill_register_flushable_i_gen_spill_reg.a_data_q_burst_dst[1],reset,6
i_dma_req_register_spill_register_flushable_i_gen_spill_reg.a_data_q_burst_src[0],reset,6
gen_dmas[0].i_axi_dma_backend_burst_req[47],reset,5
gen_dmas[0].i_axi_dma_backend_burst_req[48],reset,5
gen_dmas[0].i_axi_dma_backend_burst_req[80],reset,5
gen_dmas[0].i_axi_dma_backend_i_axi_dma_burst_reshaper_burst_q_decouple_rw,reset,5
gen_dmas[0].i_axi_dma_backend_i_axi_dma_burst_reshaper_burst_q_dst_num_bytes[0],reset,5
gen_dmas[0].i_axi_dma_backend_i_axi_dma_burst_reshaper_burst_q_dst_num_bytes[2],reset,5
gen_dmas[0].i_axi_dma_backend_i_axi_dma_burst_reshaper_burst_q_dst_num_bytes[6],reset,5
gen_dmas[0].i_axi_dma_backend_i_axi_dma_burst_reshaper_burst_q_dst_num_bytes[13],reset,5
gen_dmas[0].i_axi_dma_backend_i_axi_dma_burst_reshaper_burst_q_dst_num_bytes[16],reset,5
gen_dmas[0].i_axi_dma_backend_i_axi_dma_burst_reshaper_burst_q_dst_num_bytes[17],reset,5
gen_dmas[0].i_axi_dma_backend_i_axi_dma_burst_reshaper_burst_q_dst_num_bytes[19],reset,5
gen_dmas[0].i_axi_dma_backend_i_axi_dma_burst_reshaper_burst_q_dst_num_bytes[20],reset,5
gen_dmas[0].i_axi_dma_backend_i_axi_dma_burst_reshaper_burst_q_dst_num_bytes[21],reset,5
gen_dmas[0].i_axi_dma_backend_i_axi_dma_burst_reshaper_burst_q_dst_num_bytes[23],reset,5
gen_dmas[0].i_axi_dma_backend_i_axi_dma_burst_reshaper_burst_q_dst_num_bytes[28],reset,5
gen_dmas[0].i_axi_dma_backend_i_axi_dma_burst_reshaper_burst_q_dst_num_bytes[30],reset,5
gen_dmas[0].i_axi_dma_backend_i_axi_dma_burst_reshaper_burst_q_src_num_bytes[0],reset,5
gen_dmas[0].i_axi_dma_backend_i_axi_dma_burst_reshaper_burst_q_src_num_bytes[16],reset,5
gen_dmas[0].i_axi_dma_backend_i_axi_dma_burst_reshaper_burst_q_src_num_bytes[17],reset,5
gen_dmas[0].i_axi_dma_backend_i_axi_dma_burst_reshaper_burst_q_src_num_bytes[21],reset,5
gen_dmas[0].i_axi_dma_backend_i_axi_dma_burst_reshaper_burst_q_src_num_bytes[22],reset,5
gen_dmas[0].i_axi_dma_backend_i_axi_dma_burst_reshaper_burst_q_src_num_bytes[24],reset,5
gen_dmas[0].i_axi_dma_backend_i_axi_dma_burst_reshaper_burst_q_src_num_bytes[26],reset,5
gen_dmas[1].i_axi_dma_backend_burst_req[47],reset,5
gen_dmas[1].i_axi_dma_backend_burst_req[49],reset,5
gen_dmas[1].i_axi_dma_backend_burst_req[50],reset,5
gen_dmas[1].i_axi_dma_backend_burst_req[81],reset,5
gen_dmas[1].i_axi_dma_backend_burst_req[82],reset,5
gen_dmas[1].i_axi_dma_backend_i_axi_dma_burst_reshaper_burst_q_decouple_rw,reset,5
gen_dmas[1].i_axi_dma_backend_i_axi_dma_burst_reshaper_burst_q_dst_num_bytes[8],reset,5
gen_dmas[1].i_axi_dma_backend_i_axi_dma_burst_reshaper_burst_q_dst_num_bytes[14],reset,5
gen_dmas[1].i_axi_dma_backend_i_axi_dma_burst_reshaper_burst_q_dst_num_bytes[23],reset,5
gen_dmas[1].i_axi_dma_backend_i_axi_dma_burst_reshaper_burst_q_dst_num_bytes[25],reset,5
gen_dmas[1].i_axi_dma_backend_i_axi_dma_burst_reshaper_burst_q_dst_num_bytes[27],reset,5
gen_dmas[1].i_axi_dma_backend_i_axi_dma_burst_reshaper_burst_q_dst_num_bytes[29],reset,5
gen_dmas[1].i_axi_dma_backend_i_axi_dma_burst_reshaper_burst_q_dst_num_bytes[30],reset,5
gen_dmas[1].i_axi_dma_backend_i_axi_dma_burst_reshaper_burst_q_src_num_bytes[14],reset,5
gen_dmas[1].i_axi_dma_backend_i_axi_dma_burst_reshaper_burst_q_src_num_bytes[23],reset,5
gen_dmas[1].i_axi_dma_backend_i_axi_dma_burst_reshaper_burst_q_src_num_bytes[25],reset,5
gen_dmas[1].i_axi_dma_backend_i_axi_dma_burst_reshaper_burst_q_src_num_bytes[27],reset,5
gen_dmas[1].i_axi_dma_backend_i_axi_dma_burst_reshaper_burst_q_src_num_bytes[29],reset,5
gen_dmas[1].i_axi_dma_backend_i_axi_dma_burst_reshaper_burst_q_src_num_bytes[30],reset,5
gen_dmas[1].i_axi_dma_backend_i_burst_request_fifo_status_cnt_q[0],reset,5
gen_dmas[2].i_axi_dma_backend_burst_req[47],reset,5
gen_dmas[2].i_axi_dma_backend_i_axi_dma_burst_reshaper_burst_q_decouple_rw,reset,5
gen_dmas[2].i_axi_dma_backend_i_axi_dma_burst_reshaper_burst_q_dst_num_bytes[0],reset,5
gen_dmas[2].i_axi_dma_backend_i_axi_dma_burst_reshaper_burst_q_dst_num_bytes[12],reset,5
gen_dmas[2].i_axi_dma_backend_i_axi_dma_burst_reshaper_burst_q_dst_num_bytes[14],reset,5
gen_dmas[2].i_axi_dma_backend_i_axi_dma_burst_reshaper_burst_q_dst_num_bytes[15],reset,5
gen_dmas[2].i_axi_dma_backend_i_axi_dma_burst_reshaper_burst_q_dst_num_bytes[19],reset,5
gen_dmas[2].i_axi_dma_backend_i_axi_dma_burst_reshaper_burst_q_dst_num_bytes[20],reset,5
gen_dmas[2].i_axi_dma_backend_i_axi_dma_burst_reshaper_burst_q_dst_num_bytes[21],reset,5
gen_dmas[2].i_axi_dma_backend_i_axi_dma_burst_reshaper_burst_q_dst_num_bytes[23],reset,5
gen_dmas[2].i_axi_dma_backend_i_axi_dma_burst_reshaper_burst_q_dst_num_bytes[27],reset,5
gen_dmas[2].i_axi_dma_backend_i_axi_dma_burst_reshaper_burst_q_dst_num_bytes[28],reset,5
gen_dmas[2].i_axi_dma_backend_i_axi_dma_burst_reshaper_burst_q_dst_num_bytes[30],reset,5
gen_dmas[2].i_axi_dma_backend_i_axi_dma_burst_reshaper_burst_q_src_num_bytes[0],reset,5
gen_dmas[2].i_axi_dma_backend_i_axi_dma_burst_reshaper_burst_q_src_num_bytes[3],reset,5
gen_dmas[2].i_axi_dma_backend_i_axi_dma_burst_reshaper_burst_q_src_num_bytes[4],reset,5
gen_dmas[2].i_axi_dma_backend_i_axi_dma_burst_reshaper_burst_q_src_num_bytes[5],reset,5
gen_dmas[2].i_axi_dma_backend_i_axi_dma_burst_reshaper_burst_q_src_num_bytes[14],reset,5
gen_dmas[2].i_axi_dma_backend_i_axi_dma_burst_reshaper_burst_q_src_num_bytes[16],reset,5
gen_dmas[2].i_axi_dma_backend_i_axi_dma_burst_reshaper_burst_q_src_num_bytes[21],reset,5
gen_dmas[2].i_axi_dma_backend_i_axi_dma_burst_reshaper_burst_q_src_num_bytes[24],reset,5
gen_dmas[2].i_axi_dma_backend_i_axi_dma_burst_reshaper_burst_q_src_num_bytes[26],reset,5
gen_dmas[3].i_axi_dma_backend_burst_req[47],reset,5
gen_dmas[3].i_axi_dma_backend_burst_req[50],reset,5
gen_dmas[3].i_axi_dma_backend_burst_req[82],reset,5
gen_dmas[3].i_axi_dma_backend_i_axi_dma_burst_reshaper_burst_q_dst_num_bytes[14],reset,5
gen_dmas[3].i_axi_dma_backend_i_axi_dma_burst_reshaper_burst_q_dst_num_bytes[15],reset,5
gen_dmas[3].i_axi_dma_backend_i_axi_dma_burst_reshaper_burst_q_dst_num_bytes[18],reset,5
gen_dmas[3].i_axi_dma_backend_i_axi_dma_burst_reshaper_burst_q_dst_num_bytes[21],reset,5
gen_dmas[3].i_axi_dma_backend_i_axi_dma_burst_reshaper_burst_q_dst_num_bytes[23],reset,5
gen_dmas[3].i_axi_dma_backend_i_axi_dma_burst_reshaper_burst_q_dst_num_bytes[25],reset,5
gen_dmas[3].i_axi_dma_backend_i_axi_dma_burst_reshaper_burst_q_dst_num_bytes[26],reset,5
gen_dmas[3].i_axi_dma_backend_i_axi_dma_burst_reshaper_burst_q_dst_num_bytes[27],reset,5
gen_dmas[3].i_axi_dma_backend_i_axi_dma_burst_reshaper_burst_q_dst_num_bytes[30],reset,5
gen_dmas[3].i_axi_dma_backend_i_axi_dma_burst_reshaper_burst_q_src_num_bytes[5],reset,5
gen_dmas[3].i_axi_dma_backend_i_axi_dma_burst_reshaper_burst_q_src_num_bytes[8],reset,5
gen_dmas[3].i_axi_dma_backend_i_axi_dma_burst_reshaper_burst_q_src_num_bytes[15],reset,5
gen_dmas[3].i_axi_dma_backend_i_axi_dma_burst_reshaper_burst_q_src_num_bytes[16],reset,5
gen_dmas[3].i_axi_dma_backend_i_axi_dma_burst_reshaper_burst_q_src_num_bytes[18],reset,5
gen_dmas[3].i_axi_dma_backend_i_axi_dma_burst_reshaper_burst_q_src_num_bytes[21],reset,5
gen_dmas[3].i_axi_dma_backend_i_axi_dma_burst_reshaper_burst_q_src_num_bytes[22],reset,5
gen_dmas[3].i_axi_dma_backend_i_axi_dma_burst_reshaper_burst_q_src_num_bytes[23],reset,5
gen_dmas[3].i_axi_dma_backend_i_axi_dma_burst_reshaper_burst_q_src_num_bytes[25],reset,5
gen_dmas[3].i_axi_dma_backend_i_axi_dma_burst_reshaper_burst_q_src_num_bytes[27],reset,5
gen_dmas[3].i_axi_dma_backend_i_axi_dma_burst_reshaper_burst_q_src_num_bytes[28],reset,5
gen_dmas[3].i_axi_dma_backend_i_axi_dma_burst_reshaper_burst_q_src_num_bytes[29],reset,5
gen_dmas[3].i_axi_dma_backend_i_axi_dma_burst_reshaper_burst_q_src_num_bytes[30],reset,5
i_axi_interco_gen_bottom_level.gen_ro_cache.i_snitch_read_only_cache_i_axi_to_cache_i_axi_burst_splitter_table_cnt_len_oup[0][1],reset,5
i_axi_interco_gen_bottom_level.gen_ro_cache.i_snitch_read_only_cache_i_axi_to_cache_i_axi_burst_splitter_table_cnt_len_oup[0][2],reset,5
i_axi_interco_gen_bottom_level.gen_ro_cache.i_snitch_read_only_cache_i_axi_to_cache_i_axi_burst_splitter_table_cnt_len_oup[0][3],reset,5
i_axi_interco_gen_bottom_level.gen_ro_cache.i_snitch_read_only_cache_i_axi_to_cache_i_axi_burst_splitter_table_cnt_len_oup[0][5],reset,5
i_axi_interco_gen_bottom_level.gen_ro_cache.i_snitch_read_only_cache_i_axi_to_cache_i_axi_burst_splitter_table_cnt_len_oup[0][6],reset,5
i_axi_interco_gen_bottom_level.gen_ro_cache.i_snitch_read_only_cache_i_axi_to_cache_i_axi_burst_splitter_table_cnt_len_oup[0][7],reset,5
i_axi_interco_gen_bottom_level.gen_ro_cache.i_snitch_read_only_cache_i_axi_to_cache_i_axi_burst_splitter_table_cnt_len_oup[1][1],reset,5
i_axi_interco_gen_bottom_level.gen_ro_cache.i_snitch_read_only_cache_i_axi_to_cache_i_axi_burst_splitter_table_cnt_len_oup[1][2],reset,5
i_axi_interco_gen_bottom_level.gen_ro_cache.i_snitch_read_only_cache_i_axi_to_cache_i_axi_burst_splitter_table_cnt_len_oup[1][3],reset,5
i_axi_interco_gen_bottom_level.gen_ro_cache.i_snitch_read_only_cache_i_axi_to_cache_i_axi_burst_splitter_table_cnt_len_oup[1][4],reset,5
i_axi_interco_gen_bottom_level.gen_ro_cache.i_snitch_read_only_cache_i_axi_to_cache_i_axi_burst_splitter_table_cnt_len_oup[1][5],reset,5
i_axi_interco_gen_bottom_level.gen_ro_cache.i_snitch_read_only_cache_i_axi_to_cache_i_axi_burst_splitter_table_cnt_len_oup[1][6],reset,5
i_axi_interco_gen_bottom_level.gen_ro_cache.i_snitch_read_only_cache_i_axi_to_cache_i_axi_burst_splitter_table_cnt_len_oup[1][7],reset,5
i_axi_interco_gen_bottom_level.gen_ro_cache.i_snitch_read_only_cache_i_axi_to_cache_i_axi_burst_splitter_table_cnt_len_oup[2][1],reset,5
i_axi_interco_gen_bottom_level.gen_ro_cache.i_snitch_read_only_cache_i_axi_to_cache_i_axi_burst_splitter_table_cnt_len_oup[2][2],reset,5
i_axi_interco_gen_bottom_level.gen_ro_cache.i_snitch_read_only_cache_i_axi_to_cache_i_axi_burst_splitter_table_cnt_len_oup[2][3],reset,5
i_axi_interco_gen_bottom_level.gen_ro_cache.i_snitch_read_only_cache_i_axi_to_cache_i_axi_burst_splitter_table_cnt_len_oup[2][4],reset,5
i_axi_interco_gen_bottom_level.gen_ro_cache.i_snitch_read_only_cache_i_axi_to_cache_i_axi_burst_splitter_table_cnt_len_oup[2][5],reset,5
i_axi_interco_gen_bottom_level.gen_ro_cache.i_snitch_read_only_cache_i_axi_to_cache_i_axi_burst_splitter_table_cnt_len_oup[2][6],reset,5
i_axi_interco_gen_bottom_level.gen_ro_cache.i_snitch_read_only_cache_i_axi_to_cache_i_axi_burst_splitter_table_cnt_len_oup[2][7],reset,5
i_axi_interco_gen_bottom_level.gen_ro_cache.i_snitch_read_only_cache_i_axi_to_cache_i_axi_burst_splitter_table_cnt_len_oup[3][1],reset,5
i_axi_interco_gen_bottom_level.gen_ro_cache.i_snitch_read_only_cache_i_axi_to_cache_i_axi_burst_splitter_table_cnt_len_oup[3][2],reset,5
i_axi_interco_gen_bottom_level.gen_ro_cache.i_snitch_read_only_cache_i_axi_to_cache_i_axi_burst_splitter_table_cnt_len_oup[3][3],reset,5
i_axi_interco_gen_bottom_level.gen_ro_cache.i_snitch_read_only_cache_i_axi_to_cache_i_axi_burst_splitter_table_cnt_len_oup[3][4],reset,5
i_axi_interco_gen_bottom_level.gen_ro_cache.i_snitch_read_only_cache_i_axi_to_cache_i_axi_burst_splitter_table_cnt_len_oup[3][5],reset,5
i_axi_interco_gen_bottom_level.gen_ro_cache.i_snitch_read_only_cache_i_axi_to_cache_i_axi_burst_splitter_table_cnt_len_oup[3][7],reset,5
i_axi_interco_gen_bottom_level.gen_ro_cache.i_snitch_read_only_cache_i_axi_to_cache_i_axi_burst_splitter_table_cnt_len_oup[4][1],reset,5
i_axi_interco_gen_bottom_level.gen_ro_cache.i_snitch_read_only_cache_i_axi_to_cache_i_axi_burst_splitter_table_cnt_len_oup[4][2],reset,5
i_axi_interco_gen_bottom_level.gen_ro_cache.i_snitch_read_only_cache_i_axi_to_cache_i_axi_burst_splitter_table_cnt_len_oup[4][3],reset,5
i_axi_interco_gen_bottom_level.gen_ro_cache.i_snitch_read_only_cache_i_axi_to_cache_i_axi_burst_splitter_table_cnt_len_oup[4][4],reset,5
i_axi_interco_gen_bottom_level.gen_ro_cache.i_snitch_read_only_cache_i_axi_to_cache_i_axi_burst_splitter_table_cnt_len_oup[4][5],reset,5
i_axi_interco_gen_bottom_level.gen_ro_cache.i_snitch_read_only_cache_i_axi_to_cache_i_axi_burst_splitter_table_cnt_len_oup[4][6],reset,5
i_axi_interco_gen_bottom_level.gen_ro_cache.i_snitch_read_only_cache_i_axi_to_cache_i_axi_burst_splitter_table_cnt_len_oup[4][7],reset,5
i_axi_interco_gen_bottom_level.gen_ro_cache.i_snitch_read_only_cache_i_axi_to_cache_i_axi_burst_splitter_table_cnt_len_oup[5][1],reset,5
i_axi_interco_gen_bottom_level.gen_ro_cache.i_snitch_read_only_cache_i_axi_to_cache_i_axi_burst_splitter_table_cnt_len_oup[5][2],reset,5
i_axi_interco_gen_bottom_level.gen_ro_cache.i_snitch_read_only_cache_i_axi_to_cache_i_axi_burst_splitter_table_cnt_len_oup[5][3],reset,5
i_axi_interco_gen_bottom_level.gen_ro_cache.i_snitch_read_only_cache_i_axi_to_cache_i_axi_burst_splitter_table_cnt_len_oup[5][4],reset,5
i_axi_interco_gen_bottom_level.gen_ro_cache.i_snitch_read_only_cache_i_axi_to_cache_i_axi_burst_splitter_table_cnt_len_oup[5][5],reset,5
i_axi_interco_gen_bottom_level.gen_ro_cache.i_snitch_read_only_cache_i_axi_to_cache_i_axi_burst_splitter_table_cnt_len_oup[5][6],reset,5
i_axi_interco_gen_bottom_level.gen_ro_cache.i_snitch_read_only_cache_i_axi_to_cache_i_axi_burst_splitter_table_cnt_len_oup[6][1],reset,5
i_axi_interco_gen_bottom_level.gen_ro_cache.i_snitch_read_only_cache_i_axi_to_cache_i_axi_burst_splitter_table_cnt_len_oup[6][2],reset,5
i_axi_interco_gen_bottom_level.gen_ro_cache.i_snitch_read_only_cache_i_axi_to_cache_i_axi_burst_splitter_table_cnt_len_oup[6][4],reset,5
i_axi_interco_gen_bottom_level.gen_ro_cache.i_snitch_read_only_cache_i_axi_to_cache_i_axi_burst_splitter_table_cnt_len_oup[6][5],reset,5
i_axi_interco_gen_bottom_level.gen_ro_cache.i_snitch_read_only_cache_i_axi_to_cache_i_axi_burst_splitter_table_cnt_len_oup[6][7],reset,5
i_axi_interco_gen_bottom_level.gen_ro_cache.i_snitch_read_only_cache_i_axi_to_cache_i_axi_burst_splitter_table_cnt_len_oup[7][1],reset,5
i_axi_interco_gen_bottom_level.gen_ro_cache.i_snitch_read_only_cache_i_axi_to_cache_i_axi_burst_splitter_table_cnt_len_oup[7][2],reset,5
i_axi_interco_gen_bottom_level.gen_ro_cache.i_snitch_read_only_cache_i_axi_to_cache_i_axi_burst_splitter_table_cnt_len_oup[7][3],reset,5
i_axi_interco_gen_bottom_level.gen_ro_cache.i_snitch_read_only_cache_i_axi_to_cache_i_axi_burst_splitter_table_cnt_len_oup[7][4],reset,5
i_axi_interco_gen_bottom_level.gen_ro_cache.i_snitch_read_only_cache_i_axi_to_cache_i_axi_burst_splitter_table_cnt_len_oup[7][5],reset,5
i_axi_interco_gen_bottom_level.gen_ro_cache.i_snitch_read_only_cache_i_axi_to_cache_i_axi_burst_splitter_table_cnt_len_oup[7][6],reset,5
i_axi_interco_gen_bottom_level.gen_ro_cache.i_snitch_read_only_cache_i_axi_to_cache_i_axi_burst_splitter_table_cnt_len_oup[7][7],reset,5
i_axi_interco_gen_bottom_level.gen_ro_cache.i_snitch_read_only_cache_i_axi_to_cache_i_axi_burst_splitter_table_cnt_len_oup[8][1],reset,5
i_axi_interco_gen_bottom_level.gen_ro_cache.i_snitch_read_only_cache_i_axi_to_cache_i_axi_burst_splitter_table_cnt_len_oup[8][2],reset,5
i_axi_interco_gen_bottom_level.gen_ro_cache.i_snitch_read_only_cache_i_axi_to_cache_i_axi_burst_splitter_table_cnt_len_oup[8][3],reset,5
i_axi_interco_gen_bottom_level.gen_ro_cache.i_snitch_read_only_cache_i_axi_to_cache_i_axi_burst_splitter_table_cnt_len_oup[8][4],reset,5
i_axi_interco_gen_bottom_level.gen_ro_cache.i_snitch_read_only_cache_i_axi_to_cache_i_axi_burst_splitter_table_cnt_len_oup[8][5],reset,5
i_axi_interco_gen_bottom_level.gen_ro_cache.i_snitch_read_only_cache_i_axi_to_cache_i_axi_burst_splitter_table_cnt_len_oup[8][6],reset,5
i_axi_interco_gen_bottom_level.gen_ro_cache.i_snitch_read_only_cache_i_axi_to_cache_i_axi_burst_splitter_table_cnt_len_oup[8][7],reset,5
i_axi_interco_gen_bottom_level.gen_ro_cache.i_snitch_read_only_cache_i_axi_to_cache_i_axi_burst_splitter_table_cnt_len_oup[9][1],reset,5
i_axi_interco_gen_bottom_level.gen_ro_cache.i_snitch_read_only_cache_i_axi_to_cache_i_axi_burst_splitter_table_cnt_len_oup[9][2],reset,5
i_axi_interco_gen_bottom_level.gen_ro_cache.i_snitch_read_only_cache_i_axi_to_cache_i_axi_burst_splitter_table_cnt_len_oup[9][3],reset,5
i_axi_interco_gen_bottom_level.gen_ro_cache.i_snitch_read_only_cache_i_axi_to_cache_i_axi_burst_splitter_table_cnt_len_oup[9][4],reset,5
i_axi_interco_gen_bottom_level.gen_ro_cache.i_snitch_read_only_cache_i_axi_to_cache_i_axi_burst_splitter_table_cnt_len_oup[9][5],reset,5
i_axi_interco_gen_bottom_level.gen_ro_cache.i_snitch_read_only_cache_i_axi_to_cache_i_axi_burst_splitter_table_cnt_len_oup[9][6],reset,5
i_axi_interco_gen_bottom_level.gen_ro_cache.i_snitch_read_only_cache_i_axi_to_cache_i_axi_burst_splitter_table_cnt_len_oup[9][7],reset,5
i_axi_interco_gen_bottom_level.gen_ro_cache.i_snitch_read_only_cache_i_axi_to_cache_i_axi_burst_splitter_table_cnt_len_oup[10][1],reset,5
i_axi_interco_gen_bottom_level.gen_ro_cache.i_snitch_read_only_cache_i_axi_to_cache_i_axi_burst_splitter_table_cnt_len_oup[10][2],reset,5
i_axi_interco_gen_bottom_level.gen_ro_cache.i_snitch_read_only_cache_i_axi_to_cache_i_axi_burst_splitter_table_cnt_len_oup[10][3],reset,5
i_axi_interco_gen_bottom_level.gen_ro_cache.i_snitch_read_only_cache_i_axi_to_cache_i_axi_burst_splitter_table_cnt_len_oup[10][4],reset,5
i_axi_interco_gen_bottom_level.gen_ro_cache.i_snitch_read_only_cache_i_axi_to_cache_i_axi_burst_splitter_table_cnt_len_oup[10][5],reset,5
i_axi_interco_gen_bottom_level.gen_ro_cache.i_snitch_read_only_cache_i_axi_to_cache_i_axi_burst_splitter_table_cnt_len_oup[10][7],reset,5
i_axi_interco_gen_bottom_level.gen_ro_cache.i_snitch_read_only_cache_i_axi_to_cache_i_axi_burst_splitter_table_cnt_len_oup[11][1],reset,5
i_axi_interco_gen_bottom_level.gen_ro_cache.i_snitch_read_only_cache_i_axi_to_cache_i_axi_burst_splitter_table_cnt_len_oup[11][2],reset,5
i_axi_interco_gen_bottom_level.gen_ro_cache.i_snitch_read_only_cache_i_axi_to_cache_i_axi_burst_splitter_table_cnt_len_oup[11][3],reset,5
i_axi_interco_gen_bottom_level.gen_ro_cache.i_snitch_read_only_cache_i_axi_to_cache_i_axi_burst_splitter_table_cnt_len_oup[11][4],reset,5
i_axi_interco_gen_bottom_level.gen_ro_cache.i_snitch_read_only_cache_i_axi_to_cache_i_axi_burst_splitter_table_cnt_len_oup[11][5],reset,5
i_axi_interco_gen_bottom_level.gen_ro_cache.i_snitch_read_only_cache_i_axi_to_cache_i_axi_burst_splitter_table_cnt_len_oup[11][6],reset,5
i_axi_interco_gen_bottom_level.gen_ro_cache.i_snitch_read_only_cache_i_axi_to_cache_i_axi_burst_splitter_table_cnt_len_oup[11][7],reset,5
i_axi_interco_gen_bottom_level.gen_ro_cache.i_snitch_read_only_cache_i_axi_to_cache_i_axi_burst_splitter_table_cnt_len_oup[12][1],reset,5
i_axi_interco_gen_bottom_level.gen_ro_cache.i_snitch_read_only_cache_i_axi_to_cache_i_axi_burst_splitter_table_cnt_len_oup[12][2],reset,5
i_axi_interco_gen_bottom_level.gen_ro_cache.i_snitch_read_only_cache_i_axi_to_cache_i_axi_burst_splitter_table_cnt_len_oup[12][3],reset,5
i_axi_interco_gen_bottom_level.gen_ro_cache.i_snitch_read_only_cache_i_axi_to_cache_i_axi_burst_splitter_table_cnt_len_oup[12][4],reset,5
i_axi_interco_gen_bottom_level.gen_ro_cache.i_snitch_read_only_cache_i_axi_to_cache_i_axi_burst_splitter_table_cnt_len_oup[12][5],reset,5
i_axi_interco_gen_bottom_level.gen_ro_cache.i_snitch_read_only_cache_i_axi_to_cache_i_axi_burst_splitter_table_cnt_len_oup[12][6],reset,5
i_axi_interco_gen_bottom_level.gen_ro_cache.i_snitch_read_only_cache_i_axi_to_cache_i_axi_burst_splitter_table_cnt_len_oup[12][7],reset,5
i_axi_interco_gen_bottom_level.gen_ro_cache.i_snitch_read_only_cache_i_axi_to_cache_i_axi_burst_splitter_table_cnt_len_oup[13][1],reset,5
i_axi_interco_gen_bottom_level.gen_ro_cache.i_snitch_read_only_cache_i_axi_to_cache_i_axi_burst_splitter_table_cnt_len_oup[13][2],reset,5
i_axi_interco_gen_bottom_level.gen_ro_cache.i_snitch_read_only_cache_i_axi_to_cache_i_axi_burst_splitter_table_cnt_len_oup[13][3],reset,5
i_axi_interco_gen_bottom_level.gen_ro_cache.i_snitch_read_only_cache_i_axi_to_cache_i_axi_burst_splitter_table_cnt_len_oup[13][4],reset,5
i_axi_interco_gen_bottom_level.gen_ro_cache.i_snitch_read_only_cache_i_axi_to_cache_i_axi_burst_splitter_table_cnt_len_oup[13][5],reset,5
i_axi_interco_gen_bottom_level.gen_ro_cache.i_snitch_read_only_cache_i_axi_to_cache_i_axi_burst_splitter_table_cnt_len_oup[13][6],reset,5
i_axi_interco_gen_bottom_level.gen_ro_cache.i_snitch_read_only_cache_i_axi_to_cache_i_axi_burst_splitter_table_cnt_len_oup[13][7],reset,5
i_axi_interco_gen_bottom_level.gen_ro_cache.i_snitch_read_only_cache_i_axi_to_cache_i_axi_burst_splitter_table_cnt_len_oup[14][1],reset,5
i_axi_interco_gen_bottom_level.gen_ro_cache.i_snitch_read_only_cache_i_axi_to_cache_i_axi_burst_splitter_table_cnt_len_oup[14][2],reset,5
i_axi_interco_gen_bottom_level.gen_ro_cache.i_snitch_read_only_cache_i_axi_to_cache_i_axi_burst_splitter_table_cnt_len_oup[14][3],reset,5
i_axi_interco_gen_bottom_level.gen_ro_cache.i_snitch_read_only_cache_i_axi_to_cache_i_axi_burst_splitter_table_cnt_len_oup[14][4],reset,5
i_axi_interco_gen_bottom_level.gen_ro_cache.i_snitch_read_only_cache_i_axi_to_cache_i_axi_burst_splitter_table_cnt_len_oup[14][5],reset,5
i_axi_interco_gen_bottom_level.gen_ro_cache.i_snitch_read_only_cache_i_axi_to_cache_i_axi_burst_splitter_table_cnt_len_oup[14][7],reset,5
i_axi_interco_gen_bottom_level.gen_ro_cache.i_snitch_read_only_cache_i_axi_to_cache_i_axi_burst_splitter_table_cnt_len_oup[15][1],reset,5
i_axi_interco_gen_bottom_level.gen_ro_cache.i_snitch_read_only_cache_i_axi_to_cache_i_axi_burst_splitter_table_cnt_len_oup[15][2],reset,5
i_axi_interco_gen_bottom_level.gen_ro_cache.i_snitch_read_only_cache_i_axi_to_cache_i_axi_burst_splitter_table_cnt_len_oup[15][4],reset,5
i_axi_interco_gen_bottom_level.gen_ro_cache.i_snitch_read_only_cache_i_axi_to_cache_i_axi_burst_splitter_table_cnt_len_oup[15][6],reset,5
i_axi_interco_gen_bottom_level.gen_ro_cache.i_snitch_read_only_cache_i_axi_to_cache_i_axi_burst_splitter_table_cnt_len_oup[15][7],reset,5
i_axi_interco_gen_bottom_level.gen_ro_cache.i_snitch_read_only_cache_i_axi_to_cache_i_axi_burst_splitter_table_i_idq_head_tail_q[0]_id[2],reset,5
i_axi_interco_gen_bottom_level.gen_ro_cache.i_snitch_read_only_cache_i_axi_to_cache_i_axi_burst_splitter_table_i_idq_head_tail_q[1]_free,reset,5
i_axi_interco_gen_bottom_level.gen_ro_cache.i_snitch_read_only_cache_i_axi_to_cache_i_axi_burst_splitter_table_i_idq_head_tail_q[4]_free,reset,5
i_axi_interco_gen_bottom_level.gen_ro_cache.i_snitch_read_only_cache_i_axi_to_cache_i_axi_burst_splitter_table_i_idq_head_tail_q[10]_free,reset,5
i_axi_interco_gen_bottom_level.gen_ro_cache.i_snitch_read_only_cache_i_axi_to_cache_i_axi_burst_splitter_table_i_idq_head_tail_q[13]_free,reset,5
i_axi_interco_gen_bottom_level.gen_ro_cache.i_snitch_read_only_cache_i_axi_to_cache_i_axi_burst_splitter_table_i_idq_linked_data_q[6]_free,reset,5
i_axi_interco_gen_bottom_level.gen_ro_cache.i_snitch_read_only_cache_i_axi_to_cache_i_axi_burst_splitter_table_i_idq_linked_data_q[8]_free,reset,5
i_axi_interco_gen_bottom_level.gen_ro_cache.i_snitch_read_only_cache_i_axi_to_cache_i_axi_burst_splitter_table_i_idq_linked_data_q[10]_free,reset,5
i_axi_interco_gen_bottom_level.i_axi_mux_gen_mux.i_ar_spill_reg_spill_register_flushable_i_gen_spill_reg.a_data_q_burst[0],reset,5
i_dma_req_register_spill_register_flushable_i_gen_spill_reg.a_data_q_burst_dst[0],reset,5
i_dma_req_register_spill_register_flushable_i_gen_spill_reg.a_data_q_burst_src[1],reset,5
i_dma_req_register_spill_register_flushable_i_gen_spill_reg.a_data_q_deburst,reset,5
i_dma_req_register_spill_register_flushable_i_gen_spill_reg.b_data_q_burst_dst[0],reset,5
i_dma_req_register_spill_register_flushable_i_gen_spill_reg.b_data_q_burst_dst[1],reset,5
i_dma_req_register_spill_register_flushable_i_gen_spill_reg.b_data_q_burst_src[0],reset,5
i_dma_req_register_spill_register_flushable_i_gen_spill_reg.b_data_q_burst_src[1],reset,5
i_dma_req_register_spill_register_flushable_i_gen_spill_reg.b_data_q_deburst,reset,5
gen_axi_group_cuts[0].i_axi_cut_i_reg_ar_spill_register_flushable_i_gen_spill_reg.a_data_q_burst[0],reset,4
gen_axi_group_cuts[0].i_axi_cut_i_reg_ar_spill_register_flushable_i_gen_spill_reg.a_data_q_burst[1],reset,4
gen_axi_group_cuts[0].i_axi_cut_i_reg_aw_spill_register_flushable_i_gen_spill_reg.a_data_q_burst[0],reset,4
gen_axi_group_cuts[0].i_axi_cut_i_reg_aw_spill_register_flushable_i_gen_spill_reg.a_data_q_burst[1],reset,4
gen_dmas[0].i_axi_dma_backend_burst_req[15],reset,4
gen_dmas[0].i_axi_dma_backend_burst_req[19],reset,4
gen_dmas[0].i_axi_dma_backend_burst_req[20],reset,4
gen_dmas[0].i_axi_dma_backend_burst_req[21],reset,4
gen_dmas[0].i_axi_dma_backend_burst_req[22],reset,4
gen_dmas[0].i_axi_dma_backend_burst_req[23],reset,4
gen_dmas[0].i_axi_dma_backend_burst_req[24],reset,4
gen_dmas[0].i_axi_dma_backend_burst_req[25],reset,4
gen_dmas[0].i_axi_dma_backend_burst_req[26],reset,4
gen_dmas[0].i_axi_dma_backend_burst_req[27],reset,4
gen_dmas[0].i_axi_dma_backend_burst_req[28],reset,4
gen_dmas[0].i_axi_dma_backend_burst_req[29],reset,4
gen_dmas[0].i_axi_dma_backend_burst_req[30],reset,4
gen_dmas[0].i_axi_dma_backend_burst_req[31],reset,4
gen_dmas[0].i_axi_dma_backend_burst_req[32],reset,4
gen_dmas[0].i_axi_dma_backend_burst_req[33],reset,4
gen_dmas[0].i_axi_dma_backend_burst_req[34],reset,4
gen_dmas[0].i_axi_dma_backend_burst_req[35],reset,4
gen_dmas[0].i_axi_dma_backend_burst_req[36],reset,4
gen_dmas[0].i_axi_dma_backend_burst_req[37],reset,4
gen_dmas[0].i_axi_dma_backend_burst_req[38],reset,4
gen_dmas[0].i_axi_dma_backend_burst_req[39],reset,4
gen_dmas[0].i_axi_dma_backend_burst_req[40],reset,4
gen_dmas[0].i_axi_dma_backend_burst_req[41],reset,4
gen_dmas[0].i_axi_dma_backend_burst_req[42],reset,4
gen_dmas[0].i_axi_dma_backend_burst_req[43],reset,4
gen_dmas[0].i_axi_dma_backend_burst_req[44],reset,4
gen_dmas[0].i_axi_dma_backend_burst_req[45],reset,4
gen_dmas[0].i_axi_dma_backend_burst_req[46],reset,4
gen_dmas[0].i_axi_dma_backend_burst_req[51],reset,4
gen_dmas[0].i_axi_dma_backend_burst_req[81],reset,4
gen_dmas[0].i_axi_dma_backend_burst_req[82],reset,4
gen_dmas[0].i_axi_dma_backend_burst_req[83],reset,4
gen_dmas[0].i_axi_dma_backend_i_axi_dma_burst_reshaper_burst_q_dst_num_bytes[14],reset,4
gen_dmas[0].i_axi_dma_backend_i_axi_dma_burst_reshaper_burst_q_dst_num_bytes[25],reset,4
gen_dmas[0].i_axi_dma_backend_i_axi_dma_burst_reshaper_burst_q_dst_num_bytes[26],reset,4
gen_dmas[0].i_axi_dma_backend_i_axi_dma_burst_reshaper_burst_q_dst_num_bytes[27],reset,4
gen_dmas[0].i_axi_dma_backend_i_axi_dma_burst_reshaper_burst_q_src_num_bytes[14],reset,4
gen_dmas[0].i_axi_dma_backend_i_axi_dma_burst_reshaper_burst_q_src_num_bytes[18],reset,4
gen_dmas[0].i_axi_dma_backend_i_axi_dma_burst_reshaper_burst_q_src_num_bytes[20],reset,4
gen_dmas[0].i_axi_dma_backend_i_axi_dma_burst_reshaper_burst_q_src_num_bytes[28],reset,4
gen_dmas[0].i_axi_dma_backend_i_axi_dma_burst_reshaper_burst_q_src_num_bytes[30],reset,4
gen_dmas[0].i_dma_axi_xbar_gen_mst_port_mux[0].i_axi_mux_gen_no_mux.i_ar_spill_reg_spill_register_flushable_i_gen_spill_reg.a_data_q_burst[0],reset,4
gen_dmas[0].i_dma_axi_xbar_gen_mst_port_mux[0].i_axi_mux_gen_no_mux.i_ar_spill_reg_spill_register_flushable_i_gen_spill_reg.a_data_q_burst[1],reset,4
gen_dmas[0].i_dma_axi_xbar_gen_mst_port_mux[0].i_axi_mux_gen_no_mux.i_aw_spill_reg_spill_register_flushable_i_gen_spill_reg.a_data_q_burst[0],reset,4
gen_dmas[0].i_dma_axi_xbar_gen_mst_port_mux[0].i_axi_mux_gen_no_mux.i_aw_spill_reg_spill_register_flushable_i_gen_spill_reg.a_data_q_burst[1],reset,4
gen_dmas[0].i_dma_axi_xbar_gen_slv_port_demux[0].i_axi_demux_gen_demux.i_ar_spill_reg_spill_register_flushable_i_gen_spill_reg.a_data_q_ar_chan_burst[0],reset,4
gen_dmas[0].i_dma_axi_xbar_gen_slv_port_demux[0].i_axi_demux_gen_demux.i_ar_spill_reg_spill_register_flushable_i_gen_spill_reg.a_data_q_ar_chan_burst[1],reset,4
gen_dmas[0].i_dma_axi_xbar_gen_slv_port_demux[0].i_axi_demux_gen_demux.i_aw_spill_reg_spill_register_flushable_i_gen_spill_reg.a_data_q_aw_chan_burst[0],reset,4
gen_dmas[0].i_dma_axi_xbar_gen_slv_port_demux[0].i_axi_demux_gen_demux.i_aw_spill_reg_spill_register_flushable_i_gen_spill_reg.a_data_q_aw_chan_burst[1],reset,4
gen_dmas[1].i_axi_dma_backend_burst_req[15],reset,4
gen_dmas[1].i_axi_dma_backend_burst_req[16],reset,4
gen_dmas[1].i_axi_dma_backend_burst_req[17],reset,4
gen_dmas[1].i_axi_dma_backend_burst_req[18],reset,4
gen_dmas[1].i_axi_dma_backend_burst_req[19],reset,4
gen_dmas[1].i_axi_dma_backend_burst_req[20],reset,4
gen_dmas[1].i_axi_dma_backend_burst_req[21],reset,4
gen_dmas[1].i_axi_dma_backend_burst_req[22],reset,4
gen_dmas[1].i_axi_dma_backend_burst_req[23],reset,4
gen_dmas[1].i_axi_dma_backend_burst_req[24],reset,4
gen_dmas[1].i_axi_dma_backend_burst_req[26],reset,4
gen_dmas[1].i_axi_dma_backend_burst_req[27],reset,4
gen_dmas[1].i_axi_dma_backend_burst_req[28],reset,4
gen_dmas[1].i_axi_dma_backend_burst_req[29],reset,4
gen_dmas[1].i_axi_dma_backend_burst_req[30],reset,4
gen_dmas[1].i_axi_dma_backend_burst_req[31],reset,4
gen_dmas[1].i_axi_dma_backend_burst_req[32],reset,4
gen_dmas[1].i_axi_dma_backend_burst_req[33],reset,4
gen_dmas[1].i_axi_dma_backend_burst_req[34],reset,4
gen_dmas[1].i_axi_dma_backend_burst_req[35],reset,4
gen_dmas[1].i_axi_dma_backend_burst_req[36],reset,4
gen_dmas[1].i_axi_dma_backend_burst_req[37],reset,4
gen_dmas[1].i_axi_dma_backend_burst_req[38],reset,4
gen_dmas[1].i_axi_dma_backend_burst_req[39],reset,4
gen_dmas[1].i_axi_dma_backend_burst_req[40],reset,4
gen_dmas[1].i_axi_dma_backend_burst_req[41],reset,4
gen_dmas[1].i_axi_dma_backend_burst_req[42],reset,4
gen_dmas[1].i_axi_dma_backend_burst_req[43],reset,4
gen_dmas[1].i_axi_dma_backend_burst_req[44],reset,4
gen_dmas[1].i_axi_dma_backend_burst_req[45],reset,4
gen_dmas[1].i_axi_dma_backend_burst_req[46],reset,4
gen_dmas[1].i_axi_dma_backend_burst_req[51],reset,4
gen_dmas[1].i_axi_dma_backend_burst_req[80],reset,4
gen_dmas[1].i_axi_dma_backend_burst_req[83],reset,4
gen_dmas[1].i_axi_dma_backend_i_axi_dma_burst_reshaper_burst_q_dst_num_bytes[5],reset,4
gen_dmas[1].i_axi_dma_backend_i_axi_dma_burst_reshaper_burst_q_dst_num_bytes[13],reset,4
gen_dmas[1].i_axi_dma_backend_i_axi_dma_burst_reshaper_burst_q_dst_num_bytes[15],reset,4
gen_dmas[1].i_axi_dma_backend_i_axi_dma_burst_reshaper_burst_q_dst_num_bytes[19],reset,4
gen_dmas[1].i_axi_dma_backend_i_axi_dma_burst_reshaper_burst_q_dst_num_bytes[21],reset,4
gen_dmas[1].i_axi_dma_backend_i_axi_dma_burst_reshaper_burst_q_src_num_bytes[13],reset,4
gen_dmas[1].i_axi_dma_backend_i_axi_dma_burst_reshaper_burst_q_src_num_bytes[15],reset,4
gen_dmas[1].i_axi_dma_backend_i_axi_dma_burst_reshaper_burst_q_src_num_bytes[19],reset,4
gen_dmas[1].i_axi_dma_backend_i_axi_dma_burst_reshaper_burst_q_src_num_bytes[21],reset,4
gen_dmas[1].i_dma_axi_xbar_gen_mst_port_mux[0].i_axi_mux_gen_no_mux.i_ar_spill_reg_spill_register_flushable_i_gen_spill_reg.a_data_q_burst[0],reset,4
gen_dmas[1].i_dma_axi_xbar_gen_mst_port_mux[0].i_axi_mux_gen_no_mux.i_ar_spill_reg_spill_register_flushable_i_gen_spill_reg.a_data_q_burst[1],reset,4
gen_dmas[1].i_dma_axi_xbar_gen_mst_port_mux[0].i_axi_mux_gen_no_mux.i_aw_spill_reg_spill_register_flushable_i_gen_spill_reg.a_data_q_burst[0],reset,4
gen_dmas[1].i_dma_axi_xbar_gen_mst_port_mux[0].i_axi_mux_gen_no_mux.i_aw_spill_reg_spill_register_flushable_i_gen_spill_reg.a_data_q_burst[1],reset,4
gen_dmas[1].i_dma_axi_xbar_gen_slv_port_demux[0].i_axi_demux_gen_demux.i_ar_spill_reg_spill_register_flushable_i_gen_spill_reg.a_data_q_ar_chan_burst[0],reset,4
gen_dmas[1].i_dma_axi_xbar_gen_slv_port_demux[0].i_axi_demux_gen_demux.i_ar_spill_reg_spill_register_flushable_i_gen_spill_reg.a_data_q_ar_chan_burst[1],reset,4
gen_dmas[1].i_dma_axi_xbar_gen_slv_port_demux[0].i_axi_demux_gen_demux.i_aw_spill_reg_spill_register_flushable_i_gen_spill_reg.a_data_q_aw_chan_burst[0],reset,4
gen_dmas[1].i_dma_axi_xbar_gen_slv_port_demux[0].i_axi_demux_gen_demux.i_aw_spill_reg_spill_register_flushable_i_gen_spill_reg.a_data_q_aw_chan_burst[1],reset,4
gen_dmas[2].i_axi_dma_backend_burst_req[15],reset,4
gen_dmas[2].i_axi_dma_backend_burst_req[19],reset,4
gen_dmas[2].i_axi_dma_backend_burst_req[20],reset,4
gen_dmas[2].i_axi_dma_backend_burst_req[21],reset,4
gen_dmas[2].i_axi_dma_backend_burst_req[22],reset,4
gen_dmas[2].i_axi_dma_backend_burst_req[23],reset,4
gen_dmas[2].i_axi_dma_backend_burst_req[24],reset,4
gen_dmas[2].i_axi_dma_backend_burst_req[25],reset,4
gen_dmas[2].i_axi_dma_backend_burst_req[26],reset,4
gen_dmas[2].i_axi_dma_backend_burst_req[27],reset,4
gen_dmas[2].i_axi_dma_backend_burst_req[28],reset,4
gen_dmas[2].i_axi_dma_backend_burst_req[30],reset,4
gen_dmas[2].i_axi_dma_backend_burst_req[31],reset,4
gen_dmas[2].i_axi_dma_backend_burst_req[32],reset,4
gen_dmas[2].i_axi_dma_backend_burst_req[33],reset,4
gen_dmas[2].i_axi_dma_backend_burst_req[34],reset,4
gen_dmas[2].i_axi_dma_backend_burst_req[36],reset,4
gen_dmas[2].i_axi_dma_backend_burst_req[37],reset,4
gen_dmas[2].i_axi_dma_backend_burst_req[38],reset,4
gen_dmas[2].i_axi_dma_backend_burst_req[39],reset,4
gen_dmas[2].i_axi_dma_backend_burst_req[40],reset,4
gen_dmas[2].i_axi_dma_backend_burst_req[41],reset,4
gen_dmas[2].i_axi_dma_backend_burst_req[42],reset,4
gen_dmas[2].i_axi_dma_backend_burst_req[43],reset,4
gen_dmas[2].i_axi_dma_backend_burst_req[44],reset,4
gen_dmas[2].i_axi_dma_backend_burst_req[45],reset,4
gen_dmas[2].i_axi_dma_backend_burst_req[46],reset,4
gen_dmas[2].i_axi_dma_backend_burst_req[51],reset,4
gen_dmas[2].i_axi_dma_backend_burst_req[80],reset,4
gen_dmas[2].i_axi_dma_backend_burst_req[81],reset,4
gen_dmas[2].i_axi_dma_backend_burst_req[82],reset,4
gen_dmas[2].i_axi_dma_backend_burst_req[83],reset,4
gen_dmas[2].i_axi_dma_backend_i_axi_dma_burst_reshaper_burst_q_dst_num_bytes[2],reset,4
gen_dmas[2].i_axi_dma_backend_i_axi_dma_burst_reshaper_burst_q_dst_num_bytes[13],reset,4
gen_dmas[2].i_axi_dma_backend_i_axi_dma_burst_reshaper_burst_q_dst_num_bytes[17],reset,4
gen_dmas[2].i_axi_dma_backend_i_axi_dma_burst_reshaper_burst_q_dst_num_bytes[25],reset,4
gen_dmas[2].i_axi_dma_backend_i_axi_dma_burst_reshaper_burst_q_dst_num_bytes[29],reset,4
gen_dmas[2].i_axi_dma_backend_i_axi_dma_burst_reshaper_burst_q_dst_num_bytes[31],reset,4
gen_dmas[2].i_axi_dma_backend_i_axi_dma_burst_reshaper_burst_q_src_num_bytes[22],reset,4
gen_dmas[2].i_axi_dma_backend_i_axi_dma_burst_reshaper_burst_q_src_num_bytes[23],reset,4
gen_dmas[2].i_axi_dma_backend_i_axi_dma_burst_reshaper_burst_q_src_num_bytes[28],reset,4
gen_dmas[2].i_axi_dma_backend_i_axi_dma_burst_reshaper_burst_q_src_num_bytes[30],reset,4
gen_dmas[2].i_axi_dma_backend_i_axi_dma_burst_reshaper_burst_q_src_num_bytes[31],reset,4
gen_dmas[2].i_dma_axi_xbar_gen_mst_port_mux[0].i_axi_mux_gen_no_mux.i_ar_spill_reg_spill_register_flushable_i_gen_spill_reg.a_data_q_burst[0],reset,4
gen_dmas[2].i_dma_axi_xbar_gen_mst_port_mux[0].i_axi_mux_gen_no_mux.i_ar_spill_reg_spill_register_flushable_i_gen_spill_reg.a_data_q_burst[1],reset,4
gen_dmas[2].i_dma_axi_xbar_gen_mst_port_mux[0].i_axi_mux_gen_no_mux.i_aw_spill_reg_spill_register_flushable_i_gen_spill_reg.a_data_q_burst[0],reset,4
gen_dmas[2].i_dma_axi_xbar_gen_mst_port_mux[0].i_axi_mux_gen_no_mux.i_aw_spill_reg_spill_register_flushable_i_gen_spill_reg.a_data_q_burst[1],reset,4
gen_dmas[2].i_dma_axi_xbar_gen_slv_port_demux[0].i_axi_demux_gen_demux.i_ar_spill_reg_spill_register_flushable_i_gen_spill_reg.a_data_q_ar_chan_burst[0],reset,4
gen_dmas[2].i_dma_axi_xbar_gen_slv_port_demux[0].i_axi_demux_gen_demux.i_ar_spill_reg_spill_register_flushable_i_gen_spill_reg.a_data_q_ar_chan_burst[1],reset,4
gen_dmas[2].i_dma_axi_xbar_gen_slv_port_demux[0].i_axi_demux_gen_demux.i_aw_spill_reg_spill_register_flushable_i_gen_spill_reg.a_data_q_aw_chan_burst[0],reset,4
gen_dmas[2].i_dma_axi_xbar_gen_slv_port_demux[0].i_axi_demux_gen_demux.i_aw_spill_reg_spill_register_flushable_i_gen_spill_reg.a_data_q_aw_chan_burst[1],reset,4
gen_dmas[3].i_axi_dma_backend_burst_req[15],reset,4
gen_dmas[3].i_axi_dma_backend_burst_req[19],reset,4
gen_dmas[3].i_axi_dma_backend_burst_req[20],reset,4
gen_dmas[3].i_axi_dma_backend_burst_req[21],reset,4
gen_dmas[3].i_axi_dma_backend_burst_req[22],reset,4
gen_dmas[3].i_axi_dma_backend_burst_req[23],reset,4
gen_dmas[3].i_axi_dma_backend_burst_req[24],reset,4
gen_dmas[3].i_axi_dma_backend_burst_req[26],reset,4
gen_dmas[3].i_axi_dma_backend_burst_req[27],reset,4
gen_dmas[3].i_axi_dma_backend_burst_req[28],reset,4
gen_dmas[3].i_axi_dma_backend_burst_req[29],reset,4
gen_dmas[3].i_axi_dma_backend_burst_req[30],reset,4
gen_dmas[3].i_axi_dma_backend_burst_req[31],reset,4
gen_dmas[3].i_axi_dma_backend_burst_req[32],reset,4
gen_dmas[3].i_axi_dma_backend_burst_req[33],reset,4
gen_dmas[3].i_axi_dma_backend_burst_req[34],reset,4
gen_dmas[3].i_axi_dma_backend_burst_req[35],reset,4
gen_dmas[3].i_axi_dma_backend_burst_req[36],reset,4
gen_dmas[3].i_axi_dma_backend_burst_req[37],reset,4
gen_dmas[3].i_axi_dma_backend_burst_req[38],reset,4
gen_dmas[3].i_axi_dma_backend_burst_req[39],reset,4
gen_dmas[3].i_axi_dma_backend_burst_req[40],reset,4
gen_dmas[3].i_axi_dma_backend_burst_req[41],reset,4
gen_dmas[3].i_axi_dma_backend_burst_req[42],reset,4
gen_dmas[3].i_axi_dma_backend_burst_req[43],reset,4
gen_dmas[3].i_axi_dma_backend_burst_req[44],reset,4
gen_dmas[3].i_axi_dma_backend_burst_req[45],reset,4
gen_dmas[3].i_axi_dma_backend_burst_req[46],reset,4
gen_dmas[3].i_axi_dma_backend_burst_req[48],reset,4
gen_dmas[3].i_axi_dma_backend_burst_req[49],reset,4
gen_dmas[3].i_axi_dma_backend_burst_req[51],reset,4
gen_dmas[3].i_axi_dma_backend_burst_req[80],reset,4
gen_dmas[3].i_axi_dma_backend_burst_req[81],reset,4
gen_dmas[3].i_axi_dma_backend_burst_req[83],reset,4
gen_dmas[3].i_axi_dma_backend_i_axi_dma_burst_reshaper_burst_q_dst_num_bytes[13],reset,4
gen_dmas[3].i_axi_dma_backend_i_axi_dma_burst_reshaper_burst_q_dst_num_bytes[16],reset,4
gen_dmas[3].i_axi_dma_backend_i_axi_dma_burst_reshaper_burst_q_dst_num_bytes[19],reset,4
gen_dmas[3].i_axi_dma_backend_i_axi_dma_burst_reshaper_burst_q_dst_num_bytes[29],reset,4
gen_dmas[3].i_axi_dma_backend_i_axi_dma_burst_reshaper_burst_q_dst_num_bytes[31],reset,4
gen_dmas[3].i_axi_dma_backend_i_axi_dma_burst_reshaper_burst_q_src_num_bytes[13],reset,4
gen_dmas[3].i_axi_dma_backend_i_axi_dma_burst_reshaper_burst_q_src_num_bytes[19],reset,4
gen_dmas[3].i_axi_dma_backend_i_burst_request_fifo_status_cnt_q[0],reset,4
gen_dmas[3].i_dma_axi_xbar_gen_mst_port_mux[0].i_axi_mux_gen_no_mux.i_ar_spill_reg_spill_register_flushable_i_gen_spill_reg.a_data_q_burst[0],reset,4
gen_dmas[3].i_dma_axi_xbar_gen_mst_port_mux[0].i_axi_mux_gen_no_mux.i_ar_spill_reg_spill_register_flushable_i_gen_spill_reg.a_data_q_burst[1],reset,4
gen_dmas[3].i_dma_axi_xbar_gen_mst_port_mux[0].i_axi_mux_gen_no_mux.i_aw_spill_reg_spill_register_flushable_i_gen_spill_reg.a_data_q_burst[0],reset,4
gen_dmas[3].i_dma_axi_xbar_gen_mst_port_mux[0].i_axi_mux_gen_no_mux.i_aw_spill_reg_spill_register_flushable_i_gen_spill_reg.a_data_q_burst[1],reset,4
gen_dmas[3].i_dma_axi_xbar_gen_slv_port_demux[0].i_axi_demux_gen_demux.i_ar_spill_reg_spill_register_flushable_i_gen_spill_reg.a_data_q_ar_chan_burst[0],reset,4
gen_dmas[3].i_dma_axi_xbar_gen_slv_port_demux[0].i_axi_demux_gen_demux.i_ar_spill_reg_spill_register_flushable_i_gen_spill_reg.a_data_q_ar_chan_burst[1],reset,4
gen_dmas[3].i_dma_axi_xbar_gen_slv_port_demux[0].i_axi_demux_gen_demux.i_aw_spill_reg_spill_register_flushable_i_gen_spill_reg.a_data_q_aw_chan_burst[0],reset,4
gen_dmas[3].i_dma_axi_xbar_gen_slv_port_demux[0].i_axi_demux_gen_demux.i_aw_spill_reg_spill_register_flushable_i_gen_spill_reg.a_data_q_aw_chan_burst[1],reset,4
gen_tiles[0].i_tile_axi_core_slice_i_reg_ar_spill_register_flushable_i_gen_spill_reg.a_data_q_burst[0],reset,4
gen_tiles[0].i_tile_i_axi_mux_gen_mux.i_ar_spill_reg_spill_register_flushable_i_gen_spill_reg.a_data_q_burst[0],reset,4
gen_tiles[0].i_tile_i_axi_mux_gen_mux.i_aw_spill_reg_spill_register_flushable_i_gen_spill_reg.a_data_q_burst[0],reset,4
gen_tiles[1].i_tile_axi_core_slice_i_reg_aw_spill_register_flushable_i_gen_spill_reg.a_data_q_burst[0],reset,4
gen_tiles[1].i_tile_i_axi_mux_gen_mux.i_ar_spill_reg_spill_register_flushable_i_gen_spill_reg.a_data_q_burst[0],reset,4
gen_tiles[1].i_tile_i_axi_mux_gen_mux.i_aw_spill_reg_spill_register_flushable_i_gen_spill_reg.a_data_q_burst[0],reset,4
gen_tiles[2].i_tile_axi_core_slice_i_reg_ar_spill_register_flushable_i_gen_spill_reg.a_data_q_burst[0],reset,4
gen_tiles[2].i_tile_axi_core_slice_i_reg_aw_spill_register_flushable_i_gen_spill_reg.a_data_q_burst[0],reset,4
gen_tiles[2].i_tile_gen_caches[0].axi_cache_slice_i_reg_ar_spill_register_flushable_i_gen_spill_reg.a_data_q_burst[0],reset,4
gen_tiles[2].i_tile_i_axi_mux_gen_mux.i_ar_spill_reg_spill_register_flushable_i_gen_spill_reg.a_data_q_burst[0],reset,4
gen_tiles[2].i_tile_i_axi_mux_gen_mux.i_aw_spill_reg_spill_register_flushable_i_gen_spill_reg.a_data_q_burst[0],reset,4
gen_tiles[3].i_tile_axi_core_slice_i_reg_aw_spill_register_flushable_i_gen_spill_reg.a_data_q_burst[0],reset,4
gen_tiles[3].i_tile_gen_caches[0].axi_cache_slice_i_reg_ar_spill_register_flushable_i_gen_spill_reg.a_data_q_burst[0],reset,4
gen_tiles[3].i_tile_i_axi_mux_gen_mux.i_ar_spill_reg_spill_register_flushable_i_gen_spill_reg.a_data_q_burst[0],reset,4
gen_tiles[3].i_tile_i_axi_mux_gen_mux.i_aw_spill_reg_spill_register_flushable_i_gen_spill_reg.a_data_q_burst[0],reset,4
gen_tiles[4].i_tile_axi_core_slice_i_reg_ar_spill_register_flushable_i_gen_spill_reg.a_data_q_burst[0],reset,4
gen_tiles[4].i_tile_i_axi_mux_gen_mux.i_ar_spill_reg_spill_register_flushable_i_gen_spill_reg.a_data_q_burst[0],reset,4
gen_tiles[4].i_tile_i_axi_mux_gen_mux.i_aw_spill_reg_spill_register_flushable_i_gen_spill_reg.a_data_q_burst[0],reset,4
gen_tiles[5].i_tile_gen_caches[0].axi_cache_slice_i_reg_ar_spill_register_flushable_i_gen_spill_reg.a_data_q_burst[0],reset,4
gen_tiles[5].i_tile_i_axi_mux_gen_mux.i_ar_spill_reg_spill_register_flushable_i_gen_spill_reg.a_data_q_burst[0],reset,4
gen_tiles[5].i_tile_i_axi_mux_gen_mux.i_aw_spill_reg_spill_register_flushable_i_gen_spill_reg.a_data_q_burst[0],reset,4
gen_tiles[6].i_tile_axi_core_slice_i_reg_ar_spill_register_flushable_i_gen_spill_reg.a_data_q_burst[0],reset,4
gen_tiles[6].i_tile_gen_caches[0].axi_cache_slice_i_reg_ar_spill_register_flushable_i_gen_spill_reg.a_data_q_burst[0],reset,4
gen_tiles[6].i_tile_i_axi_mux_gen_mux.i_ar_spill_reg_spill_register_flushable_i_gen_spill_reg.a_data_q_burst[0],reset,4
gen_tiles[6].i_tile_i_axi_mux_gen_mux.i_aw_spill_reg_spill_register_flushable_i_gen_spill_reg.a_data_q_burst[0],reset,4
gen_tiles[7].i_tile_i_axi_mux_gen_mux.i_ar_spill_reg_spill_register_flushable_i_gen_spill_reg.a_data_q_burst[0],reset,4
gen_tiles[7].i_tile_i_axi_mux_gen_mux.i_aw_spill_reg_spill_register_flushable_i_gen_spill_reg.a_data_q_burst[0],reset,4
gen_tiles[8].i_tile_axi_core_slice_i_reg_ar_spill_register_flushable_i_gen_spill_reg.a_data_q_burst[0],reset,4
gen_tiles[8].i_tile_axi_core_slice_i_reg_aw_spill_register_flushable_i_gen_spill_reg.a_data_q_burst[0],reset,4
gen_tiles[8].i_tile_gen_caches[0].axi_cache_slice_i_reg_ar_spill_register_flushable_i_gen_spill_reg.a_data_q_burst[0],reset,4
gen_tiles[8].i_tile_i_axi_mux_gen_mux.i_ar_spill_reg_spill_register_flushable_i_gen_spill_reg.a_data_q_burst[0],reset,4
gen_tiles[8].i_tile_i_axi_mux_gen_mux.i_aw_spill_reg_spill_register_flushable_i_gen_spill_reg.a_data_q_burst[0],reset,4
gen_tiles[9].i_tile_gen_caches[0].axi_cache_slice_i_reg_ar_spill_register_flushable_i_gen_spill_reg.a_data_q_burst[0],reset,4
gen_tiles[9].i_tile_i_axi_mux_gen_mux.i_ar_spill_reg_spill_register_flushable_i_gen_spill_reg.a_data_q_burst[0],reset,4
gen_tiles[9].i_tile_i_axi_mux_gen_mux.i_aw_spill_reg_spill_register_flushable_i_gen_spill_reg.a_data_q_burst[0],reset,4
gen_tiles[10].i_tile_axi_core_slice_i_reg_ar_spill_register_flushable_i_gen_spill_reg.a_data_q_burst[0],reset,4
gen_tiles[10].i_tile_gen_caches[0].axi_cache_slice_i_reg_ar_spill_register_flushable_i_gen_spill_reg.a_data_q_burst[0],reset,4
gen_tiles[10].i_tile_i_axi_mux_gen_mux.i_ar_spill_reg_spill_register_flushable_i_gen_spill_reg.a_data_q_burst[0],reset,4
gen_tiles[10].i_tile_i_axi_mux_gen_mux.i_aw_spill_reg_spill_register_flushable_i_gen_spill_reg.a_data_q_burst[0],reset,4
gen_tiles[11].i_tile_axi_core_slice_i_reg_ar_spill_register_flushable_i_gen_spill_reg.a_data_q_burst[0],reset,4
gen_tiles[11].i_tile_axi_core_slice_i_reg_aw_spill_register_flushable_i_gen_spill_reg.a_data_q_burst[0],reset,4
gen_tiles[11].i_tile_gen_caches[0].axi_cache_slice_i_reg_ar_spill_register_flushable_i_gen_spill_reg.a_data_q_burst[0],reset,4
gen_tiles[11].i_tile_i_axi_mux_gen_mux.i_ar_spill_reg_spill_register_flushable_i_gen_spill_reg.a_data_q_burst[0],reset,4
gen_tiles[11].i_tile_i_axi_mux_gen_mux.i_aw_spill_reg_spill_register_flushable_i_gen_spill_reg.a_data_q_burst[0],reset,4
gen_tiles[12].i_tile_axi_core_slice_i_reg_aw_spill_register_flushable_i_gen_spill_reg.a_data_q_burst[0],reset,4
gen_tiles[12].i_tile_i_axi_mux_gen_mux.i_ar_spill_reg_spill_register_flushable_i_gen_spill_reg.a_data_q_burst[0],reset,4
gen_tiles[12].i_tile_i_axi_mux_gen_mux.i_aw_spill_reg_spill_register_flushable_i_gen_spill_reg.a_data_q_burst[0],reset,4
gen_tiles[13].i_tile_axi_core_slice_i_reg_ar_spill_register_flushable_i_gen_spill_reg.a_data_q_burst[0],reset,4
gen_tiles[13].i_tile_i_axi_mux_gen_mux.i_ar_spill_reg_spill_register_flushable_i_gen_spill_reg.a_data_q_burst[0],reset,4
gen_tiles[13].i_tile_i_axi_mux_gen_mux.i_aw_spill_reg_spill_register_flushable_i_gen_spill_reg.a_data_q_burst[0],reset,4
gen_tiles[14].i_tile_i_axi_mux_gen_mux.i_ar_spill_reg_spill_register_flushable_i_gen_spill_reg.a_data_q_burst[0],reset,4
gen_tiles[14].i_tile_i_axi_mux_gen_mux.i_aw_spill_reg_spill_register_flushable_i_gen_spill_reg.a_data_q_burst[0],reset,4
gen_tiles[15].i_tile_gen_caches[0].axi_cache_slice_i_reg_ar_spill_register_flushable_i_gen_spill_reg.a_data_q_burst[0],reset,4
gen_tiles[15].i_tile_i_axi_mux_gen_mux.i_ar_spill_reg_spill_register_flushable_i_gen_spill_reg.a_data_q_burst[0],reset,4
gen_tiles[15].i_tile_i_axi_mux_gen_mux.i_aw_spill_reg_spill_register_flushable_i_gen_spill_reg.a_data_q_burst[0],reset,4
i_axi_interco_gen_bottom_level.gen_ro_cache.i_snitch_read_only_cache_i_axi_to_cache_i_axi_burst_splitter_table_cnt_len_oup[0][4],reset,4
i_axi_interco_gen_bottom_level.gen_ro_cache.i_snitch_read_only_cache_i_axi_to_cache_i_axi_burst_splitter_table_cnt_len_oup[1][0],reset,4
i_axi_interco_gen_bottom_level.gen_ro_cache.i_snitch_read_only_cache_i_axi_to_cache_i_axi_burst_splitter_table_cnt_len_oup[2][0],reset,4
i_axi_interco_gen_bottom_level.gen_ro_cache.i_snitch_read_only_cache_i_axi_to_cache_i_axi_burst_splitter_table_cnt_len_oup[3][0],reset,4
i_axi_interco_gen_bottom_level.gen_ro_cache.i_snitch_read_only_cache_i_axi_to_cache_i_axi_burst_splitter_table_cnt_len_oup[3][6],reset,4
i_axi_interco_gen_bottom_level.gen_ro_cache.i_snitch_read_only_cache_i_axi_to_cache_i_axi_burst_splitter_table_cnt_len_oup[4][0],reset,4
i_axi_interco_gen_bottom_level.gen_ro_cache.i_snitch_read_only_cache_i_axi_to_cache_i_axi_burst_splitter_table_cnt_len_oup[5][0],reset,4
i_axi_interco_gen_bottom_level.gen_ro_cache.i_snitch_read_only_cache_i_axi_to_cache_i_axi_burst_splitter_table_cnt_len_oup[5][7],reset,4
i_axi_interco_gen_bottom_level.gen_ro_cache.i_snitch_read_only_cache_i_axi_to_cache_i_axi_burst_splitter_table_cnt_len_oup[6][0],reset,4
i_axi_interco_gen_bottom_level.gen_ro_cache.i_snitch_read_only_cache_i_axi_to_cache_i_axi_burst_splitter_table_cnt_len_oup[6][3],reset,4
i_axi_interco_gen_bottom_level.gen_ro_cache.i_snitch_read_only_cache_i_axi_to_cache_i_axi_burst_splitter_table_cnt_len_oup[6][6],reset,4
i_axi_interco_gen_bottom_level.gen_ro_cache.i_snitch_read_only_cache_i_axi_to_cache_i_axi_burst_splitter_table_cnt_len_oup[7][0],reset,4
i_axi_interco_gen_bottom_level.gen_ro_cache.i_snitch_read_only_cache_i_axi_to_cache_i_axi_burst_splitter_table_cnt_len_oup[8][0],reset,4
i_axi_interco_gen_bottom_level.gen_ro_cache.i_snitch_read_only_cache_i_axi_to_cache_i_axi_burst_splitter_table_cnt_len_oup[9][0],reset,4
i_axi_interco_gen_bottom_level.gen_ro_cache.i_snitch_read_only_cache_i_axi_to_cache_i_axi_burst_splitter_table_cnt_len_oup[10][0],reset,4
i_axi_interco_gen_bottom_level.gen_ro_cache.i_snitch_read_only_cache_i_axi_to_cache_i_axi_burst_splitter_table_cnt_len_oup[10][6],reset,4
i_axi_interco_gen_bottom_level.gen_ro_cache.i_snitch_read_only_cache_i_axi_to_cache_i_axi_burst_splitter_table_cnt_len_oup[11][0],reset,4
i_axi_interco_gen_bottom_level.gen_ro_cache.i_snitch_read_only_cache_i_axi_to_cache_i_axi_burst_splitter_table_cnt_len_oup[12][0],reset,4
i_axi_interco_gen_bottom_level.gen_ro_cache.i_snitch_read_only_cache_i_axi_to_cache_i_axi_burst_splitter_table_cnt_len_oup[13][0],reset,4
i_axi_interco_gen_bottom_level.gen_ro_cache.i_snitch_read_only_cache_i_axi_to_cache_i_axi_burst_splitter_table_cnt_len_oup[14][0],reset,4
i_axi_interco_gen_bottom_level.gen_ro_cache.i_snitch_read_only_cache_i_axi_to_cache_i_axi_burst_splitter_table_cnt_len_oup[14][6],reset,4
i_axi_interco_gen_bottom_level.gen_ro_cache.i_snitch_read_only_cache_i_axi_to_cache_i_axi_burst_splitter_table_cnt_len_oup[15][0],reset,4
i_axi_interco_gen_bottom_level.gen_ro_cache.i_snitch_read_only_cache_i_axi_to_cache_i_axi_burst_splitter_table_cnt_len_oup[15][3],reset,4
i_axi_interco_gen_bottom_level.gen_ro_cache.i_snitch_read_only_cache_i_axi_to_cache_i_axi_burst_splitter_table_i_idq_head_tail_q[0]_free,reset,4
i_axi_interco_gen_bottom_level.gen_ro_cache.i_snitch_read_only_cache_i_axi_to_cache_i_axi_burst_splitter_table_i_idq_head_tail_q[0]_id[0],reset,4
i_axi_interco_gen_bottom_level.gen_ro_cache.i_snitch_read_only_cache_i_axi_to_cache_i_axi_burst_splitter_table_i_idq_head_tail_q[0]_id[1],reset,4
i_axi_interco_gen_bottom_level.gen_ro_cache.i_snitch_read_only_cache_i_axi_to_cache_i_axi_burst_splitter_table_i_idq_head_tail_q[0]_id[4],reset,4
i_axi_interco_gen_bottom_level.gen_ro_cache.i_snitch_read_only_cache_i_axi_to_cache_i_axi_burst_splitter_table_i_idq_head_tail_q[0]_id[5],reset,4
i_axi_interco_gen_bottom_level.gen_ro_cache.i_snitch_read_only_cache_i_axi_to_cache_i_axi_burst_splitter_table_i_idq_head_tail_q[0]_tail[0],reset,4
i_axi_interco_gen_bottom_level.gen_ro_cache.i_snitch_read_only_cache_i_axi_to_cache_i_axi_burst_splitter_table_i_idq_head_tail_q[0]_tail[1],reset,4
i_axi_interco_gen_bottom_level.gen_ro_cache.i_snitch_read_only_cache_i_axi_to_cache_i_axi_burst_splitter_table_i_idq_head_tail_q[1]_id[2],reset,4
i_axi_interco_gen_bottom_level.gen_ro_cache.i_snitch_read_only_cache_i_axi_to_cache_i_axi_burst_splitter_table_i_idq_head_tail_q[1]_id[6],reset,4
i_axi_interco_gen_bottom_level.gen_ro_cache.i_snitch_read_only_cache_i_axi_to_cache_i_axi_burst_splitter_table_i_idq_head_tail_q[1]_tail[0],reset,4
i_axi_interco_gen_bottom_level.gen_ro_cache.i_snitch_read_only_cache_i_axi_to_cache_i_axi_burst_splitter_table_i_idq_head_tail_q[1]_tail[3],reset,4
i_axi_interco_gen_bottom_level.gen_ro_cache.i_snitch_read_only_cache_i_axi_to_cache_i_axi_burst_splitter_table_i_idq_head_tail_q[2]_free,reset,4
i_axi_interco_gen_bottom_level.gen_ro_cache.i_snitch_read_only_cache_i_axi_to_cache_i_axi_burst_splitter_table_i_idq_head_tail_q[2]_id[1],reset,4
i_axi_interco_gen_bottom_level.gen_ro_cache.i_snitch_read_only_cache_i_axi_to_cache_i_axi_burst_splitter_table_i_idq_head_tail_q[2]_tail[0],reset,4
i_axi_interco_gen_bottom_level.gen_ro_cache.i_snitch_read_only_cache_i_axi_to_cache_i_axi_burst_splitter_table_i_idq_head_tail_q[2]_tail[2],reset,4
i_axi_interco_gen_bottom_level.gen_ro_cache.i_snitch_read_only_cache_i_axi_to_cache_i_axi_burst_splitter_table_i_idq_head_tail_q[2]_tail[3],reset,4
i_axi_interco_gen_bottom_level.gen_ro_cache.i_snitch_read_only_cache_i_axi_to_cache_i_axi_burst_splitter_table_i_idq_head_tail_q[3]_free,reset,4
i_axi_interco_gen_bottom_level.gen_ro_cache.i_snitch_read_only_cache_i_axi_to_cache_i_axi_burst_splitter_table_i_idq_head_tail_q[3]_id[1],reset,4
i_axi_interco_gen_bottom_level.gen_ro_cache.i_snitch_read_only_cache_i_axi_to_cache_i_axi_burst_splitter_table_i_idq_head_tail_q[3]_id[2],reset,4
i_axi_interco_gen_bottom_level.gen_ro_cache.i_snitch_read_only_cache_i_axi_to_cache_i_axi_burst_splitter_table_i_idq_head_tail_q[3]_id[4],reset,4
i_axi_interco_gen_bottom_level.gen_ro_cache.i_snitch_read_only_cache_i_axi_to_cache_i_axi_burst_splitter_table_i_idq_head_tail_q[3]_id[5],reset,4
i_axi_interco_gen_bottom_level.gen_ro_cache.i_snitch_read_only_cache_i_axi_to_cache_i_axi_burst_splitter_table_i_idq_head_tail_q[3]_tail[0],reset,4
i_axi_interco_gen_bottom_level.gen_ro_cache.i_snitch_read_only_cache_i_axi_to_cache_i_axi_burst_splitter_table_i_idq_head_tail_q[3]_tail[1],reset,4
i_axi_interco_gen_bottom_level.gen_ro_cache.i_snitch_read_only_cache_i_axi_to_cache_i_axi_burst_splitter_table_i_idq_head_tail_q[3]_tail[2],reset,4
i_axi_interco_gen_bottom_level.gen_ro_cache.i_snitch_read_only_cache_i_axi_to_cache_i_axi_burst_splitter_table_i_idq_head_tail_q[3]_tail[3],reset,4
i_axi_interco_gen_bottom_level.gen_ro_cache.i_snitch_read_only_cache_i_axi_to_cache_i_axi_burst_splitter_table_i_idq_head_tail_q[4]_id[0],reset,4
i_axi_interco_gen_bottom_level.gen_ro_cache.i_snitch_read_only_cache_i_axi_to_cache_i_axi_burst_splitter_table_i_idq_head_tail_q[4]_id[2],reset,4
i_axi_interco_gen_bottom_level.gen_ro_cache.i_snitch_read_only_cache_i_axi_to_cache_i_axi_burst_splitter_table_i_idq_head_tail_q[4]_id[3],reset,4
i_axi_interco_gen_bottom_level.gen_ro_cache.i_snitch_read_only_cache_i_axi_to_cache_i_axi_burst_splitter_table_i_idq_head_tail_q[4]_id[4],reset,4
i_axi_interco_gen_bottom_level.gen_ro_cache.i_snitch_read_only_cache_i_axi_to_cache_i_axi_burst_splitter_table_i_idq_head_tail_q[4]_id[5],reset,4
i_axi_interco_gen_bottom_level.gen_ro_cache.i_snitch_read_only_cache_i_axi_to_cache_i_axi_burst_splitter_table_i_idq_head_tail_q[4]_tail[0],reset,4
i_axi_interco_gen_bottom_level.gen_ro_cache.i_snitch_read_only_cache_i_axi_to_cache_i_axi_burst_splitter_table_i_idq_head_tail_q[4]_tail[1],reset,4
i_axi_interco_gen_bottom_level.gen_ro_cache.i_snitch_read_only_cache_i_axi_to_cache_i_axi_burst_splitter_table_i_idq_head_tail_q[4]_tail[2],reset,4
i_axi_interco_gen_bottom_level.gen_ro_cache.i_snitch_read_only_cache_i_axi_to_cache_i_axi_burst_splitter_table_i_idq_head_tail_q[4]_tail[3],reset,4
i_axi_interco_gen_bottom_level.gen_ro_cache.i_snitch_read_only_cache_i_axi_to_cache_i_axi_burst_splitter_table_i_idq_head_tail_q[5]_id[3],reset,4
i_axi_interco_gen_bottom_level.gen_ro_cache.i_snitch_read_only_cache_i_axi_to_cache_i_axi_burst_splitter_table_i_idq_head_tail_q[5]_id[4],reset,4
i_axi_interco_gen_bottom_level.gen_ro_cache.i_snitch_read_only_cache_i_axi_to_cache_i_axi_burst_splitter_table_i_idq_head_tail_q[5]_id[6],reset,4
i_axi_interco_gen_bottom_level.gen_ro_cache.i_snitch_read_only_cache_i_axi_to_cache_i_axi_burst_splitter_table_i_idq_head_tail_q[5]_tail[0],reset,4
i_axi_interco_gen_bottom_level.gen_ro_cache.i_snitch_read_only_cache_i_axi_to_cache_i_axi_burst_splitter_table_i_idq_head_tail_q[5]_tail[1],reset,4
i_axi_interco_gen_bottom_level.gen_ro_cache.i_snitch_read_only_cache_i_axi_to_cache_i_axi_burst_splitter_table_i_idq_head_tail_q[5]_tail[2],reset,4
i_axi_interco_gen_bottom_level.gen_ro_cache.i_snitch_read_only_cache_i_axi_to_cache_i_axi_burst_splitter_table_i_idq_head_tail_q[5]_tail[3],reset,4
i_axi_interco_gen_bottom_level.gen_ro_cache.i_snitch_read_only_cache_i_axi_to_cache_i_axi_burst_splitter_table_i_idq_head_tail_q[6]_free,reset,4
i_axi_interco_gen_bottom_level.gen_ro_cache.i_snitch_read_only_cache_i_axi_to_cache_i_axi_burst_splitter_table_i_idq_head_tail_q[6]_id[1],reset,4
i_axi_interco_gen_bottom_level.gen_ro_cache.i_snitch_read_only_cache_i_axi_to_cache_i_axi_burst_splitter_table_i_idq_head_tail_q[6]_id[4],reset,4
i_axi_interco_gen_bottom_level.gen_ro_cache.i_snitch_read_only_cache_i_axi_to_cache_i_axi_burst_splitter_table_i_idq_head_tail_q[6]_id[5],reset,4
i_axi_interco_gen_bottom_level.gen_ro_cache.i_snitch_read_only_cache_i_axi_to_cache_i_axi_burst_splitter_table_i_idq_head_tail_q[6]_tail[0],reset,4
i_axi_interco_gen_bottom_level.gen_ro_cache.i_snitch_read_only_cache_i_axi_to_cache_i_axi_burst_splitter_table_i_idq_head_tail_q[6]_tail[1],reset,4
i_axi_interco_gen_bottom_level.gen_ro_cache.i_snitch_read_only_cache_i_axi_to_cache_i_axi_burst_splitter_table_i_idq_head_tail_q[6]_tail[2],reset,4
i_axi_interco_gen_bottom_level.gen_ro_cache.i_snitch_read_only_cache_i_axi_to_cache_i_axi_burst_splitter_table_i_idq_head_tail_q[6]_tail[3],reset,4
i_axi_interco_gen_bottom_level.gen_ro_cache.i_snitch_read_only_cache_i_axi_to_cache_i_axi_burst_splitter_table_i_idq_head_tail_q[7]_id[4],reset,4
i_axi_interco_gen_bottom_level.gen_ro_cache.i_snitch_read_only_cache_i_axi_to_cache_i_axi_burst_splitter_table_i_idq_head_tail_q[7]_tail[0],reset,4
i_axi_interco_gen_bottom_level.gen_ro_cache.i_snitch_read_only_cache_i_axi_to_cache_i_axi_burst_splitter_table_i_idq_head_tail_q[7]_tail[1],reset,4
i_axi_interco_gen_bottom_level.gen_ro_cache.i_snitch_read_only_cache_i_axi_to_cache_i_axi_burst_splitter_table_i_idq_head_tail_q[7]_tail[2],reset,4
i_axi_interco_gen_bottom_level.gen_ro_cache.i_snitch_read_only_cache_i_axi_to_cache_i_axi_burst_splitter_table_i_idq_head_tail_q[7]_tail[3],reset,4
i_axi_interco_gen_bottom_level.gen_ro_cache.i_snitch_read_only_cache_i_axi_to_cache_i_axi_burst_splitter_table_i_idq_head_tail_q[8]_id[4],reset,4
i_axi_interco_gen_bottom_level.gen_ro_cache.i_snitch_read_only_cache_i_axi_to_cache_i_axi_burst_splitter_table_i_idq_head_tail_q[8]_id[5],reset,4
i_axi_interco_gen_bottom_level.gen_ro_cache.i_snitch_read_only_cache_i_axi_to_cache_i_axi_burst_splitter_table_i_idq_head_tail_q[8]_id[6],reset,4
i_axi_interco_gen_bottom_level.gen_ro_cache.i_snitch_read_only_cache_i_axi_to_cache_i_axi_burst_splitter_table_i_idq_head_tail_q[8]_tail[0],reset,4
i_axi_interco_gen_bottom_level.gen_ro_cache.i_snitch_read_only_cache_i_axi_to_cache_i_axi_burst_splitter_table_i_idq_head_tail_q[8]_tail[3],reset,4
i_axi_interco_gen_bottom_level.gen_ro_cache.i_snitch_read_only_cache_i_axi_to_cache_i_axi_burst_splitter_table_i_idq_head_tail_q[9]_free,reset,4
i_axi_interco_gen_bottom_level.gen_ro_cache.i_snitch_read_only_cache_i_axi_to_cache_i_axi_burst_splitter_table_i_idq_head_tail_q[10]_id[0],reset,4
i_axi_interco_gen_bottom_level.gen_ro_cache.i_snitch_read_only_cache_i_axi_to_cache_i_axi_burst_splitter_table_i_idq_head_tail_q[10]_tail[0],reset,4
i_axi_interco_gen_bottom_level.gen_ro_cache.i_snitch_read_only_cache_i_axi_to_cache_i_axi_burst_splitter_table_i_idq_head_tail_q[10]_tail[2],reset,4
i_axi_interco_gen_bottom_level.gen_ro_cache.i_snitch_read_only_cache_i_axi_to_cache_i_axi_burst_splitter_table_i_idq_head_tail_q[10]_tail[3],reset,4
i_axi_interco_gen_bottom_level.gen_ro_cache.i_snitch_read_only_cache_i_axi_to_cache_i_axi_burst_splitter_table_i_idq_head_tail_q[11]_id[0],reset,4
i_axi_interco_gen_bottom_level.gen_ro_cache.i_snitch_read_only_cache_i_axi_to_cache_i_axi_burst_splitter_table_i_idq_head_tail_q[11]_id[1],reset,4
i_axi_interco_gen_bottom_level.gen_ro_cache.i_snitch_read_only_cache_i_axi_to_cache_i_axi_burst_splitter_table_i_idq_head_tail_q[11]_id[2],reset,4
i_axi_interco_gen_bottom_level.gen_ro_cache.i_snitch_read_only_cache_i_axi_to_cache_i_axi_burst_splitter_table_i_idq_head_tail_q[11]_tail[0],reset,4
i_axi_interco_gen_bottom_level.gen_ro_cache.i_snitch_read_only_cache_i_axi_to_cache_i_axi_burst_splitter_table_i_idq_head_tail_q[11]_tail[1],reset,4
i_axi_interco_gen_bottom_level.gen_ro_cache.i_snitch_read_only_cache_i_axi_to_cache_i_axi_burst_splitter_table_i_idq_head_tail_q[11]_tail[3],reset,4
i_axi_interco_gen_bottom_level.gen_ro_cache.i_snitch_read_only_cache_i_axi_to_cache_i_axi_burst_splitter_table_i_idq_head_tail_q[12]_id[1],reset,4
i_axi_interco_gen_bottom_level.gen_ro_cache.i_snitch_read_only_cache_i_axi_to_cache_i_axi_burst_splitter_table_i_idq_head_tail_q[12]_tail[0],reset,4
i_axi_interco_gen_bottom_level.gen_ro_cache.i_snitch_read_only_cache_i_axi_to_cache_i_axi_burst_splitter_table_i_idq_head_tail_q[13]_id[4],reset,4
i_axi_interco_gen_bottom_level.gen_ro_cache.i_snitch_read_only_cache_i_axi_to_cache_i_axi_burst_splitter_table_i_idq_head_tail_q[13]_tail[1],reset,4
i_axi_interco_gen_bottom_level.gen_ro_cache.i_snitch_read_only_cache_i_axi_to_cache_i_axi_burst_splitter_table_i_idq_head_tail_q[14]_free,reset,4
i_axi_interco_gen_bottom_level.gen_ro_cache.i_snitch_read_only_cache_i_axi_to_cache_i_axi_burst_splitter_table_i_idq_head_tail_q[14]_id[0],reset,4
i_axi_interco_gen_bottom_level.gen_ro_cache.i_snitch_read_only_cache_i_axi_to_cache_i_axi_burst_splitter_table_i_idq_head_tail_q[14]_id[1],reset,4
i_axi_interco_gen_bottom_level.gen_ro_cache.i_snitch_read_only_cache_i_axi_to_cache_i_axi_burst_splitter_table_i_idq_head_tail_q[14]_tail[1],reset,4
i_axi_interco_gen_bottom_level.gen_ro_cache.i_snitch_read_only_cache_i_axi_to_cache_i_axi_burst_splitter_table_i_idq_head_tail_q[15]_id[1],reset,4
i_axi_interco_gen_bottom_level.gen_ro_cache.i_snitch_read_only_cache_i_axi_to_cache_i_axi_burst_splitter_table_i_idq_head_tail_q[15]_tail[0],reset,4
i_axi_interco_gen_bottom_level.gen_ro_cache.i_snitch_read_only_cache_i_axi_to_cache_i_axi_burst_splitter_table_i_idq_head_tail_q[15]_tail[3],reset,4
i_axi_interco_gen_bottom_level.gen_ro_cache.i_snitch_read_only_cache_i_axi_to_cache_i_axi_burst_splitter_table_i_idq_linked_data_q[2]_free,reset,4
i_axi_interco_gen_bottom_level.gen_ro_cache.i_snitch_read_only_cache_i_axi_to_cache_i_axi_burst_splitter_table_i_idq_linked_data_q[2]_next[0],reset,4
i_axi_interco_gen_bottom_level.gen_ro_cache.i_snitch_read_only_cache_i_axi_to_cache_i_axi_burst_splitter_table_i_idq_linked_data_q[2]_next[1],reset,4
i_axi_interco_gen_bottom_level.gen_ro_cache.i_snitch_read_only_cache_i_axi_to_cache_i_axi_burst_splitter_table_i_idq_linked_data_q[3]_next[0],reset,4
i_axi_interco_gen_bottom_level.gen_ro_cache.i_snitch_read_only_cache_i_axi_to_cache_i_axi_burst_splitter_table_i_idq_linked_data_q[4]_free,reset,4
i_axi_interco_gen_bottom_level.gen_ro_cache.i_snitch_read_only_cache_i_axi_to_cache_i_axi_burst_splitter_table_i_idq_linked_data_q[5]_free,reset,4
i_axi_interco_gen_bottom_level.gen_ro_cache.i_snitch_read_only_cache_i_axi_to_cache_i_axi_burst_splitter_table_i_idq_linked_data_q[11]_next[1],reset,4
i_axi_interco_gen_bottom_level.i_axi_mux_gen_mux.i_ar_spill_reg_spill_register_flushable_i_gen_spill_reg.b_data_q_burst[0],reset,4
i_axi_interco_gen_bottom_level.i_axi_mux_gen_mux.i_aw_spill_reg_spill_register_flushable_i_gen_spill_reg.a_data_q_burst[0],reset,4
i_axi_interco_gen_bottom_level.i_axi_mux_gen_mux.i_aw_spill_reg_spill_register_flushable_i_gen_spill_reg.a_data_q_burst[1],reset,4
gen_axi_group_cuts[0].i_axi_cut_i_reg_ar_spill_register_flushable_i_gen_spill_reg.b_data_q_burst[0],reset,3
gen_axi_group_cuts[0].i_axi_cut_i_reg_ar_spill_register_flushable_i_gen_spill_reg.b_data_q_burst[1],reset,3
gen_axi_group_cuts[0].i_axi_cut_i_reg_aw_spill_register_flushable_i_gen_spill_reg.b_data_q_burst[0],reset,3
gen_axi_group_cuts[0].i_axi_cut_i_reg_aw_spill_register_flushable_i_gen_spill_reg.b_data_q_burst[1],reset,3
gen_dmas[0].i_axi_dma_backend_burst_req[1],reset,3
gen_dmas[0].i_axi_dma_backend_burst_req[2],reset,3
gen_dmas[0].i_axi_dma_backend_burst_req[3],reset,3
gen_dmas[0].i_axi_dma_backend_burst_req[4],reset,3
gen_dmas[0].i_axi_dma_backend_burst_req[5],reset,3
gen_dmas[0].i_axi_dma_backend_burst_req[6],reset,3
gen_dmas[0].i_axi_dma_backend_burst_req[7],reset,3
gen_dmas[0].i_axi_dma_backend_burst_req[8],reset,3
gen_dmas[0].i_axi_dma_backend_burst_req[9],reset,3
gen_dmas[0].i_axi_dma_backend_burst_req[10],reset,3
gen_dmas[0].i_axi_dma_backend_burst_req[11],reset,3
gen_dmas[0].i_axi_dma_backend_burst_req[12],reset,3
gen_dmas[0].i_axi_dma_backend_burst_req[13],reset,3
gen_dmas[0].i_axi_dma_backend_burst_req[14],reset,3
gen_dmas[0].i_axi_dma_backend_burst_req[16],reset,3
gen_dmas[0].i_axi_dma_backend_burst_req[17],reset,3
gen_dmas[0].i_axi_dma_backend_burst_req[18],reset,3
gen_dmas[0].i_axi_dma_backend_burst_req[50],reset,3
gen_dmas[0].i_axi_dma_backend_burst_req[52],reset,3
gen_dmas[0].i_axi_dma_backend_burst_req[53],reset,3
gen_dmas[0].i_axi_dma_backend_burst_req[54],reset,3
gen_dmas[0].i_axi_dma_backend_burst_req[55],reset,3
gen_dmas[0].i_axi_dma_backend_burst_req[56],reset,3
gen_dmas[0].i_axi_dma_backend_burst_req[57],reset,3
gen_dmas[0].i_axi_dma_backend_burst_req[58],reset,3
gen_dmas[0].i_axi_dma_backend_burst_req[59],reset,3
gen_dmas[0].i_axi_dma_backend_burst_req[60],reset,3
gen_dmas[0].i_axi_dma_backend_burst_req[61],reset,3
gen_dmas[0].i_axi_dma_backend_burst_req[62],reset,3
gen_dmas[0].i_axi_dma_backend_burst_req[63],reset,3
gen_dmas[0].i_axi_dma_backend_burst_req[64],reset,3
gen_dmas[0].i_axi_dma_backend_burst_req[65],reset,3
gen_dmas[0].i_axi_dma_backend_burst_req[66],reset,3
gen_dmas[0].i_axi_dma_backend_burst_req[67],reset,3
gen_dmas[0].i_axi_dma_backend_burst_req[68],reset,3
gen_dmas[0].i_axi_dma_backend_burst_req[69],reset,3
gen_dmas[0].i_axi_dma_backend_burst_req[70],reset,3
gen_dmas[0].i_axi_dma_backend_burst_req[71],reset,3
gen_dmas[0].i_axi_dma_backend_burst_req[72],reset,3
gen_dmas[0].i_axi_dma_backend_burst_req[73],reset,3
gen_dmas[0].i_axi_dma_backend_burst_req[74],reset,3
gen_dmas[0].i_axi_dma_backend_burst_req[75],reset,3
gen_dmas[0].i_axi_dma_backend_burst_req[76],reset,3
gen_dmas[0].i_axi_dma_backend_burst_req[77],reset,3
gen_dmas[0].i_axi_dma_backend_burst_req[78],reset,3
gen_dmas[0].i_axi_dma_backend_burst_req[79],reset,3
gen_dmas[0].i_axi_dma_backend_burst_req[84],reset,3
gen_dmas[0].i_axi_dma_backend_burst_req[85],reset,3
gen_dmas[0].i_axi_dma_backend_burst_req[86],reset,3
gen_dmas[0].i_axi_dma_backend_burst_req[87],reset,3
gen_dmas[0].i_axi_dma_backend_burst_req[88],reset,3
gen_dmas[0].i_axi_dma_backend_burst_req[89],reset,3
gen_dmas[0].i_axi_dma_backend_burst_req[90],reset,3
gen_dmas[0].i_axi_dma_backend_burst_req[91],reset,3
gen_dmas[0].i_axi_dma_backend_burst_req[92],reset,3
gen_dmas[0].i_axi_dma_backend_burst_req[93],reset,3
gen_dmas[0].i_axi_dma_backend_burst_req[94],reset,3
gen_dmas[0].i_axi_dma_backend_burst_req[95],reset,3
gen_dmas[0].i_axi_dma_backend_burst_req[96],reset,3
gen_dmas[0].i_axi_dma_backend_burst_req[97],reset,3
gen_dmas[0].i_axi_dma_backend_burst_req[98],reset,3
gen_dmas[0].i_axi_dma_backend_burst_req[99],reset,3
gen_dmas[0].i_axi_dma_backend_burst_req[100],reset,3
gen_dmas[0].i_axi_dma_backend_burst_req[101],reset,3
gen_dmas[0].i_axi_dma_backend_burst_req[102],reset,3
gen_dmas[0].i_axi_dma_backend_burst_req[103],reset,3
gen_dmas[0].i_axi_dma_backend_burst_req[104],reset,3
gen_dmas[0].i_axi_dma_backend_burst_req[105],reset,3
gen_dmas[0].i_axi_dma_backend_burst_req[106],reset,3
gen_dmas[0].i_axi_dma_backend_burst_req[107],reset,3
gen_dmas[0].i_axi_dma_backend_burst_req[108],reset,3
gen_dmas[0].i_axi_dma_backend_burst_req[109],reset,3
gen_dmas[0].i_axi_dma_backend_burst_req[110],reset,3
gen_dmas[0].i_axi_dma_backend_burst_req[111],reset,3
gen_dmas[0].i_axi_dma_backend_burst_req[112],reset,3
gen_dmas[0].i_axi_dma_backend_burst_req_serialize,reset,3
gen_dmas[0].i_axi_dma_backend_i_axi_dma_burst_reshaper_burst_d_decouple_rw,reset,3
gen_dmas[0].i_axi_dma_backend_i_axi_dma_burst_reshaper_burst_q_dst_num_bytes[22],reset,3
gen_dmas[0].i_axi_dma_backend_i_axi_dma_burst_reshaper_burst_q_dst_valid,reset,3
gen_dmas[0].i_axi_dma_backend_i_axi_dma_burst_reshaper_burst_q_src_num_bytes[23],reset,3
gen_dmas[0].i_axi_dma_backend_i_axi_dma_burst_reshaper_burst_q_src_num_bytes[25],reset,3
gen_dmas[0].i_axi_dma_backend_i_axi_dma_burst_reshaper_burst_q_src_num_bytes[29],reset,3
gen_dmas[0].i_axi_dma_backend_i_axi_dma_burst_reshaper_burst_q_src_num_bytes[31],reset,3
gen_dmas[0].i_axi_dma_backend_i_axi_dma_burst_reshaper_burst_q_src_valid,reset,3
gen_dmas[0].i_axi_dma_backend_i_axi_dma_data_mover_i_fifo_ar_emitter_mem_q[0]_burst[0],reset,3
gen_dmas[0].i_axi_dma_backend_i_axi_dma_data_mover_i_fifo_ar_emitter_mem_q[0]_burst[1],reset,3
gen_dmas[0].i_axi_dma_backend_i_axi_dma_data_mover_i_fifo_ar_emitter_mem_q[1]_burst[0],reset,3
gen_dmas[0].i_axi_dma_backend_i_axi_dma_data_mover_i_fifo_ar_emitter_mem_q[1]_burst[1],reset,3
gen_dmas[0].i_axi_dma_backend_i_axi_dma_data_mover_i_fifo_aw_emitter_mem_q[0]_burst[0],reset,3
gen_dmas[0].i_axi_dma_backend_i_axi_dma_data_mover_i_fifo_aw_emitter_mem_q[0]_burst[1],reset,3
gen_dmas[0].i_axi_dma_backend_i_axi_dma_data_mover_i_fifo_aw_emitter_mem_q[1]_burst[0],reset,3
gen_dmas[0].i_axi_dma_backend_i_axi_dma_data_mover_i_fifo_aw_emitter_mem_q[1]_burst[1],reset,3
gen_dmas[0].i_dma_axi_xbar_gen_mst_port_mux[0].i_axi_mux_gen_no_mux.i_ar_spill_reg_spill_register_flushable_i_gen_spill_reg.b_data_q_burst[0],reset,3
gen_dmas[0].i_dma_axi_xbar_gen_mst_port_mux[0].i_axi_mux_gen_no_mux.i_ar_spill_reg_spill_register_flushable_i_gen_spill_reg.b_data_q_burst[1],reset,3
gen_dmas[0].i_dma_axi_xbar_gen_mst_port_mux[0].i_axi_mux_gen_no_mux.i_aw_spill_reg_spill_register_flushable_i_gen_spill_reg.b_data_q_burst[0],reset,3
gen_dmas[0].i_dma_axi_xbar_gen_mst_port_mux[0].i_axi_mux_gen_no_mux.i_aw_spill_reg_spill_register_flushable_i_gen_spill_reg.b_data_q_burst[1],reset,3
gen_dmas[0].i_dma_axi_xbar_gen_slv_port_demux[0].i_axi_demux_gen_demux.i_ar_spill_reg_spill_register_flushable_i_gen_spill_reg.b_data_q_ar_chan_burst[0],reset,3
gen_dmas[0].i_dma_axi_xbar_gen_slv_port_demux[0].i_axi_demux_gen_demux.i_ar_spill_reg_spill_register_flushable_i_gen_spill_reg.b_data_q_ar_chan_burst[1],reset,3
gen_dmas[0].i_dma_axi_xbar_gen_slv_port_demux[0].i_axi_demux_gen_demux.i_aw_spill_reg_spill_register_flushable_i_gen_spill_reg.b_data_q_aw_chan_burst[0],reset,3
gen_dmas[0].i_dma_axi_xbar_gen_slv_port_demux[0].i_axi_demux_gen_demux.i_aw_spill_reg_spill_register_flushable_i_gen_spill_reg.b_data_q_aw_chan_burst[1],reset,3
gen_dmas[1].i_axi_dma_backend_burst_req[1],reset,3
gen_dmas[1].i_axi_dma_backend_burst_req[2],reset,3
gen_dmas[1].i_axi_dma_backend_burst_req[3],reset,3
gen_dmas[1].i_axi_dma_backend_burst_req[4],reset,3
gen_dmas[1].i_axi_dma_backend_burst_req[5],reset,3
gen_dmas[1].i_axi_dma_backend_burst_req[6],reset,3
gen_dmas[1].i_axi_dma_backend_burst_req[7],reset,3
gen_dmas[1].i_axi_dma_backend_burst_req[8],reset,3
gen_dmas[1].i_axi_dma_backend_burst_req[9],reset,3
gen_dmas[1].i_axi_dma_backend_burst_req[10],reset,3
gen_dmas[1].i_axi_dma_backend_burst_req[11],reset,3
gen_dmas[1].i_axi_dma_backend_burst_req[12],reset,3
gen_dmas[1].i_axi_dma_backend_burst_req[13],reset,3
gen_dmas[1].i_axi_dma_backend_burst_req[14],reset,3
gen_dmas[1].i_axi_dma_backend_burst_req[48],reset,3
gen_dmas[1].i_axi_dma_backend_burst_req[52],reset,3
gen_dmas[1].i_axi_dma_backend_burst_req[53],reset,3
gen_dmas[1].i_axi_dma_backend_burst_req[54],reset,3
gen_dmas[1].i_axi_dma_backend_burst_req[55],reset,3
gen_dmas[1].i_axi_dma_backend_burst_req[56],reset,3
gen_dmas[1].i_axi_dma_backend_burst_req[57],reset,3
gen_dmas[1].i_axi_dma_backend_burst_req[58],reset,3
gen_dmas[1].i_axi_dma_backend_burst_req[59],reset,3
gen_dmas[1].i_axi_dma_backend_burst_req[60],reset,3
gen_dmas[1].i_axi_dma_backend_burst_req[61],reset,3
gen_dmas[1].i_axi_dma_backend_burst_req[62],reset,3
gen_dmas[1].i_axi_dma_backend_burst_req[63],reset,3
gen_dmas[1].i_axi_dma_backend_burst_req[64],reset,3
gen_dmas[1].i_axi_dma_backend_burst_req[65],reset,3
gen_dmas[1].i_axi_dma_backend_burst_req[66],reset,3
gen_dmas[1].i_axi_dma_backend_burst_req[67],reset,3
gen_dmas[1].i_axi_dma_backend_burst_req[68],reset,3
gen_dmas[1].i_axi_dma_backend_burst_req[69],reset,3
gen_dmas[1].i_axi_dma_backend_burst_req[70],reset,3
gen_dmas[1].i_axi_dma_backend_burst_req[71],reset,3
gen_dmas[1].i_axi_dma_backend_burst_req[72],reset,3
gen_dmas[1].i_axi_dma_backend_burst_req[73],reset,3
gen_dmas[1].i_axi_dma_backend_burst_req[74],reset,3
gen_dmas[1].i_axi_dma_backend_burst_req[75],reset,3
gen_dmas[1].i_axi_dma_backend_burst_req[76],reset,3
gen_dmas[1].i_axi_dma_backend_burst_req[77],reset,3
gen_dmas[1].i_axi_dma_backend_burst_req[78],reset,3
gen_dmas[1].i_axi_dma_backend_burst_req[79],reset,3
gen_dmas[1].i_axi_dma_backend_burst_req[84],reset,3
gen_dmas[1].i_axi_dma_backend_burst_req[85],reset,3
gen_dmas[1].i_axi_dma_backend_burst_req[86],reset,3
gen_dmas[1].i_axi_dma_backend_burst_req[87],reset,3
gen_dmas[1].i_axi_dma_backend_burst_req[88],reset,3
gen_dmas[1].i_axi_dma_backend_burst_req[89],reset,3
gen_dmas[1].i_axi_dma_backend_burst_req[90],reset,3
gen_dmas[1].i_axi_dma_backend_burst_req[91],reset,3
gen_dmas[1].i_axi_dma_backend_burst_req[92],reset,3
gen_dmas[1].i_axi_dma_backend_burst_req[93],reset,3
gen_dmas[1].i_axi_dma_backend_burst_req[94],reset,3
gen_dmas[1].i_axi_dma_backend_burst_req[95],reset,3
gen_dmas[1].i_axi_dma_backend_burst_req[96],reset,3
gen_dmas[1].i_axi_dma_backend_burst_req[97],reset,3
gen_dmas[1].i_axi_dma_backend_burst_req[98],reset,3
gen_dmas[1].i_axi_dma_backend_burst_req[99],reset,3
gen_dmas[1].i_axi_dma_backend_burst_req[100],reset,3
gen_dmas[1].i_axi_dma_backend_burst_req[101],reset,3
gen_dmas[1].i_axi_dma_backend_burst_req[102],reset,3
gen_dmas[1].i_axi_dma_backend_burst_req[103],reset,3
gen_dmas[1].i_axi_dma_backend_burst_req[104],reset,3
gen_dmas[1].i_axi_dma_backend_burst_req[105],reset,3
gen_dmas[1].i_axi_dma_backend_burst_req[106],reset,3
gen_dmas[1].i_axi_dma_backend_burst_req[107],reset,3
gen_dmas[1].i_axi_dma_backend_burst_req[108],reset,3
gen_dmas[1].i_axi_dma_backend_burst_req[109],reset,3
gen_dmas[1].i_axi_dma_backend_burst_req[110],reset,3
gen_dmas[1].i_axi_dma_backend_burst_req[111],reset,3
gen_dmas[1].i_axi_dma_backend_burst_req[112],reset,3
gen_dmas[1].i_axi_dma_backend_burst_req_serialize,reset,3
gen_dmas[1].i_axi_dma_backend_i_axi_dma_burst_reshaper_burst_d_decouple_rw,reset,3
gen_dmas[1].i_axi_dma_backend_i_axi_dma_burst_reshaper_burst_q_dst_num_bytes[17],reset,3
gen_dmas[1].i_axi_dma_backend_i_axi_dma_burst_reshaper_burst_q_dst_num_bytes[31],reset,3
gen_dmas[1].i_axi_dma_backend_i_axi_dma_burst_reshaper_burst_q_dst_valid,reset,3
gen_dmas[1].i_axi_dma_backend_i_axi_dma_burst_reshaper_burst_q_src_num_bytes[17],reset,3
gen_dmas[1].i_axi_dma_backend_i_axi_dma_burst_reshaper_burst_q_src_num_bytes[31],reset,3
gen_dmas[1].i_axi_dma_backend_i_axi_dma_burst_reshaper_burst_q_src_valid,reset,3
gen_dmas[1].i_axi_dma_backend_i_axi_dma_data_mover_i_fifo_ar_emitter_mem_q[0]_burst[0],reset,3
gen_dmas[1].i_axi_dma_backend_i_axi_dma_data_mover_i_fifo_ar_emitter_mem_q[0]_burst[1],reset,3
gen_dmas[1].i_axi_dma_backend_i_axi_dma_data_mover_i_fifo_ar_emitter_mem_q[1]_burst[0],reset,3
gen_dmas[1].i_axi_dma_backend_i_axi_dma_data_mover_i_fifo_ar_emitter_mem_q[1]_burst[1],reset,3
gen_dmas[1].i_axi_dma_backend_i_axi_dma_data_mover_i_fifo_aw_emitter_mem_q[0]_burst[0],reset,3
gen_dmas[1].i_axi_dma_backend_i_axi_dma_data_mover_i_fifo_aw_emitter_mem_q[0]_burst[1],reset,3
gen_dmas[1].i_axi_dma_backend_i_axi_dma_data_mover_i_fifo_aw_emitter_mem_q[1]_burst[0],reset,3
gen_dmas[1].i_axi_dma_backend_i_axi_dma_data_mover_i_fifo_aw_emitter_mem_q[1]_burst[1],reset,3
gen_dmas[1].i_dma_axi_xbar_gen_mst_port_mux[0].i_axi_mux_gen_no_mux.i_ar_spill_reg_spill_register_flushable_i_gen_spill_reg.b_data_q_burst[0],reset,3
gen_dmas[1].i_dma_axi_xbar_gen_mst_port_mux[0].i_axi_mux_gen_no_mux.i_ar_spill_reg_spill_register_flushable_i_gen_spill_reg.b_data_q_burst[1],reset,3
gen_dmas[1].i_dma_axi_xbar_gen_mst_port_mux[0].i_axi_mux_gen_no_mux.i_aw_spill_reg_spill_register_flushable_i_gen_spill_reg.b_data_q_burst[0],reset,3
gen_dmas[1].i_dma_axi_xbar_gen_mst_port_mux[0].i_axi_mux_gen_no_mux.i_aw_spill_reg_spill_register_flushable_i_gen_spill_reg.b_data_q_burst[1],reset,3
gen_dmas[1].i_dma_axi_xbar_gen_slv_port_demux[0].i_axi_demux_gen_demux.i_ar_spill_reg_spill_register_flushable_i_gen_spill_reg.b_data_q_ar_chan_burst[0],reset,3
gen_dmas[1].i_dma_axi_xbar_gen_slv_port_demux[0].i_axi_demux_gen_demux.i_ar_spill_reg_spill_register_flushable_i_gen_spill_reg.b_data_q_ar_chan_burst[1],reset,3
gen_dmas[1].i_dma_axi_xbar_gen_slv_port_demux[0].i_axi_demux_gen_demux.i_aw_spill_reg_spill_register_flushable_i_gen_spill_reg.b_data_q_aw_chan_burst[0],reset,3
gen_dmas[1].i_dma_axi_xbar_gen_slv_port_demux[0].i_axi_demux_gen_demux.i_aw_spill_reg_spill_register_flushable_i_gen_spill_reg.b_data_q_aw_chan_burst[1],reset,3
gen_dmas[2].i_axi_dma_backend_burst_req[1],reset,3
gen_dmas[2].i_axi_dma_backend_burst_req[2],reset,3
gen_dmas[2].i_axi_dma_backend_burst_req[3],reset,3
gen_dmas[2].i_axi_dma_backend_burst_req[4],reset,3
gen_dmas[2].i_axi_dma_backend_burst_req[5],reset,3
gen_dmas[2].i_axi_dma_backend_burst_req[6],reset,3
gen_dmas[2].i_axi_dma_backend_burst_req[7],reset,3
gen_dmas[2].i_axi_dma_backend_burst_req[8],reset,3
gen_dmas[2].i_axi_dma_backend_burst_req[9],reset,3
gen_dmas[2].i_axi_dma_backend_burst_req[10],reset,3
gen_dmas[2].i_axi_dma_backend_burst_req[11],reset,3
gen_dmas[2].i_axi_dma_backend_burst_req[12],reset,3
gen_dmas[2].i_axi_dma_backend_burst_req[13],reset,3
gen_dmas[2].i_axi_dma_backend_burst_req[14],reset,3
gen_dmas[2].i_axi_dma_backend_burst_req[16],reset,3
gen_dmas[2].i_axi_dma_backend_burst_req[17],reset,3
gen_dmas[2].i_axi_dma_backend_burst_req[18],reset,3
gen_dmas[2].i_axi_dma_backend_burst_req[29],reset,3
gen_dmas[2].i_axi_dma_backend_burst_req[35],reset,3
gen_dmas[2].i_axi_dma_backend_burst_req[48],reset,3
gen_dmas[2].i_axi_dma_backend_burst_req[49],reset,3
gen_dmas[2].i_axi_dma_backend_burst_req[50],reset,3
gen_dmas[2].i_axi_dma_backend_burst_req[52],reset,3
gen_dmas[2].i_axi_dma_backend_burst_req[53],reset,3
gen_dmas[2].i_axi_dma_backend_burst_req[54],reset,3
gen_dmas[2].i_axi_dma_backend_burst_req[55],reset,3
gen_dmas[2].i_axi_dma_backend_burst_req[56],reset,3
gen_dmas[2].i_axi_dma_backend_burst_req[57],reset,3
gen_dmas[2].i_axi_dma_backend_burst_req[58],reset,3
gen_dmas[2].i_axi_dma_backend_burst_req[59],reset,3
gen_dmas[2].i_axi_dma_backend_burst_req[60],reset,3
gen_dmas[2].i_axi_dma_backend_burst_req[61],reset,3
gen_dmas[2].i_axi_dma_backend_burst_req[62],reset,3
gen_dmas[2].i_axi_dma_backend_burst_req[63],reset,3
gen_dmas[2].i_axi_dma_backend_burst_req[64],reset,3
gen_dmas[2].i_axi_dma_backend_burst_req[65],reset,3
gen_dmas[2].i_axi_dma_backend_burst_req[66],reset,3
gen_dmas[2].i_axi_dma_backend_burst_req[67],reset,3
gen_dmas[2].i_axi_dma_backend_burst_req[68],reset,3
gen_dmas[2].i_axi_dma_backend_burst_req[69],reset,3
gen_dmas[2].i_axi_dma_backend_burst_req[70],reset,3
gen_dmas[2].i_axi_dma_backend_burst_req[71],reset,3
gen_dmas[2].i_axi_dma_backend_burst_req[72],reset,3
gen_dmas[2].i_axi_dma_backend_burst_req[73],reset,3
gen_dmas[2].i_axi_dma_backend_burst_req[74],reset,3
gen_dmas[2].i_axi_dma_backend_burst_req[75],reset,3
gen_dmas[2].i_axi_dma_backend_burst_req[76],reset,3
gen_dmas[2].i_axi_dma_backend_burst_req[77],reset,3
gen_dmas[2].i_axi_dma_backend_burst_req[78],reset,3
gen_dmas[2].i_axi_dma_backend_burst_req[79],reset,3
gen_dmas[2].i_axi_dma_backend_burst_req[84],reset,3
gen_dmas[2].i_axi_dma_backend_burst_req[85],reset,3
gen_dmas[2].i_axi_dma_backend_burst_req[86],reset,3
gen_dmas[2].i_axi_dma_backend_burst_req[87],reset,3
gen_dmas[2].i_axi_dma_backend_burst_req[88],reset,3
gen_dmas[2].i_axi_dma_backend_burst_req[89],reset,3
gen_dmas[2].i_axi_dma_backend_burst_req[90],reset,3
gen_dmas[2].i_axi_dma_backend_burst_req[91],reset,3
gen_dmas[2].i_axi_dma_backend_burst_req[92],reset,3
gen_dmas[2].i_axi_dma_backend_burst_req[93],reset,3
gen_dmas[2].i_axi_dma_backend_burst_req[94],reset,3
gen_dmas[2].i_axi_dma_backend_burst_req[95],reset,3
gen_dmas[2].i_axi_dma_backend_burst_req[96],reset,3
gen_dmas[2].i_axi_dma_backend_burst_req[97],reset,3
gen_dmas[2].i_axi_dma_backend_burst_req[98],reset,3
gen_dmas[2].i_axi_dma_backend_burst_req[99],reset,3
gen_dmas[2].i_axi_dma_backend_burst_req[100],reset,3
gen_dmas[2].i_axi_dma_backend_burst_req[101],reset,3
gen_dmas[2].i_axi_dma_backend_burst_req[102],reset,3
gen_dmas[2].i_axi_dma_backend_burst_req[103],reset,3
gen_dmas[2].i_axi_dma_backend_burst_req[104],reset,3
gen_dmas[2].i_axi_dma_backend_burst_req[105],reset,3
gen_dmas[2].i_axi_dma_backend_burst_req[106],reset,3
gen_dmas[2].i_axi_dma_backend_burst_req[107],reset,3
gen_dmas[2].i_axi_dma_backend_burst_req[108],reset,3
gen_dmas[2].i_axi_dma_backend_burst_req[109],reset,3
gen_dmas[2].i_axi_dma_backend_burst_req[110],reset,3
gen_dmas[2].i_axi_dma_backend_burst_req[111],reset,3
gen_dmas[2].i_axi_dma_backend_burst_req[112],reset,3
gen_dmas[2].i_axi_dma_backend_burst_req_serialize,reset,3
gen_dmas[2].i_axi_dma_backend_i_axi_dma_burst_reshaper_burst_d_decouple_rw,reset,3
gen_dmas[2].i_axi_dma_backend_i_axi_dma_burst_reshaper_burst_q_dst_num_bytes[1],reset,3
gen_dmas[2].i_axi_dma_backend_i_axi_dma_burst_reshaper_burst_q_dst_num_bytes[3],reset,3
gen_dmas[2].i_axi_dma_backend_i_axi_dma_burst_reshaper_burst_q_dst_num_bytes[4],reset,3
gen_dmas[2].i_axi_dma_backend_i_axi_dma_burst_reshaper_burst_q_dst_valid,reset,3
gen_dmas[2].i_axi_dma_backend_i_axi_dma_burst_reshaper_burst_q_src_num_bytes[1],reset,3
gen_dmas[2].i_axi_dma_backend_i_axi_dma_burst_reshaper_burst_q_src_num_bytes[18],reset,3
gen_dmas[2].i_axi_dma_backend_i_axi_dma_burst_reshaper_burst_q_src_num_bytes[20],reset,3
gen_dmas[2].i_axi_dma_backend_i_axi_dma_burst_reshaper_burst_q_src_num_bytes[27],reset,3
gen_dmas[2].i_axi_dma_backend_i_axi_dma_burst_reshaper_burst_q_src_valid,reset,3
gen_dmas[2].i_axi_dma_backend_i_axi_dma_data_mover_i_fifo_ar_emitter_mem_q[0]_burst[0],reset,3
gen_dmas[2].i_axi_dma_backend_i_axi_dma_data_mover_i_fifo_ar_emitter_mem_q[0]_burst[1],reset,3
gen_dmas[2].i_axi_dma_backend_i_axi_dma_data_mover_i_fifo_ar_emitter_mem_q[1]_burst[0],reset,3
gen_dmas[2].i_axi_dma_backend_i_axi_dma_data_mover_i_fifo_ar_emitter_mem_q[1]_burst[1],reset,3
gen_dmas[2].i_axi_dma_backend_i_axi_dma_data_mover_i_fifo_aw_emitter_mem_q[0]_burst[0],reset,3
gen_dmas[2].i_axi_dma_backend_i_axi_dma_data_mover_i_fifo_aw_emitter_mem_q[0]_burst[1],reset,3
gen_dmas[2].i_axi_dma_backend_i_axi_dma_data_mover_i_fifo_aw_emitter_mem_q[1]_burst[0],reset,3
gen_dmas[2].i_axi_dma_backend_i_axi_dma_data_mover_i_fifo_aw_emitter_mem_q[1]_burst[1],reset,3
gen_dmas[2].i_dma_axi_xbar_gen_mst_port_mux[0].i_axi_mux_gen_no_mux.i_ar_spill_reg_spill_register_flushable_i_gen_spill_reg.b_data_q_burst[0],reset,3
gen_dmas[2].i_dma_axi_xbar_gen_mst_port_mux[0].i_axi_mux_gen_no_mux.i_ar_spill_reg_spill_register_flushable_i_gen_spill_reg.b_data_q_burst[1],reset,3
gen_dmas[2].i_dma_axi_xbar_gen_mst_port_mux[0].i_axi_mux_gen_no_mux.i_aw_spill_reg_spill_register_flushable_i_gen_spill_reg.b_data_q_burst[0],reset,3
gen_dmas[2].i_dma_axi_xbar_gen_mst_port_mux[0].i_axi_mux_gen_no_mux.i_aw_spill_reg_spill_register_flushable_i_gen_spill_reg.b_data_q_burst[1],reset,3
gen_dmas[2].i_dma_axi_xbar_gen_slv_port_demux[0].i_axi_demux_gen_demux.i_ar_spill_reg_spill_register_flushable_i_gen_spill_reg.b_data_q_ar_chan_burst[0],reset,3
gen_dmas[2].i_dma_axi_xbar_gen_slv_port_demux[0].i_axi_demux_gen_demux.i_ar_spill_reg_spill_register_flushable_i_gen_spill_reg.b_data_q_ar_chan_burst[1],reset,3
gen_dmas[2].i_dma_axi_xbar_gen_slv_port_demux[0].i_axi_demux_gen_demux.i_aw_spill_reg_spill_register_flushable_i_gen_spill_reg.b_data_q_aw_chan_burst[0],reset,3
gen_dmas[2].i_dma_axi_xbar_gen_slv_port_demux[0].i_axi_demux_gen_demux.i_aw_spill_reg_spill_register_flushable_i_gen_spill_reg.b_data_q_aw_chan_burst[1],reset,3
gen_dmas[3].i_axi_dma_backend_burst_req[1],reset,3
gen_dmas[3].i_axi_dma_backend_burst_req[2],reset,3
gen_dmas[3].i_axi_dma_backend_burst_req[3],reset,3
gen_dmas[3].i_axi_dma_backend_burst_req[4],reset,3
gen_dmas[3].i_axi_dma_backend_burst_req[5],reset,3
gen_dmas[3].i_axi_dma_backend_burst_req[6],reset,3
gen_dmas[3].i_axi_dma_backend_burst_req[7],reset,3
gen_dmas[3].i_axi_dma_backend_burst_req[8],reset,3
gen_dmas[3].i_axi_dma_backend_burst_req[9],reset,3
gen_dmas[3].i_axi_dma_backend_burst_req[10],reset,3
gen_dmas[3].i_axi_dma_backend_burst_req[11],reset,3
gen_dmas[3].i_axi_dma_backend_burst_req[12],reset,3
gen_dmas[3].i_axi_dma_backend_burst_req[13],reset,3
gen_dmas[3].i_axi_dma_backend_burst_req[14],reset,3
gen_dmas[3].i_axi_dma_backend_burst_req[16],reset,3
gen_dmas[3].i_axi_dma_backend_burst_req[17],reset,3
gen_dmas[3].i_axi_dma_backend_burst_req[18],reset,3
gen_dmas[3].i_axi_dma_backend_burst_req[52],reset,3
gen_dmas[3].i_axi_dma_backend_burst_req[53],reset,3
gen_dmas[3].i_axi_dma_backend_burst_req[54],reset,3
gen_dmas[3].i_axi_dma_backend_burst_req[55],reset,3
gen_dmas[3].i_axi_dma_backend_burst_req[56],reset,3
gen_dmas[3].i_axi_dma_backend_burst_req[57],reset,3
gen_dmas[3].i_axi_dma_backend_burst_req[58],reset,3
gen_dmas[3].i_axi_dma_backend_burst_req[59],reset,3
gen_dmas[3].i_axi_dma_backend_burst_req[60],reset,3
gen_dmas[3].i_axi_dma_backend_burst_req[61],reset,3
gen_dmas[3].i_axi_dma_backend_burst_req[62],reset,3
gen_dmas[3].i_axi_dma_backend_burst_req[63],reset,3
gen_dmas[3].i_axi_dma_backend_burst_req[64],reset,3
gen_dmas[3].i_axi_dma_backend_burst_req[65],reset,3
gen_dmas[3].i_axi_dma_backend_burst_req[66],reset,3
gen_dmas[3].i_axi_dma_backend_burst_req[67],reset,3
gen_dmas[3].i_axi_dma_backend_burst_req[68],reset,3
gen_dmas[3].i_axi_dma_backend_burst_req[69],reset,3
gen_dmas[3].i_axi_dma_backend_burst_req[70],reset,3
gen_dmas[3].i_axi_dma_backend_burst_req[71],reset,3
gen_dmas[3].i_axi_dma_backend_burst_req[72],reset,3
gen_dmas[3].i_axi_dma_backend_burst_req[73],reset,3
gen_dmas[3].i_axi_dma_backend_burst_req[74],reset,3
gen_dmas[3].i_axi_dma_backend_burst_req[75],reset,3
gen_dmas[3].i_axi_dma_backend_burst_req[76],reset,3
gen_dmas[3].i_axi_dma_backend_burst_req[77],reset,3
gen_dmas[3].i_axi_dma_backend_burst_req[78],reset,3
gen_dmas[3].i_axi_dma_backend_burst_req[79],reset,3
gen_dmas[3].i_axi_dma_backend_burst_req[84],reset,3
gen_dmas[3].i_axi_dma_backend_burst_req[85],reset,3
gen_dmas[3].i_axi_dma_backend_burst_req[86],reset,3
gen_dmas[3].i_axi_dma_backend_burst_req[87],reset,3
gen_dmas[3].i_axi_dma_backend_burst_req[88],reset,3
gen_dmas[3].i_axi_dma_backend_burst_req[89],reset,3
gen_dmas[3].i_axi_dma_backend_burst_req[90],reset,3
gen_dmas[3].i_axi_dma_backend_burst_req[91],reset,3
gen_dmas[3].i_axi_dma_backend_burst_req[92],reset,3
gen_dmas[3].i_axi_dma_backend_burst_req[93],reset,3
gen_dmas[3].i_axi_dma_backend_burst_req[94],reset,3
gen_dmas[3].i_axi_dma_backend_burst_req[95],reset,3
gen_dmas[3].i_axi_dma_backend_burst_req[96],reset,3
gen_dmas[3].i_axi_dma_backend_burst_req[97],reset,3
gen_dmas[3].i_axi_dma_backend_burst_req[98],reset,3
gen_dmas[3].i_axi_dma_backend_burst_req[99],reset,3
gen_dmas[3].i_axi_dma_backend_burst_req[100],reset,3
gen_dmas[3].i_axi_dma_backend_burst_req[101],reset,3
gen_dmas[3].i_axi_dma_backend_burst_req[102],reset,3
gen_dmas[3].i_axi_dma_backend_burst_req[103],reset,3
gen_dmas[3].i_axi_dma_backend_burst_req[104],reset,3
gen_dmas[3].i_axi_dma_backend_burst_req[105],reset,3
gen_dmas[3].i_axi_dma_backend_burst_req[106],reset,3
gen_dmas[3].i_axi_dma_backend_burst_req[107],reset,3
gen_dmas[3].i_axi_dma_backend_burst_req[108],reset,3
gen_dmas[3].i_axi_dma_backend_burst_req[109],reset,3
gen_dmas[3].i_axi_dma_backend_burst_req[110],reset,3
gen_dmas[3].i_axi_dma_backend_burst_req[111],reset,3
gen_dmas[3].i_axi_dma_backend_burst_req[112],reset,3
gen_dmas[3].i_axi_dma_backend_burst_req_serialize,reset,3
gen_dmas[3].i_axi_dma_backend_i_axi_dma_burst_reshaper_burst_d_decouple_rw,reset,3
gen_dmas[3].i_axi_dma_backend_i_axi_dma_burst_reshaper_burst_q_dst_num_bytes[17],reset,3
gen_dmas[3].i_axi_dma_backend_i_axi_dma_burst_reshaper_burst_q_dst_num_bytes[28],reset,3
gen_dmas[3].i_axi_dma_backend_i_axi_dma_burst_reshaper_burst_q_dst_valid,reset,3
gen_dmas[3].i_axi_dma_backend_i_axi_dma_burst_reshaper_burst_q_src_num_bytes[17],reset,3
gen_dmas[3].i_axi_dma_backend_i_axi_dma_burst_reshaper_burst_q_src_num_bytes[31],reset,3
gen_dmas[3].i_axi_dma_backend_i_axi_dma_burst_reshaper_burst_q_src_valid,reset,3
gen_dmas[3].i_axi_dma_backend_i_axi_dma_data_mover_i_fifo_ar_emitter_mem_q[0]_burst[0],reset,3
gen_dmas[3].i_axi_dma_backend_i_axi_dma_data_mover_i_fifo_ar_emitter_mem_q[0]_burst[1],reset,3
gen_dmas[3].i_axi_dma_backend_i_axi_dma_data_mover_i_fifo_ar_emitter_mem_q[1]_burst[0],reset,3
gen_dmas[3].i_axi_dma_backend_i_axi_dma_data_mover_i_fifo_ar_emitter_mem_q[1]_burst[1],reset,3
gen_dmas[3].i_axi_dma_backend_i_axi_dma_data_mover_i_fifo_aw_emitter_mem_q[0]_burst[0],reset,3
gen_dmas[3].i_axi_dma_backend_i_axi_dma_data_mover_i_fifo_aw_emitter_mem_q[0]_burst[1],reset,3
gen_dmas[3].i_axi_dma_backend_i_axi_dma_data_mover_i_fifo_aw_emitter_mem_q[1]_burst[0],reset,3
gen_dmas[3].i_axi_dma_backend_i_axi_dma_data_mover_i_fifo_aw_emitter_mem_q[1]_burst[1],reset,3
gen_dmas[3].i_dma_axi_xbar_gen_mst_port_mux[0].i_axi_mux_gen_no_mux.i_ar_spill_reg_spill_register_flushable_i_gen_spill_reg.b_data_q_burst[0],reset,3
gen_dmas[3].i_dma_axi_xbar_gen_mst_port_mux[0].i_axi_mux_gen_no_mux.i_ar_spill_reg_spill_register_flushable_i_gen_spill_reg.b_data_q_burst[1],reset,3
gen_dmas[3].i_dma_axi_xbar_gen_mst_port_mux[0].i_axi_mux_gen_no_mux.i_aw_spill_reg_spill_register_flushable_i_gen_spill_reg.b_data_q_burst[0],reset,3
gen_dmas[3].i_dma_axi_xbar_gen_mst_port_mux[0].i_axi_mux_gen_no_mux.i_aw_spill_reg_spill_register_flushable_i_gen_spill_reg.b_data_q_burst[1],reset,3
gen_dmas[3].i_dma_axi_xbar_gen_slv_port_demux[0].i_axi_demux_gen_demux.i_ar_spill_reg_spill_register_flushable_i_gen_spill_reg.b_data_q_ar_chan_burst[0],reset,3
gen_dmas[3].i_dma_axi_xbar_gen_slv_port_demux[0].i_axi_demux_gen_demux.i_ar_spill_reg_spill_register_flushable_i_gen_spill_reg.b_data_q_ar_chan_burst[1],reset,3
gen_dmas[3].i_dma_axi_xbar_gen_slv_port_demux[0].i_axi_demux_gen_demux.i_aw_spill_reg_spill_register_flushable_i_gen_spill_reg.b_data_q_aw_chan_burst[0],reset,3
gen_dmas[3].i_dma_axi_xbar_gen_slv_port_demux[0].i_axi_demux_gen_demux.i_aw_spill_reg_spill_register_flushable_i_gen_spill_reg.b_data_q_aw_chan_burst[1],reset,3
gen_tiles[0].i_tile_axi_core_slice_i_reg_ar_spill_register_flushable_i_gen_spill_reg.b_data_q_burst[0],reset,3
gen_tiles[0].i_tile_axi_core_slice_i_reg_aw_spill_register_flushable_i_gen_spill_reg.a_data_q_burst[0],reset,3
gen_tiles[0].i_tile_axi_core_slice_i_reg_aw_spill_register_flushable_i_gen_spill_reg.b_data_q_burst[0],reset,3
gen_tiles[0].i_tile_gen_caches[0].axi_cache_slice_i_reg_ar_spill_register_flushable_i_gen_spill_reg.a_data_q_burst[0],reset,3
gen_tiles[0].i_tile_gen_caches[0].axi_cache_slice_i_reg_ar_spill_register_flushable_i_gen_spill_reg.b_data_q_burst[0],reset,3
gen_tiles[0].i_tile_i_axi_mux_gen_mux.i_ar_spill_reg_spill_register_flushable_i_gen_spill_reg.b_data_q_burst[0],reset,3
gen_tiles[0].i_tile_i_axi_mux_gen_mux.i_aw_spill_reg_spill_register_flushable_i_gen_spill_reg.b_data_q_burst[0],reset,3
gen_tiles[1].i_tile_axi_core_slice_i_reg_ar_spill_register_flushable_i_gen_spill_reg.a_data_q_burst[0],reset,3
gen_tiles[1].i_tile_axi_core_slice_i_reg_ar_spill_register_flushable_i_gen_spill_reg.b_data_q_burst[0],reset,3
gen_tiles[1].i_tile_axi_core_slice_i_reg_aw_spill_register_flushable_i_gen_spill_reg.b_data_q_burst[0],reset,3
gen_tiles[1].i_tile_gen_caches[0].axi_cache_slice_i_reg_ar_spill_register_flushable_i_gen_spill_reg.a_data_q_burst[0],reset,3
gen_tiles[1].i_tile_gen_caches[0].axi_cache_slice_i_reg_ar_spill_register_flushable_i_gen_spill_reg.b_data_q_burst[0],reset,3
gen_tiles[1].i_tile_i_axi_mux_gen_mux.i_ar_spill_reg_spill_register_flushable_i_gen_spill_reg.b_data_q_burst[0],reset,3
gen_tiles[1].i_tile_i_axi_mux_gen_mux.i_aw_spill_reg_spill_register_flushable_i_gen_spill_reg.b_data_q_burst[0],reset,3
gen_tiles[2].i_tile_axi_core_slice_i_reg_ar_spill_register_flushable_i_gen_spill_reg.b_data_q_burst[0],reset,3
gen_tiles[2].i_tile_axi_core_slice_i_reg_aw_spill_register_flushable_i_gen_spill_reg.b_data_q_burst[0],reset,3
gen_tiles[2].i_tile_gen_caches[0].axi_cache_slice_i_reg_ar_spill_register_flushable_i_gen_spill_reg.b_data_q_burst[0],reset,3
gen_tiles[2].i_tile_i_axi_mux_gen_mux.i_ar_spill_reg_spill_register_flushable_i_gen_spill_reg.b_data_q_burst[0],reset,3
gen_tiles[2].i_tile_i_axi_mux_gen_mux.i_aw_spill_reg_spill_register_flushable_i_gen_spill_reg.b_data_q_burst[0],reset,3
gen_tiles[3].i_tile_axi_core_slice_i_reg_ar_spill_register_flushable_i_gen_spill_reg.a_data_q_burst[0],reset,3
gen_tiles[3].i_tile_axi_core_slice_i_reg_ar_spill_register_flushable_i_gen_spill_reg.b_data_q_burst[0],reset,3
gen_tiles[3].i_tile_axi_core_slice_i_reg_aw_spill_register_flushable_i_gen_spill_reg.b_data_q_burst[0],reset,3
gen_tiles[3].i_tile_gen_caches[0].axi_cache_slice_i_reg_ar_spill_register_flushable_i_gen_spill_reg.b_data_q_burst[0],reset,3
gen_tiles[3].i_tile_i_axi_mux_gen_mux.i_ar_spill_reg_spill_register_flushable_i_gen_spill_reg.b_data_q_burst[0],reset,3
gen_tiles[3].i_tile_i_axi_mux_gen_mux.i_aw_spill_reg_spill_register_flushable_i_gen_spill_reg.b_data_q_burst[0],reset,3
gen_tiles[4].i_tile_axi_core_slice_i_reg_ar_spill_register_flushable_i_gen_spill_reg.b_data_q_burst[0],reset,3
gen_tiles[4].i_tile_axi_core_slice_i_reg_aw_spill_register_flushable_i_gen_spill_reg.a_data_q_burst[0],reset,3
gen_tiles[4].i_tile_axi_core_slice_i_reg_aw_spill_register_flushable_i_gen_spill_reg.b_data_q_burst[0],reset,3
gen_tiles[4].i_tile_gen_caches[0].axi_cache_slice_i_reg_ar_spill_register_flushable_i_gen_spill_reg.a_data_q_burst[0],reset,3
gen_tiles[4].i_tile_gen_caches[0].axi_cache_slice_i_reg_ar_spill_register_flushable_i_gen_spill_reg.b_data_q_burst[0],reset,3
gen_tiles[4].i_tile_i_axi_mux_gen_mux.i_ar_spill_reg_spill_register_flushable_i_gen_spill_reg.b_data_q_burst[0],reset,3
gen_tiles[4].i_tile_i_axi_mux_gen_mux.i_aw_spill_reg_spill_register_flushable_i_gen_spill_reg.b_data_q_burst[0],reset,3
gen_tiles[5].i_tile_axi_core_slice_i_reg_ar_spill_register_flushable_i_gen_spill_reg.a_data_q_burst[0],reset,3
gen_tiles[5].i_tile_axi_core_slice_i_reg_ar_spill_register_flushable_i_gen_spill_reg.b_data_q_burst[0],reset,3
gen_tiles[5].i_tile_axi_core_slice_i_reg_aw_spill_register_flushable_i_gen_spill_reg.a_data_q_burst[0],reset,3
gen_tiles[5].i_tile_axi_core_slice_i_reg_aw_spill_register_flushable_i_gen_spill_reg.b_data_q_burst[0],reset,3
gen_tiles[5].i_tile_gen_caches[0].axi_cache_slice_i_reg_ar_spill_register_flushable_i_gen_spill_reg.b_data_q_burst[0],reset,3
gen_tiles[5].i_tile_i_axi_mux_gen_mux.i_ar_spill_reg_spill_register_flushable_i_gen_spill_reg.b_data_q_burst[0],reset,3
gen_tiles[5].i_tile_i_axi_mux_gen_mux.i_aw_spill_reg_spill_register_flushable_i_gen_spill_reg.b_data_q_burst[0],reset,3
gen_tiles[6].i_tile_axi_core_slice_i_reg_ar_spill_register_flushable_i_gen_spill_reg.b_data_q_burst[0],reset,3
gen_tiles[6].i_tile_axi_core_slice_i_reg_aw_spill_register_flushable_i_gen_spill_reg.a_data_q_burst[0],reset,3
gen_tiles[6].i_tile_axi_core_slice_i_reg_aw_spill_register_flushable_i_gen_spill_reg.b_data_q_burst[0],reset,3
gen_tiles[6].i_tile_gen_caches[0].axi_cache_slice_i_reg_ar_spill_register_flushable_i_gen_spill_reg.b_data_q_burst[0],reset,3
gen_tiles[6].i_tile_i_axi_mux_gen_mux.i_ar_spill_reg_spill_register_flushable_i_gen_spill_reg.b_data_q_burst[0],reset,3
gen_tiles[6].i_tile_i_axi_mux_gen_mux.i_aw_spill_reg_spill_register_flushable_i_gen_spill_reg.b_data_q_burst[0],reset,3
gen_tiles[7].i_tile_axi_core_slice_i_reg_ar_spill_register_flushable_i_gen_spill_reg.a_data_q_burst[0],reset,3
gen_tiles[7].i_tile_axi_core_slice_i_reg_ar_spill_register_flushable_i_gen_spill_reg.b_data_q_burst[0],reset,3
gen_tiles[7].i_tile_axi_core_slice_i_reg_aw_spill_register_flushable_i_gen_spill_reg.a_data_q_burst[0],reset,3
gen_tiles[7].i_tile_axi_core_slice_i_reg_aw_spill_register_flushable_i_gen_spill_reg.b_data_q_burst[0],reset,3
gen_tiles[7].i_tile_i_axi_mux_gen_mux.i_ar_spill_reg_spill_register_flushable_i_gen_spill_reg.b_data_q_burst[0],reset,3
gen_tiles[7].i_tile_i_axi_mux_gen_mux.i_aw_spill_reg_spill_register_flushable_i_gen_spill_reg.b_data_q_burst[0],reset,3
gen_tiles[8].i_tile_axi_core_slice_i_reg_ar_spill_register_flushable_i_gen_spill_reg.b_data_q_burst[0],reset,3
gen_tiles[8].i_tile_axi_core_slice_i_reg_aw_spill_register_flushable_i_gen_spill_reg.b_data_q_burst[0],reset,3
gen_tiles[8].i_tile_gen_caches[0].axi_cache_slice_i_reg_ar_spill_register_flushable_i_gen_spill_reg.b_data_q_burst[0],reset,3
gen_tiles[8].i_tile_i_axi_mux_gen_mux.i_ar_spill_reg_spill_register_flushable_i_gen_spill_reg.b_data_q_burst[0],reset,3
gen_tiles[8].i_tile_i_axi_mux_gen_mux.i_aw_spill_reg_spill_register_flushable_i_gen_spill_reg.b_data_q_burst[0],reset,3
gen_tiles[9].i_tile_axi_core_slice_i_reg_ar_spill_register_flushable_i_gen_spill_reg.a_data_q_burst[0],reset,3
gen_tiles[9].i_tile_axi_core_slice_i_reg_ar_spill_register_flushable_i_gen_spill_reg.b_data_q_burst[0],reset,3
gen_tiles[9].i_tile_axi_core_slice_i_reg_aw_spill_register_flushable_i_gen_spill_reg.a_data_q_burst[0],reset,3
gen_tiles[9].i_tile_axi_core_slice_i_reg_aw_spill_register_flushable_i_gen_spill_reg.b_data_q_burst[0],reset,3
gen_tiles[9].i_tile_gen_caches[0].axi_cache_slice_i_reg_ar_spill_register_flushable_i_gen_spill_reg.b_data_q_burst[0],reset,3
gen_tiles[9].i_tile_i_axi_mux_gen_mux.i_ar_spill_reg_spill_register_flushable_i_gen_spill_reg.b_data_q_burst[0],reset,3
gen_tiles[9].i_tile_i_axi_mux_gen_mux.i_aw_spill_reg_spill_register_flushable_i_gen_spill_reg.b_data_q_burst[0],reset,3
gen_tiles[10].i_tile_axi_core_slice_i_reg_ar_spill_register_flushable_i_gen_spill_reg.b_data_q_burst[0],reset,3
gen_tiles[10].i_tile_axi_core_slice_i_reg_aw_spill_register_flushable_i_gen_spill_reg.a_data_q_burst[0],reset,3
gen_tiles[10].i_tile_axi_core_slice_i_reg_aw_spill_register_flushable_i_gen_spill_reg.b_data_q_burst[0],reset,3
gen_tiles[10].i_tile_gen_caches[0].axi_cache_slice_i_reg_ar_spill_register_flushable_i_gen_spill_reg.b_data_q_burst[0],reset,3
gen_tiles[10].i_tile_i_axi_mux_gen_mux.i_ar_spill_reg_spill_register_flushable_i_gen_spill_reg.b_data_q_burst[0],reset,3
gen_tiles[10].i_tile_i_axi_mux_gen_mux.i_aw_spill_reg_spill_register_flushable_i_gen_spill_reg.b_data_q_burst[0],reset,3
gen_tiles[11].i_tile_axi_core_slice_i_reg_ar_spill_register_flushable_i_gen_spill_reg.b_data_q_burst[0],reset,3
gen_tiles[11].i_tile_axi_core_slice_i_reg_aw_spill_register_flushable_i_gen_spill_reg.b_data_q_burst[0],reset,3
gen_tiles[11].i_tile_gen_caches[0].axi_cache_slice_i_reg_ar_spill_register_flushable_i_gen_spill_reg.b_data_q_burst[0],reset,3
gen_tiles[11].i_tile_i_axi_mux_gen_mux.i_ar_spill_reg_spill_register_flushable_i_gen_spill_reg.b_data_q_burst[0],reset,3
gen_tiles[11].i_tile_i_axi_mux_gen_mux.i_aw_spill_reg_spill_register_flushable_i_gen_spill_reg.b_data_q_burst[0],reset,3
gen_tiles[12].i_tile_axi_core_slice_i_reg_ar_spill_register_flushable_i_gen_spill_reg.a_data_q_burst[0],reset,3
gen_tiles[12].i_tile_axi_core_slice_i_reg_ar_spill_register_flushable_i_gen_spill_reg.b_data_q_burst[0],reset,3
gen_tiles[12].i_tile_axi_core_slice_i_reg_aw_spill_register_flushable_i_gen_spill_reg.b_data_q_burst[0],reset,3
gen_tiles[12].i_tile_gen_caches[0].axi_cache_slice_i_reg_ar_spill_register_flushable_i_gen_spill_reg.a_data_q_burst[0],reset,3
gen_tiles[12].i_tile_gen_caches[0].axi_cache_slice_i_reg_ar_spill_register_flushable_i_gen_spill_reg.b_data_q_burst[0],reset,3
gen_tiles[12].i_tile_i_axi_mux_gen_mux.i_ar_spill_reg_spill_register_flushable_i_gen_spill_reg.b_data_q_burst[0],reset,3
gen_tiles[12].i_tile_i_axi_mux_gen_mux.i_aw_spill_reg_spill_register_flushable_i_gen_spill_reg.b_data_q_burst[0],reset,3
gen_tiles[13].i_tile_axi_core_slice_i_reg_ar_spill_register_flushable_i_gen_spill_reg.b_data_q_burst[0],reset,3
gen_tiles[13].i_tile_axi_core_slice_i_reg_aw_spill_register_flushable_i_gen_spill_reg.a_data_q_burst[0],reset,3
gen_tiles[13].i_tile_axi_core_slice_i_reg_aw_spill_register_flushable_i_gen_spill_reg.b_data_q_burst[0],reset,3
gen_tiles[13].i_tile_gen_caches[0].axi_cache_slice_i_reg_ar_spill_register_flushable_i_gen_spill_reg.a_data_q_burst[0],reset,3
gen_tiles[13].i_tile_gen_caches[0].axi_cache_slice_i_reg_ar_spill_register_flushable_i_gen_spill_reg.b_data_q_burst[0],reset,3
gen_tiles[13].i_tile_i_axi_mux_gen_mux.i_ar_spill_reg_spill_register_flushable_i_gen_spill_reg.b_data_q_burst[0],reset,3
gen_tiles[13].i_tile_i_axi_mux_gen_mux.i_aw_spill_reg_spill_register_flushable_i_gen_spill_reg.b_data_q_burst[0],reset,3
gen_tiles[14].i_tile_axi_core_slice_i_reg_ar_spill_register_flushable_i_gen_spill_reg.a_data_q_burst[0],reset,3
gen_tiles[14].i_tile_axi_core_slice_i_reg_ar_spill_register_flushable_i_gen_spill_reg.b_data_q_burst[0],reset,3
gen_tiles[14].i_tile_axi_core_slice_i_reg_aw_spill_register_flushable_i_gen_spill_reg.a_data_q_burst[0],reset,3
gen_tiles[14].i_tile_axi_core_slice_i_reg_aw_spill_register_flushable_i_gen_spill_reg.b_data_q_burst[0],reset,3
gen_tiles[14].i_tile_gen_caches[0].axi_cache_slice_i_reg_ar_spill_register_flushable_i_gen_spill_reg.a_data_q_burst[0],reset,3
gen_tiles[14].i_tile_gen_caches[0].axi_cache_slice_i_reg_ar_spill_register_flushable_i_gen_spill_reg.b_data_q_burst[0],reset,3
gen_tiles[14].i_tile_i_axi_mux_gen_mux.i_ar_spill_reg_spill_register_flushable_i_gen_spill_reg.b_data_q_burst[0],reset,3
gen_tiles[14].i_tile_i_axi_mux_gen_mux.i_aw_spill_reg_spill_register_flushable_i_gen_spill_reg.b_data_q_burst[0],reset,3
gen_tiles[15].i_tile_axi_core_slice_i_reg_ar_spill_register_flushable_i_gen_spill_reg.a_data_q_burst[0],reset,3
gen_tiles[15].i_tile_axi_core_slice_i_reg_ar_spill_register_flushable_i_gen_spill_reg.b_data_q_burst[0],reset,3
gen_tiles[15].i_tile_axi_core_slice_i_reg_aw_spill_register_flushable_i_gen_spill_reg.a_data_q_burst[0],reset,3
gen_tiles[15].i_tile_axi_core_slice_i_reg_aw_spill_register_flushable_i_gen_spill_reg.b_data_q_burst[0],reset,3
gen_tiles[15].i_tile_gen_caches[0].axi_cache_slice_i_reg_ar_spill_register_flushable_i_gen_spill_reg.b_data_q_burst[0],reset,3
gen_tiles[15].i_tile_i_axi_mux_gen_mux.i_ar_spill_reg_spill_register_flushable_i_gen_spill_reg.b_data_q_burst[0],reset,3
gen_tiles[15].i_tile_i_axi_mux_gen_mux.i_aw_spill_reg_spill_register_flushable_i_gen_spill_reg.b_data_q_burst[0],reset,3
i_axi_interco_gen_bottom_level.gen_ro_cache.i_snitch_read_only_cache_i_axi_to_cache_ax_q_burst[0],reset,3
i_axi_interco_gen_bottom_level.gen_ro_cache.i_snitch_read_only_cache_i_axi_to_cache_i_axi_burst_splitter_table_cnt_len_oup[0][0],reset,3
i_axi_interco_gen_bottom_level.gen_ro_cache.i_snitch_read_only_cache_i_axi_to_cache_i_axi_burst_splitter_table_cnt_len_oup[0][8],reset,3
i_axi_interco_gen_bottom_level.gen_ro_cache.i_snitch_read_only_cache_i_axi_to_cache_i_axi_burst_splitter_table_cnt_len_oup[1][8],reset,3
i_axi_interco_gen_bottom_level.gen_ro_cache.i_snitch_read_only_cache_i_axi_to_cache_i_axi_burst_splitter_table_cnt_len_oup[2][8],reset,3
i_axi_interco_gen_bottom_level.gen_ro_cache.i_snitch_read_only_cache_i_axi_to_cache_i_axi_burst_splitter_table_cnt_len_oup[3][8],reset,3
i_axi_interco_gen_bottom_level.gen_ro_cache.i_snitch_read_only_cache_i_axi_to_cache_i_axi_burst_splitter_table_cnt_len_oup[4][8],reset,3
i_axi_interco_gen_bottom_level.gen_ro_cache.i_snitch_read_only_cache_i_axi_to_cache_i_axi_burst_splitter_table_cnt_len_oup[6][8],reset,3
i_axi_interco_gen_bottom_level.gen_ro_cache.i_snitch_read_only_cache_i_axi_to_cache_i_axi_burst_splitter_table_cnt_len_oup[7][8],reset,3
i_axi_interco_gen_bottom_level.gen_ro_cache.i_snitch_read_only_cache_i_axi_to_cache_i_axi_burst_splitter_table_cnt_len_oup[8][8],reset,3
i_axi_interco_gen_bottom_level.gen_ro_cache.i_snitch_read_only_cache_i_axi_to_cache_i_axi_burst_splitter_table_cnt_len_oup[9][8],reset,3
i_axi_interco_gen_bottom_level.gen_ro_cache.i_snitch_read_only_cache_i_axi_to_cache_i_axi_burst_splitter_table_cnt_len_oup[10][8],reset,3
i_axi_interco_gen_bottom_level.gen_ro_cache.i_snitch_read_only_cache_i_axi_to_cache_i_axi_burst_splitter_table_cnt_len_oup[11][8],reset,3
i_axi_interco_gen_bottom_level.gen_ro_cache.i_snitch_read_only_cache_i_axi_to_cache_i_axi_burst_splitter_table_cnt_len_oup[12][8],reset,3
i_axi_interco_gen_bottom_level.gen_ro_cache.i_snitch_read_only_cache_i_axi_to_cache_i_axi_burst_splitter_table_cnt_len_oup[13][8],reset,3
i_axi_interco_gen_bottom_level.gen_ro_cache.i_snitch_read_only_cache_i_axi_to_cache_i_axi_burst_splitter_table_cnt_len_oup[14][8],reset,3
i_axi_interco_gen_bottom_level.gen_ro_cache.i_snitch_read_only_cache_i_axi_to_cache_i_axi_burst_splitter_table_cnt_len_oup[15][5],reset,3
i_axi_interco_gen_bottom_level.gen_ro_cache.i_snitch_read_only_cache_i_axi_to_cache_i_axi_burst_splitter_table_cnt_len_oup[15][8],reset,3
i_axi_interco_gen_bottom_level.gen_ro_cache.i_snitch_read_only_cache_i_axi_to_cache_i_axi_burst_splitter_table_i_idq_head_tail_q[0]_head[2],reset,3
i_axi_interco_gen_bottom_level.gen_ro_cache.i_snitch_read_only_cache_i_axi_to_cache_i_axi_burst_splitter_table_i_idq_head_tail_q[0]_id[3],reset,3
i_axi_interco_gen_bottom_level.gen_ro_cache.i_snitch_read_only_cache_i_axi_to_cache_i_axi_burst_splitter_table_i_idq_head_tail_q[0]_id[6],reset,3
i_axi_interco_gen_bottom_level.gen_ro_cache.i_snitch_read_only_cache_i_axi_to_cache_i_axi_burst_splitter_table_i_idq_head_tail_q[0]_tail[2],reset,3
i_axi_interco_gen_bottom_level.gen_ro_cache.i_snitch_read_only_cache_i_axi_to_cache_i_axi_burst_splitter_table_i_idq_head_tail_q[0]_tail[3],reset,3
i_axi_interco_gen_bottom_level.gen_ro_cache.i_snitch_read_only_cache_i_axi_to_cache_i_axi_burst_splitter_table_i_idq_head_tail_q[1]_id[0],reset,3
i_axi_interco_gen_bottom_level.gen_ro_cache.i_snitch_read_only_cache_i_axi_to_cache_i_axi_burst_splitter_table_i_idq_head_tail_q[1]_id[1],reset,3
i_axi_interco_gen_bottom_level.gen_ro_cache.i_snitch_read_only_cache_i_axi_to_cache_i_axi_burst_splitter_table_i_idq_head_tail_q[1]_id[3],reset,3
i_axi_interco_gen_bottom_level.gen_ro_cache.i_snitch_read_only_cache_i_axi_to_cache_i_axi_burst_splitter_table_i_idq_head_tail_q[1]_id[4],reset,3
i_axi_interco_gen_bottom_level.gen_ro_cache.i_snitch_read_only_cache_i_axi_to_cache_i_axi_burst_splitter_table_i_idq_head_tail_q[1]_id[5],reset,3
i_axi_interco_gen_bottom_level.gen_ro_cache.i_snitch_read_only_cache_i_axi_to_cache_i_axi_burst_splitter_table_i_idq_head_tail_q[1]_tail[1],reset,3
i_axi_interco_gen_bottom_level.gen_ro_cache.i_snitch_read_only_cache_i_axi_to_cache_i_axi_burst_splitter_table_i_idq_head_tail_q[1]_tail[2],reset,3
i_axi_interco_gen_bottom_level.gen_ro_cache.i_snitch_read_only_cache_i_axi_to_cache_i_axi_burst_splitter_table_i_idq_head_tail_q[2]_head[3],reset,3
i_axi_interco_gen_bottom_level.gen_ro_cache.i_snitch_read_only_cache_i_axi_to_cache_i_axi_burst_splitter_table_i_idq_head_tail_q[2]_id[0],reset,3
i_axi_interco_gen_bottom_level.gen_ro_cache.i_snitch_read_only_cache_i_axi_to_cache_i_axi_burst_splitter_table_i_idq_head_tail_q[2]_id[2],reset,3
i_axi_interco_gen_bottom_level.gen_ro_cache.i_snitch_read_only_cache_i_axi_to_cache_i_axi_burst_splitter_table_i_idq_head_tail_q[2]_id[3],reset,3
i_axi_interco_gen_bottom_level.gen_ro_cache.i_snitch_read_only_cache_i_axi_to_cache_i_axi_burst_splitter_table_i_idq_head_tail_q[2]_id[4],reset,3
i_axi_interco_gen_bottom_level.gen_ro_cache.i_snitch_read_only_cache_i_axi_to_cache_i_axi_burst_splitter_table_i_idq_head_tail_q[2]_id[5],reset,3
i_axi_interco_gen_bottom_level.gen_ro_cache.i_snitch_read_only_cache_i_axi_to_cache_i_axi_burst_splitter_table_i_idq_head_tail_q[2]_id[6],reset,3
i_axi_interco_gen_bottom_level.gen_ro_cache.i_snitch_read_only_cache_i_axi_to_cache_i_axi_burst_splitter_table_i_idq_head_tail_q[2]_tail[1],reset,3
i_axi_interco_gen_bottom_level.gen_ro_cache.i_snitch_read_only_cache_i_axi_to_cache_i_axi_burst_splitter_table_i_idq_head_tail_q[3]_head[0],reset,3
i_axi_interco_gen_bottom_level.gen_ro_cache.i_snitch_read_only_cache_i_axi_to_cache_i_axi_burst_splitter_table_i_idq_head_tail_q[3]_head[1],reset,3
i_axi_interco_gen_bottom_level.gen_ro_cache.i_snitch_read_only_cache_i_axi_to_cache_i_axi_burst_splitter_table_i_idq_head_tail_q[3]_head[2],reset,3
i_axi_interco_gen_bottom_level.gen_ro_cache.i_snitch_read_only_cache_i_axi_to_cache_i_axi_burst_splitter_table_i_idq_head_tail_q[3]_head[3],reset,3
i_axi_interco_gen_bottom_level.gen_ro_cache.i_snitch_read_only_cache_i_axi_to_cache_i_axi_burst_splitter_table_i_idq_head_tail_q[3]_id[0],reset,3
i_axi_interco_gen_bottom_level.gen_ro_cache.i_snitch_read_only_cache_i_axi_to_cache_i_axi_burst_splitter_table_i_idq_head_tail_q[3]_id[3],reset,3
i_axi_interco_gen_bottom_level.gen_ro_cache.i_snitch_read_only_cache_i_axi_to_cache_i_axi_burst_splitter_table_i_idq_head_tail_q[3]_id[6],reset,3
i_axi_interco_gen_bottom_level.gen_ro_cache.i_snitch_read_only_cache_i_axi_to_cache_i_axi_burst_splitter_table_i_idq_head_tail_q[4]_head[0],reset,3
i_axi_interco_gen_bottom_level.gen_ro_cache.i_snitch_read_only_cache_i_axi_to_cache_i_axi_burst_splitter_table_i_idq_head_tail_q[4]_head[3],reset,3
i_axi_interco_gen_bottom_level.gen_ro_cache.i_snitch_read_only_cache_i_axi_to_cache_i_axi_burst_splitter_table_i_idq_head_tail_q[4]_id[1],reset,3
i_axi_interco_gen_bottom_level.gen_ro_cache.i_snitch_read_only_cache_i_axi_to_cache_i_axi_burst_splitter_table_i_idq_head_tail_q[4]_id[6],reset,3
i_axi_interco_gen_bottom_level.gen_ro_cache.i_snitch_read_only_cache_i_axi_to_cache_i_axi_burst_splitter_table_i_idq_head_tail_q[5]_free,reset,3
i_axi_interco_gen_bottom_level.gen_ro_cache.i_snitch_read_only_cache_i_axi_to_cache_i_axi_burst_splitter_table_i_idq_head_tail_q[5]_head[0],reset,3
i_axi_interco_gen_bottom_level.gen_ro_cache.i_snitch_read_only_cache_i_axi_to_cache_i_axi_burst_splitter_table_i_idq_head_tail_q[5]_id[0],reset,3
i_axi_interco_gen_bottom_level.gen_ro_cache.i_snitch_read_only_cache_i_axi_to_cache_i_axi_burst_splitter_table_i_idq_head_tail_q[5]_id[1],reset,3
i_axi_interco_gen_bottom_level.gen_ro_cache.i_snitch_read_only_cache_i_axi_to_cache_i_axi_burst_splitter_table_i_idq_head_tail_q[5]_id[2],reset,3
i_axi_interco_gen_bottom_level.gen_ro_cache.i_snitch_read_only_cache_i_axi_to_cache_i_axi_burst_splitter_table_i_idq_head_tail_q[5]_id[5],reset,3
i_axi_interco_gen_bottom_level.gen_ro_cache.i_snitch_read_only_cache_i_axi_to_cache_i_axi_burst_splitter_table_i_idq_head_tail_q[6]_head[2],reset,3
i_axi_interco_gen_bottom_level.gen_ro_cache.i_snitch_read_only_cache_i_axi_to_cache_i_axi_burst_splitter_table_i_idq_head_tail_q[6]_id[0],reset,3
i_axi_interco_gen_bottom_level.gen_ro_cache.i_snitch_read_only_cache_i_axi_to_cache_i_axi_burst_splitter_table_i_idq_head_tail_q[6]_id[2],reset,3
i_axi_interco_gen_bottom_level.gen_ro_cache.i_snitch_read_only_cache_i_axi_to_cache_i_axi_burst_splitter_table_i_idq_head_tail_q[6]_id[3],reset,3
i_axi_interco_gen_bottom_level.gen_ro_cache.i_snitch_read_only_cache_i_axi_to_cache_i_axi_burst_splitter_table_i_idq_head_tail_q[6]_id[6],reset,3
i_axi_interco_gen_bottom_level.gen_ro_cache.i_snitch_read_only_cache_i_axi_to_cache_i_axi_burst_splitter_table_i_idq_head_tail_q[7]_free,reset,3
i_axi_interco_gen_bottom_level.gen_ro_cache.i_snitch_read_only_cache_i_axi_to_cache_i_axi_burst_splitter_table_i_idq_head_tail_q[7]_head[0],reset,3
i_axi_interco_gen_bottom_level.gen_ro_cache.i_snitch_read_only_cache_i_axi_to_cache_i_axi_burst_splitter_table_i_idq_head_tail_q[7]_head[3],reset,3
i_axi_interco_gen_bottom_level.gen_ro_cache.i_snitch_read_only_cache_i_axi_to_cache_i_axi_burst_splitter_table_i_idq_head_tail_q[7]_id[0],reset,3
i_axi_interco_gen_bottom_level.gen_ro_cache.i_snitch_read_only_cache_i_axi_to_cache_i_axi_burst_splitter_table_i_idq_head_tail_q[7]_id[1],reset,3
i_axi_interco_gen_bottom_level.gen_ro_cache.i_snitch_read_only_cache_i_axi_to_cache_i_axi_burst_splitter_table_i_idq_head_tail_q[7]_id[3],reset,3
i_axi_interco_gen_bottom_level.gen_ro_cache.i_snitch_read_only_cache_i_axi_to_cache_i_axi_burst_splitter_table_i_idq_head_tail_q[7]_id[5],reset,3
i_axi_interco_gen_bottom_level.gen_ro_cache.i_snitch_read_only_cache_i_axi_to_cache_i_axi_burst_splitter_table_i_idq_head_tail_q[7]_id[6],reset,3
i_axi_interco_gen_bottom_level.gen_ro_cache.i_snitch_read_only_cache_i_axi_to_cache_i_axi_burst_splitter_table_i_idq_head_tail_q[8]_head[1],reset,3
i_axi_interco_gen_bottom_level.gen_ro_cache.i_snitch_read_only_cache_i_axi_to_cache_i_axi_burst_splitter_table_i_idq_head_tail_q[8]_id[0],reset,3
i_axi_interco_gen_bottom_level.gen_ro_cache.i_snitch_read_only_cache_i_axi_to_cache_i_axi_burst_splitter_table_i_idq_head_tail_q[8]_id[1],reset,3
i_axi_interco_gen_bottom_level.gen_ro_cache.i_snitch_read_only_cache_i_axi_to_cache_i_axi_burst_splitter_table_i_idq_head_tail_q[8]_id[2],reset,3
i_axi_interco_gen_bottom_level.gen_ro_cache.i_snitch_read_only_cache_i_axi_to_cache_i_axi_burst_splitter_table_i_idq_head_tail_q[8]_id[3],reset,3
i_axi_interco_gen_bottom_level.gen_ro_cache.i_snitch_read_only_cache_i_axi_to_cache_i_axi_burst_splitter_table_i_idq_head_tail_q[8]_tail[1],reset,3
i_axi_interco_gen_bottom_level.gen_ro_cache.i_snitch_read_only_cache_i_axi_to_cache_i_axi_burst_splitter_table_i_idq_head_tail_q[8]_tail[2],reset,3
i_axi_interco_gen_bottom_level.gen_ro_cache.i_snitch_read_only_cache_i_axi_to_cache_i_axi_burst_splitter_table_i_idq_head_tail_q[9]_head[0],reset,3
i_axi_interco_gen_bottom_level.gen_ro_cache.i_snitch_read_only_cache_i_axi_to_cache_i_axi_burst_splitter_table_i_idq_head_tail_q[9]_head[2],reset,3
i_axi_interco_gen_bottom_level.gen_ro_cache.i_snitch_read_only_cache_i_axi_to_cache_i_axi_burst_splitter_table_i_idq_head_tail_q[9]_id[0],reset,3
i_axi_interco_gen_bottom_level.gen_ro_cache.i_snitch_read_only_cache_i_axi_to_cache_i_axi_burst_splitter_table_i_idq_head_tail_q[9]_id[1],reset,3
i_axi_interco_gen_bottom_level.gen_ro_cache.i_snitch_read_only_cache_i_axi_to_cache_i_axi_burst_splitter_table_i_idq_head_tail_q[9]_id[2],reset,3
i_axi_interco_gen_bottom_level.gen_ro_cache.i_snitch_read_only_cache_i_axi_to_cache_i_axi_burst_splitter_table_i_idq_head_tail_q[9]_id[3],reset,3
i_axi_interco_gen_bottom_level.gen_ro_cache.i_snitch_read_only_cache_i_axi_to_cache_i_axi_burst_splitter_table_i_idq_head_tail_q[9]_id[4],reset,3
i_axi_interco_gen_bottom_level.gen_ro_cache.i_snitch_read_only_cache_i_axi_to_cache_i_axi_burst_splitter_table_i_idq_head_tail_q[9]_id[5],reset,3
i_axi_interco_gen_bottom_level.gen_ro_cache.i_snitch_read_only_cache_i_axi_to_cache_i_axi_burst_splitter_table_i_idq_head_tail_q[9]_id[6],reset,3
i_axi_interco_gen_bottom_level.gen_ro_cache.i_snitch_read_only_cache_i_axi_to_cache_i_axi_burst_splitter_table_i_idq_head_tail_q[9]_tail[0],reset,3
i_axi_interco_gen_bottom_level.gen_ro_cache.i_snitch_read_only_cache_i_axi_to_cache_i_axi_burst_splitter_table_i_idq_head_tail_q[9]_tail[1],reset,3
i_axi_interco_gen_bottom_level.gen_ro_cache.i_snitch_read_only_cache_i_axi_to_cache_i_axi_burst_splitter_table_i_idq_head_tail_q[9]_tail[2],reset,3
i_axi_interco_gen_bottom_level.gen_ro_cache.i_snitch_read_only_cache_i_axi_to_cache_i_axi_burst_splitter_table_i_idq_head_tail_q[9]_tail[3],reset,3
i_axi_interco_gen_bottom_level.gen_ro_cache.i_snitch_read_only_cache_i_axi_to_cache_i_axi_burst_splitter_table_i_idq_head_tail_q[10]_head[0],reset,3
i_axi_interco_gen_bottom_level.gen_ro_cache.i_snitch_read_only_cache_i_axi_to_cache_i_axi_burst_splitter_table_i_idq_head_tail_q[10]_head[1],reset,3
i_axi_interco_gen_bottom_level.gen_ro_cache.i_snitch_read_only_cache_i_axi_to_cache_i_axi_burst_splitter_table_i_idq_head_tail_q[10]_id[1],reset,3
i_axi_interco_gen_bottom_level.gen_ro_cache.i_snitch_read_only_cache_i_axi_to_cache_i_axi_burst_splitter_table_i_idq_head_tail_q[10]_id[2],reset,3
i_axi_interco_gen_bottom_level.gen_ro_cache.i_snitch_read_only_cache_i_axi_to_cache_i_axi_burst_splitter_table_i_idq_head_tail_q[10]_id[3],reset,3
i_axi_interco_gen_bottom_level.gen_ro_cache.i_snitch_read_only_cache_i_axi_to_cache_i_axi_burst_splitter_table_i_idq_head_tail_q[10]_id[4],reset,3
i_axi_interco_gen_bottom_level.gen_ro_cache.i_snitch_read_only_cache_i_axi_to_cache_i_axi_burst_splitter_table_i_idq_head_tail_q[10]_id[5],reset,3
i_axi_interco_gen_bottom_level.gen_ro_cache.i_snitch_read_only_cache_i_axi_to_cache_i_axi_burst_splitter_table_i_idq_head_tail_q[10]_id[6],reset,3
i_axi_interco_gen_bottom_level.gen_ro_cache.i_snitch_read_only_cache_i_axi_to_cache_i_axi_burst_splitter_table_i_idq_head_tail_q[10]_tail[1],reset,3
i_axi_interco_gen_bottom_level.gen_ro_cache.i_snitch_read_only_cache_i_axi_to_cache_i_axi_burst_splitter_table_i_idq_head_tail_q[11]_free,reset,3
i_axi_interco_gen_bottom_level.gen_ro_cache.i_snitch_read_only_cache_i_axi_to_cache_i_axi_burst_splitter_table_i_idq_head_tail_q[11]_head[2],reset,3
i_axi_interco_gen_bottom_level.gen_ro_cache.i_snitch_read_only_cache_i_axi_to_cache_i_axi_burst_splitter_table_i_idq_head_tail_q[11]_id[3],reset,3
i_axi_interco_gen_bottom_level.gen_ro_cache.i_snitch_read_only_cache_i_axi_to_cache_i_axi_burst_splitter_table_i_idq_head_tail_q[11]_id[4],reset,3
i_axi_interco_gen_bottom_level.gen_ro_cache.i_snitch_read_only_cache_i_axi_to_cache_i_axi_burst_splitter_table_i_idq_head_tail_q[11]_id[5],reset,3
i_axi_interco_gen_bottom_level.gen_ro_cache.i_snitch_read_only_cache_i_axi_to_cache_i_axi_burst_splitter_table_i_idq_head_tail_q[11]_id[6],reset,3
i_axi_interco_gen_bottom_level.gen_ro_cache.i_snitch_read_only_cache_i_axi_to_cache_i_axi_burst_splitter_table_i_idq_head_tail_q[11]_tail[2],reset,3
i_axi_interco_gen_bottom_level.gen_ro_cache.i_snitch_read_only_cache_i_axi_to_cache_i_axi_burst_splitter_table_i_idq_head_tail_q[12]_free,reset,3
i_axi_interco_gen_bottom_level.gen_ro_cache.i_snitch_read_only_cache_i_axi_to_cache_i_axi_burst_splitter_table_i_idq_head_tail_q[12]_head[0],reset,3
i_axi_interco_gen_bottom_level.gen_ro_cache.i_snitch_read_only_cache_i_axi_to_cache_i_axi_burst_splitter_table_i_idq_head_tail_q[12]_head[1],reset,3
i_axi_interco_gen_bottom_level.gen_ro_cache.i_snitch_read_only_cache_i_axi_to_cache_i_axi_burst_splitter_table_i_idq_head_tail_q[12]_id[0],reset,3
i_axi_interco_gen_bottom_level.gen_ro_cache.i_snitch_read_only_cache_i_axi_to_cache_i_axi_burst_splitter_table_i_idq_head_tail_q[12]_id[2],reset,3
i_axi_interco_gen_bottom_level.gen_ro_cache.i_snitch_read_only_cache_i_axi_to_cache_i_axi_burst_splitter_table_i_idq_head_tail_q[12]_id[3],reset,3
i_axi_interco_gen_bottom_level.gen_ro_cache.i_snitch_read_only_cache_i_axi_to_cache_i_axi_burst_splitter_table_i_idq_head_tail_q[12]_id[4],reset,3
i_axi_interco_gen_bottom_level.gen_ro_cache.i_snitch_read_only_cache_i_axi_to_cache_i_axi_burst_splitter_table_i_idq_head_tail_q[12]_id[5],reset,3
i_axi_interco_gen_bottom_level.gen_ro_cache.i_snitch_read_only_cache_i_axi_to_cache_i_axi_burst_splitter_table_i_idq_head_tail_q[12]_id[6],reset,3
i_axi_interco_gen_bottom_level.gen_ro_cache.i_snitch_read_only_cache_i_axi_to_cache_i_axi_burst_splitter_table_i_idq_head_tail_q[12]_tail[1],reset,3
i_axi_interco_gen_bottom_level.gen_ro_cache.i_snitch_read_only_cache_i_axi_to_cache_i_axi_burst_splitter_table_i_idq_head_tail_q[12]_tail[2],reset,3
i_axi_interco_gen_bottom_level.gen_ro_cache.i_snitch_read_only_cache_i_axi_to_cache_i_axi_burst_splitter_table_i_idq_head_tail_q[12]_tail[3],reset,3
i_axi_interco_gen_bottom_level.gen_ro_cache.i_snitch_read_only_cache_i_axi_to_cache_i_axi_burst_splitter_table_i_idq_head_tail_q[13]_head[0],reset,3
i_axi_interco_gen_bottom_level.gen_ro_cache.i_snitch_read_only_cache_i_axi_to_cache_i_axi_burst_splitter_table_i_idq_head_tail_q[13]_head[3],reset,3
i_axi_interco_gen_bottom_level.gen_ro_cache.i_snitch_read_only_cache_i_axi_to_cache_i_axi_burst_splitter_table_i_idq_head_tail_q[13]_id[0],reset,3
i_axi_interco_gen_bottom_level.gen_ro_cache.i_snitch_read_only_cache_i_axi_to_cache_i_axi_burst_splitter_table_i_idq_head_tail_q[13]_id[2],reset,3
i_axi_interco_gen_bottom_level.gen_ro_cache.i_snitch_read_only_cache_i_axi_to_cache_i_axi_burst_splitter_table_i_idq_head_tail_q[13]_id[3],reset,3
i_axi_interco_gen_bottom_level.gen_ro_cache.i_snitch_read_only_cache_i_axi_to_cache_i_axi_burst_splitter_table_i_idq_head_tail_q[13]_id[5],reset,3
i_axi_interco_gen_bottom_level.gen_ro_cache.i_snitch_read_only_cache_i_axi_to_cache_i_axi_burst_splitter_table_i_idq_head_tail_q[13]_id[6],reset,3
i_axi_interco_gen_bottom_level.gen_ro_cache.i_snitch_read_only_cache_i_axi_to_cache_i_axi_burst_splitter_table_i_idq_head_tail_q[13]_tail[0],reset,3
i_axi_interco_gen_bottom_level.gen_ro_cache.i_snitch_read_only_cache_i_axi_to_cache_i_axi_burst_splitter_table_i_idq_head_tail_q[13]_tail[2],reset,3
i_axi_interco_gen_bottom_level.gen_ro_cache.i_snitch_read_only_cache_i_axi_to_cache_i_axi_burst_splitter_table_i_idq_head_tail_q[13]_tail[3],reset,3
i_axi_interco_gen_bottom_level.gen_ro_cache.i_snitch_read_only_cache_i_axi_to_cache_i_axi_burst_splitter_table_i_idq_head_tail_q[14]_head[0],reset,3
i_axi_interco_gen_bottom_level.gen_ro_cache.i_snitch_read_only_cache_i_axi_to_cache_i_axi_burst_splitter_table_i_idq_head_tail_q[14]_head[1],reset,3
i_axi_interco_gen_bottom_level.gen_ro_cache.i_snitch_read_only_cache_i_axi_to_cache_i_axi_burst_splitter_table_i_idq_head_tail_q[14]_head[2],reset,3
i_axi_interco_gen_bottom_level.gen_ro_cache.i_snitch_read_only_cache_i_axi_to_cache_i_axi_burst_splitter_table_i_idq_head_tail_q[14]_head[3],reset,3
i_axi_interco_gen_bottom_level.gen_ro_cache.i_snitch_read_only_cache_i_axi_to_cache_i_axi_burst_splitter_table_i_idq_head_tail_q[14]_id[2],reset,3
i_axi_interco_gen_bottom_level.gen_ro_cache.i_snitch_read_only_cache_i_axi_to_cache_i_axi_burst_splitter_table_i_idq_head_tail_q[14]_id[3],reset,3
i_axi_interco_gen_bottom_level.gen_ro_cache.i_snitch_read_only_cache_i_axi_to_cache_i_axi_burst_splitter_table_i_idq_head_tail_q[14]_id[4],reset,3
i_axi_interco_gen_bottom_level.gen_ro_cache.i_snitch_read_only_cache_i_axi_to_cache_i_axi_burst_splitter_table_i_idq_head_tail_q[14]_id[5],reset,3
i_axi_interco_gen_bottom_level.gen_ro_cache.i_snitch_read_only_cache_i_axi_to_cache_i_axi_burst_splitter_table_i_idq_head_tail_q[14]_id[6],reset,3
i_axi_interco_gen_bottom_level.gen_ro_cache.i_snitch_read_only_cache_i_axi_to_cache_i_axi_burst_splitter_table_i_idq_head_tail_q[14]_tail[0],reset,3
i_axi_interco_gen_bottom_level.gen_ro_cache.i_snitch_read_only_cache_i_axi_to_cache_i_axi_burst_splitter_table_i_idq_head_tail_q[14]_tail[2],reset,3
i_axi_interco_gen_bottom_level.gen_ro_cache.i_snitch_read_only_cache_i_axi_to_cache_i_axi_burst_splitter_table_i_idq_head_tail_q[14]_tail[3],reset,3
i_axi_interco_gen_bottom_level.gen_ro_cache.i_snitch_read_only_cache_i_axi_to_cache_i_axi_burst_splitter_table_i_idq_head_tail_q[15]_head[1],reset,3
i_axi_interco_gen_bottom_level.gen_ro_cache.i_snitch_read_only_cache_i_axi_to_cache_i_axi_burst_splitter_table_i_idq_head_tail_q[15]_head[2],reset,3
i_axi_interco_gen_bottom_level.gen_ro_cache.i_snitch_read_only_cache_i_axi_to_cache_i_axi_burst_splitter_table_i_idq_head_tail_q[15]_id[0],reset,3
i_axi_interco_gen_bottom_level.gen_ro_cache.i_snitch_read_only_cache_i_axi_to_cache_i_axi_burst_splitter_table_i_idq_head_tail_q[15]_id[2],reset,3
i_axi_interco_gen_bottom_level.gen_ro_cache.i_snitch_read_only_cache_i_axi_to_cache_i_axi_burst_splitter_table_i_idq_head_tail_q[15]_id[3],reset,3
i_axi_interco_gen_bottom_level.gen_ro_cache.i_snitch_read_only_cache_i_axi_to_cache_i_axi_burst_splitter_table_i_idq_head_tail_q[15]_id[4],reset,3
i_axi_interco_gen_bottom_level.gen_ro_cache.i_snitch_read_only_cache_i_axi_to_cache_i_axi_burst_splitter_table_i_idq_head_tail_q[15]_id[5],reset,3
i_axi_interco_gen_bottom_level.gen_ro_cache.i_snitch_read_only_cache_i_axi_to_cache_i_axi_burst_splitter_table_i_idq_head_tail_q[15]_id[6],reset,3
i_axi_interco_gen_bottom_level.gen_ro_cache.i_snitch_read_only_cache_i_axi_to_cache_i_axi_burst_splitter_table_i_idq_head_tail_q[15]_tail[2],reset,3
i_axi_interco_gen_bottom_level.gen_ro_cache.i_snitch_read_only_cache_i_axi_to_cache_i_axi_burst_splitter_table_i_idq_linked_data_q[0]_data[0],reset,3
i_axi_interco_gen_bottom_level.gen_ro_cache.i_snitch_read_only_cache_i_axi_to_cache_i_axi_burst_splitter_table_i_idq_linked_data_q[0]_data[2],reset,3
i_axi_interco_gen_bottom_level.gen_ro_cache.i_snitch_read_only_cache_i_axi_to_cache_i_axi_burst_splitter_table_i_idq_linked_data_q[0]_next[0],reset,3
i_axi_interco_gen_bottom_level.gen_ro_cache.i_snitch_read_only_cache_i_axi_to_cache_i_axi_burst_splitter_table_i_idq_linked_data_q[0]_next[1],reset,3
i_axi_interco_gen_bottom_level.gen_ro_cache.i_snitch_read_only_cache_i_axi_to_cache_i_axi_burst_splitter_table_i_idq_linked_data_q[0]_next[2],reset,3
i_axi_interco_gen_bottom_level.gen_ro_cache.i_snitch_read_only_cache_i_axi_to_cache_i_axi_burst_splitter_table_i_idq_linked_data_q[1]_free,reset,3
i_axi_interco_gen_bottom_level.gen_ro_cache.i_snitch_read_only_cache_i_axi_to_cache_i_axi_burst_splitter_table_i_idq_linked_data_q[1]_next[0],reset,3
i_axi_interco_gen_bottom_level.gen_ro_cache.i_snitch_read_only_cache_i_axi_to_cache_i_axi_burst_splitter_table_i_idq_linked_data_q[1]_next[1],reset,3
i_axi_interco_gen_bottom_level.gen_ro_cache.i_snitch_read_only_cache_i_axi_to_cache_i_axi_burst_splitter_table_i_idq_linked_data_q[1]_next[2],reset,3
i_axi_interco_gen_bottom_level.gen_ro_cache.i_snitch_read_only_cache_i_axi_to_cache_i_axi_burst_splitter_table_i_idq_linked_data_q[2]_data[0],reset,3
i_axi_interco_gen_bottom_level.gen_ro_cache.i_snitch_read_only_cache_i_axi_to_cache_i_axi_burst_splitter_table_i_idq_linked_data_q[2]_data[1],reset,3
i_axi_interco_gen_bottom_level.gen_ro_cache.i_snitch_read_only_cache_i_axi_to_cache_i_axi_burst_splitter_table_i_idq_linked_data_q[2]_data[2],reset,3
i_axi_interco_gen_bottom_level.gen_ro_cache.i_snitch_read_only_cache_i_axi_to_cache_i_axi_burst_splitter_table_i_idq_linked_data_q[2]_data[3],reset,3
i_axi_interco_gen_bottom_level.gen_ro_cache.i_snitch_read_only_cache_i_axi_to_cache_i_axi_burst_splitter_table_i_idq_linked_data_q[2]_next[2],reset,3
i_axi_interco_gen_bottom_level.gen_ro_cache.i_snitch_read_only_cache_i_axi_to_cache_i_axi_burst_splitter_table_i_idq_linked_data_q[3]_data[3],reset,3
i_axi_interco_gen_bottom_level.gen_ro_cache.i_snitch_read_only_cache_i_axi_to_cache_i_axi_burst_splitter_table_i_idq_linked_data_q[3]_next[1],reset,3
i_axi_interco_gen_bottom_level.gen_ro_cache.i_snitch_read_only_cache_i_axi_to_cache_i_axi_burst_splitter_table_i_idq_linked_data_q[3]_next[2],reset,3
i_axi_interco_gen_bottom_level.gen_ro_cache.i_snitch_read_only_cache_i_axi_to_cache_i_axi_burst_splitter_table_i_idq_linked_data_q[3]_next[3],reset,3
i_axi_interco_gen_bottom_level.gen_ro_cache.i_snitch_read_only_cache_i_axi_to_cache_i_axi_burst_splitter_table_i_idq_linked_data_q[4]_data[0],reset,3
i_axi_interco_gen_bottom_level.gen_ro_cache.i_snitch_read_only_cache_i_axi_to_cache_i_axi_burst_splitter_table_i_idq_linked_data_q[4]_data[2],reset,3
i_axi_interco_gen_bottom_level.gen_ro_cache.i_snitch_read_only_cache_i_axi_to_cache_i_axi_burst_splitter_table_i_idq_linked_data_q[4]_next[0],reset,3
i_axi_interco_gen_bottom_level.gen_ro_cache.i_snitch_read_only_cache_i_axi_to_cache_i_axi_burst_splitter_table_i_idq_linked_data_q[4]_next[2],reset,3
i_axi_interco_gen_bottom_level.gen_ro_cache.i_snitch_read_only_cache_i_axi_to_cache_i_axi_burst_splitter_table_i_idq_linked_data_q[4]_next[3],reset,3
i_axi_interco_gen_bottom_level.gen_ro_cache.i_snitch_read_only_cache_i_axi_to_cache_i_axi_burst_splitter_table_i_idq_linked_data_q[5]_data[1],reset,3
i_axi_interco_gen_bottom_level.gen_ro_cache.i_snitch_read_only_cache_i_axi_to_cache_i_axi_burst_splitter_table_i_idq_linked_data_q[5]_next[0],reset,3
i_axi_interco_gen_bottom_level.gen_ro_cache.i_snitch_read_only_cache_i_axi_to_cache_i_axi_burst_splitter_table_i_idq_linked_data_q[5]_next[1],reset,3
i_axi_interco_gen_bottom_level.gen_ro_cache.i_snitch_read_only_cache_i_axi_to_cache_i_axi_burst_splitter_table_i_idq_linked_data_q[5]_next[2],reset,3
i_axi_interco_gen_bottom_level.gen_ro_cache.i_snitch_read_only_cache_i_axi_to_cache_i_axi_burst_splitter_table_i_idq_linked_data_q[5]_next[3],reset,3
i_axi_interco_gen_bottom_level.gen_ro_cache.i_snitch_read_only_cache_i_axi_to_cache_i_axi_burst_splitter_table_i_idq_linked_data_q[6]_data[3],reset,3
i_axi_interco_gen_bottom_level.gen_ro_cache.i_snitch_read_only_cache_i_axi_to_cache_i_axi_burst_splitter_table_i_idq_linked_data_q[6]_next[2],reset,3
i_axi_interco_gen_bottom_level.gen_ro_cache.i_snitch_read_only_cache_i_axi_to_cache_i_axi_burst_splitter_table_i_idq_linked_data_q[7]_data[0],reset,3
i_axi_interco_gen_bottom_level.gen_ro_cache.i_snitch_read_only_cache_i_axi_to_cache_i_axi_burst_splitter_table_i_idq_linked_data_q[7]_data[2],reset,3
i_axi_interco_gen_bottom_level.gen_ro_cache.i_snitch_read_only_cache_i_axi_to_cache_i_axi_burst_splitter_table_i_idq_linked_data_q[7]_data[3],reset,3
i_axi_interco_gen_bottom_level.gen_ro_cache.i_snitch_read_only_cache_i_axi_to_cache_i_axi_burst_splitter_table_i_idq_linked_data_q[7]_next[0],reset,3
i_axi_interco_gen_bottom_level.gen_ro_cache.i_snitch_read_only_cache_i_axi_to_cache_i_axi_burst_splitter_table_i_idq_linked_data_q[7]_next[1],reset,3
i_axi_interco_gen_bottom_level.gen_ro_cache.i_snitch_read_only_cache_i_axi_to_cache_i_axi_burst_splitter_table_i_idq_linked_data_q[7]_next[2],reset,3
i_axi_interco_gen_bottom_level.gen_ro_cache.i_snitch_read_only_cache_i_axi_to_cache_i_axi_burst_splitter_table_i_idq_linked_data_q[7]_next[3],reset,3
i_axi_interco_gen_bottom_level.gen_ro_cache.i_snitch_read_only_cache_i_axi_to_cache_i_axi_burst_splitter_table_i_idq_linked_data_q[8]_data[1],reset,3
i_axi_interco_gen_bottom_level.gen_ro_cache.i_snitch_read_only_cache_i_axi_to_cache_i_axi_burst_splitter_table_i_idq_linked_data_q[8]_data[2],reset,3
i_axi_interco_gen_bottom_level.gen_ro_cache.i_snitch_read_only_cache_i_axi_to_cache_i_axi_burst_splitter_table_i_idq_linked_data_q[8]_next[0],reset,3
i_axi_interco_gen_bottom_level.gen_ro_cache.i_snitch_read_only_cache_i_axi_to_cache_i_axi_burst_splitter_table_i_idq_linked_data_q[8]_next[1],reset,3
i_axi_interco_gen_bottom_level.gen_ro_cache.i_snitch_read_only_cache_i_axi_to_cache_i_axi_burst_splitter_table_i_idq_linked_data_q[8]_next[2],reset,3
i_axi_interco_gen_bottom_level.gen_ro_cache.i_snitch_read_only_cache_i_axi_to_cache_i_axi_burst_splitter_table_i_idq_linked_data_q[8]_next[3],reset,3
i_axi_interco_gen_bottom_level.gen_ro_cache.i_snitch_read_only_cache_i_axi_to_cache_i_axi_burst_splitter_table_i_idq_linked_data_q[9]_data[0],reset,3
i_axi_interco_gen_bottom_level.gen_ro_cache.i_snitch_read_only_cache_i_axi_to_cache_i_axi_burst_splitter_table_i_idq_linked_data_q[9]_data[1],reset,3
i_axi_interco_gen_bottom_level.gen_ro_cache.i_snitch_read_only_cache_i_axi_to_cache_i_axi_burst_splitter_table_i_idq_linked_data_q[9]_data[2],reset,3
i_axi_interco_gen_bottom_level.gen_ro_cache.i_snitch_read_only_cache_i_axi_to_cache_i_axi_burst_splitter_table_i_idq_linked_data_q[9]_data[3],reset,3
i_axi_interco_gen_bottom_level.gen_ro_cache.i_snitch_read_only_cache_i_axi_to_cache_i_axi_burst_splitter_table_i_idq_linked_data_q[9]_free,reset,3
i_axi_interco_gen_bottom_level.gen_ro_cache.i_snitch_read_only_cache_i_axi_to_cache_i_axi_burst_splitter_table_i_idq_linked_data_q[9]_next[0],reset,3
i_axi_interco_gen_bottom_level.gen_ro_cache.i_snitch_read_only_cache_i_axi_to_cache_i_axi_burst_splitter_table_i_idq_linked_data_q[9]_next[2],reset,3
i_axi_interco_gen_bottom_level.gen_ro_cache.i_snitch_read_only_cache_i_axi_to_cache_i_axi_burst_splitter_table_i_idq_linked_data_q[9]_next[3],reset,3
i_axi_interco_gen_bottom_level.gen_ro_cache.i_snitch_read_only_cache_i_axi_to_cache_i_axi_burst_splitter_table_i_idq_linked_data_q[10]_data[0],reset,3
i_axi_interco_gen_bottom_level.gen_ro_cache.i_snitch_read_only_cache_i_axi_to_cache_i_axi_burst_splitter_table_i_idq_linked_data_q[10]_next[0],reset,3
i_axi_interco_gen_bottom_level.gen_ro_cache.i_snitch_read_only_cache_i_axi_to_cache_i_axi_burst_splitter_table_i_idq_linked_data_q[10]_next[1],reset,3
i_axi_interco_gen_bottom_level.gen_ro_cache.i_snitch_read_only_cache_i_axi_to_cache_i_axi_burst_splitter_table_i_idq_linked_data_q[10]_next[2],reset,3
i_axi_interco_gen_bottom_level.gen_ro_cache.i_snitch_read_only_cache_i_axi_to_cache_i_axi_burst_splitter_table_i_idq_linked_data_q[11]_data[0],reset,3
i_axi_interco_gen_bottom_level.gen_ro_cache.i_snitch_read_only_cache_i_axi_to_cache_i_axi_burst_splitter_table_i_idq_linked_data_q[11]_next[0],reset,3
i_axi_interco_gen_bottom_level.gen_ro_cache.i_snitch_read_only_cache_i_axi_to_cache_i_axi_burst_splitter_table_i_idq_linked_data_q[11]_next[2],reset,3
i_axi_interco_gen_bottom_level.gen_ro_cache.i_snitch_read_only_cache_i_axi_to_cache_i_axi_burst_splitter_table_i_idq_linked_data_q[12]_data[0],reset,3
i_axi_interco_gen_bottom_level.gen_ro_cache.i_snitch_read_only_cache_i_axi_to_cache_i_axi_burst_splitter_table_i_idq_linked_data_q[12]_data[3],reset,3
i_axi_interco_gen_bottom_level.gen_ro_cache.i_snitch_read_only_cache_i_axi_to_cache_i_axi_burst_splitter_table_i_idq_linked_data_q[12]_free,reset,3
i_axi_interco_gen_bottom_level.gen_ro_cache.i_snitch_read_only_cache_i_axi_to_cache_i_axi_burst_splitter_table_i_idq_linked_data_q[12]_next[0],reset,3
i_axi_interco_gen_bottom_level.gen_ro_cache.i_snitch_read_only_cache_i_axi_to_cache_i_axi_burst_splitter_table_i_idq_linked_data_q[12]_next[2],reset,3
i_axi_interco_gen_bottom_level.gen_ro_cache.i_snitch_read_only_cache_i_axi_to_cache_i_axi_burst_splitter_table_i_idq_linked_data_q[13]_data[3],reset,3
i_axi_interco_gen_bottom_level.gen_ro_cache.i_snitch_read_only_cache_i_axi_to_cache_i_axi_burst_splitter_table_i_idq_linked_data_q[13]_free,reset,3
i_axi_interco_gen_bottom_level.gen_ro_cache.i_snitch_read_only_cache_i_axi_to_cache_i_axi_burst_splitter_table_i_idq_linked_data_q[13]_next[0],reset,3
i_axi_interco_gen_bottom_level.gen_ro_cache.i_snitch_read_only_cache_i_axi_to_cache_i_axi_burst_splitter_table_i_idq_linked_data_q[13]_next[2],reset,3
i_axi_interco_gen_bottom_level.gen_ro_cache.i_snitch_read_only_cache_i_axi_to_cache_i_axi_burst_splitter_table_i_idq_linked_data_q[13]_next[3],reset,3
i_axi_interco_gen_bottom_level.gen_ro_cache.i_snitch_read_only_cache_i_axi_to_cache_i_axi_burst_splitter_table_i_idq_linked_data_q[14]_data[0],reset,3
i_axi_interco_gen_bottom_level.gen_ro_cache.i_snitch_read_only_cache_i_axi_to_cache_i_axi_burst_splitter_table_i_idq_linked_data_q[14]_data[2],reset,3
i_axi_interco_gen_bottom_level.gen_ro_cache.i_snitch_read_only_cache_i_axi_to_cache_i_axi_burst_splitter_table_i_idq_linked_data_q[14]_data[3],reset,3
i_axi_interco_gen_bottom_level.gen_ro_cache.i_snitch_read_only_cache_i_axi_to_cache_i_axi_burst_splitter_table_i_idq_linked_data_q[14]_free,reset,3
i_axi_interco_gen_bottom_level.gen_ro_cache.i_snitch_read_only_cache_i_axi_to_cache_i_axi_burst_splitter_table_i_idq_linked_data_q[14]_next[0],reset,3
i_axi_interco_gen_bottom_level.gen_ro_cache.i_snitch_read_only_cache_i_axi_to_cache_i_axi_burst_splitter_table_i_idq_linked_data_q[14]_next[1],reset,3
i_axi_interco_gen_bottom_level.gen_ro_cache.i_snitch_read_only_cache_i_axi_to_cache_i_axi_burst_splitter_table_i_idq_linked_data_q[14]_next[2],reset,3
i_axi_interco_gen_bottom_level.gen_ro_cache.i_snitch_read_only_cache_i_axi_to_cache_i_axi_burst_splitter_table_i_idq_linked_data_q[14]_next[3],reset,3
i_axi_interco_gen_bottom_level.gen_ro_cache.i_snitch_read_only_cache_i_axi_to_cache_i_axi_burst_splitter_table_i_idq_linked_data_q[15]_data[0],reset,3
i_axi_interco_gen_bottom_level.gen_ro_cache.i_snitch_read_only_cache_i_axi_to_cache_i_axi_burst_splitter_table_i_idq_linked_data_q[15]_data[1],reset,3
i_axi_interco_gen_bottom_level.gen_ro_cache.i_snitch_read_only_cache_i_axi_to_cache_i_axi_burst_splitter_table_i_idq_linked_data_q[15]_free,reset,3
i_axi_interco_gen_bottom_level.gen_ro_cache.i_snitch_read_only_cache_i_axi_to_cache_i_axi_burst_splitter_table_i_idq_linked_data_q[15]_next[0],reset,3
i_axi_interco_gen_bottom_level.gen_ro_cache.i_snitch_read_only_cache_i_axi_to_cache_i_axi_burst_splitter_table_i_idq_linked_data_q[15]_next[1],reset,3
i_axi_interco_gen_bottom_level.gen_ro_cache.i_snitch_read_only_cache_i_axi_to_cache_i_axi_burst_splitter_table_i_idq_linked_data_q[15]_next[2],reset,3
i_axi_interco_gen_bottom_level.i_axi_mux_gen_mux.i_ar_spill_reg_spill_register_flushable_i_gen_spill_reg.b_data_q_burst[1],reset,3
i_axi_interco_gen_bottom_level.i_axi_mux_gen_mux.i_aw_spill_reg_spill_register_flushable_i_gen_spill_reg.b_data_q_burst[0],reset,3
i_axi_interco_gen_bottom_level.i_axi_mux_gen_mux.i_aw_spill_reg_spill_register_flushable_i_gen_spill_reg.b_data_q_burst[1],reset,3
burst_req_o[339],reset,3
burst_req_o[340],reset,3
burst_req_o[345],reset,3
burst_req_o[346],reset,3
burst_req_o[348],reset,3
burst_req_o[351],reset,3
burst_req_o[352],reset,3
burst_req_o[353],reset,3
burst_req_o[450],reset,3
burst_req_o[451],reset,3
gen_dmas[0].i_axi_dma_backend_burst_req[49],reset,2
gen_dmas[0].i_axi_dma_backend_i_axi_dma_burst_reshaper_burst_d_deburst,reset,2
gen_dmas[0].i_axi_dma_backend_i_axi_dma_burst_reshaper_burst_d_shift[0],reset,2
gen_dmas[0].i_axi_dma_backend_i_axi_dma_burst_reshaper_burst_d_shift[2],reset,2
gen_dmas[0].i_axi_dma_backend_i_axi_dma_burst_reshaper_burst_d_shift[3],reset,2
gen_dmas[0].i_axi_dma_backend_i_axi_dma_burst_reshaper_burst_d_shift[4],reset,2
gen_dmas[0].i_axi_dma_backend_i_axi_dma_burst_reshaper_burst_q_src_num_bytes[27],reset,2
gen_dmas[1].i_axi_dma_backend_i_axi_dma_burst_reshaper_burst_d_shift[1],reset,2
gen_dmas[1].i_axi_dma_backend_i_axi_dma_burst_reshaper_burst_d_shift[4],reset,2
gen_dmas[1].i_axi_dma_backend_i_axi_dma_burst_reshaper_burst_q_src_num_bytes[5],reset,2
gen_dmas[2].i_axi_dma_backend_i_axi_dma_burst_reshaper_burst_d_deburst,reset,2
gen_dmas[2].i_axi_dma_backend_i_axi_dma_burst_reshaper_burst_d_shift[0],reset,2
gen_dmas[2].i_axi_dma_backend_i_axi_dma_burst_reshaper_burst_d_shift[1],reset,2
gen_dmas[2].i_axi_dma_backend_i_axi_dma_burst_reshaper_burst_d_shift[2],reset,2
gen_dmas[2].i_axi_dma_backend_i_axi_dma_burst_reshaper_burst_d_shift[3],reset,2
gen_dmas[2].i_axi_dma_backend_i_axi_dma_burst_reshaper_burst_d_shift[4],reset,2
gen_dmas[2].i_axi_dma_backend_i_axi_dma_burst_reshaper_burst_q_src_num_bytes[25],reset,2
gen_dmas[2].i_axi_dma_backend_i_axi_dma_burst_reshaper_burst_q_src_num_bytes[29],reset,2
gen_dmas[3].i_axi_dma_backend_i_axi_dma_burst_reshaper_burst_d_shift[0],reset,2
gen_dmas[3].i_axi_dma_backend_i_axi_dma_burst_reshaper_burst_d_shift[1],reset,2
gen_dmas[3].i_axi_dma_backend_i_axi_dma_burst_reshaper_burst_d_shift[2],reset,2
gen_dmas[3].i_axi_dma_backend_i_axi_dma_burst_reshaper_burst_d_shift[3],reset,2
gen_tiles[0].i_tile_gen_caches[0].i_snitch_icache_gen_prefetcher[0].i_snitch_icache_l0_gen_array[0].gen_latch.i_clk_gate_clk_en,clock,2
gen_tiles[0].i_tile_gen_caches[0].i_snitch_icache_gen_prefetcher[0].i_snitch_icache_l0_gen_array[1].gen_latch.i_clk_gate_clk_en,clock,2
gen_tiles[0].i_tile_gen_caches[0].i_snitch_icache_gen_prefetcher[0].i_snitch_icache_l0_gen_array[2].gen_latch.i_clk_gate_clk_en,clock,2
gen_tiles[0].i_tile_gen_caches[0].i_snitch_icache_gen_prefetcher[0].i_snitch_icache_l0_gen_array[3].gen_latch.i_clk_gate_clk_en,clock,2
gen_tiles[0].i_tile_gen_caches[0].i_snitch_icache_gen_prefetcher[1].i_snitch_icache_l0_gen_array[0].gen_latch.i_clk_gate_clk_en,clock,2
gen_tiles[0].i_tile_gen_caches[0].i_snitch_icache_gen_prefetcher[1].i_snitch_icache_l0_gen_array[1].gen_latch.i_clk_gate_clk_en,clock,2
gen_tiles[0].i_tile_gen_caches[0].i_snitch_icache_gen_prefetcher[1].i_snitch_icache_l0_gen_array[2].gen_latch.i_clk_gate_clk_en,clock,2
gen_tiles[0].i_tile_gen_caches[0].i_snitch_icache_gen_prefetcher[1].i_snitch_icache_l0_gen_array[3].gen_latch.i_clk_gate_clk_en,clock,2
gen_tiles[0].i_tile_gen_caches[0].i_snitch_icache_gen_prefetcher[2].i_snitch_icache_l0_gen_array[0].gen_latch.i_clk_gate_clk_en,clock,2
gen_tiles[0].i_tile_gen_caches[0].i_snitch_icache_gen_prefetcher[2].i_snitch_icache_l0_gen_array[1].gen_latch.i_clk_gate_clk_en,clock,2
gen_tiles[0].i_tile_gen_caches[0].i_snitch_icache_gen_prefetcher[2].i_snitch_icache_l0_gen_array[2].gen_latch.i_clk_gate_clk_en,clock,2
gen_tiles[0].i_tile_gen_caches[0].i_snitch_icache_gen_prefetcher[2].i_snitch_icache_l0_gen_array[3].gen_latch.i_clk_gate_clk_en,clock,2
gen_tiles[0].i_tile_gen_caches[0].i_snitch_icache_gen_prefetcher[3].i_snitch_icache_l0_gen_array[0].gen_latch.i_clk_gate_clk_en,clock,2
gen_tiles[0].i_tile_gen_caches[0].i_snitch_icache_gen_prefetcher[3].i_snitch_icache_l0_gen_array[1].gen_latch.i_clk_gate_clk_en,clock,2
gen_tiles[0].i_tile_gen_caches[0].i_snitch_icache_gen_prefetcher[3].i_snitch_icache_l0_gen_array[2].gen_latch.i_clk_gate_clk_en,clock,2
gen_tiles[0].i_tile_gen_caches[0].i_snitch_icache_gen_prefetcher[3].i_snitch_icache_l0_gen_array[3].gen_latch.i_clk_gate_clk_en,clock,2
gen_tiles[0].i_tile_gen_caches[0].i_snitch_icache_i_lookup_g_sets[0].gen_scm.i_tag_CG_CELL_WORD_ITER[0].CG_Inst_clk_en,clock,2
gen_tiles[0].i_tile_gen_caches[0].i_snitch_icache_i_lookup_g_sets[0].gen_scm.i_tag_CG_CELL_WORD_ITER[1].CG_Inst_clk_en,clock,2
gen_tiles[0].i_tile_gen_caches[0].i_snitch_icache_i_lookup_g_sets[0].gen_scm.i_tag_CG_CELL_WORD_ITER[2].CG_Inst_clk_en,clock,2
gen_tiles[0].i_tile_gen_caches[0].i_snitch_icache_i_lookup_g_sets[0].gen_scm.i_tag_CG_CELL_WORD_ITER[3].CG_Inst_clk_en,clock,2
gen_tiles[0].i_tile_gen_caches[0].i_snitch_icache_i_lookup_g_sets[0].gen_scm.i_tag_CG_CELL_WORD_ITER[4].CG_Inst_clk_en,clock,2
gen_tiles[0].i_tile_gen_caches[0].i_snitch_icache_i_lookup_g_sets[0].gen_scm.i_tag_CG_CELL_WORD_ITER[5].CG_Inst_clk_en,clock,2
gen_tiles[0].i_tile_gen_caches[0].i_snitch_icache_i_lookup_g_sets[0].gen_scm.i_tag_CG_CELL_WORD_ITER[6].CG_Inst_clk_en,clock,2
gen_tiles[0].i_tile_gen_caches[0].i_snitch_icache_i_lookup_g_sets[0].gen_scm.i_tag_CG_CELL_WORD_ITER[7].CG_Inst_clk_en,clock,2
gen_tiles[0].i_tile_gen_caches[0].i_snitch_icache_i_lookup_g_sets[0].gen_scm.i_tag_CG_CELL_WORD_ITER[8].CG_Inst_clk_en,clock,2
gen_tiles[0].i_tile_gen_caches[0].i_snitch_icache_i_lookup_g_sets[0].gen_scm.i_tag_CG_CELL_WORD_ITER[9].CG_Inst_clk_en,clock,2
gen_tiles[0].i_tile_gen_caches[0].i_snitch_icache_i_lookup_g_sets[0].gen_scm.i_tag_CG_CELL_WORD_ITER[10].CG_Inst_clk_en,clock,2
gen_tiles[0].i_tile_gen_caches[0].i_snitch_icache_i_lookup_g_sets[0].gen_scm.i_tag_CG_CELL_WORD_ITER[11].CG_Inst_clk_en,clock,2
gen_tiles[0].i_tile_gen_caches[0].i_snitch_icache_i_lookup_g_sets[0].gen_scm.i_tag_CG_CELL_WORD_ITER[12].CG_Inst_clk_en,clock,2
gen_tiles[0].i_tile_gen_caches[0].i_snitch_icache_i_lookup_g_sets[0].gen_scm.i_tag_CG_CELL_WORD_ITER[13].CG_Inst_clk_en,clock,2
gen_tiles[0].i_tile_gen_caches[0].i_snitch_icache_i_lookup_g_sets[0].gen_scm.i_tag_CG_CELL_WORD_ITER[14].CG_Inst_clk_en,clock,2
gen_tiles[0].i_tile_gen_caches[0].i_snitch_icache_i_lookup_g_sets[0].gen_scm.i_tag_CG_CELL_WORD_ITER[15].CG_Inst_clk_en,clock,2
gen_tiles[0].i_tile_gen_caches[0].i_snitch_icache_i_lookup_g_sets[0].gen_scm.i_tag_CG_CELL_WORD_ITER[16].CG_Inst_clk_en,clock,2
gen_tiles[0].i_tile_gen_caches[0].i_snitch_icache_i_lookup_g_sets[0].gen_scm.i_tag_CG_CELL_WORD_ITER[17].CG_Inst_clk_en,clock,2
gen_tiles[0].i_tile_gen_caches[0].i_snitch_icache_i_lookup_g_sets[0].gen_scm.i_tag_CG_CELL_WORD_ITER[18].CG_Inst_clk_en,clock,2
gen_tiles[0].i_tile_gen_caches[0].i_snitch_icache_i_lookup_g_sets[0].gen_scm.i_tag_CG_CELL_WORD_ITER[19].CG_Inst_clk_en,clock,2
gen_tiles[0].i_tile_gen_caches[0].i_snitch_icache_i_lookup_g_sets[0].gen_scm.i_tag_CG_CELL_WORD_ITER[20].CG_Inst_clk_en,clock,2
gen_tiles[0].i_tile_gen_caches[0].i_snitch_icache_i_lookup_g_sets[0].gen_scm.i_tag_CG_CELL_WORD_ITER[21].CG_Inst_clk_en,clock,2
gen_tiles[0].i_tile_gen_caches[0].i_snitch_icache_i_lookup_g_sets[0].gen_scm.i_tag_CG_CELL_WORD_ITER[22].CG_Inst_clk_en,clock,2
gen_tiles[0].i_tile_gen_caches[0].i_snitch_icache_i_lookup_g_sets[0].gen_scm.i_tag_CG_CELL_WORD_ITER[23].CG_Inst_clk_en,clock,2
gen_tiles[0].i_tile_gen_caches[0].i_snitch_icache_i_lookup_g_sets[0].gen_scm.i_tag_CG_CELL_WORD_ITER[24].CG_Inst_clk_en,clock,2
gen_tiles[0].i_tile_gen_caches[0].i_snitch_icache_i_lookup_g_sets[0].gen_scm.i_tag_CG_CELL_WORD_ITER[25].CG_Inst_clk_en,clock,2
gen_tiles[0].i_tile_gen_caches[0].i_snitch_icache_i_lookup_g_sets[0].gen_scm.i_tag_CG_CELL_WORD_ITER[26].CG_Inst_clk_en,clock,2
gen_tiles[0].i_tile_gen_caches[0].i_snitch_icache_i_lookup_g_sets[0].gen_scm.i_tag_CG_CELL_WORD_ITER[27].CG_Inst_clk_en,clock,2
gen_tiles[0].i_tile_gen_caches[0].i_snitch_icache_i_lookup_g_sets[0].gen_scm.i_tag_CG_CELL_WORD_ITER[28].CG_Inst_clk_en,clock,2
gen_tiles[0].i_tile_gen_caches[0].i_snitch_icache_i_lookup_g_sets[0].gen_scm.i_tag_CG_CELL_WORD_ITER[29].CG_Inst_clk_en,clock,2
gen_tiles[0].i_tile_gen_caches[0].i_snitch_icache_i_lookup_g_sets[0].gen_scm.i_tag_CG_CELL_WORD_ITER[30].CG_Inst_clk_en,clock,2
gen_tiles[0].i_tile_gen_caches[0].i_snitch_icache_i_lookup_g_sets[0].gen_scm.i_tag_CG_CELL_WORD_ITER[31].CG_Inst_clk_en,clock,2
gen_tiles[0].i_tile_gen_caches[0].i_snitch_icache_i_lookup_g_sets[0].gen_scm.i_tag_CG_WE_GLOBAL_clk_en,clock,2
gen_tiles[0].i_tile_gen_caches[0].i_snitch_icache_i_lookup_g_sets[1].gen_scm.i_tag_CG_CELL_WORD_ITER[0].CG_Inst_clk_en,clock,2
gen_tiles[0].i_tile_gen_caches[0].i_snitch_icache_i_lookup_g_sets[1].gen_scm.i_tag_CG_CELL_WORD_ITER[1].CG_Inst_clk_en,clock,2
gen_tiles[0].i_tile_gen_caches[0].i_snitch_icache_i_lookup_g_sets[1].gen_scm.i_tag_CG_CELL_WORD_ITER[2].CG_Inst_clk_en,clock,2
gen_tiles[0].i_tile_gen_caches[0].i_snitch_icache_i_lookup_g_sets[1].gen_scm.i_tag_CG_CELL_WORD_ITER[3].CG_Inst_clk_en,clock,2
gen_tiles[0].i_tile_gen_caches[0].i_snitch_icache_i_lookup_g_sets[1].gen_scm.i_tag_CG_CELL_WORD_ITER[4].CG_Inst_clk_en,clock,2
gen_tiles[0].i_tile_gen_caches[0].i_snitch_icache_i_lookup_g_sets[1].gen_scm.i_tag_CG_CELL_WORD_ITER[5].CG_Inst_clk_en,clock,2
gen_tiles[0].i_tile_gen_caches[0].i_snitch_icache_i_lookup_g_sets[1].gen_scm.i_tag_CG_CELL_WORD_ITER[6].CG_Inst_clk_en,clock,2
gen_tiles[0].i_tile_gen_caches[0].i_snitch_icache_i_lookup_g_sets[1].gen_scm.i_tag_CG_CELL_WORD_ITER[7].CG_Inst_clk_en,clock,2
gen_tiles[0].i_tile_gen_caches[0].i_snitch_icache_i_lookup_g_sets[1].gen_scm.i_tag_CG_CELL_WORD_ITER[8].CG_Inst_clk_en,clock,2
gen_tiles[0].i_tile_gen_caches[0].i_snitch_icache_i_lookup_g_sets[1].gen_scm.i_tag_CG_CELL_WORD_ITER[9].CG_Inst_clk_en,clock,2
gen_tiles[0].i_tile_gen_caches[0].i_snitch_icache_i_lookup_g_sets[1].gen_scm.i_tag_CG_CELL_WORD_ITER[10].CG_Inst_clk_en,clock,2
gen_tiles[0].i_tile_gen_caches[0].i_snitch_icache_i_lookup_g_sets[1].gen_scm.i_tag_CG_CELL_WORD_ITER[11].CG_Inst_clk_en,clock,2
gen_tiles[0].i_tile_gen_caches[0].i_snitch_icache_i_lookup_g_sets[1].gen_scm.i_tag_CG_CELL_WORD_ITER[12].CG_Inst_clk_en,clock,2
gen_tiles[0].i_tile_gen_caches[0].i_snitch_icache_i_lookup_g_sets[1].gen_scm.i_tag_CG_CELL_WORD_ITER[13].CG_Inst_clk_en,clock,2
gen_tiles[0].i_tile_gen_caches[0].i_snitch_icache_i_lookup_g_sets[1].gen_scm.i_tag_CG_CELL_WORD_ITER[14].CG_Inst_clk_en,clock,2
gen_tiles[0].i_tile_gen_caches[0].i_snitch_icache_i_lookup_g_sets[1].gen_scm.i_tag_CG_CELL_WORD_ITER[15].CG_Inst_clk_en,clock,2
gen_tiles[0].i_tile_gen_caches[0].i_snitch_icache_i_lookup_g_sets[1].gen_scm.i_tag_CG_CELL_WORD_ITER[16].CG_Inst_clk_en,clock,2
gen_tiles[0].i_tile_gen_caches[0].i_snitch_icache_i_lookup_g_sets[1].gen_scm.i_tag_CG_CELL_WORD_ITER[17].CG_Inst_clk_en,clock,2
gen_tiles[0].i_tile_gen_caches[0].i_snitch_icache_i_lookup_g_sets[1].gen_scm.i_tag_CG_CELL_WORD_ITER[18].CG_Inst_clk_en,clock,2
gen_tiles[0].i_tile_gen_caches[0].i_snitch_icache_i_lookup_g_sets[1].gen_scm.i_tag_CG_CELL_WORD_ITER[19].CG_Inst_clk_en,clock,2
gen_tiles[0].i_tile_gen_caches[0].i_snitch_icache_i_lookup_g_sets[1].gen_scm.i_tag_CG_CELL_WORD_ITER[20].CG_Inst_clk_en,clock,2
gen_tiles[0].i_tile_gen_caches[0].i_snitch_icache_i_lookup_g_sets[1].gen_scm.i_tag_CG_CELL_WORD_ITER[21].CG_Inst_clk_en,clock,2
gen_tiles[0].i_tile_gen_caches[0].i_snitch_icache_i_lookup_g_sets[1].gen_scm.i_tag_CG_CELL_WORD_ITER[22].CG_Inst_clk_en,clock,2
gen_tiles[0].i_tile_gen_caches[0].i_snitch_icache_i_lookup_g_sets[1].gen_scm.i_tag_CG_CELL_WORD_ITER[23].CG_Inst_clk_en,clock,2
gen_tiles[0].i_tile_gen_caches[0].i_snitch_icache_i_lookup_g_sets[1].gen_scm.i_tag_CG_CELL_WORD_ITER[24].CG_Inst_clk_en,clock,2
gen_tiles[0].i_tile_gen_caches[0].i_snitch_icache_i_lookup_g_sets[1].gen_scm.i_tag_CG_CELL_WORD_ITER[25].CG_Inst_clk_en,clock,2
gen_tiles[0].i_tile_gen_caches[0].i_snitch_icache_i_lookup_g_sets[1].gen_scm.i_tag_CG_CELL_WORD_ITER[26].CG_Inst_clk_en,clock,2
gen_tiles[0].i_tile_gen_caches[0].i_snitch_icache_i_lookup_g_sets[1].gen_scm.i_tag_CG_CELL_WORD_ITER[27].CG_Inst_clk_en,clock,2
gen_tiles[0].i_tile_gen_caches[0].i_snitch_icache_i_lookup_g_sets[1].gen_scm.i_tag_CG_CELL_WORD_ITER[28].CG_Inst_clk_en,clock,2
gen_tiles[0].i_tile_gen_caches[0].i_snitch_icache_i_lookup_g_sets[1].gen_scm.i_tag_CG_CELL_WORD_ITER[29].CG_Inst_clk_en,clock,2
gen_tiles[0].i_tile_gen_caches[0].i_snitch_icache_i_lookup_g_sets[1].gen_scm.i_tag_CG_CELL_WORD_ITER[30].CG_Inst_clk_en,clock,2
gen_tiles[0].i_tile_gen_caches[0].i_snitch_icache_i_lookup_g_sets[1].gen_scm.i_tag_CG_CELL_WORD_ITER[31].CG_Inst_clk_en,clock,2
gen_tiles[0].i_tile_gen_caches[0].i_snitch_icache_i_lookup_g_sets[1].gen_scm.i_tag_CG_WE_GLOBAL_clk_en,clock,2
gen_tiles[1].i_tile_gen_caches[0].i_snitch_icache_gen_prefetcher[0].i_snitch_icache_l0_gen_array[0].gen_latch.i_clk_gate_clk_en,clock,2
gen_tiles[1].i_tile_gen_caches[0].i_snitch_icache_gen_prefetcher[0].i_snitch_icache_l0_gen_array[1].gen_latch.i_clk_gate_clk_en,clock,2
gen_tiles[1].i_tile_gen_caches[0].i_snitch_icache_gen_prefetcher[0].i_snitch_icache_l0_gen_array[2].gen_latch.i_clk_gate_clk_en,clock,2
gen_tiles[1].i_tile_gen_caches[0].i_snitch_icache_gen_prefetcher[0].i_snitch_icache_l0_gen_array[3].gen_latch.i_clk_gate_clk_en,clock,2
gen_tiles[1].i_tile_gen_caches[0].i_snitch_icache_gen_prefetcher[1].i_snitch_icache_l0_gen_array[0].gen_latch.i_clk_gate_clk_en,clock,2
gen_tiles[1].i_tile_gen_caches[0].i_snitch_icache_gen_prefetcher[1].i_snitch_icache_l0_gen_array[1].gen_latch.i_clk_gate_clk_en,clock,2
gen_tiles[1].i_tile_gen_caches[0].i_snitch_icache_gen_prefetcher[1].i_snitch_icache_l0_gen_array[2].gen_latch.i_clk_gate_clk_en,clock,2
gen_tiles[1].i_tile_gen_caches[0].i_snitch_icache_gen_prefetcher[1].i_snitch_icache_l0_gen_array[3].gen_latch.i_clk_gate_clk_en,clock,2
gen_tiles[1].i_tile_gen_caches[0].i_snitch_icache_gen_prefetcher[2].i_snitch_icache_l0_gen_array[0].gen_latch.i_clk_gate_clk_en,clock,2
gen_tiles[1].i_tile_gen_caches[0].i_snitch_icache_gen_prefetcher[2].i_snitch_icache_l0_gen_array[1].gen_latch.i_clk_gate_clk_en,clock,2
gen_tiles[1].i_tile_gen_caches[0].i_snitch_icache_gen_prefetcher[2].i_snitch_icache_l0_gen_array[2].gen_latch.i_clk_gate_clk_en,clock,2
gen_tiles[1].i_tile_gen_caches[0].i_snitch_icache_gen_prefetcher[2].i_snitch_icache_l0_gen_array[3].gen_latch.i_clk_gate_clk_en,clock,2
gen_tiles[1].i_tile_gen_caches[0].i_snitch_icache_gen_prefetcher[3].i_snitch_icache_l0_gen_array[0].gen_latch.i_clk_gate_clk_en,clock,2
gen_tiles[1].i_tile_gen_caches[0].i_snitch_icache_gen_prefetcher[3].i_snitch_icache_l0_gen_array[1].gen_latch.i_clk_gate_clk_en,clock,2
gen_tiles[1].i_tile_gen_caches[0].i_snitch_icache_gen_prefetcher[3].i_snitch_icache_l0_gen_array[2].gen_latch.i_clk_gate_clk_en,clock,2
gen_tiles[1].i_tile_gen_caches[0].i_snitch_icache_gen_prefetcher[3].i_snitch_icache_l0_gen_array[3].gen_latch.i_clk_gate_clk_en,clock,2
gen_tiles[1].i_tile_gen_caches[0].i_snitch_icache_i_lookup_g_sets[0].gen_scm.i_tag_CG_CELL_WORD_ITER[0].CG_Inst_clk_en,clock,2
gen_tiles[1].i_tile_gen_caches[0].i_snitch_icache_i_lookup_g_sets[0].gen_scm.i_tag_CG_CELL_WORD_ITER[1].CG_Inst_clk_en,clock,2
gen_tiles[1].i_tile_gen_caches[0].i_snitch_icache_i_lookup_g_sets[0].gen_scm.i_tag_CG_CELL_WORD_ITER[2].CG_Inst_clk_en,clock,2
gen_tiles[1].i_tile_gen_caches[0].i_snitch_icache_i_lookup_g_sets[0].gen_scm.i_tag_CG_CELL_WORD_ITER[3].CG_Inst_clk_en,clock,2
gen_tiles[1].i_tile_gen_caches[0].i_snitch_icache_i_lookup_g_sets[0].gen_scm.i_tag_CG_CELL_WORD_ITER[4].CG_Inst_clk_en,clock,2
gen_tiles[1].i_tile_gen_caches[0].i_snitch_icache_i_lookup_g_sets[0].gen_scm.i_tag_CG_CELL_WORD_ITER[5].CG_Inst_clk_en,clock,2
gen_tiles[1].i_tile_gen_caches[0].i_snitch_icache_i_lookup_g_sets[0].gen_scm.i_tag_CG_CELL_WORD_ITER[6].CG_Inst_clk_en,clock,2
gen_tiles[1].i_tile_gen_caches[0].i_snitch_icache_i_lookup_g_sets[0].gen_scm.i_tag_CG_CELL_WORD_ITER[7].CG_Inst_clk_en,clock,2
gen_tiles[1].i_tile_gen_caches[0].i_snitch_icache_i_lookup_g_sets[0].gen_scm.i_tag_CG_CELL_WORD_ITER[8].CG_Inst_clk_en,clock,2
gen_tiles[1].i_tile_gen_caches[0].i_snitch_icache_i_lookup_g_sets[0].gen_scm.i_tag_CG_CELL_WORD_ITER[9].CG_Inst_clk_en,clock,2
gen_tiles[1].i_tile_gen_caches[0].i_snitch_icache_i_lookup_g_sets[0].gen_scm.i_tag_CG_CELL_WORD_ITER[10].CG_Inst_clk_en,clock,2
gen_tiles[1].i_tile_gen_caches[0].i_snitch_icache_i_lookup_g_sets[0].gen_scm.i_tag_CG_CELL_WORD_ITER[11].CG_Inst_clk_en,clock,2
gen_tiles[1].i_tile_gen_caches[0].i_snitch_icache_i_lookup_g_sets[0].gen_scm.i_tag_CG_CELL_WORD_ITER[12].CG_Inst_clk_en,clock,2
gen_tiles[1].i_tile_gen_caches[0].i_snitch_icache_i_lookup_g_sets[0].gen_scm.i_tag_CG_CELL_WORD_ITER[13].CG_Inst_clk_en,clock,2
gen_tiles[1].i_tile_gen_caches[0].i_snitch_icache_i_lookup_g_sets[0].gen_scm.i_tag_CG_CELL_WORD_ITER[14].CG_Inst_clk_en,clock,2
gen_tiles[1].i_tile_gen_caches[0].i_snitch_icache_i_lookup_g_sets[0].gen_scm.i_tag_CG_CELL_WORD_ITER[15].CG_Inst_clk_en,clock,2
gen_tiles[1].i_tile_gen_caches[0].i_snitch_icache_i_lookup_g_sets[0].gen_scm.i_tag_CG_CELL_WORD_ITER[16].CG_Inst_clk_en,clock,2
gen_tiles[1].i_tile_gen_caches[0].i_snitch_icache_i_lookup_g_sets[0].gen_scm.i_tag_CG_CELL_WORD_ITER[17].CG_Inst_clk_en,clock,2
gen_tiles[1].i_tile_gen_caches[0].i_snitch_icache_i_lookup_g_sets[0].gen_scm.i_tag_CG_CELL_WORD_ITER[18].CG_Inst_clk_en,clock,2
gen_tiles[1].i_tile_gen_caches[0].i_snitch_icache_i_lookup_g_sets[0].gen_scm.i_tag_CG_CELL_WORD_ITER[19].CG_Inst_clk_en,clock,2
gen_tiles[1].i_tile_gen_caches[0].i_snitch_icache_i_lookup_g_sets[0].gen_scm.i_tag_CG_CELL_WORD_ITER[20].CG_Inst_clk_en,clock,2
gen_tiles[1].i_tile_gen_caches[0].i_snitch_icache_i_lookup_g_sets[0].gen_scm.i_tag_CG_CELL_WORD_ITER[21].CG_Inst_clk_en,clock,2
gen_tiles[1].i_tile_gen_caches[0].i_snitch_icache_i_lookup_g_sets[0].gen_scm.i_tag_CG_CELL_WORD_ITER[22].CG_Inst_clk_en,clock,2
gen_tiles[1].i_tile_gen_caches[0].i_snitch_icache_i_lookup_g_sets[0].gen_scm.i_tag_CG_CELL_WORD_ITER[23].CG_Inst_clk_en,clock,2
gen_tiles[1].i_tile_gen_caches[0].i_snitch_icache_i_lookup_g_sets[0].gen_scm.i_tag_CG_CELL_WORD_ITER[24].CG_Inst_clk_en,clock,2
gen_tiles[1].i_tile_gen_caches[0].i_snitch_icache_i_lookup_g_sets[0].gen_scm.i_tag_CG_CELL_WORD_ITER[25].CG_Inst_clk_en,clock,2
gen_tiles[1].i_tile_gen_caches[0].i_snitch_icache_i_lookup_g_sets[0].gen_scm.i_tag_CG_CELL_WORD_ITER[26].CG_Inst_clk_en,clock,2
gen_tiles[1].i_tile_gen_caches[0].i_snitch_icache_i_lookup_g_sets[0].gen_scm.i_tag_CG_CELL_WORD_ITER[27].CG_Inst_clk_en,clock,2
gen_tiles[1].i_tile_gen_caches[0].i_snitch_icache_i_lookup_g_sets[0].gen_scm.i_tag_CG_CELL_WORD_ITER[28].CG_Inst_clk_en,clock,2
gen_tiles[1].i_tile_gen_caches[0].i_snitch_icache_i_lookup_g_sets[0].gen_scm.i_tag_CG_CELL_WORD_ITER[29].CG_Inst_clk_en,clock,2
gen_tiles[1].i_tile_gen_caches[0].i_snitch_icache_i_lookup_g_sets[0].gen_scm.i_tag_CG_CELL_WORD_ITER[30].CG_Inst_clk_en,clock,2
gen_tiles[1].i_tile_gen_caches[0].i_snitch_icache_i_lookup_g_sets[0].gen_scm.i_tag_CG_CELL_WORD_ITER[31].CG_Inst_clk_en,clock,2
gen_tiles[1].i_tile_gen_caches[0].i_snitch_icache_i_lookup_g_sets[0].gen_scm.i_tag_CG_WE_GLOBAL_clk_en,clock,2
gen_tiles[1].i_tile_gen_caches[0].i_snitch_icache_i_lookup_g_sets[1].gen_scm.i_tag_CG_CELL_WORD_ITER[0].CG_Inst_clk_en,clock,2
gen_tiles[1].i_tile_gen_caches[0].i_snitch_icache_i_lookup_g_sets[1].gen_scm.i_tag_CG_CELL_WORD_ITER[1].CG_Inst_clk_en,clock,2
gen_tiles[1].i_tile_gen_caches[0].i_snitch_icache_i_lookup_g_sets[1].gen_scm.i_tag_CG_CELL_WORD_ITER[2].CG_Inst_clk_en,clock,2
gen_tiles[1].i_tile_gen_caches[0].i_snitch_icache_i_lookup_g_sets[1].gen_scm.i_tag_CG_CELL_WORD_ITER[3].CG_Inst_clk_en,clock,2
gen_tiles[1].i_tile_gen_caches[0].i_snitch_icache_i_lookup_g_sets[1].gen_scm.i_tag_CG_CELL_WORD_ITER[4].CG_Inst_clk_en,clock,2
gen_tiles[1].i_tile_gen_caches[0].i_snitch_icache_i_lookup_g_sets[1].gen_scm.i_tag_CG_CELL_WORD_ITER[5].CG_Inst_clk_en,clock,2
gen_tiles[1].i_tile_gen_caches[0].i_snitch_icache_i_lookup_g_sets[1].gen_scm.i_tag_CG_CELL_WORD_ITER[6].CG_Inst_clk_en,clock,2
gen_tiles[1].i_tile_gen_caches[0].i_snitch_icache_i_lookup_g_sets[1].gen_scm.i_tag_CG_CELL_WORD_ITER[7].CG_Inst_clk_en,clock,2
gen_tiles[1].i_tile_gen_caches[0].i_snitch_icache_i_lookup_g_sets[1].gen_scm.i_tag_CG_CELL_WORD_ITER[8].CG_Inst_clk_en,clock,2
gen_tiles[1].i_tile_gen_caches[0].i_snitch_icache_i_lookup_g_sets[1].gen_scm.i_tag_CG_CELL_WORD_ITER[9].CG_Inst_clk_en,clock,2
gen_tiles[1].i_tile_gen_caches[0].i_snitch_icache_i_lookup_g_sets[1].gen_scm.i_tag_CG_CELL_WORD_ITER[10].CG_Inst_clk_en,clock,2
gen_tiles[1].i_tile_gen_caches[0].i_snitch_icache_i_lookup_g_sets[1].gen_scm.i_tag_CG_CELL_WORD_ITER[11].CG_Inst_clk_en,clock,2
gen_tiles[1].i_tile_gen_caches[0].i_snitch_icache_i_lookup_g_sets[1].gen_scm.i_tag_CG_CELL_WORD_ITER[12].CG_Inst_clk_en,clock,2
gen_tiles[1].i_tile_gen_caches[0].i_snitch_icache_i_lookup_g_sets[1].gen_scm.i_tag_CG_CELL_WORD_ITER[13].CG_Inst_clk_en,clock,2
gen_tiles[1].i_tile_gen_caches[0].i_snitch_icache_i_lookup_g_sets[1].gen_scm.i_tag_CG_CELL_WORD_ITER[14].CG_Inst_clk_en,clock,2
gen_tiles[1].i_tile_gen_caches[0].i_snitch_icache_i_lookup_g_sets[1].gen_scm.i_tag_CG_CELL_WORD_ITER[15].CG_Inst_clk_en,clock,2
gen_tiles[1].i_tile_gen_caches[0].i_snitch_icache_i_lookup_g_sets[1].gen_scm.i_tag_CG_CELL_WORD_ITER[16].CG_Inst_clk_en,clock,2
gen_tiles[1].i_tile_gen_caches[0].i_snitch_icache_i_lookup_g_sets[1].gen_scm.i_tag_CG_CELL_WORD_ITER[17].CG_Inst_clk_en,clock,2
gen_tiles[1].i_tile_gen_caches[0].i_snitch_icache_i_lookup_g_sets[1].gen_scm.i_tag_CG_CELL_WORD_ITER[18].CG_Inst_clk_en,clock,2
gen_tiles[1].i_tile_gen_caches[0].i_snitch_icache_i_lookup_g_sets[1].gen_scm.i_tag_CG_CELL_WORD_ITER[19].CG_Inst_clk_en,clock,2
gen_tiles[1].i_tile_gen_caches[0].i_snitch_icache_i_lookup_g_sets[1].gen_scm.i_tag_CG_CELL_WORD_ITER[20].CG_Inst_clk_en,clock,2
gen_tiles[1].i_tile_gen_caches[0].i_snitch_icache_i_lookup_g_sets[1].gen_scm.i_tag_CG_CELL_WORD_ITER[21].CG_Inst_clk_en,clock,2
gen_tiles[1].i_tile_gen_caches[0].i_snitch_icache_i_lookup_g_sets[1].gen_scm.i_tag_CG_CELL_WORD_ITER[22].CG_Inst_clk_en,clock,2
gen_tiles[1].i_tile_gen_caches[0].i_snitch_icache_i_lookup_g_sets[1].gen_scm.i_tag_CG_CELL_WORD_ITER[23].CG_Inst_clk_en,clock,2
gen_tiles[1].i_tile_gen_caches[0].i_snitch_icache_i_lookup_g_sets[1].gen_scm.i_tag_CG_CELL_WORD_ITER[24].CG_Inst_clk_en,clock,2
gen_tiles[1].i_tile_gen_caches[0].i_snitch_icache_i_lookup_g_sets[1].gen_scm.i_tag_CG_CELL_WORD_ITER[25].CG_Inst_clk_en,clock,2
gen_tiles[1].i_tile_gen_caches[0].i_snitch_icache_i_lookup_g_sets[1].gen_scm.i_tag_CG_CELL_WORD_ITER[26].CG_Inst_clk_en,clock,2
gen_tiles[1].i_tile_gen_caches[0].i_snitch_icache_i_lookup_g_sets[1].gen_scm.i_tag_CG_CELL_WORD_ITER[27].CG_Inst_clk_en,clock,2
gen_tiles[1].i_tile_gen_caches[0].i_snitch_icache_i_lookup_g_sets[1].gen_scm.i_tag_CG_CELL_WORD_ITER[28].CG_Inst_clk_en,clock,2
gen_tiles[1].i_tile_gen_caches[0].i_snitch_icache_i_lookup_g_sets[1].gen_scm.i_tag_CG_CELL_WORD_ITER[29].CG_Inst_clk_en,clock,2
gen_tiles[1].i_tile_gen_caches[0].i_snitch_icache_i_lookup_g_sets[1].gen_scm.i_tag_CG_CELL_WORD_ITER[30].CG_Inst_clk_en,clock,2
gen_tiles[1].i_tile_gen_caches[0].i_snitch_icache_i_lookup_g_sets[1].gen_scm.i_tag_CG_CELL_WORD_ITER[31].CG_Inst_clk_en,clock,2
gen_tiles[1].i_tile_gen_caches[0].i_snitch_icache_i_lookup_g_sets[1].gen_scm.i_tag_CG_WE_GLOBAL_clk_en,clock,2
gen_tiles[2].i_tile_gen_caches[0].i_snitch_icache_gen_prefetcher[0].i_snitch_icache_l0_gen_array[0].gen_latch.i_clk_gate_clk_en,clock,2
gen_tiles[2].i_tile_gen_caches[0].i_snitch_icache_gen_prefetcher[0].i_snitch_icache_l0_gen_array[1].gen_latch.i_clk_gate_clk_en,clock,2
gen_tiles[2].i_tile_gen_caches[0].i_snitch_icache_gen_prefetcher[0].i_snitch_icache_l0_gen_array[2].gen_latch.i_clk_gate_clk_en,clock,2
gen_tiles[2].i_tile_gen_caches[0].i_snitch_icache_gen_prefetcher[0].i_snitch_icache_l0_gen_array[3].gen_latch.i_clk_gate_clk_en,clock,2
gen_tiles[2].i_tile_gen_caches[0].i_snitch_icache_gen_prefetcher[1].i_snitch_icache_l0_gen_array[0].gen_latch.i_clk_gate_clk_en,clock,2
gen_tiles[2].i_tile_gen_caches[0].i_snitch_icache_gen_prefetcher[1].i_snitch_icache_l0_gen_array[1].gen_latch.i_clk_gate_clk_en,clock,2
gen_tiles[2].i_tile_gen_caches[0].i_snitch_icache_gen_prefetcher[1].i_snitch_icache_l0_gen_array[2].gen_latch.i_clk_gate_clk_en,clock,2
gen_tiles[2].i_tile_gen_caches[0].i_snitch_icache_gen_prefetcher[1].i_snitch_icache_l0_gen_array[3].gen_latch.i_clk_gate_clk_en,clock,2
gen_tiles[2].i_tile_gen_caches[0].i_snitch_icache_gen_prefetcher[2].i_snitch_icache_l0_gen_array[0].gen_latch.i_clk_gate_clk_en,clock,2
gen_tiles[2].i_tile_gen_caches[0].i_snitch_icache_gen_prefetcher[2].i_snitch_icache_l0_gen_array[1].gen_latch.i_clk_gate_clk_en,clock,2
gen_tiles[2].i_tile_gen_caches[0].i_snitch_icache_gen_prefetcher[2].i_snitch_icache_l0_gen_array[2].gen_latch.i_clk_gate_clk_en,clock,2
gen_tiles[2].i_tile_gen_caches[0].i_snitch_icache_gen_prefetcher[2].i_snitch_icache_l0_gen_array[3].gen_latch.i_clk_gate_clk_en,clock,2
gen_tiles[2].i_tile_gen_caches[0].i_snitch_icache_gen_prefetcher[3].i_snitch_icache_l0_gen_array[0].gen_latch.i_clk_gate_clk_en,clock,2
gen_tiles[2].i_tile_gen_caches[0].i_snitch_icache_gen_prefetcher[3].i_snitch_icache_l0_gen_array[1].gen_latch.i_clk_gate_clk_en,clock,2
gen_tiles[2].i_tile_gen_caches[0].i_snitch_icache_gen_prefetcher[3].i_snitch_icache_l0_gen_array[2].gen_latch.i_clk_gate_clk_en,clock,2
gen_tiles[2].i_tile_gen_caches[0].i_snitch_icache_gen_prefetcher[3].i_snitch_icache_l0_gen_array[3].gen_latch.i_clk_gate_clk_en,clock,2
gen_tiles[2].i_tile_gen_caches[0].i_snitch_icache_i_lookup_g_sets[0].gen_scm.i_tag_CG_CELL_WORD_ITER[0].CG_Inst_clk_en,clock,2
gen_tiles[2].i_tile_gen_caches[0].i_snitch_icache_i_lookup_g_sets[0].gen_scm.i_tag_CG_CELL_WORD_ITER[1].CG_Inst_clk_en,clock,2
gen_tiles[2].i_tile_gen_caches[0].i_snitch_icache_i_lookup_g_sets[0].gen_scm.i_tag_CG_CELL_WORD_ITER[2].CG_Inst_clk_en,clock,2
gen_tiles[2].i_tile_gen_caches[0].i_snitch_icache_i_lookup_g_sets[0].gen_scm.i_tag_CG_CELL_WORD_ITER[3].CG_Inst_clk_en,clock,2
gen_tiles[2].i_tile_gen_caches[0].i_snitch_icache_i_lookup_g_sets[0].gen_scm.i_tag_CG_CELL_WORD_ITER[4].CG_Inst_clk_en,clock,2
gen_tiles[2].i_tile_gen_caches[0].i_snitch_icache_i_lookup_g_sets[0].gen_scm.i_tag_CG_CELL_WORD_ITER[5].CG_Inst_clk_en,clock,2
gen_tiles[2].i_tile_gen_caches[0].i_snitch_icache_i_lookup_g_sets[0].gen_scm.i_tag_CG_CELL_WORD_ITER[6].CG_Inst_clk_en,clock,2
gen_tiles[2].i_tile_gen_caches[0].i_snitch_icache_i_lookup_g_sets[0].gen_scm.i_tag_CG_CELL_WORD_ITER[7].CG_Inst_clk_en,clock,2
gen_tiles[2].i_tile_gen_caches[0].i_snitch_icache_i_lookup_g_sets[0].gen_scm.i_tag_CG_CELL_WORD_ITER[8].CG_Inst_clk_en,clock,2
gen_tiles[2].i_tile_gen_caches[0].i_snitch_icache_i_lookup_g_sets[0].gen_scm.i_tag_CG_CELL_WORD_ITER[9].CG_Inst_clk_en,clock,2
gen_tiles[2].i_tile_gen_caches[0].i_snitch_icache_i_lookup_g_sets[0].gen_scm.i_tag_CG_CELL_WORD_ITER[10].CG_Inst_clk_en,clock,2
gen_tiles[2].i_tile_gen_caches[0].i_snitch_icache_i_lookup_g_sets[0].gen_scm.i_tag_CG_CELL_WORD_ITER[11].CG_Inst_clk_en,clock,2
gen_tiles[2].i_tile_gen_caches[0].i_snitch_icache_i_lookup_g_sets[0].gen_scm.i_tag_CG_CELL_WORD_ITER[12].CG_Inst_clk_en,clock,2
gen_tiles[2].i_tile_gen_caches[0].i_snitch_icache_i_lookup_g_sets[0].gen_scm.i_tag_CG_CELL_WORD_ITER[13].CG_Inst_clk_en,clock,2
gen_tiles[2].i_tile_gen_caches[0].i_snitch_icache_i_lookup_g_sets[0].gen_scm.i_tag_CG_CELL_WORD_ITER[14].CG_Inst_clk_en,clock,2
gen_tiles[2].i_tile_gen_caches[0].i_snitch_icache_i_lookup_g_sets[0].gen_scm.i_tag_CG_CELL_WORD_ITER[15].CG_Inst_clk_en,clock,2
gen_tiles[2].i_tile_gen_caches[0].i_snitch_icache_i_lookup_g_sets[0].gen_scm.i_tag_CG_CELL_WORD_ITER[16].CG_Inst_clk_en,clock,2
gen_tiles[2].i_tile_gen_caches[0].i_snitch_icache_i_lookup_g_sets[0].gen_scm.i_tag_CG_CELL_WORD_ITER[17].CG_Inst_clk_en,clock,2
gen_tiles[2].i_tile_gen_caches[0].i_snitch_icache_i_lookup_g_sets[0].gen_scm.i_tag_CG_CELL_WORD_ITER[18].CG_Inst_clk_en,clock,2
gen_tiles[2].i_tile_gen_caches[0].i_snitch_icache_i_lookup_g_sets[0].gen_scm.i_tag_CG_CELL_WORD_ITER[19].CG_Inst_clk_en,clock,2
gen_tiles[2].i_tile_gen_caches[0].i_snitch_icache_i_lookup_g_sets[0].gen_scm.i_tag_CG_CELL_WORD_ITER[20].CG_Inst_clk_en,clock,2
gen_tiles[2].i_tile_gen_caches[0].i_snitch_icache_i_lookup_g_sets[0].gen_scm.i_tag_CG_CELL_WORD_ITER[21].CG_Inst_clk_en,clock,2
gen_tiles[2].i_tile_gen_caches[0].i_snitch_icache_i_lookup_g_sets[0].gen_scm.i_tag_CG_CELL_WORD_ITER[22].CG_Inst_clk_en,clock,2
gen_tiles[2].i_tile_gen_caches[0].i_snitch_icache_i_lookup_g_sets[0].gen_scm.i_tag_CG_CELL_WORD_ITER[23].CG_Inst_clk_en,clock,2
gen_tiles[2].i_tile_gen_caches[0].i_snitch_icache_i_lookup_g_sets[0].gen_scm.i_tag_CG_CELL_WORD_ITER[24].CG_Inst_clk_en,clock,2
gen_tiles[2].i_tile_gen_caches[0].i_snitch_icache_i_lookup_g_sets[0].gen_scm.i_tag_CG_CELL_WORD_ITER[25].CG_Inst_clk_en,clock,2
gen_tiles[2].i_tile_gen_caches[0].i_snitch_icache_i_lookup_g_sets[0].gen_scm.i_tag_CG_CELL_WORD_ITER[26].CG_Inst_clk_en,clock,2
gen_tiles[2].i_tile_gen_caches[0].i_snitch_icache_i_lookup_g_sets[0].gen_scm.i_tag_CG_CELL_WORD_ITER[27].CG_Inst_clk_en,clock,2
gen_tiles[2].i_tile_gen_caches[0].i_snitch_icache_i_lookup_g_sets[0].gen_scm.i_tag_CG_CELL_WORD_ITER[28].CG_Inst_clk_en,clock,2
gen_tiles[2].i_tile_gen_caches[0].i_snitch_icache_i_lookup_g_sets[0].gen_scm.i_tag_CG_CELL_WORD_ITER[29].CG_Inst_clk_en,clock,2
gen_tiles[2].i_tile_gen_caches[0].i_snitch_icache_i_lookup_g_sets[0].gen_scm.i_tag_CG_CELL_WORD_ITER[30].CG_Inst_clk_en,clock,2
gen_tiles[2].i_tile_gen_caches[0].i_snitch_icache_i_lookup_g_sets[0].gen_scm.i_tag_CG_CELL_WORD_ITER[31].CG_Inst_clk_en,clock,2
gen_tiles[2].i_tile_gen_caches[0].i_snitch_icache_i_lookup_g_sets[0].gen_scm.i_tag_CG_WE_GLOBAL_clk_en,clock,2
gen_tiles[2].i_tile_gen_caches[0].i_snitch_icache_i_lookup_g_sets[1].gen_scm.i_tag_CG_CELL_WORD_ITER[0].CG_Inst_clk_en,clock,2
gen_tiles[2].i_tile_gen_caches[0].i_snitch_icache_i_lookup_g_sets[1].gen_scm.i_tag_CG_CELL_WORD_ITER[1].CG_Inst_clk_en,clock,2
gen_tiles[2].i_tile_gen_caches[0].i_snitch_icache_i_lookup_g_sets[1].gen_scm.i_tag_CG_CELL_WORD_ITER[2].CG_Inst_clk_en,clock,2
gen_tiles[2].i_tile_gen_caches[0].i_snitch_icache_i_lookup_g_sets[1].gen_scm.i_tag_CG_CELL_WORD_ITER[3].CG_Inst_clk_en,clock,2
gen_tiles[2].i_tile_gen_caches[0].i_snitch_icache_i_lookup_g_sets[1].gen_scm.i_tag_CG_CELL_WORD_ITER[4].CG_Inst_clk_en,clock,2
gen_tiles[2].i_tile_gen_caches[0].i_snitch_icache_i_lookup_g_sets[1].gen_scm.i_tag_CG_CELL_WORD_ITER[5].CG_Inst_clk_en,clock,2
gen_tiles[2].i_tile_gen_caches[0].i_snitch_icache_i_lookup_g_sets[1].gen_scm.i_tag_CG_CELL_WORD_ITER[6].CG_Inst_clk_en,clock,2
gen_tiles[2].i_tile_gen_caches[0].i_snitch_icache_i_lookup_g_sets[1].gen_scm.i_tag_CG_CELL_WORD_ITER[7].CG_Inst_clk_en,clock,2
gen_tiles[2].i_tile_gen_caches[0].i_snitch_icache_i_lookup_g_sets[1].gen_scm.i_tag_CG_CELL_WORD_ITER[8].CG_Inst_clk_en,clock,2
gen_tiles[2].i_tile_gen_caches[0].i_snitch_icache_i_lookup_g_sets[1].gen_scm.i_tag_CG_CELL_WORD_ITER[9].CG_Inst_clk_en,clock,2
gen_tiles[2].i_tile_gen_caches[0].i_snitch_icache_i_lookup_g_sets[1].gen_scm.i_tag_CG_CELL_WORD_ITER[10].CG_Inst_clk_en,clock,2
gen_tiles[2].i_tile_gen_caches[0].i_snitch_icache_i_lookup_g_sets[1].gen_scm.i_tag_CG_CELL_WORD_ITER[11].CG_Inst_clk_en,clock,2
gen_tiles[2].i_tile_gen_caches[0].i_snitch_icache_i_lookup_g_sets[1].gen_scm.i_tag_CG_CELL_WORD_ITER[12].CG_Inst_clk_en,clock,2
gen_tiles[2].i_tile_gen_caches[0].i_snitch_icache_i_lookup_g_sets[1].gen_scm.i_tag_CG_CELL_WORD_ITER[13].CG_Inst_clk_en,clock,2
gen_tiles[2].i_tile_gen_caches[0].i_snitch_icache_i_lookup_g_sets[1].gen_scm.i_tag_CG_CELL_WORD_ITER[14].CG_Inst_clk_en,clock,2
gen_tiles[2].i_tile_gen_caches[0].i_snitch_icache_i_lookup_g_sets[1].gen_scm.i_tag_CG_CELL_WORD_ITER[15].CG_Inst_clk_en,clock,2
gen_tiles[2].i_tile_gen_caches[0].i_snitch_icache_i_lookup_g_sets[1].gen_scm.i_tag_CG_CELL_WORD_ITER[16].CG_Inst_clk_en,clock,2
gen_tiles[2].i_tile_gen_caches[0].i_snitch_icache_i_lookup_g_sets[1].gen_scm.i_tag_CG_CELL_WORD_ITER[17].CG_Inst_clk_en,clock,2
gen_tiles[2].i_tile_gen_caches[0].i_snitch_icache_i_lookup_g_sets[1].gen_scm.i_tag_CG_CELL_WORD_ITER[18].CG_Inst_clk_en,clock,2
gen_tiles[2].i_tile_gen_caches[0].i_snitch_icache_i_lookup_g_sets[1].gen_scm.i_tag_CG_CELL_WORD_ITER[19].CG_Inst_clk_en,clock,2
gen_tiles[2].i_tile_gen_caches[0].i_snitch_icache_i_lookup_g_sets[1].gen_scm.i_tag_CG_CELL_WORD_ITER[20].CG_Inst_clk_en,clock,2
gen_tiles[2].i_tile_gen_caches[0].i_snitch_icache_i_lookup_g_sets[1].gen_scm.i_tag_CG_CELL_WORD_ITER[21].CG_Inst_clk_en,clock,2
gen_tiles[2].i_tile_gen_caches[0].i_snitch_icache_i_lookup_g_sets[1].gen_scm.i_tag_CG_CELL_WORD_ITER[22].CG_Inst_clk_en,clock,2
gen_tiles[2].i_tile_gen_caches[0].i_snitch_icache_i_lookup_g_sets[1].gen_scm.i_tag_CG_CELL_WORD_ITER[23].CG_Inst_clk_en,clock,2
gen_tiles[2].i_tile_gen_caches[0].i_snitch_icache_i_lookup_g_sets[1].gen_scm.i_tag_CG_CELL_WORD_ITER[24].CG_Inst_clk_en,clock,2
gen_tiles[2].i_tile_gen_caches[0].i_snitch_icache_i_lookup_g_sets[1].gen_scm.i_tag_CG_CELL_WORD_ITER[25].CG_Inst_clk_en,clock,2
gen_tiles[2].i_tile_gen_caches[0].i_snitch_icache_i_lookup_g_sets[1].gen_scm.i_tag_CG_CELL_WORD_ITER[26].CG_Inst_clk_en,clock,2
gen_tiles[2].i_tile_gen_caches[0].i_snitch_icache_i_lookup_g_sets[1].gen_scm.i_tag_CG_CELL_WORD_ITER[27].CG_Inst_clk_en,clock,2
gen_tiles[2].i_tile_gen_caches[0].i_snitch_icache_i_lookup_g_sets[1].gen_scm.i_tag_CG_CELL_WORD_ITER[28].CG_Inst_clk_en,clock,2
gen_tiles[2].i_tile_gen_caches[0].i_snitch_icache_i_lookup_g_sets[1].gen_scm.i_tag_CG_CELL_WORD_ITER[29].CG_Inst_clk_en,clock,2
gen_tiles[2].i_tile_gen_caches[0].i_snitch_icache_i_lookup_g_sets[1].gen_scm.i_tag_CG_CELL_WORD_ITER[30].CG_Inst_clk_en,clock,2
gen_tiles[2].i_tile_gen_caches[0].i_snitch_icache_i_lookup_g_sets[1].gen_scm.i_tag_CG_CELL_WORD_ITER[31].CG_Inst_clk_en,clock,2
gen_tiles[2].i_tile_gen_caches[0].i_snitch_icache_i_lookup_g_sets[1].gen_scm.i_tag_CG_WE_GLOBAL_clk_en,clock,2
gen_tiles[3].i_tile_gen_caches[0].i_snitch_icache_gen_prefetcher[0].i_snitch_icache_l0_gen_array[0].gen_latch.i_clk_gate_clk_en,clock,2
gen_tiles[3].i_tile_gen_caches[0].i_snitch_icache_gen_prefetcher[0].i_snitch_icache_l0_gen_array[1].gen_latch.i_clk_gate_clk_en,clock,2
gen_tiles[3].i_tile_gen_caches[0].i_snitch_icache_gen_prefetcher[0].i_snitch_icache_l0_gen_array[2].gen_latch.i_clk_gate_clk_en,clock,2
gen_tiles[3].i_tile_gen_caches[0].i_snitch_icache_gen_prefetcher[0].i_snitch_icache_l0_gen_array[3].gen_latch.i_clk_gate_clk_en,clock,2
gen_tiles[3].i_tile_gen_caches[0].i_snitch_icache_gen_prefetcher[1].i_snitch_icache_l0_gen_array[0].gen_latch.i_clk_gate_clk_en,clock,2
gen_tiles[3].i_tile_gen_caches[0].i_snitch_icache_gen_prefetcher[1].i_snitch_icache_l0_gen_array[1].gen_latch.i_clk_gate_clk_en,clock,2
gen_tiles[3].i_tile_gen_caches[0].i_snitch_icache_gen_prefetcher[1].i_snitch_icache_l0_gen_array[2].gen_latch.i_clk_gate_clk_en,clock,2
gen_tiles[3].i_tile_gen_caches[0].i_snitch_icache_gen_prefetcher[1].i_snitch_icache_l0_gen_array[3].gen_latch.i_clk_gate_clk_en,clock,2
gen_tiles[3].i_tile_gen_caches[0].i_snitch_icache_gen_prefetcher[2].i_snitch_icache_l0_gen_array[0].gen_latch.i_clk_gate_clk_en,clock,2
gen_tiles[3].i_tile_gen_caches[0].i_snitch_icache_gen_prefetcher[2].i_snitch_icache_l0_gen_array[1].gen_latch.i_clk_gate_clk_en,clock,2
gen_tiles[3].i_tile_gen_caches[0].i_snitch_icache_gen_prefetcher[2].i_snitch_icache_l0_gen_array[2].gen_latch.i_clk_gate_clk_en,clock,2
gen_tiles[3].i_tile_gen_caches[0].i_snitch_icache_gen_prefetcher[2].i_snitch_icache_l0_gen_array[3].gen_latch.i_clk_gate_clk_en,clock,2
gen_tiles[3].i_tile_gen_caches[0].i_snitch_icache_gen_prefetcher[3].i_snitch_icache_l0_gen_array[0].gen_latch.i_clk_gate_clk_en,clock,2
gen_tiles[3].i_tile_gen_caches[0].i_snitch_icache_gen_prefetcher[3].i_snitch_icache_l0_gen_array[1].gen_latch.i_clk_gate_clk_en,clock,2
gen_tiles[3].i_tile_gen_caches[0].i_snitch_icache_gen_prefetcher[3].i_snitch_icache_l0_gen_array[2].gen_latch.i_clk_gate_clk_en,clock,2
gen_tiles[3].i_tile_gen_caches[0].i_snitch_icache_gen_prefetcher[3].i_snitch_icache_l0_gen_array[3].gen_latch.i_clk_gate_clk_en,clock,2
gen_tiles[3].i_tile_gen_caches[0].i_snitch_icache_i_lookup_g_sets[0].gen_scm.i_tag_CG_CELL_WORD_ITER[0].CG_Inst_clk_en,clock,2
gen_tiles[3].i_tile_gen_caches[0].i_snitch_icache_i_lookup_g_sets[0].gen_scm.i_tag_CG_CELL_WORD_ITER[1].CG_Inst_clk_en,clock,2
gen_tiles[3].i_tile_gen_caches[0].i_snitch_icache_i_lookup_g_sets[0].gen_scm.i_tag_CG_CELL_WORD_ITER[2].CG_Inst_clk_en,clock,2
gen_tiles[3].i_tile_gen_caches[0].i_snitch_icache_i_lookup_g_sets[0].gen_scm.i_tag_CG_CELL_WORD_ITER[3].CG_Inst_clk_en,clock,2
gen_tiles[3].i_tile_gen_caches[0].i_snitch_icache_i_lookup_g_sets[0].gen_scm.i_tag_CG_CELL_WORD_ITER[4].CG_Inst_clk_en,clock,2
gen_tiles[3].i_tile_gen_caches[0].i_snitch_icache_i_lookup_g_sets[0].gen_scm.i_tag_CG_CELL_WORD_ITER[5].CG_Inst_clk_en,clock,2
gen_tiles[3].i_tile_gen_caches[0].i_snitch_icache_i_lookup_g_sets[0].gen_scm.i_tag_CG_CELL_WORD_ITER[6].CG_Inst_clk_en,clock,2
gen_tiles[3].i_tile_gen_caches[0].i_snitch_icache_i_lookup_g_sets[0].gen_scm.i_tag_CG_CELL_WORD_ITER[7].CG_Inst_clk_en,clock,2
gen_tiles[3].i_tile_gen_caches[0].i_snitch_icache_i_lookup_g_sets[0].gen_scm.i_tag_CG_CELL_WORD_ITER[8].CG_Inst_clk_en,clock,2
gen_tiles[3].i_tile_gen_caches[0].i_snitch_icache_i_lookup_g_sets[0].gen_scm.i_tag_CG_CELL_WORD_ITER[9].CG_Inst_clk_en,clock,2
gen_tiles[3].i_tile_gen_caches[0].i_snitch_icache_i_lookup_g_sets[0].gen_scm.i_tag_CG_CELL_WORD_ITER[10].CG_Inst_clk_en,clock,2
gen_tiles[3].i_tile_gen_caches[0].i_snitch_icache_i_lookup_g_sets[0].gen_scm.i_tag_CG_CELL_WORD_ITER[11].CG_Inst_clk_en,clock,2
gen_tiles[3].i_tile_gen_caches[0].i_snitch_icache_i_lookup_g_sets[0].gen_scm.i_tag_CG_CELL_WORD_ITER[12].CG_Inst_clk_en,clock,2
gen_tiles[3].i_tile_gen_caches[0].i_snitch_icache_i_lookup_g_sets[0].gen_scm.i_tag_CG_CELL_WORD_ITER[13].CG_Inst_clk_en,clock,2
gen_tiles[3].i_tile_gen_caches[0].i_snitch_icache_i_lookup_g_sets[0].gen_scm.i_tag_CG_CELL_WORD_ITER[14].CG_Inst_clk_en,clock,2
gen_tiles[3].i_tile_gen_caches[0].i_snitch_icache_i_lookup_g_sets[0].gen_scm.i_tag_CG_CELL_WORD_ITER[15].CG_Inst_clk_en,clock,2
gen_tiles[3].i_tile_gen_caches[0].i_snitch_icache_i_lookup_g_sets[0].gen_scm.i_tag_CG_CELL_WORD_ITER[16].CG_Inst_clk_en,clock,2
gen_tiles[3].i_tile_gen_caches[0].i_snitch_icache_i_lookup_g_sets[0].gen_scm.i_tag_CG_CELL_WORD_ITER[17].CG_Inst_clk_en,clock,2
gen_tiles[3].i_tile_gen_caches[0].i_snitch_icache_i_lookup_g_sets[0].gen_scm.i_tag_CG_CELL_WORD_ITER[18].CG_Inst_clk_en,clock,2
gen_tiles[3].i_tile_gen_caches[0].i_snitch_icache_i_lookup_g_sets[0].gen_scm.i_tag_CG_CELL_WORD_ITER[19].CG_Inst_clk_en,clock,2
gen_tiles[3].i_tile_gen_caches[0].i_snitch_icache_i_lookup_g_sets[0].gen_scm.i_tag_CG_CELL_WORD_ITER[20].CG_Inst_clk_en,clock,2
gen_tiles[3].i_tile_gen_caches[0].i_snitch_icache_i_lookup_g_sets[0].gen_scm.i_tag_CG_CELL_WORD_ITER[21].CG_Inst_clk_en,clock,2
gen_tiles[3].i_tile_gen_caches[0].i_snitch_icache_i_lookup_g_sets[0].gen_scm.i_tag_CG_CELL_WORD_ITER[22].CG_Inst_clk_en,clock,2
gen_tiles[3].i_tile_gen_caches[0].i_snitch_icache_i_lookup_g_sets[0].gen_scm.i_tag_CG_CELL_WORD_ITER[23].CG_Inst_clk_en,clock,2
gen_tiles[3].i_tile_gen_caches[0].i_snitch_icache_i_lookup_g_sets[0].gen_scm.i_tag_CG_CELL_WORD_ITER[24].CG_Inst_clk_en,clock,2
gen_tiles[3].i_tile_gen_caches[0].i_snitch_icache_i_lookup_g_sets[0].gen_scm.i_tag_CG_CELL_WORD_ITER[25].CG_Inst_clk_en,clock,2
gen_tiles[3].i_tile_gen_caches[0].i_snitch_icache_i_lookup_g_sets[0].gen_scm.i_tag_CG_CELL_WORD_ITER[26].CG_Inst_clk_en,clock,2
gen_tiles[3].i_tile_gen_caches[0].i_snitch_icache_i_lookup_g_sets[0].gen_scm.i_tag_CG_CELL_WORD_ITER[27].CG_Inst_clk_en,clock,2
gen_tiles[3].i_tile_gen_caches[0].i_snitch_icache_i_lookup_g_sets[0].gen_scm.i_tag_CG_CELL_WORD_ITER[28].CG_Inst_clk_en,clock,2
gen_tiles[3].i_tile_gen_caches[0].i_snitch_icache_i_lookup_g_sets[0].gen_scm.i_tag_CG_CELL_WORD_ITER[29].CG_Inst_clk_en,clock,2
gen_tiles[3].i_tile_gen_caches[0].i_snitch_icache_i_lookup_g_sets[0].gen_scm.i_tag_CG_CELL_WORD_ITER[30].CG_Inst_clk_en,clock,2
gen_tiles[3].i_tile_gen_caches[0].i_snitch_icache_i_lookup_g_sets[0].gen_scm.i_tag_CG_CELL_WORD_ITER[31].CG_Inst_clk_en,clock,2
gen_tiles[3].i_tile_gen_caches[0].i_snitch_icache_i_lookup_g_sets[0].gen_scm.i_tag_CG_WE_GLOBAL_clk_en,clock,2
gen_tiles[3].i_tile_gen_caches[0].i_snitch_icache_i_lookup_g_sets[1].gen_scm.i_tag_CG_CELL_WORD_ITER[0].CG_Inst_clk_en,clock,2
gen_tiles[3].i_tile_gen_caches[0].i_snitch_icache_i_lookup_g_sets[1].gen_scm.i_tag_CG_CELL_WORD_ITER[1].CG_Inst_clk_en,clock,2
gen_tiles[3].i_tile_gen_caches[0].i_snitch_icache_i_lookup_g_sets[1].gen_scm.i_tag_CG_CELL_WORD_ITER[2].CG_Inst_clk_en,clock,2
gen_tiles[3].i_tile_gen_caches[0].i_snitch_icache_i_lookup_g_sets[1].gen_scm.i_tag_CG_CELL_WORD_ITER[3].CG_Inst_clk_en,clock,2
gen_tiles[3].i_tile_gen_caches[0].i_snitch_icache_i_lookup_g_sets[1].gen_scm.i_tag_CG_CELL_WORD_ITER[4].CG_Inst_clk_en,clock,2
gen_tiles[3].i_tile_gen_caches[0].i_snitch_icache_i_lookup_g_sets[1].gen_scm.i_tag_CG_CELL_WORD_ITER[5].CG_Inst_clk_en,clock,2
gen_tiles[3].i_tile_gen_caches[0].i_snitch_icache_i_lookup_g_sets[1].gen_scm.i_tag_CG_CELL_WORD_ITER[6].CG_Inst_clk_en,clock,2
gen_tiles[3].i_tile_gen_caches[0].i_snitch_icache_i_lookup_g_sets[1].gen_scm.i_tag_CG_CELL_WORD_ITER[7].CG_Inst_clk_en,clock,2
gen_tiles[3].i_tile_gen_caches[0].i_snitch_icache_i_lookup_g_sets[1].gen_scm.i_tag_CG_CELL_WORD_ITER[8].CG_Inst_clk_en,clock,2
gen_tiles[3].i_tile_gen_caches[0].i_snitch_icache_i_lookup_g_sets[1].gen_scm.i_tag_CG_CELL_WORD_ITER[9].CG_Inst_clk_en,clock,2
gen_tiles[3].i_tile_gen_caches[0].i_snitch_icache_i_lookup_g_sets[1].gen_scm.i_tag_CG_CELL_WORD_ITER[10].CG_Inst_clk_en,clock,2
gen_tiles[3].i_tile_gen_caches[0].i_snitch_icache_i_lookup_g_sets[1].gen_scm.i_tag_CG_CELL_WORD_ITER[11].CG_Inst_clk_en,clock,2
gen_tiles[3].i_tile_gen_caches[0].i_snitch_icache_i_lookup_g_sets[1].gen_scm.i_tag_CG_CELL_WORD_ITER[12].CG_Inst_clk_en,clock,2
gen_tiles[3].i_tile_gen_caches[0].i_snitch_icache_i_lookup_g_sets[1].gen_scm.i_tag_CG_CELL_WORD_ITER[13].CG_Inst_clk_en,clock,2
gen_tiles[3].i_tile_gen_caches[0].i_snitch_icache_i_lookup_g_sets[1].gen_scm.i_tag_CG_CELL_WORD_ITER[14].CG_Inst_clk_en,clock,2
gen_tiles[3].i_tile_gen_caches[0].i_snitch_icache_i_lookup_g_sets[1].gen_scm.i_tag_CG_CELL_WORD_ITER[15].CG_Inst_clk_en,clock,2
gen_tiles[3].i_tile_gen_caches[0].i_snitch_icache_i_lookup_g_sets[1].gen_scm.i_tag_CG_CELL_WORD_ITER[16].CG_Inst_clk_en,clock,2
gen_tiles[3].i_tile_gen_caches[0].i_snitch_icache_i_lookup_g_sets[1].gen_scm.i_tag_CG_CELL_WORD_ITER[17].CG_Inst_clk_en,clock,2
gen_tiles[3].i_tile_gen_caches[0].i_snitch_icache_i_lookup_g_sets[1].gen_scm.i_tag_CG_CELL_WORD_ITER[18].CG_Inst_clk_en,clock,2
gen_tiles[3].i_tile_gen_caches[0].i_snitch_icache_i_lookup_g_sets[1].gen_scm.i_tag_CG_CELL_WORD_ITER[19].CG_Inst_clk_en,clock,2
gen_tiles[3].i_tile_gen_caches[0].i_snitch_icache_i_lookup_g_sets[1].gen_scm.i_tag_CG_CELL_WORD_ITER[20].CG_Inst_clk_en,clock,2
gen_tiles[3].i_tile_gen_caches[0].i_snitch_icache_i_lookup_g_sets[1].gen_scm.i_tag_CG_CELL_WORD_ITER[21].CG_Inst_clk_en,clock,2
gen_tiles[3].i_tile_gen_caches[0].i_snitch_icache_i_lookup_g_sets[1].gen_scm.i_tag_CG_CELL_WORD_ITER[22].CG_Inst_clk_en,clock,2
gen_tiles[3].i_tile_gen_caches[0].i_snitch_icache_i_lookup_g_sets[1].gen_scm.i_tag_CG_CELL_WORD_ITER[23].CG_Inst_clk_en,clock,2
gen_tiles[3].i_tile_gen_caches[0].i_snitch_icache_i_lookup_g_sets[1].gen_scm.i_tag_CG_CELL_WORD_ITER[24].CG_Inst_clk_en,clock,2
gen_tiles[3].i_tile_gen_caches[0].i_snitch_icache_i_lookup_g_sets[1].gen_scm.i_tag_CG_CELL_WORD_ITER[25].CG_Inst_clk_en,clock,2
gen_tiles[3].i_tile_gen_caches[0].i_snitch_icache_i_lookup_g_sets[1].gen_scm.i_tag_CG_CELL_WORD_ITER[26].CG_Inst_clk_en,clock,2
gen_tiles[3].i_tile_gen_caches[0].i_snitch_icache_i_lookup_g_sets[1].gen_scm.i_tag_CG_CELL_WORD_ITER[27].CG_Inst_clk_en,clock,2
gen_tiles[3].i_tile_gen_caches[0].i_snitch_icache_i_lookup_g_sets[1].gen_scm.i_tag_CG_CELL_WORD_ITER[28].CG_Inst_clk_en,clock,2
gen_tiles[3].i_tile_gen_caches[0].i_snitch_icache_i_lookup_g_sets[1].gen_scm.i_tag_CG_CELL_WORD_ITER[29].CG_Inst_clk_en,clock,2
gen_tiles[3].i_tile_gen_caches[0].i_snitch_icache_i_lookup_g_sets[1].gen_scm.i_tag_CG_CELL_WORD_ITER[30].CG_Inst_clk_en,clock,2
gen_tiles[3].i_tile_gen_caches[0].i_snitch_icache_i_lookup_g_sets[1].gen_scm.i_tag_CG_CELL_WORD_ITER[31].CG_Inst_clk_en,clock,2
gen_tiles[3].i_tile_gen_caches[0].i_snitch_icache_i_lookup_g_sets[1].gen_scm.i_tag_CG_WE_GLOBAL_clk_en,clock,2
gen_tiles[4].i_tile_gen_caches[0].i_snitch_icache_gen_prefetcher[0].i_snitch_icache_l0_gen_array[0].gen_latch.i_clk_gate_clk_en,clock,2
gen_tiles[4].i_tile_gen_caches[0].i_snitch_icache_gen_prefetcher[0].i_snitch_icache_l0_gen_array[1].gen_latch.i_clk_gate_clk_en,clock,2
gen_tiles[4].i_tile_gen_caches[0].i_snitch_icache_gen_prefetcher[0].i_snitch_icache_l0_gen_array[2].gen_latch.i_clk_gate_clk_en,clock,2
gen_tiles[4].i_tile_gen_caches[0].i_snitch_icache_gen_prefetcher[0].i_snitch_icache_l0_gen_array[3].gen_latch.i_clk_gate_clk_en,clock,2
gen_tiles[4].i_tile_gen_caches[0].i_snitch_icache_gen_prefetcher[1].i_snitch_icache_l0_gen_array[0].gen_latch.i_clk_gate_clk_en,clock,2
gen_tiles[4].i_tile_gen_caches[0].i_snitch_icache_gen_prefetcher[1].i_snitch_icache_l0_gen_array[1].gen_latch.i_clk_gate_clk_en,clock,2
gen_tiles[4].i_tile_gen_caches[0].i_snitch_icache_gen_prefetcher[1].i_snitch_icache_l0_gen_array[2].gen_latch.i_clk_gate_clk_en,clock,2
gen_tiles[4].i_tile_gen_caches[0].i_snitch_icache_gen_prefetcher[1].i_snitch_icache_l0_gen_array[3].gen_latch.i_clk_gate_clk_en,clock,2
gen_tiles[4].i_tile_gen_caches[0].i_snitch_icache_gen_prefetcher[2].i_snitch_icache_l0_gen_array[0].gen_latch.i_clk_gate_clk_en,clock,2
gen_tiles[4].i_tile_gen_caches[0].i_snitch_icache_gen_prefetcher[2].i_snitch_icache_l0_gen_array[1].gen_latch.i_clk_gate_clk_en,clock,2
gen_tiles[4].i_tile_gen_caches[0].i_snitch_icache_gen_prefetcher[2].i_snitch_icache_l0_gen_array[2].gen_latch.i_clk_gate_clk_en,clock,2
gen_tiles[4].i_tile_gen_caches[0].i_snitch_icache_gen_prefetcher[2].i_snitch_icache_l0_gen_array[3].gen_latch.i_clk_gate_clk_en,clock,2
gen_tiles[4].i_tile_gen_caches[0].i_snitch_icache_gen_prefetcher[3].i_snitch_icache_l0_gen_array[0].gen_latch.i_clk_gate_clk_en,clock,2
gen_tiles[4].i_tile_gen_caches[0].i_snitch_icache_gen_prefetcher[3].i_snitch_icache_l0_gen_array[1].gen_latch.i_clk_gate_clk_en,clock,2
gen_tiles[4].i_tile_gen_caches[0].i_snitch_icache_gen_prefetcher[3].i_snitch_icache_l0_gen_array[2].gen_latch.i_clk_gate_clk_en,clock,2
gen_tiles[4].i_tile_gen_caches[0].i_snitch_icache_gen_prefetcher[3].i_snitch_icache_l0_gen_array[3].gen_latch.i_clk_gate_clk_en,clock,2
gen_tiles[4].i_tile_gen_caches[0].i_snitch_icache_i_lookup_g_sets[0].gen_scm.i_tag_CG_CELL_WORD_ITER[0].CG_Inst_clk_en,clock,2
gen_tiles[4].i_tile_gen_caches[0].i_snitch_icache_i_lookup_g_sets[0].gen_scm.i_tag_CG_CELL_WORD_ITER[1].CG_Inst_clk_en,clock,2
gen_tiles[4].i_tile_gen_caches[0].i_snitch_icache_i_lookup_g_sets[0].gen_scm.i_tag_CG_CELL_WORD_ITER[2].CG_Inst_clk_en,clock,2
gen_tiles[4].i_tile_gen_caches[0].i_snitch_icache_i_lookup_g_sets[0].gen_scm.i_tag_CG_CELL_WORD_ITER[3].CG_Inst_clk_en,clock,2
gen_tiles[4].i_tile_gen_caches[0].i_snitch_icache_i_lookup_g_sets[0].gen_scm.i_tag_CG_CELL_WORD_ITER[4].CG_Inst_clk_en,clock,2
gen_tiles[4].i_tile_gen_caches[0].i_snitch_icache_i_lookup_g_sets[0].gen_scm.i_tag_CG_CELL_WORD_ITER[5].CG_Inst_clk_en,clock,2
gen_tiles[4].i_tile_gen_caches[0].i_snitch_icache_i_lookup_g_sets[0].gen_scm.i_tag_CG_CELL_WORD_ITER[6].CG_Inst_clk_en,clock,2
gen_tiles[4].i_tile_gen_caches[0].i_snitch_icache_i_lookup_g_sets[0].gen_scm.i_tag_CG_CELL_WORD_ITER[7].CG_Inst_clk_en,clock,2
gen_tiles[4].i_tile_gen_caches[0].i_snitch_icache_i_lookup_g_sets[0].gen_scm.i_tag_CG_CELL_WORD_ITER[8].CG_Inst_clk_en,clock,2
gen_tiles[4].i_tile_gen_caches[0].i_snitch_icache_i_lookup_g_sets[0].gen_scm.i_tag_CG_CELL_WORD_ITER[9].CG_Inst_clk_en,clock,2
gen_tiles[4].i_tile_gen_caches[0].i_snitch_icache_i_lookup_g_sets[0].gen_scm.i_tag_CG_CELL_WORD_ITER[10].CG_Inst_clk_en,clock,2
gen_tiles[4].i_tile_gen_caches[0].i_snitch_icache_i_lookup_g_sets[0].gen_scm.i_tag_CG_CELL_WORD_ITER[11].CG_Inst_clk_en,clock,2
gen_tiles[4].i_tile_gen_caches[0].i_snitch_icache_i_lookup_g_sets[0].gen_scm.i_tag_CG_CELL_WORD_ITER[12].CG_Inst_clk_en,clock,2
gen_tiles[4].i_tile_gen_caches[0].i_snitch_icache_i_lookup_g_sets[0].gen_scm.i_tag_CG_CELL_WORD_ITER[13].CG_Inst_clk_en,clock,2
gen_tiles[4].i_tile_gen_caches[0].i_snitch_icache_i_lookup_g_sets[0].gen_scm.i_tag_CG_CELL_WORD_ITER[14].CG_Inst_clk_en,clock,2
gen_tiles[4].i_tile_gen_caches[0].i_snitch_icache_i_lookup_g_sets[0].gen_scm.i_tag_CG_CELL_WORD_ITER[15].CG_Inst_clk_en,clock,2
gen_tiles[4].i_tile_gen_caches[0].i_snitch_icache_i_lookup_g_sets[0].gen_scm.i_tag_CG_CELL_WORD_ITER[16].CG_Inst_clk_en,clock,2
gen_tiles[4].i_tile_gen_caches[0].i_snitch_icache_i_lookup_g_sets[0].gen_scm.i_tag_CG_CELL_WORD_ITER[17].CG_Inst_clk_en,clock,2
gen_tiles[4].i_tile_gen_caches[0].i_snitch_icache_i_lookup_g_sets[0].gen_scm.i_tag_CG_CELL_WORD_ITER[18].CG_Inst_clk_en,clock,2
gen_tiles[4].i_tile_gen_caches[0].i_snitch_icache_i_lookup_g_sets[0].gen_scm.i_tag_CG_CELL_WORD_ITER[19].CG_Inst_clk_en,clock,2
gen_tiles[4].i_tile_gen_caches[0].i_snitch_icache_i_lookup_g_sets[0].gen_scm.i_tag_CG_CELL_WORD_ITER[20].CG_Inst_clk_en,clock,2
gen_tiles[4].i_tile_gen_caches[0].i_snitch_icache_i_lookup_g_sets[0].gen_scm.i_tag_CG_CELL_WORD_ITER[21].CG_Inst_clk_en,clock,2
gen_tiles[4].i_tile_gen_caches[0].i_snitch_icache_i_lookup_g_sets[0].gen_scm.i_tag_CG_CELL_WORD_ITER[22].CG_Inst_clk_en,clock,2
gen_tiles[4].i_tile_gen_caches[0].i_snitch_icache_i_lookup_g_sets[0].gen_scm.i_tag_CG_CELL_WORD_ITER[23].CG_Inst_clk_en,clock,2
gen_tiles[4].i_tile_gen_caches[0].i_snitch_icache_i_lookup_g_sets[0].gen_scm.i_tag_CG_CELL_WORD_ITER[24].CG_Inst_clk_en,clock,2
gen_tiles[4].i_tile_gen_caches[0].i_snitch_icache_i_lookup_g_sets[0].gen_scm.i_tag_CG_CELL_WORD_ITER[25].CG_Inst_clk_en,clock,2
gen_tiles[4].i_tile_gen_caches[0].i_snitch_icache_i_lookup_g_sets[0].gen_scm.i_tag_CG_CELL_WORD_ITER[26].CG_Inst_clk_en,clock,2
gen_tiles[4].i_tile_gen_caches[0].i_snitch_icache_i_lookup_g_sets[0].gen_scm.i_tag_CG_CELL_WORD_ITER[27].CG_Inst_clk_en,clock,2
gen_tiles[4].i_tile_gen_caches[0].i_snitch_icache_i_lookup_g_sets[0].gen_scm.i_tag_CG_CELL_WORD_ITER[28].CG_Inst_clk_en,clock,2
gen_tiles[4].i_tile_gen_caches[0].i_snitch_icache_i_lookup_g_sets[0].gen_scm.i_tag_CG_CELL_WORD_ITER[29].CG_Inst_clk_en,clock,2
gen_tiles[4].i_tile_gen_caches[0].i_snitch_icache_i_lookup_g_sets[0].gen_scm.i_tag_CG_CELL_WORD_ITER[30].CG_Inst_clk_en,clock,2
gen_tiles[4].i_tile_gen_caches[0].i_snitch_icache_i_lookup_g_sets[0].gen_scm.i_tag_CG_CELL_WORD_ITER[31].CG_Inst_clk_en,clock,2
gen_tiles[4].i_tile_gen_caches[0].i_snitch_icache_i_lookup_g_sets[0].gen_scm.i_tag_CG_WE_GLOBAL_clk_en,clock,2
gen_tiles[4].i_tile_gen_caches[0].i_snitch_icache_i_lookup_g_sets[1].gen_scm.i_tag_CG_CELL_WORD_ITER[0].CG_Inst_clk_en,clock,2
gen_tiles[4].i_tile_gen_caches[0].i_snitch_icache_i_lookup_g_sets[1].gen_scm.i_tag_CG_CELL_WORD_ITER[1].CG_Inst_clk_en,clock,2
gen_tiles[4].i_tile_gen_caches[0].i_snitch_icache_i_lookup_g_sets[1].gen_scm.i_tag_CG_CELL_WORD_ITER[2].CG_Inst_clk_en,clock,2
gen_tiles[4].i_tile_gen_caches[0].i_snitch_icache_i_lookup_g_sets[1].gen_scm.i_tag_CG_CELL_WORD_ITER[3].CG_Inst_clk_en,clock,2
gen_tiles[4].i_tile_gen_caches[0].i_snitch_icache_i_lookup_g_sets[1].gen_scm.i_tag_CG_CELL_WORD_ITER[4].CG_Inst_clk_en,clock,2
gen_tiles[4].i_tile_gen_caches[0].i_snitch_icache_i_lookup_g_sets[1].gen_scm.i_tag_CG_CELL_WORD_ITER[5].CG_Inst_clk_en,clock,2
gen_tiles[4].i_tile_gen_caches[0].i_snitch_icache_i_lookup_g_sets[1].gen_scm.i_tag_CG_CELL_WORD_ITER[6].CG_Inst_clk_en,clock,2
gen_tiles[4].i_tile_gen_caches[0].i_snitch_icache_i_lookup_g_sets[1].gen_scm.i_tag_CG_CELL_WORD_ITER[7].CG_Inst_clk_en,clock,2
gen_tiles[4].i_tile_gen_caches[0].i_snitch_icache_i_lookup_g_sets[1].gen_scm.i_tag_CG_CELL_WORD_ITER[8].CG_Inst_clk_en,clock,2
gen_tiles[4].i_tile_gen_caches[0].i_snitch_icache_i_lookup_g_sets[1].gen_scm.i_tag_CG_CELL_WORD_ITER[9].CG_Inst_clk_en,clock,2
gen_tiles[4].i_tile_gen_caches[0].i_snitch_icache_i_lookup_g_sets[1].gen_scm.i_tag_CG_CELL_WORD_ITER[10].CG_Inst_clk_en,clock,2
gen_tiles[4].i_tile_gen_caches[0].i_snitch_icache_i_lookup_g_sets[1].gen_scm.i_tag_CG_CELL_WORD_ITER[11].CG_Inst_clk_en,clock,2
gen_tiles[4].i_tile_gen_caches[0].i_snitch_icache_i_lookup_g_sets[1].gen_scm.i_tag_CG_CELL_WORD_ITER[12].CG_Inst_clk_en,clock,2
gen_tiles[4].i_tile_gen_caches[0].i_snitch_icache_i_lookup_g_sets[1].gen_scm.i_tag_CG_CELL_WORD_ITER[13].CG_Inst_clk_en,clock,2
gen_tiles[4].i_tile_gen_caches[0].i_snitch_icache_i_lookup_g_sets[1].gen_scm.i_tag_CG_CELL_WORD_ITER[14].CG_Inst_clk_en,clock,2
gen_tiles[4].i_tile_gen_caches[0].i_snitch_icache_i_lookup_g_sets[1].gen_scm.i_tag_CG_CELL_WORD_ITER[15].CG_Inst_clk_en,clock,2
gen_tiles[4].i_tile_gen_caches[0].i_snitch_icache_i_lookup_g_sets[1].gen_scm.i_tag_CG_CELL_WORD_ITER[16].CG_Inst_clk_en,clock,2
gen_tiles[4].i_tile_gen_caches[0].i_snitch_icache_i_lookup_g_sets[1].gen_scm.i_tag_CG_CELL_WORD_ITER[17].CG_Inst_clk_en,clock,2
gen_tiles[4].i_tile_gen_caches[0].i_snitch_icache_i_lookup_g_sets[1].gen_scm.i_tag_CG_CELL_WORD_ITER[18].CG_Inst_clk_en,clock,2
gen_tiles[4].i_tile_gen_caches[0].i_snitch_icache_i_lookup_g_sets[1].gen_scm.i_tag_CG_CELL_WORD_ITER[19].CG_Inst_clk_en,clock,2
gen_tiles[4].i_tile_gen_caches[0].i_snitch_icache_i_lookup_g_sets[1].gen_scm.i_tag_CG_CELL_WORD_ITER[20].CG_Inst_clk_en,clock,2
gen_tiles[4].i_tile_gen_caches[0].i_snitch_icache_i_lookup_g_sets[1].gen_scm.i_tag_CG_CELL_WORD_ITER[21].CG_Inst_clk_en,clock,2
gen_tiles[4].i_tile_gen_caches[0].i_snitch_icache_i_lookup_g_sets[1].gen_scm.i_tag_CG_CELL_WORD_ITER[22].CG_Inst_clk_en,clock,2
gen_tiles[4].i_tile_gen_caches[0].i_snitch_icache_i_lookup_g_sets[1].gen_scm.i_tag_CG_CELL_WORD_ITER[23].CG_Inst_clk_en,clock,2
gen_tiles[4].i_tile_gen_caches[0].i_snitch_icache_i_lookup_g_sets[1].gen_scm.i_tag_CG_CELL_WORD_ITER[24].CG_Inst_clk_en,clock,2
gen_tiles[4].i_tile_gen_caches[0].i_snitch_icache_i_lookup_g_sets[1].gen_scm.i_tag_CG_CELL_WORD_ITER[25].CG_Inst_clk_en,clock,2
gen_tiles[4].i_tile_gen_caches[0].i_snitch_icache_i_lookup_g_sets[1].gen_scm.i_tag_CG_CELL_WORD_ITER[26].CG_Inst_clk_en,clock,2
gen_tiles[4].i_tile_gen_caches[0].i_snitch_icache_i_lookup_g_sets[1].gen_scm.i_tag_CG_CELL_WORD_ITER[27].CG_Inst_clk_en,clock,2
gen_tiles[4].i_tile_gen_caches[0].i_snitch_icache_i_lookup_g_sets[1].gen_scm.i_tag_CG_CELL_WORD_ITER[28].CG_Inst_clk_en,clock,2
gen_tiles[4].i_tile_gen_caches[0].i_snitch_icache_i_lookup_g_sets[1].gen_scm.i_tag_CG_CELL_WORD_ITER[29].CG_Inst_clk_en,clock,2
gen_tiles[4].i_tile_gen_caches[0].i_snitch_icache_i_lookup_g_sets[1].gen_scm.i_tag_CG_CELL_WORD_ITER[30].CG_Inst_clk_en,clock,2
gen_tiles[4].i_tile_gen_caches[0].i_snitch_icache_i_lookup_g_sets[1].gen_scm.i_tag_CG_CELL_WORD_ITER[31].CG_Inst_clk_en,clock,2
gen_tiles[4].i_tile_gen_caches[0].i_snitch_icache_i_lookup_g_sets[1].gen_scm.i_tag_CG_WE_GLOBAL_clk_en,clock,2
gen_tiles[5].i_tile_gen_caches[0].i_snitch_icache_gen_prefetcher[0].i_snitch_icache_l0_gen_array[0].gen_latch.i_clk_gate_clk_en,clock,2
gen_tiles[5].i_tile_gen_caches[0].i_snitch_icache_gen_prefetcher[0].i_snitch_icache_l0_gen_array[1].gen_latch.i_clk_gate_clk_en,clock,2
gen_tiles[5].i_tile_gen_caches[0].i_snitch_icache_gen_prefetcher[0].i_snitch_icache_l0_gen_array[2].gen_latch.i_clk_gate_clk_en,clock,2
gen_tiles[5].i_tile_gen_caches[0].i_snitch_icache_gen_prefetcher[0].i_snitch_icache_l0_gen_array[3].gen_latch.i_clk_gate_clk_en,clock,2
gen_tiles[5].i_tile_gen_caches[0].i_snitch_icache_gen_prefetcher[1].i_snitch_icache_l0_gen_array[0].gen_latch.i_clk_gate_clk_en,clock,2
gen_tiles[5].i_tile_gen_caches[0].i_snitch_icache_gen_prefetcher[1].i_snitch_icache_l0_gen_array[1].gen_latch.i_clk_gate_clk_en,clock,2
gen_tiles[5].i_tile_gen_caches[0].i_snitch_icache_gen_prefetcher[1].i_snitch_icache_l0_gen_array[2].gen_latch.i_clk_gate_clk_en,clock,2
gen_tiles[5].i_tile_gen_caches[0].i_snitch_icache_gen_prefetcher[1].i_snitch_icache_l0_gen_array[3].gen_latch.i_clk_gate_clk_en,clock,2
gen_tiles[5].i_tile_gen_caches[0].i_snitch_icache_gen_prefetcher[2].i_snitch_icache_l0_gen_array[0].gen_latch.i_clk_gate_clk_en,clock,2
gen_tiles[5].i_tile_gen_caches[0].i_snitch_icache_gen_prefetcher[2].i_snitch_icache_l0_gen_array[1].gen_latch.i_clk_gate_clk_en,clock,2
gen_tiles[5].i_tile_gen_caches[0].i_snitch_icache_gen_prefetcher[2].i_snitch_icache_l0_gen_array[2].gen_latch.i_clk_gate_clk_en,clock,2
gen_tiles[5].i_tile_gen_caches[0].i_snitch_icache_gen_prefetcher[2].i_snitch_icache_l0_gen_array[3].gen_latch.i_clk_gate_clk_en,clock,2
gen_tiles[5].i_tile_gen_caches[0].i_snitch_icache_gen_prefetcher[3].i_snitch_icache_l0_gen_array[0].gen_latch.i_clk_gate_clk_en,clock,2
gen_tiles[5].i_tile_gen_caches[0].i_snitch_icache_gen_prefetcher[3].i_snitch_icache_l0_gen_array[1].gen_latch.i_clk_gate_clk_en,clock,2
gen_tiles[5].i_tile_gen_caches[0].i_snitch_icache_gen_prefetcher[3].i_snitch_icache_l0_gen_array[2].gen_latch.i_clk_gate_clk_en,clock,2
gen_tiles[5].i_tile_gen_caches[0].i_snitch_icache_gen_prefetcher[3].i_snitch_icache_l0_gen_array[3].gen_latch.i_clk_gate_clk_en,clock,2
gen_tiles[5].i_tile_gen_caches[0].i_snitch_icache_i_lookup_g_sets[0].gen_scm.i_tag_CG_CELL_WORD_ITER[0].CG_Inst_clk_en,clock,2
gen_tiles[5].i_tile_gen_caches[0].i_snitch_icache_i_lookup_g_sets[0].gen_scm.i_tag_CG_CELL_WORD_ITER[1].CG_Inst_clk_en,clock,2
gen_tiles[5].i_tile_gen_caches[0].i_snitch_icache_i_lookup_g_sets[0].gen_scm.i_tag_CG_CELL_WORD_ITER[2].CG_Inst_clk_en,clock,2
gen_tiles[5].i_tile_gen_caches[0].i_snitch_icache_i_lookup_g_sets[0].gen_scm.i_tag_CG_CELL_WORD_ITER[3].CG_Inst_clk_en,clock,2
gen_tiles[5].i_tile_gen_caches[0].i_snitch_icache_i_lookup_g_sets[0].gen_scm.i_tag_CG_CELL_WORD_ITER[4].CG_Inst_clk_en,clock,2
gen_tiles[5].i_tile_gen_caches[0].i_snitch_icache_i_lookup_g_sets[0].gen_scm.i_tag_CG_CELL_WORD_ITER[5].CG_Inst_clk_en,clock,2
gen_tiles[5].i_tile_gen_caches[0].i_snitch_icache_i_lookup_g_sets[0].gen_scm.i_tag_CG_CELL_WORD_ITER[6].CG_Inst_clk_en,clock,2
gen_tiles[5].i_tile_gen_caches[0].i_snitch_icache_i_lookup_g_sets[0].gen_scm.i_tag_CG_CELL_WORD_ITER[7].CG_Inst_clk_en,clock,2
gen_tiles[5].i_tile_gen_caches[0].i_snitch_icache_i_lookup_g_sets[0].gen_scm.i_tag_CG_CELL_WORD_ITER[8].CG_Inst_clk_en,clock,2
gen_tiles[5].i_tile_gen_caches[0].i_snitch_icache_i_lookup_g_sets[0].gen_scm.i_tag_CG_CELL_WORD_ITER[9].CG_Inst_clk_en,clock,2
gen_tiles[5].i_tile_gen_caches[0].i_snitch_icache_i_lookup_g_sets[0].gen_scm.i_tag_CG_CELL_WORD_ITER[10].CG_Inst_clk_en,clock,2
gen_tiles[5].i_tile_gen_caches[0].i_snitch_icache_i_lookup_g_sets[0].gen_scm.i_tag_CG_CELL_WORD_ITER[11].CG_Inst_clk_en,clock,2
gen_tiles[5].i_tile_gen_caches[0].i_snitch_icache_i_lookup_g_sets[0].gen_scm.i_tag_CG_CELL_WORD_ITER[12].CG_Inst_clk_en,clock,2
gen_tiles[5].i_tile_gen_caches[0].i_snitch_icache_i_lookup_g_sets[0].gen_scm.i_tag_CG_CELL_WORD_ITER[13].CG_Inst_clk_en,clock,2
gen_tiles[5].i_tile_gen_caches[0].i_snitch_icache_i_lookup_g_sets[0].gen_scm.i_tag_CG_CELL_WORD_ITER[14].CG_Inst_clk_en,clock,2
gen_tiles[5].i_tile_gen_caches[0].i_snitch_icache_i_lookup_g_sets[0].gen_scm.i_tag_CG_CELL_WORD_ITER[15].CG_Inst_clk_en,clock,2
gen_tiles[5].i_tile_gen_caches[0].i_snitch_icache_i_lookup_g_sets[0].gen_scm.i_tag_CG_CELL_WORD_ITER[16].CG_Inst_clk_en,clock,2
gen_tiles[5].i_tile_gen_caches[0].i_snitch_icache_i_lookup_g_sets[0].gen_scm.i_tag_CG_CELL_WORD_ITER[17].CG_Inst_clk_en,clock,2
gen_tiles[5].i_tile_gen_caches[0].i_snitch_icache_i_lookup_g_sets[0].gen_scm.i_tag_CG_CELL_WORD_ITER[18].CG_Inst_clk_en,clock,2
gen_tiles[5].i_tile_gen_caches[0].i_snitch_icache_i_lookup_g_sets[0].gen_scm.i_tag_CG_CELL_WORD_ITER[19].CG_Inst_clk_en,clock,2
gen_tiles[5].i_tile_gen_caches[0].i_snitch_icache_i_lookup_g_sets[0].gen_scm.i_tag_CG_CELL_WORD_ITER[20].CG_Inst_clk_en,clock,2
gen_tiles[5].i_tile_gen_caches[0].i_snitch_icache_i_lookup_g_sets[0].gen_scm.i_tag_CG_CELL_WORD_ITER[21].CG_Inst_clk_en,clock,2
gen_tiles[5].i_tile_gen_caches[0].i_snitch_icache_i_lookup_g_sets[0].gen_scm.i_tag_CG_CELL_WORD_ITER[22].CG_Inst_clk_en,clock,2
gen_tiles[5].i_tile_gen_caches[0].i_snitch_icache_i_lookup_g_sets[0].gen_scm.i_tag_CG_CELL_WORD_ITER[23].CG_Inst_clk_en,clock,2
gen_tiles[5].i_tile_gen_caches[0].i_snitch_icache_i_lookup_g_sets[0].gen_scm.i_tag_CG_CELL_WORD_ITER[24].CG_Inst_clk_en,clock,2
gen_tiles[5].i_tile_gen_caches[0].i_snitch_icache_i_lookup_g_sets[0].gen_scm.i_tag_CG_CELL_WORD_ITER[25].CG_Inst_clk_en,clock,2
gen_tiles[5].i_tile_gen_caches[0].i_snitch_icache_i_lookup_g_sets[0].gen_scm.i_tag_CG_CELL_WORD_ITER[26].CG_Inst_clk_en,clock,2
gen_tiles[5].i_tile_gen_caches[0].i_snitch_icache_i_lookup_g_sets[0].gen_scm.i_tag_CG_CELL_WORD_ITER[27].CG_Inst_clk_en,clock,2
gen_tiles[5].i_tile_gen_caches[0].i_snitch_icache_i_lookup_g_sets[0].gen_scm.i_tag_CG_CELL_WORD_ITER[28].CG_Inst_clk_en,clock,2
gen_tiles[5].i_tile_gen_caches[0].i_snitch_icache_i_lookup_g_sets[0].gen_scm.i_tag_CG_CELL_WORD_ITER[29].CG_Inst_clk_en,clock,2
gen_tiles[5].i_tile_gen_caches[0].i_snitch_icache_i_lookup_g_sets[0].gen_scm.i_tag_CG_CELL_WORD_ITER[30].CG_Inst_clk_en,clock,2
gen_tiles[5].i_tile_gen_caches[0].i_snitch_icache_i_lookup_g_sets[0].gen_scm.i_tag_CG_CELL_WORD_ITER[31].CG_Inst_clk_en,clock,2
gen_tiles[5].i_tile_gen_caches[0].i_snitch_icache_i_lookup_g_sets[0].gen_scm.i_tag_CG_WE_GLOBAL_clk_en,clock,2
gen_tiles[5].i_tile_gen_caches[0].i_snitch_icache_i_lookup_g_sets[1].gen_scm.i_tag_CG_CELL_WORD_ITER[0].CG_Inst_clk_en,clock,2
gen_tiles[5].i_tile_gen_caches[0].i_snitch_icache_i_lookup_g_sets[1].gen_scm.i_tag_CG_CELL_WORD_ITER[1].CG_Inst_clk_en,clock,2
gen_tiles[5].i_tile_gen_caches[0].i_snitch_icache_i_lookup_g_sets[1].gen_scm.i_tag_CG_CELL_WORD_ITER[2].CG_Inst_clk_en,clock,2
gen_tiles[5].i_tile_gen_caches[0].i_snitch_icache_i_lookup_g_sets[1].gen_scm.i_tag_CG_CELL_WORD_ITER[3].CG_Inst_clk_en,clock,2
gen_tiles[5].i_tile_gen_caches[0].i_snitch_icache_i_lookup_g_sets[1].gen_scm.i_tag_CG_CELL_WORD_ITER[4].CG_Inst_clk_en,clock,2
gen_tiles[5].i_tile_gen_caches[0].i_snitch_icache_i_lookup_g_sets[1].gen_scm.i_tag_CG_CELL_WORD_ITER[5].CG_Inst_clk_en,clock,2
gen_tiles[5].i_tile_gen_caches[0].i_snitch_icache_i_lookup_g_sets[1].gen_scm.i_tag_CG_CELL_WORD_ITER[6].CG_Inst_clk_en,clock,2
gen_tiles[5].i_tile_gen_caches[0].i_snitch_icache_i_lookup_g_sets[1].gen_scm.i_tag_CG_CELL_WORD_ITER[7].CG_Inst_clk_en,clock,2
gen_tiles[5].i_tile_gen_caches[0].i_snitch_icache_i_lookup_g_sets[1].gen_scm.i_tag_CG_CELL_WORD_ITER[8].CG_Inst_clk_en,clock,2
gen_tiles[5].i_tile_gen_caches[0].i_snitch_icache_i_lookup_g_sets[1].gen_scm.i_tag_CG_CELL_WORD_ITER[9].CG_Inst_clk_en,clock,2
gen_tiles[5].i_tile_gen_caches[0].i_snitch_icache_i_lookup_g_sets[1].gen_scm.i_tag_CG_CELL_WORD_ITER[10].CG_Inst_clk_en,clock,2
gen_tiles[5].i_tile_gen_caches[0].i_snitch_icache_i_lookup_g_sets[1].gen_scm.i_tag_CG_CELL_WORD_ITER[11].CG_Inst_clk_en,clock,2
gen_tiles[5].i_tile_gen_caches[0].i_snitch_icache_i_lookup_g_sets[1].gen_scm.i_tag_CG_CELL_WORD_ITER[12].CG_Inst_clk_en,clock,2
gen_tiles[5].i_tile_gen_caches[0].i_snitch_icache_i_lookup_g_sets[1].gen_scm.i_tag_CG_CELL_WORD_ITER[13].CG_Inst_clk_en,clock,2
gen_tiles[5].i_tile_gen_caches[0].i_snitch_icache_i_lookup_g_sets[1].gen_scm.i_tag_CG_CELL_WORD_ITER[14].CG_Inst_clk_en,clock,2
gen_tiles[5].i_tile_gen_caches[0].i_snitch_icache_i_lookup_g_sets[1].gen_scm.i_tag_CG_CELL_WORD_ITER[15].CG_Inst_clk_en,clock,2
gen_tiles[5].i_tile_gen_caches[0].i_snitch_icache_i_lookup_g_sets[1].gen_scm.i_tag_CG_CELL_WORD_ITER[16].CG_Inst_clk_en,clock,2
gen_tiles[5].i_tile_gen_caches[0].i_snitch_icache_i_lookup_g_sets[1].gen_scm.i_tag_CG_CELL_WORD_ITER[17].CG_Inst_clk_en,clock,2
gen_tiles[5].i_tile_gen_caches[0].i_snitch_icache_i_lookup_g_sets[1].gen_scm.i_tag_CG_CELL_WORD_ITER[18].CG_Inst_clk_en,clock,2
gen_tiles[5].i_tile_gen_caches[0].i_snitch_icache_i_lookup_g_sets[1].gen_scm.i_tag_CG_CELL_WORD_ITER[19].CG_Inst_clk_en,clock,2
gen_tiles[5].i_tile_gen_caches[0].i_snitch_icache_i_lookup_g_sets[1].gen_scm.i_tag_CG_CELL_WORD_ITER[20].CG_Inst_clk_en,clock,2
gen_tiles[5].i_tile_gen_caches[0].i_snitch_icache_i_lookup_g_sets[1].gen_scm.i_tag_CG_CELL_WORD_ITER[21].CG_Inst_clk_en,clock,2
gen_tiles[5].i_tile_gen_caches[0].i_snitch_icache_i_lookup_g_sets[1].gen_scm.i_tag_CG_CELL_WORD_ITER[22].CG_Inst_clk_en,clock,2
gen_tiles[5].i_tile_gen_caches[0].i_snitch_icache_i_lookup_g_sets[1].gen_scm.i_tag_CG_CELL_WORD_ITER[23].CG_Inst_clk_en,clock,2
gen_tiles[5].i_tile_gen_caches[0].i_snitch_icache_i_lookup_g_sets[1].gen_scm.i_tag_CG_CELL_WORD_ITER[24].CG_Inst_clk_en,clock,2
gen_tiles[5].i_tile_gen_caches[0].i_snitch_icache_i_lookup_g_sets[1].gen_scm.i_tag_CG_CELL_WORD_ITER[25].CG_Inst_clk_en,clock,2
gen_tiles[5].i_tile_gen_caches[0].i_snitch_icache_i_lookup_g_sets[1].gen_scm.i_tag_CG_CELL_WORD_ITER[26].CG_Inst_clk_en,clock,2
gen_tiles[5].i_tile_gen_caches[0].i_snitch_icache_i_lookup_g_sets[1].gen_scm.i_tag_CG_CELL_WORD_ITER[27].CG_Inst_clk_en,clock,2
gen_tiles[5].i_tile_gen_caches[0].i_snitch_icache_i_lookup_g_sets[1].gen_scm.i_tag_CG_CELL_WORD_ITER[28].CG_Inst_clk_en,clock,2
gen_tiles[5].i_tile_gen_caches[0].i_snitch_icache_i_lookup_g_sets[1].gen_scm.i_tag_CG_CELL_WORD_ITER[29].CG_Inst_clk_en,clock,2
gen_tiles[5].i_tile_gen_caches[0].i_snitch_icache_i_lookup_g_sets[1].gen_scm.i_tag_CG_CELL_WORD_ITER[30].CG_Inst_clk_en,clock,2
gen_tiles[5].i_tile_gen_caches[0].i_snitch_icache_i_lookup_g_sets[1].gen_scm.i_tag_CG_CELL_WORD_ITER[31].CG_Inst_clk_en,clock,2
gen_tiles[5].i_tile_gen_caches[0].i_snitch_icache_i_lookup_g_sets[1].gen_scm.i_tag_CG_WE_GLOBAL_clk_en,clock,2
gen_tiles[6].i_tile_gen_caches[0].i_snitch_icache_gen_prefetcher[0].i_snitch_icache_l0_gen_array[0].gen_latch.i_clk_gate_clk_en,clock,2
gen_tiles[6].i_tile_gen_caches[0].i_snitch_icache_gen_prefetcher[0].i_snitch_icache_l0_gen_array[1].gen_latch.i_clk_gate_clk_en,clock,2
gen_tiles[6].i_tile_gen_caches[0].i_snitch_icache_gen_prefetcher[0].i_snitch_icache_l0_gen_array[2].gen_latch.i_clk_gate_clk_en,clock,2
gen_tiles[6].i_tile_gen_caches[0].i_snitch_icache_gen_prefetcher[0].i_snitch_icache_l0_gen_array[3].gen_latch.i_clk_gate_clk_en,clock,2
gen_tiles[6].i_tile_gen_caches[0].i_snitch_icache_gen_prefetcher[1].i_snitch_icache_l0_gen_array[0].gen_latch.i_clk_gate_clk_en,clock,2
gen_tiles[6].i_tile_gen_caches[0].i_snitch_icache_gen_prefetcher[1].i_snitch_icache_l0_gen_array[1].gen_latch.i_clk_gate_clk_en,clock,2
gen_tiles[6].i_tile_gen_caches[0].i_snitch_icache_gen_prefetcher[1].i_snitch_icache_l0_gen_array[2].gen_latch.i_clk_gate_clk_en,clock,2
gen_tiles[6].i_tile_gen_caches[0].i_snitch_icache_gen_prefetcher[1].i_snitch_icache_l0_gen_array[3].gen_latch.i_clk_gate_clk_en,clock,2
gen_tiles[6].i_tile_gen_caches[0].i_snitch_icache_gen_prefetcher[2].i_snitch_icache_l0_gen_array[0].gen_latch.i_clk_gate_clk_en,clock,2
gen_tiles[6].i_tile_gen_caches[0].i_snitch_icache_gen_prefetcher[2].i_snitch_icache_l0_gen_array[1].gen_latch.i_clk_gate_clk_en,clock,2
gen_tiles[6].i_tile_gen_caches[0].i_snitch_icache_gen_prefetcher[2].i_snitch_icache_l0_gen_array[2].gen_latch.i_clk_gate_clk_en,clock,2
gen_tiles[6].i_tile_gen_caches[0].i_snitch_icache_gen_prefetcher[2].i_snitch_icache_l0_gen_array[3].gen_latch.i_clk_gate_clk_en,clock,2
gen_tiles[6].i_tile_gen_caches[0].i_snitch_icache_gen_prefetcher[3].i_snitch_icache_l0_gen_array[0].gen_latch.i_clk_gate_clk_en,clock,2
gen_tiles[6].i_tile_gen_caches[0].i_snitch_icache_gen_prefetcher[3].i_snitch_icache_l0_gen_array[1].gen_latch.i_clk_gate_clk_en,clock,2
gen_tiles[6].i_tile_gen_caches[0].i_snitch_icache_gen_prefetcher[3].i_snitch_icache_l0_gen_array[2].gen_latch.i_clk_gate_clk_en,clock,2
gen_tiles[6].i_tile_gen_caches[0].i_snitch_icache_gen_prefetcher[3].i_snitch_icache_l0_gen_array[3].gen_latch.i_clk_gate_clk_en,clock,2
gen_tiles[6].i_tile_gen_caches[0].i_snitch_icache_i_lookup_g_sets[0].gen_scm.i_tag_CG_CELL_WORD_ITER[0].CG_Inst_clk_en,clock,2
gen_tiles[6].i_tile_gen_caches[0].i_snitch_icache_i_lookup_g_sets[0].gen_scm.i_tag_CG_CELL_WORD_ITER[1].CG_Inst_clk_en,clock,2
gen_tiles[6].i_tile_gen_caches[0].i_snitch_icache_i_lookup_g_sets[0].gen_scm.i_tag_CG_CELL_WORD_ITER[2].CG_Inst_clk_en,clock,2
gen_tiles[6].i_tile_gen_caches[0].i_snitch_icache_i_lookup_g_sets[0].gen_scm.i_tag_CG_CELL_WORD_ITER[3].CG_Inst_clk_en,clock,2
gen_tiles[6].i_tile_gen_caches[0].i_snitch_icache_i_lookup_g_sets[0].gen_scm.i_tag_CG_CELL_WORD_ITER[4].CG_Inst_clk_en,clock,2
gen_tiles[6].i_tile_gen_caches[0].i_snitch_icache_i_lookup_g_sets[0].gen_scm.i_tag_CG_CELL_WORD_ITER[5].CG_Inst_clk_en,clock,2
gen_tiles[6].i_tile_gen_caches[0].i_snitch_icache_i_lookup_g_sets[0].gen_scm.i_tag_CG_CELL_WORD_ITER[6].CG_Inst_clk_en,clock,2
gen_tiles[6].i_tile_gen_caches[0].i_snitch_icache_i_lookup_g_sets[0].gen_scm.i_tag_CG_CELL_WORD_ITER[7].CG_Inst_clk_en,clock,2
gen_tiles[6].i_tile_gen_caches[0].i_snitch_icache_i_lookup_g_sets[0].gen_scm.i_tag_CG_CELL_WORD_ITER[8].CG_Inst_clk_en,clock,2
gen_tiles[6].i_tile_gen_caches[0].i_snitch_icache_i_lookup_g_sets[0].gen_scm.i_tag_CG_CELL_WORD_ITER[9].CG_Inst_clk_en,clock,2
gen_tiles[6].i_tile_gen_caches[0].i_snitch_icache_i_lookup_g_sets[0].gen_scm.i_tag_CG_CELL_WORD_ITER[10].CG_Inst_clk_en,clock,2
gen_tiles[6].i_tile_gen_caches[0].i_snitch_icache_i_lookup_g_sets[0].gen_scm.i_tag_CG_CELL_WORD_ITER[11].CG_Inst_clk_en,clock,2
gen_tiles[6].i_tile_gen_caches[0].i_snitch_icache_i_lookup_g_sets[0].gen_scm.i_tag_CG_CELL_WORD_ITER[12].CG_Inst_clk_en,clock,2
gen_tiles[6].i_tile_gen_caches[0].i_snitch_icache_i_lookup_g_sets[0].gen_scm.i_tag_CG_CELL_WORD_ITER[13].CG_Inst_clk_en,clock,2
gen_tiles[6].i_tile_gen_caches[0].i_snitch_icache_i_lookup_g_sets[0].gen_scm.i_tag_CG_CELL_WORD_ITER[14].CG_Inst_clk_en,clock,2
gen_tiles[6].i_tile_gen_caches[0].i_snitch_icache_i_lookup_g_sets[0].gen_scm.i_tag_CG_CELL_WORD_ITER[15].CG_Inst_clk_en,clock,2
gen_tiles[6].i_tile_gen_caches[0].i_snitch_icache_i_lookup_g_sets[0].gen_scm.i_tag_CG_CELL_WORD_ITER[16].CG_Inst_clk_en,clock,2
gen_tiles[6].i_tile_gen_caches[0].i_snitch_icache_i_lookup_g_sets[0].gen_scm.i_tag_CG_CELL_WORD_ITER[17].CG_Inst_clk_en,clock,2
gen_tiles[6].i_tile_gen_caches[0].i_snitch_icache_i_lookup_g_sets[0].gen_scm.i_tag_CG_CELL_WORD_ITER[18].CG_Inst_clk_en,clock,2
gen_tiles[6].i_tile_gen_caches[0].i_snitch_icache_i_lookup_g_sets[0].gen_scm.i_tag_CG_CELL_WORD_ITER[19].CG_Inst_clk_en,clock,2
gen_tiles[6].i_tile_gen_caches[0].i_snitch_icache_i_lookup_g_sets[0].gen_scm.i_tag_CG_CELL_WORD_ITER[20].CG_Inst_clk_en,clock,2
gen_tiles[6].i_tile_gen_caches[0].i_snitch_icache_i_lookup_g_sets[0].gen_scm.i_tag_CG_CELL_WORD_ITER[21].CG_Inst_clk_en,clock,2
gen_tiles[6].i_tile_gen_caches[0].i_snitch_icache_i_lookup_g_sets[0].gen_scm.i_tag_CG_CELL_WORD_ITER[22].CG_Inst_clk_en,clock,2
gen_tiles[6].i_tile_gen_caches[0].i_snitch_icache_i_lookup_g_sets[0].gen_scm.i_tag_CG_CELL_WORD_ITER[23].CG_Inst_clk_en,clock,2
gen_tiles[6].i_tile_gen_caches[0].i_snitch_icache_i_lookup_g_sets[0].gen_scm.i_tag_CG_CELL_WORD_ITER[24].CG_Inst_clk_en,clock,2
gen_tiles[6].i_tile_gen_caches[0].i_snitch_icache_i_lookup_g_sets[0].gen_scm.i_tag_CG_CELL_WORD_ITER[25].CG_Inst_clk_en,clock,2
gen_tiles[6].i_tile_gen_caches[0].i_snitch_icache_i_lookup_g_sets[0].gen_scm.i_tag_CG_CELL_WORD_ITER[26].CG_Inst_clk_en,clock,2
gen_tiles[6].i_tile_gen_caches[0].i_snitch_icache_i_lookup_g_sets[0].gen_scm.i_tag_CG_CELL_WORD_ITER[27].CG_Inst_clk_en,clock,2
gen_tiles[6].i_tile_gen_caches[0].i_snitch_icache_i_lookup_g_sets[0].gen_scm.i_tag_CG_CELL_WORD_ITER[28].CG_Inst_clk_en,clock,2
gen_tiles[6].i_tile_gen_caches[0].i_snitch_icache_i_lookup_g_sets[0].gen_scm.i_tag_CG_CELL_WORD_ITER[29].CG_Inst_clk_en,clock,2
gen_tiles[6].i_tile_gen_caches[0].i_snitch_icache_i_lookup_g_sets[0].gen_scm.i_tag_CG_CELL_WORD_ITER[30].CG_Inst_clk_en,clock,2
gen_tiles[6].i_tile_gen_caches[0].i_snitch_icache_i_lookup_g_sets[0].gen_scm.i_tag_CG_CELL_WORD_ITER[31].CG_Inst_clk_en,clock,2
gen_tiles[6].i_tile_gen_caches[0].i_snitch_icache_i_lookup_g_sets[0].gen_scm.i_tag_CG_WE_GLOBAL_clk_en,clock,2
gen_tiles[6].i_tile_gen_caches[0].i_snitch_icache_i_lookup_g_sets[1].gen_scm.i_tag_CG_CELL_WORD_ITER[0].CG_Inst_clk_en,clock,2
gen_tiles[6].i_tile_gen_caches[0].i_snitch_icache_i_lookup_g_sets[1].gen_scm.i_tag_CG_CELL_WORD_ITER[1].CG_Inst_clk_en,clock,2
gen_tiles[6].i_tile_gen_caches[0].i_snitch_icache_i_lookup_g_sets[1].gen_scm.i_tag_CG_CELL_WORD_ITER[2].CG_Inst_clk_en,clock,2
gen_tiles[6].i_tile_gen_caches[0].i_snitch_icache_i_lookup_g_sets[1].gen_scm.i_tag_CG_CELL_WORD_ITER[3].CG_Inst_clk_en,clock,2
gen_tiles[6].i_tile_gen_caches[0].i_snitch_icache_i_lookup_g_sets[1].gen_scm.i_tag_CG_CELL_WORD_ITER[4].CG_Inst_clk_en,clock,2
gen_tiles[6].i_tile_gen_caches[0].i_snitch_icache_i_lookup_g_sets[1].gen_scm.i_tag_CG_CELL_WORD_ITER[5].CG_Inst_clk_en,clock,2
gen_tiles[6].i_tile_gen_caches[0].i_snitch_icache_i_lookup_g_sets[1].gen_scm.i_tag_CG_CELL_WORD_ITER[6].CG_Inst_clk_en,clock,2
gen_tiles[6].i_tile_gen_caches[0].i_snitch_icache_i_lookup_g_sets[1].gen_scm.i_tag_CG_CELL_WORD_ITER[7].CG_Inst_clk_en,clock,2
gen_tiles[6].i_tile_gen_caches[0].i_snitch_icache_i_lookup_g_sets[1].gen_scm.i_tag_CG_CELL_WORD_ITER[8].CG_Inst_clk_en,clock,2
gen_tiles[6].i_tile_gen_caches[0].i_snitch_icache_i_lookup_g_sets[1].gen_scm.i_tag_CG_CELL_WORD_ITER[9].CG_Inst_clk_en,clock,2
gen_tiles[6].i_tile_gen_caches[0].i_snitch_icache_i_lookup_g_sets[1].gen_scm.i_tag_CG_CELL_WORD_ITER[10].CG_Inst_clk_en,clock,2
gen_tiles[6].i_tile_gen_caches[0].i_snitch_icache_i_lookup_g_sets[1].gen_scm.i_tag_CG_CELL_WORD_ITER[11].CG_Inst_clk_en,clock,2
gen_tiles[6].i_tile_gen_caches[0].i_snitch_icache_i_lookup_g_sets[1].gen_scm.i_tag_CG_CELL_WORD_ITER[12].CG_Inst_clk_en,clock,2
gen_tiles[6].i_tile_gen_caches[0].i_snitch_icache_i_lookup_g_sets[1].gen_scm.i_tag_CG_CELL_WORD_ITER[13].CG_Inst_clk_en,clock,2
gen_tiles[6].i_tile_gen_caches[0].i_snitch_icache_i_lookup_g_sets[1].gen_scm.i_tag_CG_CELL_WORD_ITER[14].CG_Inst_clk_en,clock,2
gen_tiles[6].i_tile_gen_caches[0].i_snitch_icache_i_lookup_g_sets[1].gen_scm.i_tag_CG_CELL_WORD_ITER[15].CG_Inst_clk_en,clock,2
gen_tiles[6].i_tile_gen_caches[0].i_snitch_icache_i_lookup_g_sets[1].gen_scm.i_tag_CG_CELL_WORD_ITER[16].CG_Inst_clk_en,clock,2
gen_tiles[6].i_tile_gen_caches[0].i_snitch_icache_i_lookup_g_sets[1].gen_scm.i_tag_CG_CELL_WORD_ITER[17].CG_Inst_clk_en,clock,2
gen_tiles[6].i_tile_gen_caches[0].i_snitch_icache_i_lookup_g_sets[1].gen_scm.i_tag_CG_CELL_WORD_ITER[18].CG_Inst_clk_en,clock,2
gen_tiles[6].i_tile_gen_caches[0].i_snitch_icache_i_lookup_g_sets[1].gen_scm.i_tag_CG_CELL_WORD_ITER[19].CG_Inst_clk_en,clock,2
gen_tiles[6].i_tile_gen_caches[0].i_snitch_icache_i_lookup_g_sets[1].gen_scm.i_tag_CG_CELL_WORD_ITER[20].CG_Inst_clk_en,clock,2
gen_tiles[6].i_tile_gen_caches[0].i_snitch_icache_i_lookup_g_sets[1].gen_scm.i_tag_CG_CELL_WORD_ITER[21].CG_Inst_clk_en,clock,2
gen_tiles[6].i_tile_gen_caches[0].i_snitch_icache_i_lookup_g_sets[1].gen_scm.i_tag_CG_CELL_WORD_ITER[22].CG_Inst_clk_en,clock,2
gen_tiles[6].i_tile_gen_caches[0].i_snitch_icache_i_lookup_g_sets[1].gen_scm.i_tag_CG_CELL_WORD_ITER[23].CG_Inst_clk_en,clock,2
gen_tiles[6].i_tile_gen_caches[0].i_snitch_icache_i_lookup_g_sets[1].gen_scm.i_tag_CG_CELL_WORD_ITER[24].CG_Inst_clk_en,clock,2
gen_tiles[6].i_tile_gen_caches[0].i_snitch_icache_i_lookup_g_sets[1].gen_scm.i_tag_CG_CELL_WORD_ITER[25].CG_Inst_clk_en,clock,2
gen_tiles[6].i_tile_gen_caches[0].i_snitch_icache_i_lookup_g_sets[1].gen_scm.i_tag_CG_CELL_WORD_ITER[26].CG_Inst_clk_en,clock,2
gen_tiles[6].i_tile_gen_caches[0].i_snitch_icache_i_lookup_g_sets[1].gen_scm.i_tag_CG_CELL_WORD_ITER[27].CG_Inst_clk_en,clock,2
gen_tiles[6].i_tile_gen_caches[0].i_snitch_icache_i_lookup_g_sets[1].gen_scm.i_tag_CG_CELL_WORD_ITER[28].CG_Inst_clk_en,clock,2
gen_tiles[6].i_tile_gen_caches[0].i_snitch_icache_i_lookup_g_sets[1].gen_scm.i_tag_CG_CELL_WORD_ITER[29].CG_Inst_clk_en,clock,2
gen_tiles[6].i_tile_gen_caches[0].i_snitch_icache_i_lookup_g_sets[1].gen_scm.i_tag_CG_CELL_WORD_ITER[30].CG_Inst_clk_en,clock,2
gen_tiles[6].i_tile_gen_caches[0].i_snitch_icache_i_lookup_g_sets[1].gen_scm.i_tag_CG_CELL_WORD_ITER[31].CG_Inst_clk_en,clock,2
gen_tiles[6].i_tile_gen_caches[0].i_snitch_icache_i_lookup_g_sets[1].gen_scm.i_tag_CG_WE_GLOBAL_clk_en,clock,2
gen_tiles[7].i_tile_gen_caches[0].axi_cache_slice_i_reg_ar_spill_register_flushable_i_gen_spill_reg.a_data_q_burst[0],reset,2
gen_tiles[7].i_tile_gen_caches[0].axi_cache_slice_i_reg_ar_spill_register_flushable_i_gen_spill_reg.b_data_q_burst[0],reset,2
gen_tiles[7].i_tile_gen_caches[0].i_snitch_icache_gen_prefetcher[0].i_snitch_icache_l0_gen_array[0].gen_latch.i_clk_gate_clk_en,clock,2
gen_tiles[7].i_tile_gen_caches[0].i_snitch_icache_gen_prefetcher[0].i_snitch_icache_l0_gen_array[1].gen_latch.i_clk_gate_clk_en,clock,2
gen_tiles[7].i_tile_gen_caches[0].i_snitch_icache_gen_prefetcher[0].i_snitch_icache_l0_gen_array[2].gen_latch.i_clk_gate_clk_en,clock,2
gen_tiles[7].i_tile_gen_caches[0].i_snitch_icache_gen_prefetcher[0].i_snitch_icache_l0_gen_array[3].gen_latch.i_clk_gate_clk_en,clock,2
gen_tiles[7].i_tile_gen_caches[0].i_snitch_icache_gen_prefetcher[1].i_snitch_icache_l0_gen_array[0].gen_latch.i_clk_gate_clk_en,clock,2
gen_tiles[7].i_tile_gen_caches[0].i_snitch_icache_gen_prefetcher[1].i_snitch_icache_l0_gen_array[1].gen_latch.i_clk_gate_clk_en,clock,2
gen_tiles[7].i_tile_gen_caches[0].i_snitch_icache_gen_prefetcher[1].i_snitch_icache_l0_gen_array[2].gen_latch.i_clk_gate_clk_en,clock,2
gen_tiles[7].i_tile_gen_caches[0].i_snitch_icache_gen_prefetcher[1].i_snitch_icache_l0_gen_array[3].gen_latch.i_clk_gate_clk_en,clock,2
gen_tiles[7].i_tile_gen_caches[0].i_snitch_icache_gen_prefetcher[2].i_snitch_icache_l0_gen_array[0].gen_latch.i_clk_gate_clk_en,clock,2
gen_tiles[7].i_tile_gen_caches[0].i_snitch_icache_gen_prefetcher[2].i_snitch_icache_l0_gen_array[1].gen_latch.i_clk_gate_clk_en,clock,2
gen_tiles[7].i_tile_gen_caches[0].i_snitch_icache_gen_prefetcher[2].i_snitch_icache_l0_gen_array[2].gen_latch.i_clk_gate_clk_en,clock,2
gen_tiles[7].i_tile_gen_caches[0].i_snitch_icache_gen_prefetcher[2].i_snitch_icache_l0_gen_array[3].gen_latch.i_clk_gate_clk_en,clock,2
gen_tiles[7].i_tile_gen_caches[0].i_snitch_icache_gen_prefetcher[3].i_snitch_icache_l0_gen_array[0].gen_latch.i_clk_gate_clk_en,clock,2
gen_tiles[7].i_tile_gen_caches[0].i_snitch_icache_gen_prefetcher[3].i_snitch_icache_l0_gen_array[1].gen_latch.i_clk_gate_clk_en,clock,2
gen_tiles[7].i_tile_gen_caches[0].i_snitch_icache_gen_prefetcher[3].i_snitch_icache_l0_gen_array[2].gen_latch.i_clk_gate_clk_en,clock,2
gen_tiles[7].i_tile_gen_caches[0].i_snitch_icache_gen_prefetcher[3].i_snitch_icache_l0_gen_array[3].gen_latch.i_clk_gate_clk_en,clock,2
gen_tiles[7].i_tile_gen_caches[0].i_snitch_icache_i_lookup_g_sets[0].gen_scm.i_tag_CG_CELL_WORD_ITER[0].CG_Inst_clk_en,clock,2
gen_tiles[7].i_tile_gen_caches[0].i_snitch_icache_i_lookup_g_sets[0].gen_scm.i_tag_CG_CELL_WORD_ITER[1].CG_Inst_clk_en,clock,2
gen_tiles[7].i_tile_gen_caches[0].i_snitch_icache_i_lookup_g_sets[0].gen_scm.i_tag_CG_CELL_WORD_ITER[2].CG_Inst_clk_en,clock,2
gen_tiles[7].i_tile_gen_caches[0].i_snitch_icache_i_lookup_g_sets[0].gen_scm.i_tag_CG_CELL_WORD_ITER[3].CG_Inst_clk_en,clock,2
gen_tiles[7].i_tile_gen_caches[0].i_snitch_icache_i_lookup_g_sets[0].gen_scm.i_tag_CG_CELL_WORD_ITER[4].CG_Inst_clk_en,clock,2
gen_tiles[7].i_tile_gen_caches[0].i_snitch_icache_i_lookup_g_sets[0].gen_scm.i_tag_CG_CELL_WORD_ITER[5].CG_Inst_clk_en,clock,2
gen_tiles[7].i_tile_gen_caches[0].i_snitch_icache_i_lookup_g_sets[0].gen_scm.i_tag_CG_CELL_WORD_ITER[6].CG_Inst_clk_en,clock,2
gen_tiles[7].i_tile_gen_caches[0].i_snitch_icache_i_lookup_g_sets[0].gen_scm.i_tag_CG_CELL_WORD_ITER[7].CG_Inst_clk_en,clock,2
gen_tiles[7].i_tile_gen_caches[0].i_snitch_icache_i_lookup_g_sets[0].gen_scm.i_tag_CG_CELL_WORD_ITER[8].CG_Inst_clk_en,clock,2
gen_tiles[7].i_tile_gen_caches[0].i_snitch_icache_i_lookup_g_sets[0].gen_scm.i_tag_CG_CELL_WORD_ITER[9].CG_Inst_clk_en,clock,2
gen_tiles[7].i_tile_gen_caches[0].i_snitch_icache_i_lookup_g_sets[0].gen_scm.i_tag_CG_CELL_WORD_ITER[10].CG_Inst_clk_en,clock,2
gen_tiles[7].i_tile_gen_caches[0].i_snitch_icache_i_lookup_g_sets[0].gen_scm.i_tag_CG_CELL_WORD_ITER[11].CG_Inst_clk_en,clock,2
gen_tiles[7].i_tile_gen_caches[0].i_snitch_icache_i_lookup_g_sets[0].gen_scm.i_tag_CG_CELL_WORD_ITER[12].CG_Inst_clk_en,clock,2
gen_tiles[7].i_tile_gen_caches[0].i_snitch_icache_i_lookup_g_sets[0].gen_scm.i_tag_CG_CELL_WORD_ITER[13].CG_Inst_clk_en,clock,2
gen_tiles[7].i_tile_gen_caches[0].i_snitch_icache_i_lookup_g_sets[0].gen_scm.i_tag_CG_CELL_WORD_ITER[14].CG_Inst_clk_en,clock,2
gen_tiles[7].i_tile_gen_caches[0].i_snitch_icache_i_lookup_g_sets[0].gen_scm.i_tag_CG_CELL_WORD_ITER[15].CG_Inst_clk_en,clock,2
gen_tiles[7].i_tile_gen_caches[0].i_snitch_icache_i_lookup_g_sets[0].gen_scm.i_tag_CG_CELL_WORD_ITER[16].CG_Inst_clk_en,clock,2
gen_tiles[7].i_tile_gen_caches[0].i_snitch_icache_i_lookup_g_sets[0].gen_scm.i_tag_CG_CELL_WORD_ITER[17].CG_Inst_clk_en,clock,2
gen_tiles[7].i_tile_gen_caches[0].i_snitch_icache_i_lookup_g_sets[0].gen_scm.i_tag_CG_CELL_WORD_ITER[18].CG_Inst_clk_en,clock,2
gen_tiles[7].i_tile_gen_caches[0].i_snitch_icache_i_lookup_g_sets[0].gen_scm.i_tag_CG_CELL_WORD_ITER[19].CG_Inst_clk_en,clock,2
gen_tiles[7].i_tile_gen_caches[0].i_snitch_icache_i_lookup_g_sets[0].gen_scm.i_tag_CG_CELL_WORD_ITER[20].CG_Inst_clk_en,clock,2
gen_tiles[7].i_tile_gen_caches[0].i_snitch_icache_i_lookup_g_sets[0].gen_scm.i_tag_CG_CELL_WORD_ITER[21].CG_Inst_clk_en,clock,2
gen_tiles[7].i_tile_gen_caches[0].i_snitch_icache_i_lookup_g_sets[0].gen_scm.i_tag_CG_CELL_WORD_ITER[22].CG_Inst_clk_en,clock,2
gen_tiles[7].i_tile_gen_caches[0].i_snitch_icache_i_lookup_g_sets[0].gen_scm.i_tag_CG_CELL_WORD_ITER[23].CG_Inst_clk_en,clock,2
gen_tiles[7].i_tile_gen_caches[0].i_snitch_icache_i_lookup_g_sets[0].gen_scm.i_tag_CG_CELL_WORD_ITER[24].CG_Inst_clk_en,clock,2
gen_tiles[7].i_tile_gen_caches[0].i_snitch_icache_i_lookup_g_sets[0].gen_scm.i_tag_CG_CELL_WORD_ITER[25].CG_Inst_clk_en,clock,2
gen_tiles[7].i_tile_gen_caches[0].i_snitch_icache_i_lookup_g_sets[0].gen_scm.i_tag_CG_CELL_WORD_ITER[26].CG_Inst_clk_en,clock,2
gen_tiles[7].i_tile_gen_caches[0].i_snitch_icache_i_lookup_g_sets[0].gen_scm.i_tag_CG_CELL_WORD_ITER[27].CG_Inst_clk_en,clock,2
gen_tiles[7].i_tile_gen_caches[0].i_snitch_icache_i_lookup_g_sets[0].gen_scm.i_tag_CG_CELL_WORD_ITER[28].CG_Inst_clk_en,clock,2
gen_tiles[7].i_tile_gen_caches[0].i_snitch_icache_i_lookup_g_sets[0].gen_scm.i_tag_CG_CELL_WORD_ITER[29].CG_Inst_clk_en,clock,2
gen_tiles[7].i_tile_gen_caches[0].i_snitch_icache_i_lookup_g_sets[0].gen_scm.i_tag_CG_CELL_WORD_ITER[30].CG_Inst_clk_en,clock,2
gen_tiles[7].i_tile_gen_caches[0].i_snitch_icache_i_lookup_g_sets[0].gen_scm.i_tag_CG_CELL_WORD_ITER[31].CG_Inst_clk_en,clock,2
gen_tiles[7].i_tile_gen_caches[0].i_snitch_icache_i_lookup_g_sets[0].gen_scm.i_tag_CG_WE_GLOBAL_clk_en,clock,2
gen_tiles[7].i_tile_gen_caches[0].i_snitch_icache_i_lookup_g_sets[1].gen_scm.i_tag_CG_CELL_WORD_ITER[0].CG_Inst_clk_en,clock,2
gen_tiles[7].i_tile_gen_caches[0].i_snitch_icache_i_lookup_g_sets[1].gen_scm.i_tag_CG_CELL_WORD_ITER[1].CG_Inst_clk_en,clock,2
gen_tiles[7].i_tile_gen_caches[0].i_snitch_icache_i_lookup_g_sets[1].gen_scm.i_tag_CG_CELL_WORD_ITER[2].CG_Inst_clk_en,clock,2
gen_tiles[7].i_tile_gen_caches[0].i_snitch_icache_i_lookup_g_sets[1].gen_scm.i_tag_CG_CELL_WORD_ITER[3].CG_Inst_clk_en,clock,2
gen_tiles[7].i_tile_gen_caches[0].i_snitch_icache_i_lookup_g_sets[1].gen_scm.i_tag_CG_CELL_WORD_ITER[4].CG_Inst_clk_en,clock,2
gen_tiles[7].i_tile_gen_caches[0].i_snitch_icache_i_lookup_g_sets[1].gen_scm.i_tag_CG_CELL_WORD_ITER[5].CG_Inst_clk_en,clock,2
gen_tiles[7].i_tile_gen_caches[0].i_snitch_icache_i_lookup_g_sets[1].gen_scm.i_tag_CG_CELL_WORD_ITER[6].CG_Inst_clk_en,clock,2
gen_tiles[7].i_tile_gen_caches[0].i_snitch_icache_i_lookup_g_sets[1].gen_scm.i_tag_CG_CELL_WORD_ITER[7].CG_Inst_clk_en,clock,2
gen_tiles[7].i_tile_gen_caches[0].i_snitch_icache_i_lookup_g_sets[1].gen_scm.i_tag_CG_CELL_WORD_ITER[8].CG_Inst_clk_en,clock,2
gen_tiles[7].i_tile_gen_caches[0].i_snitch_icache_i_lookup_g_sets[1].gen_scm.i_tag_CG_CELL_WORD_ITER[9].CG_Inst_clk_en,clock,2
gen_tiles[7].i_tile_gen_caches[0].i_snitch_icache_i_lookup_g_sets[1].gen_scm.i_tag_CG_CELL_WORD_ITER[10].CG_Inst_clk_en,clock,2
gen_tiles[7].i_tile_gen_caches[0].i_snitch_icache_i_lookup_g_sets[1].gen_scm.i_tag_CG_CELL_WORD_ITER[11].CG_Inst_clk_en,clock,2
gen_tiles[7].i_tile_gen_caches[0].i_snitch_icache_i_lookup_g_sets[1].gen_scm.i_tag_CG_CELL_WORD_ITER[12].CG_Inst_clk_en,clock,2
gen_tiles[7].i_tile_gen_caches[0].i_snitch_icache_i_lookup_g_sets[1].gen_scm.i_tag_CG_CELL_WORD_ITER[13].CG_Inst_clk_en,clock,2
gen_tiles[7].i_tile_gen_caches[0].i_snitch_icache_i_lookup_g_sets[1].gen_scm.i_tag_CG_CELL_WORD_ITER[14].CG_Inst_clk_en,clock,2
gen_tiles[7].i_tile_gen_caches[0].i_snitch_icache_i_lookup_g_sets[1].gen_scm.i_tag_CG_CELL_WORD_ITER[15].CG_Inst_clk_en,clock,2
gen_tiles[7].i_tile_gen_caches[0].i_snitch_icache_i_lookup_g_sets[1].gen_scm.i_tag_CG_CELL_WORD_ITER[16].CG_Inst_clk_en,clock,2
gen_tiles[7].i_tile_gen_caches[0].i_snitch_icache_i_lookup_g_sets[1].gen_scm.i_tag_CG_CELL_WORD_ITER[17].CG_Inst_clk_en,clock,2
gen_tiles[7].i_tile_gen_caches[0].i_snitch_icache_i_lookup_g_sets[1].gen_scm.i_tag_CG_CELL_WORD_ITER[18].CG_Inst_clk_en,clock,2
gen_tiles[7].i_tile_gen_caches[0].i_snitch_icache_i_lookup_g_sets[1].gen_scm.i_tag_CG_CELL_WORD_ITER[19].CG_Inst_clk_en,clock,2
gen_tiles[7].i_tile_gen_caches[0].i_snitch_icache_i_lookup_g_sets[1].gen_scm.i_tag_CG_CELL_WORD_ITER[20].CG_Inst_clk_en,clock,2
gen_tiles[7].i_tile_gen_caches[0].i_snitch_icache_i_lookup_g_sets[1].gen_scm.i_tag_CG_CELL_WORD_ITER[21].CG_Inst_clk_en,clock,2
gen_tiles[7].i_tile_gen_caches[0].i_snitch_icache_i_lookup_g_sets[1].gen_scm.i_tag_CG_CELL_WORD_ITER[22].CG_Inst_clk_en,clock,2
gen_tiles[7].i_tile_gen_caches[0].i_snitch_icache_i_lookup_g_sets[1].gen_scm.i_tag_CG_CELL_WORD_ITER[23].CG_Inst_clk_en,clock,2
gen_tiles[7].i_tile_gen_caches[0].i_snitch_icache_i_lookup_g_sets[1].gen_scm.i_tag_CG_CELL_WORD_ITER[24].CG_Inst_clk_en,clock,2
gen_tiles[7].i_tile_gen_caches[0].i_snitch_icache_i_lookup_g_sets[1].gen_scm.i_tag_CG_CELL_WORD_ITER[25].CG_Inst_clk_en,clock,2
gen_tiles[7].i_tile_gen_caches[0].i_snitch_icache_i_lookup_g_sets[1].gen_scm.i_tag_CG_CELL_WORD_ITER[26].CG_Inst_clk_en,clock,2
gen_tiles[7].i_tile_gen_caches[0].i_snitch_icache_i_lookup_g_sets[1].gen_scm.i_tag_CG_CELL_WORD_ITER[27].CG_Inst_clk_en,clock,2
gen_tiles[7].i_tile_gen_caches[0].i_snitch_icache_i_lookup_g_sets[1].gen_scm.i_tag_CG_CELL_WORD_ITER[28].CG_Inst_clk_en,clock,2
gen_tiles[7].i_tile_gen_caches[0].i_snitch_icache_i_lookup_g_sets[1].gen_scm.i_tag_CG_CELL_WORD_ITER[29].CG_Inst_clk_en,clock,2
gen_tiles[7].i_tile_gen_caches[0].i_snitch_icache_i_lookup_g_sets[1].gen_scm.i_tag_CG_CELL_WORD_ITER[30].CG_Inst_clk_en,clock,2
gen_tiles[7].i_tile_gen_caches[0].i_snitch_icache_i_lookup_g_sets[1].gen_scm.i_tag_CG_CELL_WORD_ITER[31].CG_Inst_clk_en,clock,2
gen_tiles[7].i_tile_gen_caches[0].i_snitch_icache_i_lookup_g_sets[1].gen_scm.i_tag_CG_WE_GLOBAL_clk_en,clock,2
gen_tiles[8].i_tile_gen_caches[0].i_snitch_icache_gen_prefetcher[0].i_snitch_icache_l0_gen_array[0].gen_latch.i_clk_gate_clk_en,clock,2
gen_tiles[8].i_tile_gen_caches[0].i_snitch_icache_gen_prefetcher[0].i_snitch_icache_l0_gen_array[1].gen_latch.i_clk_gate_clk_en,clock,2
gen_tiles[8].i_tile_gen_caches[0].i_snitch_icache_gen_prefetcher[0].i_snitch_icache_l0_gen_array[2].gen_latch.i_clk_gate_clk_en,clock,2
gen_tiles[8].i_tile_gen_caches[0].i_snitch_icache_gen_prefetcher[0].i_snitch_icache_l0_gen_array[3].gen_latch.i_clk_gate_clk_en,clock,2
gen_tiles[8].i_tile_gen_caches[0].i_snitch_icache_gen_prefetcher[1].i_snitch_icache_l0_gen_array[0].gen_latch.i_clk_gate_clk_en,clock,2
gen_tiles[8].i_tile_gen_caches[0].i_snitch_icache_gen_prefetcher[1].i_snitch_icache_l0_gen_array[1].gen_latch.i_clk_gate_clk_en,clock,2
gen_tiles[8].i_tile_gen_caches[0].i_snitch_icache_gen_prefetcher[1].i_snitch_icache_l0_gen_array[2].gen_latch.i_clk_gate_clk_en,clock,2
gen_tiles[8].i_tile_gen_caches[0].i_snitch_icache_gen_prefetcher[1].i_snitch_icache_l0_gen_array[3].gen_latch.i_clk_gate_clk_en,clock,2
gen_tiles[8].i_tile_gen_caches[0].i_snitch_icache_gen_prefetcher[2].i_snitch_icache_l0_gen_array[0].gen_latch.i_clk_gate_clk_en,clock,2
gen_tiles[8].i_tile_gen_caches[0].i_snitch_icache_gen_prefetcher[2].i_snitch_icache_l0_gen_array[1].gen_latch.i_clk_gate_clk_en,clock,2
gen_tiles[8].i_tile_gen_caches[0].i_snitch_icache_gen_prefetcher[2].i_snitch_icache_l0_gen_array[2].gen_latch.i_clk_gate_clk_en,clock,2
gen_tiles[8].i_tile_gen_caches[0].i_snitch_icache_gen_prefetcher[2].i_snitch_icache_l0_gen_array[3].gen_latch.i_clk_gate_clk_en,clock,2
gen_tiles[8].i_tile_gen_caches[0].i_snitch_icache_gen_prefetcher[3].i_snitch_icache_l0_gen_array[0].gen_latch.i_clk_gate_clk_en,clock,2
gen_tiles[8].i_tile_gen_caches[0].i_snitch_icache_gen_prefetcher[3].i_snitch_icache_l0_gen_array[1].gen_latch.i_clk_gate_clk_en,clock,2
gen_tiles[8].i_tile_gen_caches[0].i_snitch_icache_gen_prefetcher[3].i_snitch_icache_l0_gen_array[2].gen_latch.i_clk_gate_clk_en,clock,2
gen_tiles[8].i_tile_gen_caches[0].i_snitch_icache_gen_prefetcher[3].i_snitch_icache_l0_gen_array[3].gen_latch.i_clk_gate_clk_en,clock,2
gen_tiles[8].i_tile_gen_caches[0].i_snitch_icache_i_lookup_g_sets[0].gen_scm.i_tag_CG_CELL_WORD_ITER[0].CG_Inst_clk_en,clock,2
gen_tiles[8].i_tile_gen_caches[0].i_snitch_icache_i_lookup_g_sets[0].gen_scm.i_tag_CG_CELL_WORD_ITER[1].CG_Inst_clk_en,clock,2
gen_tiles[8].i_tile_gen_caches[0].i_snitch_icache_i_lookup_g_sets[0].gen_scm.i_tag_CG_CELL_WORD_ITER[2].CG_Inst_clk_en,clock,2
gen_tiles[8].i_tile_gen_caches[0].i_snitch_icache_i_lookup_g_sets[0].gen_scm.i_tag_CG_CELL_WORD_ITER[3].CG_Inst_clk_en,clock,2
gen_tiles[8].i_tile_gen_caches[0].i_snitch_icache_i_lookup_g_sets[0].gen_scm.i_tag_CG_CELL_WORD_ITER[4].CG_Inst_clk_en,clock,2
gen_tiles[8].i_tile_gen_caches[0].i_snitch_icache_i_lookup_g_sets[0].gen_scm.i_tag_CG_CELL_WORD_ITER[5].CG_Inst_clk_en,clock,2
gen_tiles[8].i_tile_gen_caches[0].i_snitch_icache_i_lookup_g_sets[0].gen_scm.i_tag_CG_CELL_WORD_ITER[6].CG_Inst_clk_en,clock,2
gen_tiles[8].i_tile_gen_caches[0].i_snitch_icache_i_lookup_g_sets[0].gen_scm.i_tag_CG_CELL_WORD_ITER[7].CG_Inst_clk_en,clock,2
gen_tiles[8].i_tile_gen_caches[0].i_snitch_icache_i_lookup_g_sets[0].gen_scm.i_tag_CG_CELL_WORD_ITER[8].CG_Inst_clk_en,clock,2
gen_tiles[8].i_tile_gen_caches[0].i_snitch_icache_i_lookup_g_sets[0].gen_scm.i_tag_CG_CELL_WORD_ITER[9].CG_Inst_clk_en,clock,2
gen_tiles[8].i_tile_gen_caches[0].i_snitch_icache_i_lookup_g_sets[0].gen_scm.i_tag_CG_CELL_WORD_ITER[10].CG_Inst_clk_en,clock,2
gen_tiles[8].i_tile_gen_caches[0].i_snitch_icache_i_lookup_g_sets[0].gen_scm.i_tag_CG_CELL_WORD_ITER[11].CG_Inst_clk_en,clock,2
gen_tiles[8].i_tile_gen_caches[0].i_snitch_icache_i_lookup_g_sets[0].gen_scm.i_tag_CG_CELL_WORD_ITER[12].CG_Inst_clk_en,clock,2
gen_tiles[8].i_tile_gen_caches[0].i_snitch_icache_i_lookup_g_sets[0].gen_scm.i_tag_CG_CELL_WORD_ITER[13].CG_Inst_clk_en,clock,2
gen_tiles[8].i_tile_gen_caches[0].i_snitch_icache_i_lookup_g_sets[0].gen_scm.i_tag_CG_CELL_WORD_ITER[14].CG_Inst_clk_en,clock,2
gen_tiles[8].i_tile_gen_caches[0].i_snitch_icache_i_lookup_g_sets[0].gen_scm.i_tag_CG_CELL_WORD_ITER[15].CG_Inst_clk_en,clock,2
gen_tiles[8].i_tile_gen_caches[0].i_snitch_icache_i_lookup_g_sets[0].gen_scm.i_tag_CG_CELL_WORD_ITER[16].CG_Inst_clk_en,clock,2
gen_tiles[8].i_tile_gen_caches[0].i_snitch_icache_i_lookup_g_sets[0].gen_scm.i_tag_CG_CELL_WORD_ITER[17].CG_Inst_clk_en,clock,2
gen_tiles[8].i_tile_gen_caches[0].i_snitch_icache_i_lookup_g_sets[0].gen_scm.i_tag_CG_CELL_WORD_ITER[18].CG_Inst_clk_en,clock,2
gen_tiles[8].i_tile_gen_caches[0].i_snitch_icache_i_lookup_g_sets[0].gen_scm.i_tag_CG_CELL_WORD_ITER[19].CG_Inst_clk_en,clock,2
gen_tiles[8].i_tile_gen_caches[0].i_snitch_icache_i_lookup_g_sets[0].gen_scm.i_tag_CG_CELL_WORD_ITER[20].CG_Inst_clk_en,clock,2
gen_tiles[8].i_tile_gen_caches[0].i_snitch_icache_i_lookup_g_sets[0].gen_scm.i_tag_CG_CELL_WORD_ITER[21].CG_Inst_clk_en,clock,2
gen_tiles[8].i_tile_gen_caches[0].i_snitch_icache_i_lookup_g_sets[0].gen_scm.i_tag_CG_CELL_WORD_ITER[22].CG_Inst_clk_en,clock,2
gen_tiles[8].i_tile_gen_caches[0].i_snitch_icache_i_lookup_g_sets[0].gen_scm.i_tag_CG_CELL_WORD_ITER[23].CG_Inst_clk_en,clock,2
gen_tiles[8].i_tile_gen_caches[0].i_snitch_icache_i_lookup_g_sets[0].gen_scm.i_tag_CG_CELL_WORD_ITER[24].CG_Inst_clk_en,clock,2
gen_tiles[8].i_tile_gen_caches[0].i_snitch_icache_i_lookup_g_sets[0].gen_scm.i_tag_CG_CELL_WORD_ITER[25].CG_Inst_clk_en,clock,2
gen_tiles[8].i_tile_gen_caches[0].i_snitch_icache_i_lookup_g_sets[0].gen_scm.i_tag_CG_CELL_WORD_ITER[26].CG_Inst_clk_en,clock,2
gen_tiles[8].i_tile_gen_caches[0].i_snitch_icache_i_lookup_g_sets[0].gen_scm.i_tag_CG_CELL_WORD_ITER[27].CG_Inst_clk_en,clock,2
gen_tiles[8].i_tile_gen_caches[0].i_snitch_icache_i_lookup_g_sets[0].gen_scm.i_tag_CG_CELL_WORD_ITER[28].CG_Inst_clk_en,clock,2
gen_tiles[8].i_tile_gen_caches[0].i_snitch_icache_i_lookup_g_sets[0].gen_scm.i_tag_CG_CELL_WORD_ITER[29].CG_Inst_clk_en,clock,2
gen_tiles[8].i_tile_gen_caches[0].i_snitch_icache_i_lookup_g_sets[0].gen_scm.i_tag_CG_CELL_WORD_ITER[30].CG_Inst_clk_en,clock,2
gen_tiles[8].i_tile_gen_caches[0].i_snitch_icache_i_lookup_g_sets[0].gen_scm.i_tag_CG_CELL_WORD_ITER[31].CG_Inst_clk_en,clock,2
gen_tiles[8].i_tile_gen_caches[0].i_snitch_icache_i_lookup_g_sets[0].gen_scm.i_tag_CG_WE_GLOBAL_clk_en,clock,2
gen_tiles[8].i_tile_gen_caches[0].i_snitch_icache_i_lookup_g_sets[1].gen_scm.i_tag_CG_CELL_WORD_ITER[0].CG_Inst_clk_en,clock,2
gen_tiles[8].i_tile_gen_caches[0].i_snitch_icache_i_lookup_g_sets[1].gen_scm.i_tag_CG_CELL_WORD_ITER[1].CG_Inst_clk_en,clock,2
gen_tiles[8].i_tile_gen_caches[0].i_snitch_icache_i_lookup_g_sets[1].gen_scm.i_tag_CG_CELL_WORD_ITER[2].CG_Inst_clk_en,clock,2
gen_tiles[8].i_tile_gen_caches[0].i_snitch_icache_i_lookup_g_sets[1].gen_scm.i_tag_CG_CELL_WORD_ITER[3].CG_Inst_clk_en,clock,2
gen_tiles[8].i_tile_gen_caches[0].i_snitch_icache_i_lookup_g_sets[1].gen_scm.i_tag_CG_CELL_WORD_ITER[4].CG_Inst_clk_en,clock,2
gen_tiles[8].i_tile_gen_caches[0].i_snitch_icache_i_lookup_g_sets[1].gen_scm.i_tag_CG_CELL_WORD_ITER[5].CG_Inst_clk_en,clock,2
gen_tiles[8].i_tile_gen_caches[0].i_snitch_icache_i_lookup_g_sets[1].gen_scm.i_tag_CG_CELL_WORD_ITER[6].CG_Inst_clk_en,clock,2
gen_tiles[8].i_tile_gen_caches[0].i_snitch_icache_i_lookup_g_sets[1].gen_scm.i_tag_CG_CELL_WORD_ITER[7].CG_Inst_clk_en,clock,2
gen_tiles[8].i_tile_gen_caches[0].i_snitch_icache_i_lookup_g_sets[1].gen_scm.i_tag_CG_CELL_WORD_ITER[8].CG_Inst_clk_en,clock,2
gen_tiles[8].i_tile_gen_caches[0].i_snitch_icache_i_lookup_g_sets[1].gen_scm.i_tag_CG_CELL_WORD_ITER[9].CG_Inst_clk_en,clock,2
gen_tiles[8].i_tile_gen_caches[0].i_snitch_icache_i_lookup_g_sets[1].gen_scm.i_tag_CG_CELL_WORD_ITER[10].CG_Inst_clk_en,clock,2
gen_tiles[8].i_tile_gen_caches[0].i_snitch_icache_i_lookup_g_sets[1].gen_scm.i_tag_CG_CELL_WORD_ITER[11].CG_Inst_clk_en,clock,2
gen_tiles[8].i_tile_gen_caches[0].i_snitch_icache_i_lookup_g_sets[1].gen_scm.i_tag_CG_CELL_WORD_ITER[12].CG_Inst_clk_en,clock,2
gen_tiles[8].i_tile_gen_caches[0].i_snitch_icache_i_lookup_g_sets[1].gen_scm.i_tag_CG_CELL_WORD_ITER[13].CG_Inst_clk_en,clock,2
gen_tiles[8].i_tile_gen_caches[0].i_snitch_icache_i_lookup_g_sets[1].gen_scm.i_tag_CG_CELL_WORD_ITER[14].CG_Inst_clk_en,clock,2
gen_tiles[8].i_tile_gen_caches[0].i_snitch_icache_i_lookup_g_sets[1].gen_scm.i_tag_CG_CELL_WORD_ITER[15].CG_Inst_clk_en,clock,2
gen_tiles[8].i_tile_gen_caches[0].i_snitch_icache_i_lookup_g_sets[1].gen_scm.i_tag_CG_CELL_WORD_ITER[16].CG_Inst_clk_en,clock,2
gen_tiles[8].i_tile_gen_caches[0].i_snitch_icache_i_lookup_g_sets[1].gen_scm.i_tag_CG_CELL_WORD_ITER[17].CG_Inst_clk_en,clock,2
gen_tiles[8].i_tile_gen_caches[0].i_snitch_icache_i_lookup_g_sets[1].gen_scm.i_tag_CG_CELL_WORD_ITER[18].CG_Inst_clk_en,clock,2
gen_tiles[8].i_tile_gen_caches[0].i_snitch_icache_i_lookup_g_sets[1].gen_scm.i_tag_CG_CELL_WORD_ITER[19].CG_Inst_clk_en,clock,2
gen_tiles[8].i_tile_gen_caches[0].i_snitch_icache_i_lookup_g_sets[1].gen_scm.i_tag_CG_CELL_WORD_ITER[20].CG_Inst_clk_en,clock,2
gen_tiles[8].i_tile_gen_caches[0].i_snitch_icache_i_lookup_g_sets[1].gen_scm.i_tag_CG_CELL_WORD_ITER[21].CG_Inst_clk_en,clock,2
gen_tiles[8].i_tile_gen_caches[0].i_snitch_icache_i_lookup_g_sets[1].gen_scm.i_tag_CG_CELL_WORD_ITER[22].CG_Inst_clk_en,clock,2
gen_tiles[8].i_tile_gen_caches[0].i_snitch_icache_i_lookup_g_sets[1].gen_scm.i_tag_CG_CELL_WORD_ITER[23].CG_Inst_clk_en,clock,2
gen_tiles[8].i_tile_gen_caches[0].i_snitch_icache_i_lookup_g_sets[1].gen_scm.i_tag_CG_CELL_WORD_ITER[24].CG_Inst_clk_en,clock,2
gen_tiles[8].i_tile_gen_caches[0].i_snitch_icache_i_lookup_g_sets[1].gen_scm.i_tag_CG_CELL_WORD_ITER[25].CG_Inst_clk_en,clock,2
gen_tiles[8].i_tile_gen_caches[0].i_snitch_icache_i_lookup_g_sets[1].gen_scm.i_tag_CG_CELL_WORD_ITER[26].CG_Inst_clk_en,clock,2
gen_tiles[8].i_tile_gen_caches[0].i_snitch_icache_i_lookup_g_sets[1].gen_scm.i_tag_CG_CELL_WORD_ITER[27].CG_Inst_clk_en,clock,2
gen_tiles[8].i_tile_gen_caches[0].i_snitch_icache_i_lookup_g_sets[1].gen_scm.i_tag_CG_CELL_WORD_ITER[28].CG_Inst_clk_en,clock,2
gen_tiles[8].i_tile_gen_caches[0].i_snitch_icache_i_lookup_g_sets[1].gen_scm.i_tag_CG_CELL_WORD_ITER[29].CG_Inst_clk_en,clock,2
gen_tiles[8].i_tile_gen_caches[0].i_snitch_icache_i_lookup_g_sets[1].gen_scm.i_tag_CG_CELL_WORD_ITER[30].CG_Inst_clk_en,clock,2
gen_tiles[8].i_tile_gen_caches[0].i_snitch_icache_i_lookup_g_sets[1].gen_scm.i_tag_CG_CELL_WORD_ITER[31].CG_Inst_clk_en,clock,2
gen_tiles[8].i_tile_gen_caches[0].i_snitch_icache_i_lookup_g_sets[1].gen_scm.i_tag_CG_WE_GLOBAL_clk_en,clock,2
gen_tiles[9].i_tile_gen_caches[0].i_snitch_icache_gen_prefetcher[0].i_snitch_icache_l0_gen_array[0].gen_latch.i_clk_gate_clk_en,clock,2
gen_tiles[9].i_tile_gen_caches[0].i_snitch_icache_gen_prefetcher[0].i_snitch_icache_l0_gen_array[1].gen_latch.i_clk_gate_clk_en,clock,2
gen_tiles[9].i_tile_gen_caches[0].i_snitch_icache_gen_prefetcher[0].i_snitch_icache_l0_gen_array[2].gen_latch.i_clk_gate_clk_en,clock,2
gen_tiles[9].i_tile_gen_caches[0].i_snitch_icache_gen_prefetcher[0].i_snitch_icache_l0_gen_array[3].gen_latch.i_clk_gate_clk_en,clock,2
gen_tiles[9].i_tile_gen_caches[0].i_snitch_icache_gen_prefetcher[1].i_snitch_icache_l0_gen_array[0].gen_latch.i_clk_gate_clk_en,clock,2
gen_tiles[9].i_tile_gen_caches[0].i_snitch_icache_gen_prefetcher[1].i_snitch_icache_l0_gen_array[1].gen_latch.i_clk_gate_clk_en,clock,2
gen_tiles[9].i_tile_gen_caches[0].i_snitch_icache_gen_prefetcher[1].i_snitch_icache_l0_gen_array[2].gen_latch.i_clk_gate_clk_en,clock,2
gen_tiles[9].i_tile_gen_caches[0].i_snitch_icache_gen_prefetcher[1].i_snitch_icache_l0_gen_array[3].gen_latch.i_clk_gate_clk_en,clock,2
gen_tiles[9].i_tile_gen_caches[0].i_snitch_icache_gen_prefetcher[2].i_snitch_icache_l0_gen_array[0].gen_latch.i_clk_gate_clk_en,clock,2
gen_tiles[9].i_tile_gen_caches[0].i_snitch_icache_gen_prefetcher[2].i_snitch_icache_l0_gen_array[1].gen_latch.i_clk_gate_clk_en,clock,2
gen_tiles[9].i_tile_gen_caches[0].i_snitch_icache_gen_prefetcher[2].i_snitch_icache_l0_gen_array[2].gen_latch.i_clk_gate_clk_en,clock,2
gen_tiles[9].i_tile_gen_caches[0].i_snitch_icache_gen_prefetcher[2].i_snitch_icache_l0_gen_array[3].gen_latch.i_clk_gate_clk_en,clock,2
gen_tiles[9].i_tile_gen_caches[0].i_snitch_icache_gen_prefetcher[3].i_snitch_icache_l0_gen_array[0].gen_latch.i_clk_gate_clk_en,clock,2
gen_tiles[9].i_tile_gen_caches[0].i_snitch_icache_gen_prefetcher[3].i_snitch_icache_l0_gen_array[1].gen_latch.i_clk_gate_clk_en,clock,2
gen_tiles[9].i_tile_gen_caches[0].i_snitch_icache_gen_prefetcher[3].i_snitch_icache_l0_gen_array[2].gen_latch.i_clk_gate_clk_en,clock,2
gen_tiles[9].i_tile_gen_caches[0].i_snitch_icache_gen_prefetcher[3].i_snitch_icache_l0_gen_array[3].gen_latch.i_clk_gate_clk_en,clock,2
gen_tiles[9].i_tile_gen_caches[0].i_snitch_icache_i_lookup_g_sets[0].gen_scm.i_tag_CG_CELL_WORD_ITER[0].CG_Inst_clk_en,clock,2
gen_tiles[9].i_tile_gen_caches[0].i_snitch_icache_i_lookup_g_sets[0].gen_scm.i_tag_CG_CELL_WORD_ITER[1].CG_Inst_clk_en,clock,2
gen_tiles[9].i_tile_gen_caches[0].i_snitch_icache_i_lookup_g_sets[0].gen_scm.i_tag_CG_CELL_WORD_ITER[2].CG_Inst_clk_en,clock,2
gen_tiles[9].i_tile_gen_caches[0].i_snitch_icache_i_lookup_g_sets[0].gen_scm.i_tag_CG_CELL_WORD_ITER[3].CG_Inst_clk_en,clock,2
gen_tiles[9].i_tile_gen_caches[0].i_snitch_icache_i_lookup_g_sets[0].gen_scm.i_tag_CG_CELL_WORD_ITER[4].CG_Inst_clk_en,clock,2
gen_tiles[9].i_tile_gen_caches[0].i_snitch_icache_i_lookup_g_sets[0].gen_scm.i_tag_CG_CELL_WORD_ITER[5].CG_Inst_clk_en,clock,2
gen_tiles[9].i_tile_gen_caches[0].i_snitch_icache_i_lookup_g_sets[0].gen_scm.i_tag_CG_CELL_WORD_ITER[6].CG_Inst_clk_en,clock,2
gen_tiles[9].i_tile_gen_caches[0].i_snitch_icache_i_lookup_g_sets[0].gen_scm.i_tag_CG_CELL_WORD_ITER[7].CG_Inst_clk_en,clock,2
gen_tiles[9].i_tile_gen_caches[0].i_snitch_icache_i_lookup_g_sets[0].gen_scm.i_tag_CG_CELL_WORD_ITER[8].CG_Inst_clk_en,clock,2
gen_tiles[9].i_tile_gen_caches[0].i_snitch_icache_i_lookup_g_sets[0].gen_scm.i_tag_CG_CELL_WORD_ITER[9].CG_Inst_clk_en,clock,2
gen_tiles[9].i_tile_gen_caches[0].i_snitch_icache_i_lookup_g_sets[0].gen_scm.i_tag_CG_CELL_WORD_ITER[10].CG_Inst_clk_en,clock,2
gen_tiles[9].i_tile_gen_caches[0].i_snitch_icache_i_lookup_g_sets[0].gen_scm.i_tag_CG_CELL_WORD_ITER[11].CG_Inst_clk_en,clock,2
gen_tiles[9].i_tile_gen_caches[0].i_snitch_icache_i_lookup_g_sets[0].gen_scm.i_tag_CG_CELL_WORD_ITER[12].CG_Inst_clk_en,clock,2
gen_tiles[9].i_tile_gen_caches[0].i_snitch_icache_i_lookup_g_sets[0].gen_scm.i_tag_CG_CELL_WORD_ITER[13].CG_Inst_clk_en,clock,2
gen_tiles[9].i_tile_gen_caches[0].i_snitch_icache_i_lookup_g_sets[0].gen_scm.i_tag_CG_CELL_WORD_ITER[14].CG_Inst_clk_en,clock,2
gen_tiles[9].i_tile_gen_caches[0].i_snitch_icache_i_lookup_g_sets[0].gen_scm.i_tag_CG_CELL_WORD_ITER[15].CG_Inst_clk_en,clock,2
gen_tiles[9].i_tile_gen_caches[0].i_snitch_icache_i_lookup_g_sets[0].gen_scm.i_tag_CG_CELL_WORD_ITER[16].CG_Inst_clk_en,clock,2
gen_tiles[9].i_tile_gen_caches[0].i_snitch_icache_i_lookup_g_sets[0].gen_scm.i_tag_CG_CELL_WORD_ITER[17].CG_Inst_clk_en,clock,2
gen_tiles[9].i_tile_gen_caches[0].i_snitch_icache_i_lookup_g_sets[0].gen_scm.i_tag_CG_CELL_WORD_ITER[18].CG_Inst_clk_en,clock,2
gen_tiles[9].i_tile_gen_caches[0].i_snitch_icache_i_lookup_g_sets[0].gen_scm.i_tag_CG_CELL_WORD_ITER[19].CG_Inst_clk_en,clock,2
gen_tiles[9].i_tile_gen_caches[0].i_snitch_icache_i_lookup_g_sets[0].gen_scm.i_tag_CG_CELL_WORD_ITER[20].CG_Inst_clk_en,clock,2
gen_tiles[9].i_tile_gen_caches[0].i_snitch_icache_i_lookup_g_sets[0].gen_scm.i_tag_CG_CELL_WORD_ITER[21].CG_Inst_clk_en,clock,2
gen_tiles[9].i_tile_gen_caches[0].i_snitch_icache_i_lookup_g_sets[0].gen_scm.i_tag_CG_CELL_WORD_ITER[22].CG_Inst_clk_en,clock,2
gen_tiles[9].i_tile_gen_caches[0].i_snitch_icache_i_lookup_g_sets[0].gen_scm.i_tag_CG_CELL_WORD_ITER[23].CG_Inst_clk_en,clock,2
gen_tiles[9].i_tile_gen_caches[0].i_snitch_icache_i_lookup_g_sets[0].gen_scm.i_tag_CG_CELL_WORD_ITER[24].CG_Inst_clk_en,clock,2
gen_tiles[9].i_tile_gen_caches[0].i_snitch_icache_i_lookup_g_sets[0].gen_scm.i_tag_CG_CELL_WORD_ITER[25].CG_Inst_clk_en,clock,2
gen_tiles[9].i_tile_gen_caches[0].i_snitch_icache_i_lookup_g_sets[0].gen_scm.i_tag_CG_CELL_WORD_ITER[26].CG_Inst_clk_en,clock,2
gen_tiles[9].i_tile_gen_caches[0].i_snitch_icache_i_lookup_g_sets[0].gen_scm.i_tag_CG_CELL_WORD_ITER[27].CG_Inst_clk_en,clock,2
gen_tiles[9].i_tile_gen_caches[0].i_snitch_icache_i_lookup_g_sets[0].gen_scm.i_tag_CG_CELL_WORD_ITER[28].CG_Inst_clk_en,clock,2
gen_tiles[9].i_tile_gen_caches[0].i_snitch_icache_i_lookup_g_sets[0].gen_scm.i_tag_CG_CELL_WORD_ITER[29].CG_Inst_clk_en,clock,2
gen_tiles[9].i_tile_gen_caches[0].i_snitch_icache_i_lookup_g_sets[0].gen_scm.i_tag_CG_CELL_WORD_ITER[30].CG_Inst_clk_en,clock,2
gen_tiles[9].i_tile_gen_caches[0].i_snitch_icache_i_lookup_g_sets[0].gen_scm.i_tag_CG_CELL_WORD_ITER[31].CG_Inst_clk_en,clock,2
gen_tiles[9].i_tile_gen_caches[0].i_snitch_icache_i_lookup_g_sets[0].gen_scm.i_tag_CG_WE_GLOBAL_clk_en,clock,2
gen_tiles[9].i_tile_gen_caches[0].i_snitch_icache_i_lookup_g_sets[1].gen_scm.i_tag_CG_CELL_WORD_ITER[0].CG_Inst_clk_en,clock,2
gen_tiles[9].i_tile_gen_caches[0].i_snitch_icache_i_lookup_g_sets[1].gen_scm.i_tag_CG_CELL_WORD_ITER[1].CG_Inst_clk_en,clock,2
gen_tiles[9].i_tile_gen_caches[0].i_snitch_icache_i_lookup_g_sets[1].gen_scm.i_tag_CG_CELL_WORD_ITER[2].CG_Inst_clk_en,clock,2
gen_tiles[9].i_tile_gen_caches[0].i_snitch_icache_i_lookup_g_sets[1].gen_scm.i_tag_CG_CELL_WORD_ITER[3].CG_Inst_clk_en,clock,2
gen_tiles[9].i_tile_gen_caches[0].i_snitch_icache_i_lookup_g_sets[1].gen_scm.i_tag_CG_CELL_WORD_ITER[4].CG_Inst_clk_en,clock,2
gen_tiles[9].i_tile_gen_caches[0].i_snitch_icache_i_lookup_g_sets[1].gen_scm.i_tag_CG_CELL_WORD_ITER[5].CG_Inst_clk_en,clock,2
gen_tiles[9].i_tile_gen_caches[0].i_snitch_icache_i_lookup_g_sets[1].gen_scm.i_tag_CG_CELL_WORD_ITER[6].CG_Inst_clk_en,clock,2
gen_tiles[9].i_tile_gen_caches[0].i_snitch_icache_i_lookup_g_sets[1].gen_scm.i_tag_CG_CELL_WORD_ITER[7].CG_Inst_clk_en,clock,2
gen_tiles[9].i_tile_gen_caches[0].i_snitch_icache_i_lookup_g_sets[1].gen_scm.i_tag_CG_CELL_WORD_ITER[8].CG_Inst_clk_en,clock,2
gen_tiles[9].i_tile_gen_caches[0].i_snitch_icache_i_lookup_g_sets[1].gen_scm.i_tag_CG_CELL_WORD_ITER[9].CG_Inst_clk_en,clock,2
gen_tiles[9].i_tile_gen_caches[0].i_snitch_icache_i_lookup_g_sets[1].gen_scm.i_tag_CG_CELL_WORD_ITER[10].CG_Inst_clk_en,clock,2
gen_tiles[9].i_tile_gen_caches[0].i_snitch_icache_i_lookup_g_sets[1].gen_scm.i_tag_CG_CELL_WORD_ITER[11].CG_Inst_clk_en,clock,2
gen_tiles[9].i_tile_gen_caches[0].i_snitch_icache_i_lookup_g_sets[1].gen_scm.i_tag_CG_CELL_WORD_ITER[12].CG_Inst_clk_en,clock,2
gen_tiles[9].i_tile_gen_caches[0].i_snitch_icache_i_lookup_g_sets[1].gen_scm.i_tag_CG_CELL_WORD_ITER[13].CG_Inst_clk_en,clock,2
gen_tiles[9].i_tile_gen_caches[0].i_snitch_icache_i_lookup_g_sets[1].gen_scm.i_tag_CG_CELL_WORD_ITER[14].CG_Inst_clk_en,clock,2
gen_tiles[9].i_tile_gen_caches[0].i_snitch_icache_i_lookup_g_sets[1].gen_scm.i_tag_CG_CELL_WORD_ITER[15].CG_Inst_clk_en,clock,2
gen_tiles[9].i_tile_gen_caches[0].i_snitch_icache_i_lookup_g_sets[1].gen_scm.i_tag_CG_CELL_WORD_ITER[16].CG_Inst_clk_en,clock,2
gen_tiles[9].i_tile_gen_caches[0].i_snitch_icache_i_lookup_g_sets[1].gen_scm.i_tag_CG_CELL_WORD_ITER[17].CG_Inst_clk_en,clock,2
gen_tiles[9].i_tile_gen_caches[0].i_snitch_icache_i_lookup_g_sets[1].gen_scm.i_tag_CG_CELL_WORD_ITER[18].CG_Inst_clk_en,clock,2
gen_tiles[9].i_tile_gen_caches[0].i_snitch_icache_i_lookup_g_sets[1].gen_scm.i_tag_CG_CELL_WORD_ITER[19].CG_Inst_clk_en,clock,2
gen_tiles[9].i_tile_gen_caches[0].i_snitch_icache_i_lookup_g_sets[1].gen_scm.i_tag_CG_CELL_WORD_ITER[20].CG_Inst_clk_en,clock,2
gen_tiles[9].i_tile_gen_caches[0].i_snitch_icache_i_lookup_g_sets[1].gen_scm.i_tag_CG_CELL_WORD_ITER[21].CG_Inst_clk_en,clock,2
gen_tiles[9].i_tile_gen_caches[0].i_snitch_icache_i_lookup_g_sets[1].gen_scm.i_tag_CG_CELL_WORD_ITER[22].CG_Inst_clk_en,clock,2
gen_tiles[9].i_tile_gen_caches[0].i_snitch_icache_i_lookup_g_sets[1].gen_scm.i_tag_CG_CELL_WORD_ITER[23].CG_Inst_clk_en,clock,2
gen_tiles[9].i_tile_gen_caches[0].i_snitch_icache_i_lookup_g_sets[1].gen_scm.i_tag_CG_CELL_WORD_ITER[24].CG_Inst_clk_en,clock,2
gen_tiles[9].i_tile_gen_caches[0].i_snitch_icache_i_lookup_g_sets[1].gen_scm.i_tag_CG_CELL_WORD_ITER[25].CG_Inst_clk_en,clock,2
gen_tiles[9].i_tile_gen_caches[0].i_snitch_icache_i_lookup_g_sets[1].gen_scm.i_tag_CG_CELL_WORD_ITER[26].CG_Inst_clk_en,clock,2
gen_tiles[9].i_tile_gen_caches[0].i_snitch_icache_i_lookup_g_sets[1].gen_scm.i_tag_CG_CELL_WORD_ITER[27].CG_Inst_clk_en,clock,2
gen_tiles[9].i_tile_gen_caches[0].i_snitch_icache_i_lookup_g_sets[1].gen_scm.i_tag_CG_CELL_WORD_ITER[28].CG_Inst_clk_en,clock,2
gen_tiles[9].i_tile_gen_caches[0].i_snitch_icache_i_lookup_g_sets[1].gen_scm.i_tag_CG_CELL_WORD_ITER[29].CG_Inst_clk_en,clock,2
gen_tiles[9].i_tile_gen_caches[0].i_snitch_icache_i_lookup_g_sets[1].gen_scm.i_tag_CG_CELL_WORD_ITER[30].CG_Inst_clk_en,clock,2
gen_tiles[9].i_tile_gen_caches[0].i_snitch_icache_i_lookup_g_sets[1].gen_scm.i_tag_CG_CELL_WORD_ITER[31].CG_Inst_clk_en,clock,2
gen_tiles[9].i_tile_gen_caches[0].i_snitch_icache_i_lookup_g_sets[1].gen_scm.i_tag_CG_WE_GLOBAL_clk_en,clock,2
gen_tiles[10].i_tile_gen_caches[0].i_snitch_icache_gen_prefetcher[0].i_snitch_icache_l0_gen_array[0].gen_latch.i_clk_gate_clk_en,clock,2
gen_tiles[10].i_tile_gen_caches[0].i_snitch_icache_gen_prefetcher[0].i_snitch_icache_l0_gen_array[1].gen_latch.i_clk_gate_clk_en,clock,2
gen_tiles[10].i_tile_gen_caches[0].i_snitch_icache_gen_prefetcher[0].i_snitch_icache_l0_gen_array[2].gen_latch.i_clk_gate_clk_en,clock,2
gen_tiles[10].i_tile_gen_caches[0].i_snitch_icache_gen_prefetcher[0].i_snitch_icache_l0_gen_array[3].gen_latch.i_clk_gate_clk_en,clock,2
gen_tiles[10].i_tile_gen_caches[0].i_snitch_icache_gen_prefetcher[1].i_snitch_icache_l0_gen_array[0].gen_latch.i_clk_gate_clk_en,clock,2
gen_tiles[10].i_tile_gen_caches[0].i_snitch_icache_gen_prefetcher[1].i_snitch_icache_l0_gen_array[1].gen_latch.i_clk_gate_clk_en,clock,2
gen_tiles[10].i_tile_gen_caches[0].i_snitch_icache_gen_prefetcher[1].i_snitch_icache_l0_gen_array[2].gen_latch.i_clk_gate_clk_en,clock,2
gen_tiles[10].i_tile_gen_caches[0].i_snitch_icache_gen_prefetcher[1].i_snitch_icache_l0_gen_array[3].gen_latch.i_clk_gate_clk_en,clock,2
gen_tiles[10].i_tile_gen_caches[0].i_snitch_icache_gen_prefetcher[2].i_snitch_icache_l0_gen_array[0].gen_latch.i_clk_gate_clk_en,clock,2
gen_tiles[10].i_tile_gen_caches[0].i_snitch_icache_gen_prefetcher[2].i_snitch_icache_l0_gen_array[1].gen_latch.i_clk_gate_clk_en,clock,2
gen_tiles[10].i_tile_gen_caches[0].i_snitch_icache_gen_prefetcher[2].i_snitch_icache_l0_gen_array[2].gen_latch.i_clk_gate_clk_en,clock,2
gen_tiles[10].i_tile_gen_caches[0].i_snitch_icache_gen_prefetcher[2].i_snitch_icache_l0_gen_array[3].gen_latch.i_clk_gate_clk_en,clock,2
gen_tiles[10].i_tile_gen_caches[0].i_snitch_icache_gen_prefetcher[3].i_snitch_icache_l0_gen_array[0].gen_latch.i_clk_gate_clk_en,clock,2
gen_tiles[10].i_tile_gen_caches[0].i_snitch_icache_gen_prefetcher[3].i_snitch_icache_l0_gen_array[1].gen_latch.i_clk_gate_clk_en,clock,2
gen_tiles[10].i_tile_gen_caches[0].i_snitch_icache_gen_prefetcher[3].i_snitch_icache_l0_gen_array[2].gen_latch.i_clk_gate_clk_en,clock,2
gen_tiles[10].i_tile_gen_caches[0].i_snitch_icache_gen_prefetcher[3].i_snitch_icache_l0_gen_array[3].gen_latch.i_clk_gate_clk_en,clock,2
gen_tiles[10].i_tile_gen_caches[0].i_snitch_icache_i_lookup_g_sets[0].gen_scm.i_tag_CG_CELL_WORD_ITER[0].CG_Inst_clk_en,clock,2
gen_tiles[10].i_tile_gen_caches[0].i_snitch_icache_i_lookup_g_sets[0].gen_scm.i_tag_CG_CELL_WORD_ITER[1].CG_Inst_clk_en,clock,2
gen_tiles[10].i_tile_gen_caches[0].i_snitch_icache_i_lookup_g_sets[0].gen_scm.i_tag_CG_CELL_WORD_ITER[2].CG_Inst_clk_en,clock,2
gen_tiles[10].i_tile_gen_caches[0].i_snitch_icache_i_lookup_g_sets[0].gen_scm.i_tag_CG_CELL_WORD_ITER[3].CG_Inst_clk_en,clock,2
gen_tiles[10].i_tile_gen_caches[0].i_snitch_icache_i_lookup_g_sets[0].gen_scm.i_tag_CG_CELL_WORD_ITER[4].CG_Inst_clk_en,clock,2
gen_tiles[10].i_tile_gen_caches[0].i_snitch_icache_i_lookup_g_sets[0].gen_scm.i_tag_CG_CELL_WORD_ITER[5].CG_Inst_clk_en,clock,2
gen_tiles[10].i_tile_gen_caches[0].i_snitch_icache_i_lookup_g_sets[0].gen_scm.i_tag_CG_CELL_WORD_ITER[6].CG_Inst_clk_en,clock,2
gen_tiles[10].i_tile_gen_caches[0].i_snitch_icache_i_lookup_g_sets[0].gen_scm.i_tag_CG_CELL_WORD_ITER[7].CG_Inst_clk_en,clock,2
gen_tiles[10].i_tile_gen_caches[0].i_snitch_icache_i_lookup_g_sets[0].gen_scm.i_tag_CG_CELL_WORD_ITER[8].CG_Inst_clk_en,clock,2
gen_tiles[10].i_tile_gen_caches[0].i_snitch_icache_i_lookup_g_sets[0].gen_scm.i_tag_CG_CELL_WORD_ITER[9].CG_Inst_clk_en,clock,2
gen_tiles[10].i_tile_gen_caches[0].i_snitch_icache_i_lookup_g_sets[0].gen_scm.i_tag_CG_CELL_WORD_ITER[10].CG_Inst_clk_en,clock,2
gen_tiles[10].i_tile_gen_caches[0].i_snitch_icache_i_lookup_g_sets[0].gen_scm.i_tag_CG_CELL_WORD_ITER[11].CG_Inst_clk_en,clock,2
gen_tiles[10].i_tile_gen_caches[0].i_snitch_icache_i_lookup_g_sets[0].gen_scm.i_tag_CG_CELL_WORD_ITER[12].CG_Inst_clk_en,clock,2
gen_tiles[10].i_tile_gen_caches[0].i_snitch_icache_i_lookup_g_sets[0].gen_scm.i_tag_CG_CELL_WORD_ITER[13].CG_Inst_clk_en,clock,2
gen_tiles[10].i_tile_gen_caches[0].i_snitch_icache_i_lookup_g_sets[0].gen_scm.i_tag_CG_CELL_WORD_ITER[14].CG_Inst_clk_en,clock,2
gen_tiles[10].i_tile_gen_caches[0].i_snitch_icache_i_lookup_g_sets[0].gen_scm.i_tag_CG_CELL_WORD_ITER[15].CG_Inst_clk_en,clock,2
gen_tiles[10].i_tile_gen_caches[0].i_snitch_icache_i_lookup_g_sets[0].gen_scm.i_tag_CG_CELL_WORD_ITER[16].CG_Inst_clk_en,clock,2
gen_tiles[10].i_tile_gen_caches[0].i_snitch_icache_i_lookup_g_sets[0].gen_scm.i_tag_CG_CELL_WORD_ITER[17].CG_Inst_clk_en,clock,2
gen_tiles[10].i_tile_gen_caches[0].i_snitch_icache_i_lookup_g_sets[0].gen_scm.i_tag_CG_CELL_WORD_ITER[18].CG_Inst_clk_en,clock,2
gen_tiles[10].i_tile_gen_caches[0].i_snitch_icache_i_lookup_g_sets[0].gen_scm.i_tag_CG_CELL_WORD_ITER[19].CG_Inst_clk_en,clock,2
gen_tiles[10].i_tile_gen_caches[0].i_snitch_icache_i_lookup_g_sets[0].gen_scm.i_tag_CG_CELL_WORD_ITER[20].CG_Inst_clk_en,clock,2
gen_tiles[10].i_tile_gen_caches[0].i_snitch_icache_i_lookup_g_sets[0].gen_scm.i_tag_CG_CELL_WORD_ITER[21].CG_Inst_clk_en,clock,2
gen_tiles[10].i_tile_gen_caches[0].i_snitch_icache_i_lookup_g_sets[0].gen_scm.i_tag_CG_CELL_WORD_ITER[22].CG_Inst_clk_en,clock,2
gen_tiles[10].i_tile_gen_caches[0].i_snitch_icache_i_lookup_g_sets[0].gen_scm.i_tag_CG_CELL_WORD_ITER[23].CG_Inst_clk_en,clock,2
gen_tiles[10].i_tile_gen_caches[0].i_snitch_icache_i_lookup_g_sets[0].gen_scm.i_tag_CG_CELL_WORD_ITER[24].CG_Inst_clk_en,clock,2
gen_tiles[10].i_tile_gen_caches[0].i_snitch_icache_i_lookup_g_sets[0].gen_scm.i_tag_CG_CELL_WORD_ITER[25].CG_Inst_clk_en,clock,2
gen_tiles[10].i_tile_gen_caches[0].i_snitch_icache_i_lookup_g_sets[0].gen_scm.i_tag_CG_CELL_WORD_ITER[26].CG_Inst_clk_en,clock,2
gen_tiles[10].i_tile_gen_caches[0].i_snitch_icache_i_lookup_g_sets[0].gen_scm.i_tag_CG_CELL_WORD_ITER[27].CG_Inst_clk_en,clock,2
gen_tiles[10].i_tile_gen_caches[0].i_snitch_icache_i_lookup_g_sets[0].gen_scm.i_tag_CG_CELL_WORD_ITER[28].CG_Inst_clk_en,clock,2
gen_tiles[10].i_tile_gen_caches[0].i_snitch_icache_i_lookup_g_sets[0].gen_scm.i_tag_CG_CELL_WORD_ITER[29].CG_Inst_clk_en,clock,2
gen_tiles[10].i_tile_gen_caches[0].i_snitch_icache_i_lookup_g_sets[0].gen_scm.i_tag_CG_CELL_WORD_ITER[30].CG_Inst_clk_en,clock,2
gen_tiles[10].i_tile_gen_caches[0].i_snitch_icache_i_lookup_g_sets[0].gen_scm.i_tag_CG_CELL_WORD_ITER[31].CG_Inst_clk_en,clock,2
gen_tiles[10].i_tile_gen_caches[0].i_snitch_icache_i_lookup_g_sets[0].gen_scm.i_tag_CG_WE_GLOBAL_clk_en,clock,2
gen_tiles[10].i_tile_gen_caches[0].i_snitch_icache_i_lookup_g_sets[1].gen_scm.i_tag_CG_CELL_WORD_ITER[0].CG_Inst_clk_en,clock,2
gen_tiles[10].i_tile_gen_caches[0].i_snitch_icache_i_lookup_g_sets[1].gen_scm.i_tag_CG_CELL_WORD_ITER[1].CG_Inst_clk_en,clock,2
gen_tiles[10].i_tile_gen_caches[0].i_snitch_icache_i_lookup_g_sets[1].gen_scm.i_tag_CG_CELL_WORD_ITER[2].CG_Inst_clk_en,clock,2
gen_tiles[10].i_tile_gen_caches[0].i_snitch_icache_i_lookup_g_sets[1].gen_scm.i_tag_CG_CELL_WORD_ITER[3].CG_Inst_clk_en,clock,2
gen_tiles[10].i_tile_gen_caches[0].i_snitch_icache_i_lookup_g_sets[1].gen_scm.i_tag_CG_CELL_WORD_ITER[4].CG_Inst_clk_en,clock,2
gen_tiles[10].i_tile_gen_caches[0].i_snitch_icache_i_lookup_g_sets[1].gen_scm.i_tag_CG_CELL_WORD_ITER[5].CG_Inst_clk_en,clock,2
gen_tiles[10].i_tile_gen_caches[0].i_snitch_icache_i_lookup_g_sets[1].gen_scm.i_tag_CG_CELL_WORD_ITER[6].CG_Inst_clk_en,clock,2
gen_tiles[10].i_tile_gen_caches[0].i_snitch_icache_i_lookup_g_sets[1].gen_scm.i_tag_CG_CELL_WORD_ITER[7].CG_Inst_clk_en,clock,2
gen_tiles[10].i_tile_gen_caches[0].i_snitch_icache_i_lookup_g_sets[1].gen_scm.i_tag_CG_CELL_WORD_ITER[8].CG_Inst_clk_en,clock,2
gen_tiles[10].i_tile_gen_caches[0].i_snitch_icache_i_lookup_g_sets[1].gen_scm.i_tag_CG_CELL_WORD_ITER[9].CG_Inst_clk_en,clock,2
gen_tiles[10].i_tile_gen_caches[0].i_snitch_icache_i_lookup_g_sets[1].gen_scm.i_tag_CG_CELL_WORD_ITER[10].CG_Inst_clk_en,clock,2
gen_tiles[10].i_tile_gen_caches[0].i_snitch_icache_i_lookup_g_sets[1].gen_scm.i_tag_CG_CELL_WORD_ITER[11].CG_Inst_clk_en,clock,2
gen_tiles[10].i_tile_gen_caches[0].i_snitch_icache_i_lookup_g_sets[1].gen_scm.i_tag_CG_CELL_WORD_ITER[12].CG_Inst_clk_en,clock,2
gen_tiles[10].i_tile_gen_caches[0].i_snitch_icache_i_lookup_g_sets[1].gen_scm.i_tag_CG_CELL_WORD_ITER[13].CG_Inst_clk_en,clock,2
gen_tiles[10].i_tile_gen_caches[0].i_snitch_icache_i_lookup_g_sets[1].gen_scm.i_tag_CG_CELL_WORD_ITER[14].CG_Inst_clk_en,clock,2
gen_tiles[10].i_tile_gen_caches[0].i_snitch_icache_i_lookup_g_sets[1].gen_scm.i_tag_CG_CELL_WORD_ITER[15].CG_Inst_clk_en,clock,2
gen_tiles[10].i_tile_gen_caches[0].i_snitch_icache_i_lookup_g_sets[1].gen_scm.i_tag_CG_CELL_WORD_ITER[16].CG_Inst_clk_en,clock,2
gen_tiles[10].i_tile_gen_caches[0].i_snitch_icache_i_lookup_g_sets[1].gen_scm.i_tag_CG_CELL_WORD_ITER[17].CG_Inst_clk_en,clock,2
gen_tiles[10].i_tile_gen_caches[0].i_snitch_icache_i_lookup_g_sets[1].gen_scm.i_tag_CG_CELL_WORD_ITER[18].CG_Inst_clk_en,clock,2
gen_tiles[10].i_tile_gen_caches[0].i_snitch_icache_i_lookup_g_sets[1].gen_scm.i_tag_CG_CELL_WORD_ITER[19].CG_Inst_clk_en,clock,2
gen_tiles[10].i_tile_gen_caches[0].i_snitch_icache_i_lookup_g_sets[1].gen_scm.i_tag_CG_CELL_WORD_ITER[20].CG_Inst_clk_en,clock,2
gen_tiles[10].i_tile_gen_caches[0].i_snitch_icache_i_lookup_g_sets[1].gen_scm.i_tag_CG_CELL_WORD_ITER[21].CG_Inst_clk_en,clock,2
gen_tiles[10].i_tile_gen_caches[0].i_snitch_icache_i_lookup_g_sets[1].gen_scm.i_tag_CG_CELL_WORD_ITER[22].CG_Inst_clk_en,clock,2
gen_tiles[10].i_tile_gen_caches[0].i_snitch_icache_i_lookup_g_sets[1].gen_scm.i_tag_CG_CELL_WORD_ITER[23].CG_Inst_clk_en,clock,2
gen_tiles[10].i_tile_gen_caches[0].i_snitch_icache_i_lookup_g_sets[1].gen_scm.i_tag_CG_CELL_WORD_ITER[24].CG_Inst_clk_en,clock,2
gen_tiles[10].i_tile_gen_caches[0].i_snitch_icache_i_lookup_g_sets[1].gen_scm.i_tag_CG_CELL_WORD_ITER[25].CG_Inst_clk_en,clock,2
gen_tiles[10].i_tile_gen_caches[0].i_snitch_icache_i_lookup_g_sets[1].gen_scm.i_tag_CG_CELL_WORD_ITER[26].CG_Inst_clk_en,clock,2
gen_tiles[10].i_tile_gen_caches[0].i_snitch_icache_i_lookup_g_sets[1].gen_scm.i_tag_CG_CELL_WORD_ITER[27].CG_Inst_clk_en,clock,2
gen_tiles[10].i_tile_gen_caches[0].i_snitch_icache_i_lookup_g_sets[1].gen_scm.i_tag_CG_CELL_WORD_ITER[28].CG_Inst_clk_en,clock,2
gen_tiles[10].i_tile_gen_caches[0].i_snitch_icache_i_lookup_g_sets[1].gen_scm.i_tag_CG_CELL_WORD_ITER[29].CG_Inst_clk_en,clock,2
gen_tiles[10].i_tile_gen_caches[0].i_snitch_icache_i_lookup_g_sets[1].gen_scm.i_tag_CG_CELL_WORD_ITER[30].CG_Inst_clk_en,clock,2
gen_tiles[10].i_tile_gen_caches[0].i_snitch_icache_i_lookup_g_sets[1].gen_scm.i_tag_CG_CELL_WORD_ITER[31].CG_Inst_clk_en,clock,2
gen_tiles[10].i_tile_gen_caches[0].i_snitch_icache_i_lookup_g_sets[1].gen_scm.i_tag_CG_WE_GLOBAL_clk_en,clock,2
gen_tiles[11].i_tile_gen_caches[0].i_snitch_icache_gen_prefetcher[0].i_snitch_icache_l0_gen_array[0].gen_latch.i_clk_gate_clk_en,clock,2
gen_tiles[11].i_tile_gen_caches[0].i_snitch_icache_gen_prefetcher[0].i_snitch_icache_l0_gen_array[1].gen_latch.i_clk_gate_clk_en,clock,2
gen_tiles[11].i_tile_gen_caches[0].i_snitch_icache_gen_prefetcher[0].i_snitch_icache_l0_gen_array[2].gen_latch.i_clk_gate_clk_en,clock,2
gen_tiles[11].i_tile_gen_caches[0].i_snitch_icache_gen_prefetcher[0].i_snitch_icache_l0_gen_array[3].gen_latch.i_clk_gate_clk_en,clock,2
gen_tiles[11].i_tile_gen_caches[0].i_snitch_icache_gen_prefetcher[1].i_snitch_icache_l0_gen_array[0].gen_latch.i_clk_gate_clk_en,clock,2
gen_tiles[11].i_tile_gen_caches[0].i_snitch_icache_gen_prefetcher[1].i_snitch_icache_l0_gen_array[1].gen_latch.i_clk_gate_clk_en,clock,2
gen_tiles[11].i_tile_gen_caches[0].i_snitch_icache_gen_prefetcher[1].i_snitch_icache_l0_gen_array[2].gen_latch.i_clk_gate_clk_en,clock,2
gen_tiles[11].i_tile_gen_caches[0].i_snitch_icache_gen_prefetcher[1].i_snitch_icache_l0_gen_array[3].gen_latch.i_clk_gate_clk_en,clock,2
gen_tiles[11].i_tile_gen_caches[0].i_snitch_icache_gen_prefetcher[2].i_snitch_icache_l0_gen_array[0].gen_latch.i_clk_gate_clk_en,clock,2
gen_tiles[11].i_tile_gen_caches[0].i_snitch_icache_gen_prefetcher[2].i_snitch_icache_l0_gen_array[1].gen_latch.i_clk_gate_clk_en,clock,2
gen_tiles[11].i_tile_gen_caches[0].i_snitch_icache_gen_prefetcher[2].i_snitch_icache_l0_gen_array[2].gen_latch.i_clk_gate_clk_en,clock,2
gen_tiles[11].i_tile_gen_caches[0].i_snitch_icache_gen_prefetcher[2].i_snitch_icache_l0_gen_array[3].gen_latch.i_clk_gate_clk_en,clock,2
gen_tiles[11].i_tile_gen_caches[0].i_snitch_icache_gen_prefetcher[3].i_snitch_icache_l0_gen_array[0].gen_latch.i_clk_gate_clk_en,clock,2
gen_tiles[11].i_tile_gen_caches[0].i_snitch_icache_gen_prefetcher[3].i_snitch_icache_l0_gen_array[1].gen_latch.i_clk_gate_clk_en,clock,2
gen_tiles[11].i_tile_gen_caches[0].i_snitch_icache_gen_prefetcher[3].i_snitch_icache_l0_gen_array[2].gen_latch.i_clk_gate_clk_en,clock,2
gen_tiles[11].i_tile_gen_caches[0].i_snitch_icache_gen_prefetcher[3].i_snitch_icache_l0_gen_array[3].gen_latch.i_clk_gate_clk_en,clock,2
gen_tiles[11].i_tile_gen_caches[0].i_snitch_icache_i_lookup_g_sets[0].gen_scm.i_tag_CG_CELL_WORD_ITER[0].CG_Inst_clk_en,clock,2
gen_tiles[11].i_tile_gen_caches[0].i_snitch_icache_i_lookup_g_sets[0].gen_scm.i_tag_CG_CELL_WORD_ITER[1].CG_Inst_clk_en,clock,2
gen_tiles[11].i_tile_gen_caches[0].i_snitch_icache_i_lookup_g_sets[0].gen_scm.i_tag_CG_CELL_WORD_ITER[2].CG_Inst_clk_en,clock,2
gen_tiles[11].i_tile_gen_caches[0].i_snitch_icache_i_lookup_g_sets[0].gen_scm.i_tag_CG_CELL_WORD_ITER[3].CG_Inst_clk_en,clock,2
gen_tiles[11].i_tile_gen_caches[0].i_snitch_icache_i_lookup_g_sets[0].gen_scm.i_tag_CG_CELL_WORD_ITER[4].CG_Inst_clk_en,clock,2
gen_tiles[11].i_tile_gen_caches[0].i_snitch_icache_i_lookup_g_sets[0].gen_scm.i_tag_CG_CELL_WORD_ITER[5].CG_Inst_clk_en,clock,2
gen_tiles[11].i_tile_gen_caches[0].i_snitch_icache_i_lookup_g_sets[0].gen_scm.i_tag_CG_CELL_WORD_ITER[6].CG_Inst_clk_en,clock,2
gen_tiles[11].i_tile_gen_caches[0].i_snitch_icache_i_lookup_g_sets[0].gen_scm.i_tag_CG_CELL_WORD_ITER[7].CG_Inst_clk_en,clock,2
gen_tiles[11].i_tile_gen_caches[0].i_snitch_icache_i_lookup_g_sets[0].gen_scm.i_tag_CG_CELL_WORD_ITER[8].CG_Inst_clk_en,clock,2
gen_tiles[11].i_tile_gen_caches[0].i_snitch_icache_i_lookup_g_sets[0].gen_scm.i_tag_CG_CELL_WORD_ITER[9].CG_Inst_clk_en,clock,2
gen_tiles[11].i_tile_gen_caches[0].i_snitch_icache_i_lookup_g_sets[0].gen_scm.i_tag_CG_CELL_WORD_ITER[10].CG_Inst_clk_en,clock,2
gen_tiles[11].i_tile_gen_caches[0].i_snitch_icache_i_lookup_g_sets[0].gen_scm.i_tag_CG_CELL_WORD_ITER[11].CG_Inst_clk_en,clock,2
gen_tiles[11].i_tile_gen_caches[0].i_snitch_icache_i_lookup_g_sets[0].gen_scm.i_tag_CG_CELL_WORD_ITER[12].CG_Inst_clk_en,clock,2
gen_tiles[11].i_tile_gen_caches[0].i_snitch_icache_i_lookup_g_sets[0].gen_scm.i_tag_CG_CELL_WORD_ITER[13].CG_Inst_clk_en,clock,2
gen_tiles[11].i_tile_gen_caches[0].i_snitch_icache_i_lookup_g_sets[0].gen_scm.i_tag_CG_CELL_WORD_ITER[14].CG_Inst_clk_en,clock,2
gen_tiles[11].i_tile_gen_caches[0].i_snitch_icache_i_lookup_g_sets[0].gen_scm.i_tag_CG_CELL_WORD_ITER[15].CG_Inst_clk_en,clock,2
gen_tiles[11].i_tile_gen_caches[0].i_snitch_icache_i_lookup_g_sets[0].gen_scm.i_tag_CG_CELL_WORD_ITER[16].CG_Inst_clk_en,clock,2
gen_tiles[11].i_tile_gen_caches[0].i_snitch_icache_i_lookup_g_sets[0].gen_scm.i_tag_CG_CELL_WORD_ITER[17].CG_Inst_clk_en,clock,2
gen_tiles[11].i_tile_gen_caches[0].i_snitch_icache_i_lookup_g_sets[0].gen_scm.i_tag_CG_CELL_WORD_ITER[18].CG_Inst_clk_en,clock,2
gen_tiles[11].i_tile_gen_caches[0].i_snitch_icache_i_lookup_g_sets[0].gen_scm.i_tag_CG_CELL_WORD_ITER[19].CG_Inst_clk_en,clock,2
gen_tiles[11].i_tile_gen_caches[0].i_snitch_icache_i_lookup_g_sets[0].gen_scm.i_tag_CG_CELL_WORD_ITER[20].CG_Inst_clk_en,clock,2
gen_tiles[11].i_tile_gen_caches[0].i_snitch_icache_i_lookup_g_sets[0].gen_scm.i_tag_CG_CELL_WORD_ITER[21].CG_Inst_clk_en,clock,2
gen_tiles[11].i_tile_gen_caches[0].i_snitch_icache_i_lookup_g_sets[0].gen_scm.i_tag_CG_CELL_WORD_ITER[22].CG_Inst_clk_en,clock,2
gen_tiles[11].i_tile_gen_caches[0].i_snitch_icache_i_lookup_g_sets[0].gen_scm.i_tag_CG_CELL_WORD_ITER[23].CG_Inst_clk_en,clock,2
gen_tiles[11].i_tile_gen_caches[0].i_snitch_icache_i_lookup_g_sets[0].gen_scm.i_tag_CG_CELL_WORD_ITER[24].CG_Inst_clk_en,clock,2
gen_tiles[11].i_tile_gen_caches[0].i_snitch_icache_i_lookup_g_sets[0].gen_scm.i_tag_CG_CELL_WORD_ITER[25].CG_Inst_clk_en,clock,2
gen_tiles[11].i_tile_gen_caches[0].i_snitch_icache_i_lookup_g_sets[0].gen_scm.i_tag_CG_CELL_WORD_ITER[26].CG_Inst_clk_en,clock,2
gen_tiles[11].i_tile_gen_caches[0].i_snitch_icache_i_lookup_g_sets[0].gen_scm.i_tag_CG_CELL_WORD_ITER[27].CG_Inst_clk_en,clock,2
gen_tiles[11].i_tile_gen_caches[0].i_snitch_icache_i_lookup_g_sets[0].gen_scm.i_tag_CG_CELL_WORD_ITER[28].CG_Inst_clk_en,clock,2
gen_tiles[11].i_tile_gen_caches[0].i_snitch_icache_i_lookup_g_sets[0].gen_scm.i_tag_CG_CELL_WORD_ITER[29].CG_Inst_clk_en,clock,2
gen_tiles[11].i_tile_gen_caches[0].i_snitch_icache_i_lookup_g_sets[0].gen_scm.i_tag_CG_CELL_WORD_ITER[30].CG_Inst_clk_en,clock,2
gen_tiles[11].i_tile_gen_caches[0].i_snitch_icache_i_lookup_g_sets[0].gen_scm.i_tag_CG_CELL_WORD_ITER[31].CG_Inst_clk_en,clock,2
gen_tiles[11].i_tile_gen_caches[0].i_snitch_icache_i_lookup_g_sets[0].gen_scm.i_tag_CG_WE_GLOBAL_clk_en,clock,2
gen_tiles[11].i_tile_gen_caches[0].i_snitch_icache_i_lookup_g_sets[1].gen_scm.i_tag_CG_CELL_WORD_ITER[0].CG_Inst_clk_en,clock,2
gen_tiles[11].i_tile_gen_caches[0].i_snitch_icache_i_lookup_g_sets[1].gen_scm.i_tag_CG_CELL_WORD_ITER[1].CG_Inst_clk_en,clock,2
gen_tiles[11].i_tile_gen_caches[0].i_snitch_icache_i_lookup_g_sets[1].gen_scm.i_tag_CG_CELL_WORD_ITER[2].CG_Inst_clk_en,clock,2
gen_tiles[11].i_tile_gen_caches[0].i_snitch_icache_i_lookup_g_sets[1].gen_scm.i_tag_CG_CELL_WORD_ITER[3].CG_Inst_clk_en,clock,2
gen_tiles[11].i_tile_gen_caches[0].i_snitch_icache_i_lookup_g_sets[1].gen_scm.i_tag_CG_CELL_WORD_ITER[4].CG_Inst_clk_en,clock,2
gen_tiles[11].i_tile_gen_caches[0].i_snitch_icache_i_lookup_g_sets[1].gen_scm.i_tag_CG_CELL_WORD_ITER[5].CG_Inst_clk_en,clock,2
gen_tiles[11].i_tile_gen_caches[0].i_snitch_icache_i_lookup_g_sets[1].gen_scm.i_tag_CG_CELL_WORD_ITER[6].CG_Inst_clk_en,clock,2
gen_tiles[11].i_tile_gen_caches[0].i_snitch_icache_i_lookup_g_sets[1].gen_scm.i_tag_CG_CELL_WORD_ITER[7].CG_Inst_clk_en,clock,2
gen_tiles[11].i_tile_gen_caches[0].i_snitch_icache_i_lookup_g_sets[1].gen_scm.i_tag_CG_CELL_WORD_ITER[8].CG_Inst_clk_en,clock,2
gen_tiles[11].i_tile_gen_caches[0].i_snitch_icache_i_lookup_g_sets[1].gen_scm.i_tag_CG_CELL_WORD_ITER[9].CG_Inst_clk_en,clock,2
gen_tiles[11].i_tile_gen_caches[0].i_snitch_icache_i_lookup_g_sets[1].gen_scm.i_tag_CG_CELL_WORD_ITER[10].CG_Inst_clk_en,clock,2
gen_tiles[11].i_tile_gen_caches[0].i_snitch_icache_i_lookup_g_sets[1].gen_scm.i_tag_CG_CELL_WORD_ITER[11].CG_Inst_clk_en,clock,2
gen_tiles[11].i_tile_gen_caches[0].i_snitch_icache_i_lookup_g_sets[1].gen_scm.i_tag_CG_CELL_WORD_ITER[12].CG_Inst_clk_en,clock,2
gen_tiles[11].i_tile_gen_caches[0].i_snitch_icache_i_lookup_g_sets[1].gen_scm.i_tag_CG_CELL_WORD_ITER[13].CG_Inst_clk_en,clock,2
gen_tiles[11].i_tile_gen_caches[0].i_snitch_icache_i_lookup_g_sets[1].gen_scm.i_tag_CG_CELL_WORD_ITER[14].CG_Inst_clk_en,clock,2
gen_tiles[11].i_tile_gen_caches[0].i_snitch_icache_i_lookup_g_sets[1].gen_scm.i_tag_CG_CELL_WORD_ITER[15].CG_Inst_clk_en,clock,2
gen_tiles[11].i_tile_gen_caches[0].i_snitch_icache_i_lookup_g_sets[1].gen_scm.i_tag_CG_CELL_WORD_ITER[16].CG_Inst_clk_en,clock,2
gen_tiles[11].i_tile_gen_caches[0].i_snitch_icache_i_lookup_g_sets[1].gen_scm.i_tag_CG_CELL_WORD_ITER[17].CG_Inst_clk_en,clock,2
gen_tiles[11].i_tile_gen_caches[0].i_snitch_icache_i_lookup_g_sets[1].gen_scm.i_tag_CG_CELL_WORD_ITER[18].CG_Inst_clk_en,clock,2
gen_tiles[11].i_tile_gen_caches[0].i_snitch_icache_i_lookup_g_sets[1].gen_scm.i_tag_CG_CELL_WORD_ITER[19].CG_Inst_clk_en,clock,2
gen_tiles[11].i_tile_gen_caches[0].i_snitch_icache_i_lookup_g_sets[1].gen_scm.i_tag_CG_CELL_WORD_ITER[20].CG_Inst_clk_en,clock,2
gen_tiles[11].i_tile_gen_caches[0].i_snitch_icache_i_lookup_g_sets[1].gen_scm.i_tag_CG_CELL_WORD_ITER[21].CG_Inst_clk_en,clock,2
gen_tiles[11].i_tile_gen_caches[0].i_snitch_icache_i_lookup_g_sets[1].gen_scm.i_tag_CG_CELL_WORD_ITER[22].CG_Inst_clk_en,clock,2
gen_tiles[11].i_tile_gen_caches[0].i_snitch_icache_i_lookup_g_sets[1].gen_scm.i_tag_CG_CELL_WORD_ITER[23].CG_Inst_clk_en,clock,2
gen_tiles[11].i_tile_gen_caches[0].i_snitch_icache_i_lookup_g_sets[1].gen_scm.i_tag_CG_CELL_WORD_ITER[24].CG_Inst_clk_en,clock,2
gen_tiles[11].i_tile_gen_caches[0].i_snitch_icache_i_lookup_g_sets[1].gen_scm.i_tag_CG_CELL_WORD_ITER[25].CG_Inst_clk_en,clock,2
gen_tiles[11].i_tile_gen_caches[0].i_snitch_icache_i_lookup_g_sets[1].gen_scm.i_tag_CG_CELL_WORD_ITER[26].CG_Inst_clk_en,clock,2
gen_tiles[11].i_tile_gen_caches[0].i_snitch_icache_i_lookup_g_sets[1].gen_scm.i_tag_CG_CELL_WORD_ITER[27].CG_Inst_clk_en,clock,2
gen_tiles[11].i_tile_gen_caches[0].i_snitch_icache_i_lookup_g_sets[1].gen_scm.i_tag_CG_CELL_WORD_ITER[28].CG_Inst_clk_en,clock,2
gen_tiles[11].i_tile_gen_caches[0].i_snitch_icache_i_lookup_g_sets[1].gen_scm.i_tag_CG_CELL_WORD_ITER[29].CG_Inst_clk_en,clock,2
gen_tiles[11].i_tile_gen_caches[0].i_snitch_icache_i_lookup_g_sets[1].gen_scm.i_tag_CG_CELL_WORD_ITER[30].CG_Inst_clk_en,clock,2
gen_tiles[11].i_tile_gen_caches[0].i_snitch_icache_i_lookup_g_sets[1].gen_scm.i_tag_CG_CELL_WORD_ITER[31].CG_Inst_clk_en,clock,2
gen_tiles[11].i_tile_gen_caches[0].i_snitch_icache_i_lookup_g_sets[1].gen_scm.i_tag_CG_WE_GLOBAL_clk_en,clock,2
gen_tiles[12].i_tile_gen_caches[0].i_snitch_icache_gen_prefetcher[0].i_snitch_icache_l0_gen_array[0].gen_latch.i_clk_gate_clk_en,clock,2
gen_tiles[12].i_tile_gen_caches[0].i_snitch_icache_gen_prefetcher[0].i_snitch_icache_l0_gen_array[1].gen_latch.i_clk_gate_clk_en,clock,2
gen_tiles[12].i_tile_gen_caches[0].i_snitch_icache_gen_prefetcher[0].i_snitch_icache_l0_gen_array[2].gen_latch.i_clk_gate_clk_en,clock,2
gen_tiles[12].i_tile_gen_caches[0].i_snitch_icache_gen_prefetcher[0].i_snitch_icache_l0_gen_array[3].gen_latch.i_clk_gate_clk_en,clock,2
gen_tiles[12].i_tile_gen_caches[0].i_snitch_icache_gen_prefetcher[1].i_snitch_icache_l0_gen_array[0].gen_latch.i_clk_gate_clk_en,clock,2
gen_tiles[12].i_tile_gen_caches[0].i_snitch_icache_gen_prefetcher[1].i_snitch_icache_l0_gen_array[1].gen_latch.i_clk_gate_clk_en,clock,2
gen_tiles[12].i_tile_gen_caches[0].i_snitch_icache_gen_prefetcher[1].i_snitch_icache_l0_gen_array[2].gen_latch.i_clk_gate_clk_en,clock,2
gen_tiles[12].i_tile_gen_caches[0].i_snitch_icache_gen_prefetcher[1].i_snitch_icache_l0_gen_array[3].gen_latch.i_clk_gate_clk_en,clock,2
gen_tiles[12].i_tile_gen_caches[0].i_snitch_icache_gen_prefetcher[2].i_snitch_icache_l0_gen_array[0].gen_latch.i_clk_gate_clk_en,clock,2
gen_tiles[12].i_tile_gen_caches[0].i_snitch_icache_gen_prefetcher[2].i_snitch_icache_l0_gen_array[1].gen_latch.i_clk_gate_clk_en,clock,2
gen_tiles[12].i_tile_gen_caches[0].i_snitch_icache_gen_prefetcher[2].i_snitch_icache_l0_gen_array[2].gen_latch.i_clk_gate_clk_en,clock,2
gen_tiles[12].i_tile_gen_caches[0].i_snitch_icache_gen_prefetcher[2].i_snitch_icache_l0_gen_array[3].gen_latch.i_clk_gate_clk_en,clock,2
gen_tiles[12].i_tile_gen_caches[0].i_snitch_icache_gen_prefetcher[3].i_snitch_icache_l0_gen_array[0].gen_latch.i_clk_gate_clk_en,clock,2
gen_tiles[12].i_tile_gen_caches[0].i_snitch_icache_gen_prefetcher[3].i_snitch_icache_l0_gen_array[1].gen_latch.i_clk_gate_clk_en,clock,2
gen_tiles[12].i_tile_gen_caches[0].i_snitch_icache_gen_prefetcher[3].i_snitch_icache_l0_gen_array[2].gen_latch.i_clk_gate_clk_en,clock,2
gen_tiles[12].i_tile_gen_caches[0].i_snitch_icache_gen_prefetcher[3].i_snitch_icache_l0_gen_array[3].gen_latch.i_clk_gate_clk_en,clock,2
gen_tiles[12].i_tile_gen_caches[0].i_snitch_icache_i_lookup_g_sets[0].gen_scm.i_tag_CG_CELL_WORD_ITER[0].CG_Inst_clk_en,clock,2
gen_tiles[12].i_tile_gen_caches[0].i_snitch_icache_i_lookup_g_sets[0].gen_scm.i_tag_CG_CELL_WORD_ITER[1].CG_Inst_clk_en,clock,2
gen_tiles[12].i_tile_gen_caches[0].i_snitch_icache_i_lookup_g_sets[0].gen_scm.i_tag_CG_CELL_WORD_ITER[2].CG_Inst_clk_en,clock,2
gen_tiles[12].i_tile_gen_caches[0].i_snitch_icache_i_lookup_g_sets[0].gen_scm.i_tag_CG_CELL_WORD_ITER[3].CG_Inst_clk_en,clock,2
gen_tiles[12].i_tile_gen_caches[0].i_snitch_icache_i_lookup_g_sets[0].gen_scm.i_tag_CG_CELL_WORD_ITER[4].CG_Inst_clk_en,clock,2
gen_tiles[12].i_tile_gen_caches[0].i_snitch_icache_i_lookup_g_sets[0].gen_scm.i_tag_CG_CELL_WORD_ITER[5].CG_Inst_clk_en,clock,2
gen_tiles[12].i_tile_gen_caches[0].i_snitch_icache_i_lookup_g_sets[0].gen_scm.i_tag_CG_CELL_WORD_ITER[6].CG_Inst_clk_en,clock,2
gen_tiles[12].i_tile_gen_caches[0].i_snitch_icache_i_lookup_g_sets[0].gen_scm.i_tag_CG_CELL_WORD_ITER[7].CG_Inst_clk_en,clock,2
gen_tiles[12].i_tile_gen_caches[0].i_snitch_icache_i_lookup_g_sets[0].gen_scm.i_tag_CG_CELL_WORD_ITER[8].CG_Inst_clk_en,clock,2
gen_tiles[12].i_tile_gen_caches[0].i_snitch_icache_i_lookup_g_sets[0].gen_scm.i_tag_CG_CELL_WORD_ITER[9].CG_Inst_clk_en,clock,2
gen_tiles[12].i_tile_gen_caches[0].i_snitch_icache_i_lookup_g_sets[0].gen_scm.i_tag_CG_CELL_WORD_ITER[10].CG_Inst_clk_en,clock,2
gen_tiles[12].i_tile_gen_caches[0].i_snitch_icache_i_lookup_g_sets[0].gen_scm.i_tag_CG_CELL_WORD_ITER[11].CG_Inst_clk_en,clock,2
gen_tiles[12].i_tile_gen_caches[0].i_snitch_icache_i_lookup_g_sets[0].gen_scm.i_tag_CG_CELL_WORD_ITER[12].CG_Inst_clk_en,clock,2
gen_tiles[12].i_tile_gen_caches[0].i_snitch_icache_i_lookup_g_sets[0].gen_scm.i_tag_CG_CELL_WORD_ITER[13].CG_Inst_clk_en,clock,2
gen_tiles[12].i_tile_gen_caches[0].i_snitch_icache_i_lookup_g_sets[0].gen_scm.i_tag_CG_CELL_WORD_ITER[14].CG_Inst_clk_en,clock,2
gen_tiles[12].i_tile_gen_caches[0].i_snitch_icache_i_lookup_g_sets[0].gen_scm.i_tag_CG_CELL_WORD_ITER[15].CG_Inst_clk_en,clock,2
gen_tiles[12].i_tile_gen_caches[0].i_snitch_icache_i_lookup_g_sets[0].gen_scm.i_tag_CG_CELL_WORD_ITER[16].CG_Inst_clk_en,clock,2
gen_tiles[12].i_tile_gen_caches[0].i_snitch_icache_i_lookup_g_sets[0].gen_scm.i_tag_CG_CELL_WORD_ITER[17].CG_Inst_clk_en,clock,2
gen_tiles[12].i_tile_gen_caches[0].i_snitch_icache_i_lookup_g_sets[0].gen_scm.i_tag_CG_CELL_WORD_ITER[18].CG_Inst_clk_en,clock,2
gen_tiles[12].i_tile_gen_caches[0].i_snitch_icache_i_lookup_g_sets[0].gen_scm.i_tag_CG_CELL_WORD_ITER[19].CG_Inst_clk_en,clock,2
gen_tiles[12].i_tile_gen_caches[0].i_snitch_icache_i_lookup_g_sets[0].gen_scm.i_tag_CG_CELL_WORD_ITER[20].CG_Inst_clk_en,clock,2
gen_tiles[12].i_tile_gen_caches[0].i_snitch_icache_i_lookup_g_sets[0].gen_scm.i_tag_CG_CELL_WORD_ITER[21].CG_Inst_clk_en,clock,2
gen_tiles[12].i_tile_gen_caches[0].i_snitch_icache_i_lookup_g_sets[0].gen_scm.i_tag_CG_CELL_WORD_ITER[22].CG_Inst_clk_en,clock,2
gen_tiles[12].i_tile_gen_caches[0].i_snitch_icache_i_lookup_g_sets[0].gen_scm.i_tag_CG_CELL_WORD_ITER[23].CG_Inst_clk_en,clock,2
gen_tiles[12].i_tile_gen_caches[0].i_snitch_icache_i_lookup_g_sets[0].gen_scm.i_tag_CG_CELL_WORD_ITER[24].CG_Inst_clk_en,clock,2
gen_tiles[12].i_tile_gen_caches[0].i_snitch_icache_i_lookup_g_sets[0].gen_scm.i_tag_CG_CELL_WORD_ITER[25].CG_Inst_clk_en,clock,2
gen_tiles[12].i_tile_gen_caches[0].i_snitch_icache_i_lookup_g_sets[0].gen_scm.i_tag_CG_CELL_WORD_ITER[26].CG_Inst_clk_en,clock,2
gen_tiles[12].i_tile_gen_caches[0].i_snitch_icache_i_lookup_g_sets[0].gen_scm.i_tag_CG_CELL_WORD_ITER[27].CG_Inst_clk_en,clock,2
gen_tiles[12].i_tile_gen_caches[0].i_snitch_icache_i_lookup_g_sets[0].gen_scm.i_tag_CG_CELL_WORD_ITER[28].CG_Inst_clk_en,clock,2
gen_tiles[12].i_tile_gen_caches[0].i_snitch_icache_i_lookup_g_sets[0].gen_scm.i_tag_CG_CELL_WORD_ITER[29].CG_Inst_clk_en,clock,2
gen_tiles[12].i_tile_gen_caches[0].i_snitch_icache_i_lookup_g_sets[0].gen_scm.i_tag_CG_CELL_WORD_ITER[30].CG_Inst_clk_en,clock,2
gen_tiles[12].i_tile_gen_caches[0].i_snitch_icache_i_lookup_g_sets[0].gen_scm.i_tag_CG_CELL_WORD_ITER[31].CG_Inst_clk_en,clock,2
gen_tiles[12].i_tile_gen_caches[0].i_snitch_icache_i_lookup_g_sets[0].gen_scm.i_tag_CG_WE_GLOBAL_clk_en,clock,2
gen_tiles[12].i_tile_gen_caches[0].i_snitch_icache_i_lookup_g_sets[1].gen_scm.i_tag_CG_CELL_WORD_ITER[0].CG_Inst_clk_en,clock,2
gen_tiles[12].i_tile_gen_caches[0].i_snitch_icache_i_lookup_g_sets[1].gen_scm.i_tag_CG_CELL_WORD_ITER[1].CG_Inst_clk_en,clock,2
gen_tiles[12].i_tile_gen_caches[0].i_snitch_icache_i_lookup_g_sets[1].gen_scm.i_tag_CG_CELL_WORD_ITER[2].CG_Inst_clk_en,clock,2
gen_tiles[12].i_tile_gen_caches[0].i_snitch_icache_i_lookup_g_sets[1].gen_scm.i_tag_CG_CELL_WORD_ITER[3].CG_Inst_clk_en,clock,2
gen_tiles[12].i_tile_gen_caches[0].i_snitch_icache_i_lookup_g_sets[1].gen_scm.i_tag_CG_CELL_WORD_ITER[4].CG_Inst_clk_en,clock,2
gen_tiles[12].i_tile_gen_caches[0].i_snitch_icache_i_lookup_g_sets[1].gen_scm.i_tag_CG_CELL_WORD_ITER[5].CG_Inst_clk_en,clock,2
gen_tiles[12].i_tile_gen_caches[0].i_snitch_icache_i_lookup_g_sets[1].gen_scm.i_tag_CG_CELL_WORD_ITER[6].CG_Inst_clk_en,clock,2
gen_tiles[12].i_tile_gen_caches[0].i_snitch_icache_i_lookup_g_sets[1].gen_scm.i_tag_CG_CELL_WORD_ITER[7].CG_Inst_clk_en,clock,2
gen_tiles[12].i_tile_gen_caches[0].i_snitch_icache_i_lookup_g_sets[1].gen_scm.i_tag_CG_CELL_WORD_ITER[8].CG_Inst_clk_en,clock,2
gen_tiles[12].i_tile_gen_caches[0].i_snitch_icache_i_lookup_g_sets[1].gen_scm.i_tag_CG_CELL_WORD_ITER[9].CG_Inst_clk_en,clock,2
gen_tiles[12].i_tile_gen_caches[0].i_snitch_icache_i_lookup_g_sets[1].gen_scm.i_tag_CG_CELL_WORD_ITER[10].CG_Inst_clk_en,clock,2
gen_tiles[12].i_tile_gen_caches[0].i_snitch_icache_i_lookup_g_sets[1].gen_scm.i_tag_CG_CELL_WORD_ITER[11].CG_Inst_clk_en,clock,2
gen_tiles[12].i_tile_gen_caches[0].i_snitch_icache_i_lookup_g_sets[1].gen_scm.i_tag_CG_CELL_WORD_ITER[12].CG_Inst_clk_en,clock,2
gen_tiles[12].i_tile_gen_caches[0].i_snitch_icache_i_lookup_g_sets[1].gen_scm.i_tag_CG_CELL_WORD_ITER[13].CG_Inst_clk_en,clock,2
gen_tiles[12].i_tile_gen_caches[0].i_snitch_icache_i_lookup_g_sets[1].gen_scm.i_tag_CG_CELL_WORD_ITER[14].CG_Inst_clk_en,clock,2
gen_tiles[12].i_tile_gen_caches[0].i_snitch_icache_i_lookup_g_sets[1].gen_scm.i_tag_CG_CELL_WORD_ITER[15].CG_Inst_clk_en,clock,2
gen_tiles[12].i_tile_gen_caches[0].i_snitch_icache_i_lookup_g_sets[1].gen_scm.i_tag_CG_CELL_WORD_ITER[16].CG_Inst_clk_en,clock,2
gen_tiles[12].i_tile_gen_caches[0].i_snitch_icache_i_lookup_g_sets[1].gen_scm.i_tag_CG_CELL_WORD_ITER[17].CG_Inst_clk_en,clock,2
gen_tiles[12].i_tile_gen_caches[0].i_snitch_icache_i_lookup_g_sets[1].gen_scm.i_tag_CG_CELL_WORD_ITER[18].CG_Inst_clk_en,clock,2
gen_tiles[12].i_tile_gen_caches[0].i_snitch_icache_i_lookup_g_sets[1].gen_scm.i_tag_CG_CELL_WORD_ITER[19].CG_Inst_clk_en,clock,2
gen_tiles[12].i_tile_gen_caches[0].i_snitch_icache_i_lookup_g_sets[1].gen_scm.i_tag_CG_CELL_WORD_ITER[20].CG_Inst_clk_en,clock,2
gen_tiles[12].i_tile_gen_caches[0].i_snitch_icache_i_lookup_g_sets[1].gen_scm.i_tag_CG_CELL_WORD_ITER[21].CG_Inst_clk_en,clock,2
gen_tiles[12].i_tile_gen_caches[0].i_snitch_icache_i_lookup_g_sets[1].gen_scm.i_tag_CG_CELL_WORD_ITER[22].CG_Inst_clk_en,clock,2
gen_tiles[12].i_tile_gen_caches[0].i_snitch_icache_i_lookup_g_sets[1].gen_scm.i_tag_CG_CELL_WORD_ITER[23].CG_Inst_clk_en,clock,2
gen_tiles[12].i_tile_gen_caches[0].i_snitch_icache_i_lookup_g_sets[1].gen_scm.i_tag_CG_CELL_WORD_ITER[24].CG_Inst_clk_en,clock,2
gen_tiles[12].i_tile_gen_caches[0].i_snitch_icache_i_lookup_g_sets[1].gen_scm.i_tag_CG_CELL_WORD_ITER[25].CG_Inst_clk_en,clock,2
gen_tiles[12].i_tile_gen_caches[0].i_snitch_icache_i_lookup_g_sets[1].gen_scm.i_tag_CG_CELL_WORD_ITER[26].CG_Inst_clk_en,clock,2
gen_tiles[12].i_tile_gen_caches[0].i_snitch_icache_i_lookup_g_sets[1].gen_scm.i_tag_CG_CELL_WORD_ITER[27].CG_Inst_clk_en,clock,2
gen_tiles[12].i_tile_gen_caches[0].i_snitch_icache_i_lookup_g_sets[1].gen_scm.i_tag_CG_CELL_WORD_ITER[28].CG_Inst_clk_en,clock,2
gen_tiles[12].i_tile_gen_caches[0].i_snitch_icache_i_lookup_g_sets[1].gen_scm.i_tag_CG_CELL_WORD_ITER[29].CG_Inst_clk_en,clock,2
gen_tiles[12].i_tile_gen_caches[0].i_snitch_icache_i_lookup_g_sets[1].gen_scm.i_tag_CG_CELL_WORD_ITER[30].CG_Inst_clk_en,clock,2
gen_tiles[12].i_tile_gen_caches[0].i_snitch_icache_i_lookup_g_sets[1].gen_scm.i_tag_CG_CELL_WORD_ITER[31].CG_Inst_clk_en,clock,2
gen_tiles[12].i_tile_gen_caches[0].i_snitch_icache_i_lookup_g_sets[1].gen_scm.i_tag_CG_WE_GLOBAL_clk_en,clock,2
gen_tiles[13].i_tile_gen_caches[0].i_snitch_icache_gen_prefetcher[0].i_snitch_icache_l0_gen_array[0].gen_latch.i_clk_gate_clk_en,clock,2
gen_tiles[13].i_tile_gen_caches[0].i_snitch_icache_gen_prefetcher[0].i_snitch_icache_l0_gen_array[1].gen_latch.i_clk_gate_clk_en,clock,2
gen_tiles[13].i_tile_gen_caches[0].i_snitch_icache_gen_prefetcher[0].i_snitch_icache_l0_gen_array[2].gen_latch.i_clk_gate_clk_en,clock,2
gen_tiles[13].i_tile_gen_caches[0].i_snitch_icache_gen_prefetcher[0].i_snitch_icache_l0_gen_array[3].gen_latch.i_clk_gate_clk_en,clock,2
gen_tiles[13].i_tile_gen_caches[0].i_snitch_icache_gen_prefetcher[1].i_snitch_icache_l0_gen_array[0].gen_latch.i_clk_gate_clk_en,clock,2
gen_tiles[13].i_tile_gen_caches[0].i_snitch_icache_gen_prefetcher[1].i_snitch_icache_l0_gen_array[1].gen_latch.i_clk_gate_clk_en,clock,2
gen_tiles[13].i_tile_gen_caches[0].i_snitch_icache_gen_prefetcher[1].i_snitch_icache_l0_gen_array[2].gen_latch.i_clk_gate_clk_en,clock,2
gen_tiles[13].i_tile_gen_caches[0].i_snitch_icache_gen_prefetcher[1].i_snitch_icache_l0_gen_array[3].gen_latch.i_clk_gate_clk_en,clock,2
gen_tiles[13].i_tile_gen_caches[0].i_snitch_icache_gen_prefetcher[2].i_snitch_icache_l0_gen_array[0].gen_latch.i_clk_gate_clk_en,clock,2
gen_tiles[13].i_tile_gen_caches[0].i_snitch_icache_gen_prefetcher[2].i_snitch_icache_l0_gen_array[1].gen_latch.i_clk_gate_clk_en,clock,2
gen_tiles[13].i_tile_gen_caches[0].i_snitch_icache_gen_prefetcher[2].i_snitch_icache_l0_gen_array[2].gen_latch.i_clk_gate_clk_en,clock,2
gen_tiles[13].i_tile_gen_caches[0].i_snitch_icache_gen_prefetcher[2].i_snitch_icache_l0_gen_array[3].gen_latch.i_clk_gate_clk_en,clock,2
gen_tiles[13].i_tile_gen_caches[0].i_snitch_icache_gen_prefetcher[3].i_snitch_icache_l0_gen_array[0].gen_latch.i_clk_gate_clk_en,clock,2
gen_tiles[13].i_tile_gen_caches[0].i_snitch_icache_gen_prefetcher[3].i_snitch_icache_l0_gen_array[1].gen_latch.i_clk_gate_clk_en,clock,2
gen_tiles[13].i_tile_gen_caches[0].i_snitch_icache_gen_prefetcher[3].i_snitch_icache_l0_gen_array[2].gen_latch.i_clk_gate_clk_en,clock,2
gen_tiles[13].i_tile_gen_caches[0].i_snitch_icache_gen_prefetcher[3].i_snitch_icache_l0_gen_array[3].gen_latch.i_clk_gate_clk_en,clock,2
gen_tiles[13].i_tile_gen_caches[0].i_snitch_icache_i_lookup_g_sets[0].gen_scm.i_tag_CG_CELL_WORD_ITER[0].CG_Inst_clk_en,clock,2
gen_tiles[13].i_tile_gen_caches[0].i_snitch_icache_i_lookup_g_sets[0].gen_scm.i_tag_CG_CELL_WORD_ITER[1].CG_Inst_clk_en,clock,2
gen_tiles[13].i_tile_gen_caches[0].i_snitch_icache_i_lookup_g_sets[0].gen_scm.i_tag_CG_CELL_WORD_ITER[2].CG_Inst_clk_en,clock,2
gen_tiles[13].i_tile_gen_caches[0].i_snitch_icache_i_lookup_g_sets[0].gen_scm.i_tag_CG_CELL_WORD_ITER[3].CG_Inst_clk_en,clock,2
gen_tiles[13].i_tile_gen_caches[0].i_snitch_icache_i_lookup_g_sets[0].gen_scm.i_tag_CG_CELL_WORD_ITER[4].CG_Inst_clk_en,clock,2
gen_tiles[13].i_tile_gen_caches[0].i_snitch_icache_i_lookup_g_sets[0].gen_scm.i_tag_CG_CELL_WORD_ITER[5].CG_Inst_clk_en,clock,2
gen_tiles[13].i_tile_gen_caches[0].i_snitch_icache_i_lookup_g_sets[0].gen_scm.i_tag_CG_CELL_WORD_ITER[6].CG_Inst_clk_en,clock,2
gen_tiles[13].i_tile_gen_caches[0].i_snitch_icache_i_lookup_g_sets[0].gen_scm.i_tag_CG_CELL_WORD_ITER[7].CG_Inst_clk_en,clock,2
gen_tiles[13].i_tile_gen_caches[0].i_snitch_icache_i_lookup_g_sets[0].gen_scm.i_tag_CG_CELL_WORD_ITER[8].CG_Inst_clk_en,clock,2
gen_tiles[13].i_tile_gen_caches[0].i_snitch_icache_i_lookup_g_sets[0].gen_scm.i_tag_CG_CELL_WORD_ITER[9].CG_Inst_clk_en,clock,2
gen_tiles[13].i_tile_gen_caches[0].i_snitch_icache_i_lookup_g_sets[0].gen_scm.i_tag_CG_CELL_WORD_ITER[10].CG_Inst_clk_en,clock,2
gen_tiles[13].i_tile_gen_caches[0].i_snitch_icache_i_lookup_g_sets[0].gen_scm.i_tag_CG_CELL_WORD_ITER[11].CG_Inst_clk_en,clock,2
gen_tiles[13].i_tile_gen_caches[0].i_snitch_icache_i_lookup_g_sets[0].gen_scm.i_tag_CG_CELL_WORD_ITER[12].CG_Inst_clk_en,clock,2
gen_tiles[13].i_tile_gen_caches[0].i_snitch_icache_i_lookup_g_sets[0].gen_scm.i_tag_CG_CELL_WORD_ITER[13].CG_Inst_clk_en,clock,2
gen_tiles[13].i_tile_gen_caches[0].i_snitch_icache_i_lookup_g_sets[0].gen_scm.i_tag_CG_CELL_WORD_ITER[14].CG_Inst_clk_en,clock,2
gen_tiles[13].i_tile_gen_caches[0].i_snitch_icache_i_lookup_g_sets[0].gen_scm.i_tag_CG_CELL_WORD_ITER[15].CG_Inst_clk_en,clock,2
gen_tiles[13].i_tile_gen_caches[0].i_snitch_icache_i_lookup_g_sets[0].gen_scm.i_tag_CG_CELL_WORD_ITER[16].CG_Inst_clk_en,clock,2
gen_tiles[13].i_tile_gen_caches[0].i_snitch_icache_i_lookup_g_sets[0].gen_scm.i_tag_CG_CELL_WORD_ITER[17].CG_Inst_clk_en,clock,2
gen_tiles[13].i_tile_gen_caches[0].i_snitch_icache_i_lookup_g_sets[0].gen_scm.i_tag_CG_CELL_WORD_ITER[18].CG_Inst_clk_en,clock,2
gen_tiles[13].i_tile_gen_caches[0].i_snitch_icache_i_lookup_g_sets[0].gen_scm.i_tag_CG_CELL_WORD_ITER[19].CG_Inst_clk_en,clock,2
gen_tiles[13].i_tile_gen_caches[0].i_snitch_icache_i_lookup_g_sets[0].gen_scm.i_tag_CG_CELL_WORD_ITER[20].CG_Inst_clk_en,clock,2
gen_tiles[13].i_tile_gen_caches[0].i_snitch_icache_i_lookup_g_sets[0].gen_scm.i_tag_CG_CELL_WORD_ITER[21].CG_Inst_clk_en,clock,2
gen_tiles[13].i_tile_gen_caches[0].i_snitch_icache_i_lookup_g_sets[0].gen_scm.i_tag_CG_CELL_WORD_ITER[22].CG_Inst_clk_en,clock,2
gen_tiles[13].i_tile_gen_caches[0].i_snitch_icache_i_lookup_g_sets[0].gen_scm.i_tag_CG_CELL_WORD_ITER[23].CG_Inst_clk_en,clock,2
gen_tiles[13].i_tile_gen_caches[0].i_snitch_icache_i_lookup_g_sets[0].gen_scm.i_tag_CG_CELL_WORD_ITER[24].CG_Inst_clk_en,clock,2
gen_tiles[13].i_tile_gen_caches[0].i_snitch_icache_i_lookup_g_sets[0].gen_scm.i_tag_CG_CELL_WORD_ITER[25].CG_Inst_clk_en,clock,2
gen_tiles[13].i_tile_gen_caches[0].i_snitch_icache_i_lookup_g_sets[0].gen_scm.i_tag_CG_CELL_WORD_ITER[26].CG_Inst_clk_en,clock,2
gen_tiles[13].i_tile_gen_caches[0].i_snitch_icache_i_lookup_g_sets[0].gen_scm.i_tag_CG_CELL_WORD_ITER[27].CG_Inst_clk_en,clock,2
gen_tiles[13].i_tile_gen_caches[0].i_snitch_icache_i_lookup_g_sets[0].gen_scm.i_tag_CG_CELL_WORD_ITER[28].CG_Inst_clk_en,clock,2
gen_tiles[13].i_tile_gen_caches[0].i_snitch_icache_i_lookup_g_sets[0].gen_scm.i_tag_CG_CELL_WORD_ITER[29].CG_Inst_clk_en,clock,2
gen_tiles[13].i_tile_gen_caches[0].i_snitch_icache_i_lookup_g_sets[0].gen_scm.i_tag_CG_CELL_WORD_ITER[30].CG_Inst_clk_en,clock,2
gen_tiles[13].i_tile_gen_caches[0].i_snitch_icache_i_lookup_g_sets[0].gen_scm.i_tag_CG_CELL_WORD_ITER[31].CG_Inst_clk_en,clock,2
gen_tiles[13].i_tile_gen_caches[0].i_snitch_icache_i_lookup_g_sets[0].gen_scm.i_tag_CG_WE_GLOBAL_clk_en,clock,2
gen_tiles[13].i_tile_gen_caches[0].i_snitch_icache_i_lookup_g_sets[1].gen_scm.i_tag_CG_CELL_WORD_ITER[0].CG_Inst_clk_en,clock,2
gen_tiles[13].i_tile_gen_caches[0].i_snitch_icache_i_lookup_g_sets[1].gen_scm.i_tag_CG_CELL_WORD_ITER[1].CG_Inst_clk_en,clock,2
gen_tiles[13].i_tile_gen_caches[0].i_snitch_icache_i_lookup_g_sets[1].gen_scm.i_tag_CG_CELL_WORD_ITER[2].CG_Inst_clk_en,clock,2
gen_tiles[13].i_tile_gen_caches[0].i_snitch_icache_i_lookup_g_sets[1].gen_scm.i_tag_CG_CELL_WORD_ITER[3].CG_Inst_clk_en,clock,2
gen_tiles[13].i_tile_gen_caches[0].i_snitch_icache_i_lookup_g_sets[1].gen_scm.i_tag_CG_CELL_WORD_ITER[4].CG_Inst_clk_en,clock,2
gen_tiles[13].i_tile_gen_caches[0].i_snitch_icache_i_lookup_g_sets[1].gen_scm.i_tag_CG_CELL_WORD_ITER[5].CG_Inst_clk_en,clock,2
gen_tiles[13].i_tile_gen_caches[0].i_snitch_icache_i_lookup_g_sets[1].gen_scm.i_tag_CG_CELL_WORD_ITER[6].CG_Inst_clk_en,clock,2
gen_tiles[13].i_tile_gen_caches[0].i_snitch_icache_i_lookup_g_sets[1].gen_scm.i_tag_CG_CELL_WORD_ITER[7].CG_Inst_clk_en,clock,2
gen_tiles[13].i_tile_gen_caches[0].i_snitch_icache_i_lookup_g_sets[1].gen_scm.i_tag_CG_CELL_WORD_ITER[8].CG_Inst_clk_en,clock,2
gen_tiles[13].i_tile_gen_caches[0].i_snitch_icache_i_lookup_g_sets[1].gen_scm.i_tag_CG_CELL_WORD_ITER[9].CG_Inst_clk_en,clock,2
gen_tiles[13].i_tile_gen_caches[0].i_snitch_icache_i_lookup_g_sets[1].gen_scm.i_tag_CG_CELL_WORD_ITER[10].CG_Inst_clk_en,clock,2
gen_tiles[13].i_tile_gen_caches[0].i_snitch_icache_i_lookup_g_sets[1].gen_scm.i_tag_CG_CELL_WORD_ITER[11].CG_Inst_clk_en,clock,2
gen_tiles[13].i_tile_gen_caches[0].i_snitch_icache_i_lookup_g_sets[1].gen_scm.i_tag_CG_CELL_WORD_ITER[12].CG_Inst_clk_en,clock,2
gen_tiles[13].i_tile_gen_caches[0].i_snitch_icache_i_lookup_g_sets[1].gen_scm.i_tag_CG_CELL_WORD_ITER[13].CG_Inst_clk_en,clock,2
gen_tiles[13].i_tile_gen_caches[0].i_snitch_icache_i_lookup_g_sets[1].gen_scm.i_tag_CG_CELL_WORD_ITER[14].CG_Inst_clk_en,clock,2
gen_tiles[13].i_tile_gen_caches[0].i_snitch_icache_i_lookup_g_sets[1].gen_scm.i_tag_CG_CELL_WORD_ITER[15].CG_Inst_clk_en,clock,2
gen_tiles[13].i_tile_gen_caches[0].i_snitch_icache_i_lookup_g_sets[1].gen_scm.i_tag_CG_CELL_WORD_ITER[16].CG_Inst_clk_en,clock,2
gen_tiles[13].i_tile_gen_caches[0].i_snitch_icache_i_lookup_g_sets[1].gen_scm.i_tag_CG_CELL_WORD_ITER[17].CG_Inst_clk_en,clock,2
gen_tiles[13].i_tile_gen_caches[0].i_snitch_icache_i_lookup_g_sets[1].gen_scm.i_tag_CG_CELL_WORD_ITER[18].CG_Inst_clk_en,clock,2
gen_tiles[13].i_tile_gen_caches[0].i_snitch_icache_i_lookup_g_sets[1].gen_scm.i_tag_CG_CELL_WORD_ITER[19].CG_Inst_clk_en,clock,2
gen_tiles[13].i_tile_gen_caches[0].i_snitch_icache_i_lookup_g_sets[1].gen_scm.i_tag_CG_CELL_WORD_ITER[20].CG_Inst_clk_en,clock,2
gen_tiles[13].i_tile_gen_caches[0].i_snitch_icache_i_lookup_g_sets[1].gen_scm.i_tag_CG_CELL_WORD_ITER[21].CG_Inst_clk_en,clock,2
gen_tiles[13].i_tile_gen_caches[0].i_snitch_icache_i_lookup_g_sets[1].gen_scm.i_tag_CG_CELL_WORD_ITER[22].CG_Inst_clk_en,clock,2
gen_tiles[13].i_tile_gen_caches[0].i_snitch_icache_i_lookup_g_sets[1].gen_scm.i_tag_CG_CELL_WORD_ITER[23].CG_Inst_clk_en,clock,2
gen_tiles[13].i_tile_gen_caches[0].i_snitch_icache_i_lookup_g_sets[1].gen_scm.i_tag_CG_CELL_WORD_ITER[24].CG_Inst_clk_en,clock,2
gen_tiles[13].i_tile_gen_caches[0].i_snitch_icache_i_lookup_g_sets[1].gen_scm.i_tag_CG_CELL_WORD_ITER[25].CG_Inst_clk_en,clock,2
gen_tiles[13].i_tile_gen_caches[0].i_snitch_icache_i_lookup_g_sets[1].gen_scm.i_tag_CG_CELL_WORD_ITER[26].CG_Inst_clk_en,clock,2
gen_tiles[13].i_tile_gen_caches[0].i_snitch_icache_i_lookup_g_sets[1].gen_scm.i_tag_CG_CELL_WORD_ITER[27].CG_Inst_clk_en,clock,2
gen_tiles[13].i_tile_gen_caches[0].i_snitch_icache_i_lookup_g_sets[1].gen_scm.i_tag_CG_CELL_WORD_ITER[28].CG_Inst_clk_en,clock,2
gen_tiles[13].i_tile_gen_caches[0].i_snitch_icache_i_lookup_g_sets[1].gen_scm.i_tag_CG_CELL_WORD_ITER[29].CG_Inst_clk_en,clock,2
gen_tiles[13].i_tile_gen_caches[0].i_snitch_icache_i_lookup_g_sets[1].gen_scm.i_tag_CG_CELL_WORD_ITER[30].CG_Inst_clk_en,clock,2
gen_tiles[13].i_tile_gen_caches[0].i_snitch_icache_i_lookup_g_sets[1].gen_scm.i_tag_CG_CELL_WORD_ITER[31].CG_Inst_clk_en,clock,2
gen_tiles[13].i_tile_gen_caches[0].i_snitch_icache_i_lookup_g_sets[1].gen_scm.i_tag_CG_WE_GLOBAL_clk_en,clock,2
gen_tiles[14].i_tile_gen_caches[0].i_snitch_icache_gen_prefetcher[0].i_snitch_icache_l0_gen_array[0].gen_latch.i_clk_gate_clk_en,clock,2
gen_tiles[14].i_tile_gen_caches[0].i_snitch_icache_gen_prefetcher[0].i_snitch_icache_l0_gen_array[1].gen_latch.i_clk_gate_clk_en,clock,2
gen_tiles[14].i_tile_gen_caches[0].i_snitch_icache_gen_prefetcher[0].i_snitch_icache_l0_gen_array[2].gen_latch.i_clk_gate_clk_en,clock,2
gen_tiles[14].i_tile_gen_caches[0].i_snitch_icache_gen_prefetcher[0].i_snitch_icache_l0_gen_array[3].gen_latch.i_clk_gate_clk_en,clock,2
gen_tiles[14].i_tile_gen_caches[0].i_snitch_icache_gen_prefetcher[1].i_snitch_icache_l0_gen_array[0].gen_latch.i_clk_gate_clk_en,clock,2
gen_tiles[14].i_tile_gen_caches[0].i_snitch_icache_gen_prefetcher[1].i_snitch_icache_l0_gen_array[1].gen_latch.i_clk_gate_clk_en,clock,2
gen_tiles[14].i_tile_gen_caches[0].i_snitch_icache_gen_prefetcher[1].i_snitch_icache_l0_gen_array[2].gen_latch.i_clk_gate_clk_en,clock,2
gen_tiles[14].i_tile_gen_caches[0].i_snitch_icache_gen_prefetcher[1].i_snitch_icache_l0_gen_array[3].gen_latch.i_clk_gate_clk_en,clock,2
gen_tiles[14].i_tile_gen_caches[0].i_snitch_icache_gen_prefetcher[2].i_snitch_icache_l0_gen_array[0].gen_latch.i_clk_gate_clk_en,clock,2
gen_tiles[14].i_tile_gen_caches[0].i_snitch_icache_gen_prefetcher[2].i_snitch_icache_l0_gen_array[1].gen_latch.i_clk_gate_clk_en,clock,2
gen_tiles[14].i_tile_gen_caches[0].i_snitch_icache_gen_prefetcher[2].i_snitch_icache_l0_gen_array[2].gen_latch.i_clk_gate_clk_en,clock,2
gen_tiles[14].i_tile_gen_caches[0].i_snitch_icache_gen_prefetcher[2].i_snitch_icache_l0_gen_array[3].gen_latch.i_clk_gate_clk_en,clock,2
gen_tiles[14].i_tile_gen_caches[0].i_snitch_icache_gen_prefetcher[3].i_snitch_icache_l0_gen_array[0].gen_latch.i_clk_gate_clk_en,clock,2
gen_tiles[14].i_tile_gen_caches[0].i_snitch_icache_gen_prefetcher[3].i_snitch_icache_l0_gen_array[1].gen_latch.i_clk_gate_clk_en,clock,2
gen_tiles[14].i_tile_gen_caches[0].i_snitch_icache_gen_prefetcher[3].i_snitch_icache_l0_gen_array[2].gen_latch.i_clk_gate_clk_en,clock,2
gen_tiles[14].i_tile_gen_caches[0].i_snitch_icache_gen_prefetcher[3].i_snitch_icache_l0_gen_array[3].gen_latch.i_clk_gate_clk_en,clock,2
gen_tiles[14].i_tile_gen_caches[0].i_snitch_icache_i_lookup_g_sets[0].gen_scm.i_tag_CG_CELL_WORD_ITER[0].CG_Inst_clk_en,clock,2
gen_tiles[14].i_tile_gen_caches[0].i_snitch_icache_i_lookup_g_sets[0].gen_scm.i_tag_CG_CELL_WORD_ITER[1].CG_Inst_clk_en,clock,2
gen_tiles[14].i_tile_gen_caches[0].i_snitch_icache_i_lookup_g_sets[0].gen_scm.i_tag_CG_CELL_WORD_ITER[2].CG_Inst_clk_en,clock,2
gen_tiles[14].i_tile_gen_caches[0].i_snitch_icache_i_lookup_g_sets[0].gen_scm.i_tag_CG_CELL_WORD_ITER[3].CG_Inst_clk_en,clock,2
gen_tiles[14].i_tile_gen_caches[0].i_snitch_icache_i_lookup_g_sets[0].gen_scm.i_tag_CG_CELL_WORD_ITER[4].CG_Inst_clk_en,clock,2
gen_tiles[14].i_tile_gen_caches[0].i_snitch_icache_i_lookup_g_sets[0].gen_scm.i_tag_CG_CELL_WORD_ITER[5].CG_Inst_clk_en,clock,2
gen_tiles[14].i_tile_gen_caches[0].i_snitch_icache_i_lookup_g_sets[0].gen_scm.i_tag_CG_CELL_WORD_ITER[6].CG_Inst_clk_en,clock,2
gen_tiles[14].i_tile_gen_caches[0].i_snitch_icache_i_lookup_g_sets[0].gen_scm.i_tag_CG_CELL_WORD_ITER[7].CG_Inst_clk_en,clock,2
gen_tiles[14].i_tile_gen_caches[0].i_snitch_icache_i_lookup_g_sets[0].gen_scm.i_tag_CG_CELL_WORD_ITER[8].CG_Inst_clk_en,clock,2
gen_tiles[14].i_tile_gen_caches[0].i_snitch_icache_i_lookup_g_sets[0].gen_scm.i_tag_CG_CELL_WORD_ITER[9].CG_Inst_clk_en,clock,2
gen_tiles[14].i_tile_gen_caches[0].i_snitch_icache_i_lookup_g_sets[0].gen_scm.i_tag_CG_CELL_WORD_ITER[10].CG_Inst_clk_en,clock,2
gen_tiles[14].i_tile_gen_caches[0].i_snitch_icache_i_lookup_g_sets[0].gen_scm.i_tag_CG_CELL_WORD_ITER[11].CG_Inst_clk_en,clock,2
gen_tiles[14].i_tile_gen_caches[0].i_snitch_icache_i_lookup_g_sets[0].gen_scm.i_tag_CG_CELL_WORD_ITER[12].CG_Inst_clk_en,clock,2
gen_tiles[14].i_tile_gen_caches[0].i_snitch_icache_i_lookup_g_sets[0].gen_scm.i_tag_CG_CELL_WORD_ITER[13].CG_Inst_clk_en,clock,2
gen_tiles[14].i_tile_gen_caches[0].i_snitch_icache_i_lookup_g_sets[0].gen_scm.i_tag_CG_CELL_WORD_ITER[14].CG_Inst_clk_en,clock,2
gen_tiles[14].i_tile_gen_caches[0].i_snitch_icache_i_lookup_g_sets[0].gen_scm.i_tag_CG_CELL_WORD_ITER[15].CG_Inst_clk_en,clock,2
gen_tiles[14].i_tile_gen_caches[0].i_snitch_icache_i_lookup_g_sets[0].gen_scm.i_tag_CG_CELL_WORD_ITER[16].CG_Inst_clk_en,clock,2
gen_tiles[14].i_tile_gen_caches[0].i_snitch_icache_i_lookup_g_sets[0].gen_scm.i_tag_CG_CELL_WORD_ITER[17].CG_Inst_clk_en,clock,2
gen_tiles[14].i_tile_gen_caches[0].i_snitch_icache_i_lookup_g_sets[0].gen_scm.i_tag_CG_CELL_WORD_ITER[18].CG_Inst_clk_en,clock,2
gen_tiles[14].i_tile_gen_caches[0].i_snitch_icache_i_lookup_g_sets[0].gen_scm.i_tag_CG_CELL_WORD_ITER[19].CG_Inst_clk_en,clock,2
gen_tiles[14].i_tile_gen_caches[0].i_snitch_icache_i_lookup_g_sets[0].gen_scm.i_tag_CG_CELL_WORD_ITER[20].CG_Inst_clk_en,clock,2
gen_tiles[14].i_tile_gen_caches[0].i_snitch_icache_i_lookup_g_sets[0].gen_scm.i_tag_CG_CELL_WORD_ITER[21].CG_Inst_clk_en,clock,2
gen_tiles[14].i_tile_gen_caches[0].i_snitch_icache_i_lookup_g_sets[0].gen_scm.i_tag_CG_CELL_WORD_ITER[22].CG_Inst_clk_en,clock,2
gen_tiles[14].i_tile_gen_caches[0].i_snitch_icache_i_lookup_g_sets[0].gen_scm.i_tag_CG_CELL_WORD_ITER[23].CG_Inst_clk_en,clock,2
gen_tiles[14].i_tile_gen_caches[0].i_snitch_icache_i_lookup_g_sets[0].gen_scm.i_tag_CG_CELL_WORD_ITER[24].CG_Inst_clk_en,clock,2
gen_tiles[14].i_tile_gen_caches[0].i_snitch_icache_i_lookup_g_sets[0].gen_scm.i_tag_CG_CELL_WORD_ITER[25].CG_Inst_clk_en,clock,2
gen_tiles[14].i_tile_gen_caches[0].i_snitch_icache_i_lookup_g_sets[0].gen_scm.i_tag_CG_CELL_WORD_ITER[26].CG_Inst_clk_en,clock,2
gen_tiles[14].i_tile_gen_caches[0].i_snitch_icache_i_lookup_g_sets[0].gen_scm.i_tag_CG_CELL_WORD_ITER[27].CG_Inst_clk_en,clock,2
gen_tiles[14].i_tile_gen_caches[0].i_snitch_icache_i_lookup_g_sets[0].gen_scm.i_tag_CG_CELL_WORD_ITER[28].CG_Inst_clk_en,clock,2
gen_tiles[14].i_tile_gen_caches[0].i_snitch_icache_i_lookup_g_sets[0].gen_scm.i_tag_CG_CELL_WORD_ITER[29].CG_Inst_clk_en,clock,2
gen_tiles[14].i_tile_gen_caches[0].i_snitch_icache_i_lookup_g_sets[0].gen_scm.i_tag_CG_CELL_WORD_ITER[30].CG_Inst_clk_en,clock,2
gen_tiles[14].i_tile_gen_caches[0].i_snitch_icache_i_lookup_g_sets[0].gen_scm.i_tag_CG_CELL_WORD_ITER[31].CG_Inst_clk_en,clock,2
gen_tiles[14].i_tile_gen_caches[0].i_snitch_icache_i_lookup_g_sets[0].gen_scm.i_tag_CG_WE_GLOBAL_clk_en,clock,2
gen_tiles[14].i_tile_gen_caches[0].i_snitch_icache_i_lookup_g_sets[1].gen_scm.i_tag_CG_CELL_WORD_ITER[0].CG_Inst_clk_en,clock,2
gen_tiles[14].i_tile_gen_caches[0].i_snitch_icache_i_lookup_g_sets[1].gen_scm.i_tag_CG_CELL_WORD_ITER[1].CG_Inst_clk_en,clock,2
gen_tiles[14].i_tile_gen_caches[0].i_snitch_icache_i_lookup_g_sets[1].gen_scm.i_tag_CG_CELL_WORD_ITER[2].CG_Inst_clk_en,clock,2
gen_tiles[14].i_tile_gen_caches[0].i_snitch_icache_i_lookup_g_sets[1].gen_scm.i_tag_CG_CELL_WORD_ITER[3].CG_Inst_clk_en,clock,2
gen_tiles[14].i_tile_gen_caches[0].i_snitch_icache_i_lookup_g_sets[1].gen_scm.i_tag_CG_CELL_WORD_ITER[4].CG_Inst_clk_en,clock,2
gen_tiles[14].i_tile_gen_caches[0].i_snitch_icache_i_lookup_g_sets[1].gen_scm.i_tag_CG_CELL_WORD_ITER[5].CG_Inst_clk_en,clock,2
gen_tiles[14].i_tile_gen_caches[0].i_snitch_icache_i_lookup_g_sets[1].gen_scm.i_tag_CG_CELL_WORD_ITER[6].CG_Inst_clk_en,clock,2
gen_tiles[14].i_tile_gen_caches[0].i_snitch_icache_i_lookup_g_sets[1].gen_scm.i_tag_CG_CELL_WORD_ITER[7].CG_Inst_clk_en,clock,2
gen_tiles[14].i_tile_gen_caches[0].i_snitch_icache_i_lookup_g_sets[1].gen_scm.i_tag_CG_CELL_WORD_ITER[8].CG_Inst_clk_en,clock,2
gen_tiles[14].i_tile_gen_caches[0].i_snitch_icache_i_lookup_g_sets[1].gen_scm.i_tag_CG_CELL_WORD_ITER[9].CG_Inst_clk_en,clock,2
gen_tiles[14].i_tile_gen_caches[0].i_snitch_icache_i_lookup_g_sets[1].gen_scm.i_tag_CG_CELL_WORD_ITER[10].CG_Inst_clk_en,clock,2
gen_tiles[14].i_tile_gen_caches[0].i_snitch_icache_i_lookup_g_sets[1].gen_scm.i_tag_CG_CELL_WORD_ITER[11].CG_Inst_clk_en,clock,2
gen_tiles[14].i_tile_gen_caches[0].i_snitch_icache_i_lookup_g_sets[1].gen_scm.i_tag_CG_CELL_WORD_ITER[12].CG_Inst_clk_en,clock,2
gen_tiles[14].i_tile_gen_caches[0].i_snitch_icache_i_lookup_g_sets[1].gen_scm.i_tag_CG_CELL_WORD_ITER[13].CG_Inst_clk_en,clock,2
gen_tiles[14].i_tile_gen_caches[0].i_snitch_icache_i_lookup_g_sets[1].gen_scm.i_tag_CG_CELL_WORD_ITER[14].CG_Inst_clk_en,clock,2
gen_tiles[14].i_tile_gen_caches[0].i_snitch_icache_i_lookup_g_sets[1].gen_scm.i_tag_CG_CELL_WORD_ITER[15].CG_Inst_clk_en,clock,2
gen_tiles[14].i_tile_gen_caches[0].i_snitch_icache_i_lookup_g_sets[1].gen_scm.i_tag_CG_CELL_WORD_ITER[16].CG_Inst_clk_en,clock,2
gen_tiles[14].i_tile_gen_caches[0].i_snitch_icache_i_lookup_g_sets[1].gen_scm.i_tag_CG_CELL_WORD_ITER[17].CG_Inst_clk_en,clock,2
gen_tiles[14].i_tile_gen_caches[0].i_snitch_icache_i_lookup_g_sets[1].gen_scm.i_tag_CG_CELL_WORD_ITER[18].CG_Inst_clk_en,clock,2
gen_tiles[14].i_tile_gen_caches[0].i_snitch_icache_i_lookup_g_sets[1].gen_scm.i_tag_CG_CELL_WORD_ITER[19].CG_Inst_clk_en,clock,2
gen_tiles[14].i_tile_gen_caches[0].i_snitch_icache_i_lookup_g_sets[1].gen_scm.i_tag_CG_CELL_WORD_ITER[20].CG_Inst_clk_en,clock,2
gen_tiles[14].i_tile_gen_caches[0].i_snitch_icache_i_lookup_g_sets[1].gen_scm.i_tag_CG_CELL_WORD_ITER[21].CG_Inst_clk_en,clock,2
gen_tiles[14].i_tile_gen_caches[0].i_snitch_icache_i_lookup_g_sets[1].gen_scm.i_tag_CG_CELL_WORD_ITER[22].CG_Inst_clk_en,clock,2
gen_tiles[14].i_tile_gen_caches[0].i_snitch_icache_i_lookup_g_sets[1].gen_scm.i_tag_CG_CELL_WORD_ITER[23].CG_Inst_clk_en,clock,2
gen_tiles[14].i_tile_gen_caches[0].i_snitch_icache_i_lookup_g_sets[1].gen_scm.i_tag_CG_CELL_WORD_ITER[24].CG_Inst_clk_en,clock,2
gen_tiles[14].i_tile_gen_caches[0].i_snitch_icache_i_lookup_g_sets[1].gen_scm.i_tag_CG_CELL_WORD_ITER[25].CG_Inst_clk_en,clock,2
gen_tiles[14].i_tile_gen_caches[0].i_snitch_icache_i_lookup_g_sets[1].gen_scm.i_tag_CG_CELL_WORD_ITER[26].CG_Inst_clk_en,clock,2
gen_tiles[14].i_tile_gen_caches[0].i_snitch_icache_i_lookup_g_sets[1].gen_scm.i_tag_CG_CELL_WORD_ITER[27].CG_Inst_clk_en,clock,2
gen_tiles[14].i_tile_gen_caches[0].i_snitch_icache_i_lookup_g_sets[1].gen_scm.i_tag_CG_CELL_WORD_ITER[28].CG_Inst_clk_en,clock,2
gen_tiles[14].i_tile_gen_caches[0].i_snitch_icache_i_lookup_g_sets[1].gen_scm.i_tag_CG_CELL_WORD_ITER[29].CG_Inst_clk_en,clock,2
gen_tiles[14].i_tile_gen_caches[0].i_snitch_icache_i_lookup_g_sets[1].gen_scm.i_tag_CG_CELL_WORD_ITER[30].CG_Inst_clk_en,clock,2
gen_tiles[14].i_tile_gen_caches[0].i_snitch_icache_i_lookup_g_sets[1].gen_scm.i_tag_CG_CELL_WORD_ITER[31].CG_Inst_clk_en,clock,2
gen_tiles[14].i_tile_gen_caches[0].i_snitch_icache_i_lookup_g_sets[1].gen_scm.i_tag_CG_WE_GLOBAL_clk_en,clock,2
gen_tiles[15].i_tile_gen_caches[0].i_snitch_icache_gen_prefetcher[0].i_snitch_icache_l0_gen_array[0].gen_latch.i_clk_gate_clk_en,clock,2
gen_tiles[15].i_tile_gen_caches[0].i_snitch_icache_gen_prefetcher[0].i_snitch_icache_l0_gen_array[1].gen_latch.i_clk_gate_clk_en,clock,2
gen_tiles[15].i_tile_gen_caches[0].i_snitch_icache_gen_prefetcher[0].i_snitch_icache_l0_gen_array[2].gen_latch.i_clk_gate_clk_en,clock,2
gen_tiles[15].i_tile_gen_caches[0].i_snitch_icache_gen_prefetcher[0].i_snitch_icache_l0_gen_array[3].gen_latch.i_clk_gate_clk_en,clock,2
gen_tiles[15].i_tile_gen_caches[0].i_snitch_icache_gen_prefetcher[1].i_snitch_icache_l0_gen_array[0].gen_latch.i_clk_gate_clk_en,clock,2
gen_tiles[15].i_tile_gen_caches[0].i_snitch_icache_gen_prefetcher[1].i_snitch_icache_l0_gen_array[1].gen_latch.i_clk_gate_clk_en,clock,2
gen_tiles[15].i_tile_gen_caches[0].i_snitch_icache_gen_prefetcher[1].i_snitch_icache_l0_gen_array[2].gen_latch.i_clk_gate_clk_en,clock,2
gen_tiles[15].i_tile_gen_caches[0].i_snitch_icache_gen_prefetcher[1].i_snitch_icache_l0_gen_array[3].gen_latch.i_clk_gate_clk_en,clock,2
gen_tiles[15].i_tile_gen_caches[0].i_snitch_icache_gen_prefetcher[2].i_snitch_icache_l0_gen_array[0].gen_latch.i_clk_gate_clk_en,clock,2
gen_tiles[15].i_tile_gen_caches[0].i_snitch_icache_gen_prefetcher[2].i_snitch_icache_l0_gen_array[1].gen_latch.i_clk_gate_clk_en,clock,2
gen_tiles[15].i_tile_gen_caches[0].i_snitch_icache_gen_prefetcher[2].i_snitch_icache_l0_gen_array[2].gen_latch.i_clk_gate_clk_en,clock,2
gen_tiles[15].i_tile_gen_caches[0].i_snitch_icache_gen_pr