full_name,ref_name,degree
FE_DBTC130_priv_lvl_0,INV_X1,2
FE_DBTC129_icache_areq_cache_ex_37,INV_X1,2
FE_DBTC128_icache_areq_cache_ex_36,INV_X1,2
FE_DBTC127_icache_areq_cache_ex_34,INV_X1,2
FE_DBTC126_issue_entry_id_issue_282,INV_X2,2
FE_DBTC125_issue_entry_id_issue_281,INV_X1,2
FE_DBTC124_issue_entry_id_issue_280,INV_X2,2
FE_DBTC123_issue_entry_id_issue_279,INV_X1,2
FE_DBTC122_issue_entry_id_issue_276,INV_X2,2
FE_DBTC121_issue_entry_id_issue_275,INV_X2,2
FE_DBTC120_issue_entry_id_issue_274,INV_X1,2
FE_DBTC119_issue_entry_id_issue_273,INV_X1,2
FE_DBTC118_issue_entry_id_issue_272,INV_X1,2
FE_DBTC117_issue_entry_id_issue_270,INV_X1,2
FE_DBTC116_issue_entry_id_issue_269,INV_X1,2
FE_DBTC115_issue_entry_id_issue_268,INV_X1,2
FE_DBTC114_issue_entry_id_issue_267,INV_X1,2
FE_DBTC113_issue_entry_id_issue_266,INV_X1,2
FE_DBTC112_issue_entry_id_issue_232,INV_X1,2
FE_DBTC111_issue_entry_id_issue_231,INV_X1,2
FE_DBTC110_issue_entry_id_issue_230,INV_X1,2
FE_DBTC109_issue_entry_id_issue_229,INV_X1,2
FE_DBTC108_issue_entry_id_issue_228,INV_X1,2
FE_DBTC107_issue_entry_id_issue_227,INV_X1,2
FE_DBTC106_issue_entry_id_issue_226,INV_X1,2
FE_DBTC105_issue_entry_id_issue_225,INV_X1,2
FE_DBTC104_issue_entry_id_issue_224,INV_X1,2
FE_DBTC103_issue_entry_id_issue_223,INV_X1,2
FE_DBTC102_issue_entry_id_issue_222,INV_X1,2
FE_DBTC101_issue_entry_id_issue_221,INV_X1,2
FE_DBTC100_issue_entry_id_issue_220,INV_X1,2
FE_DBTC99_issue_entry_id_issue_219,INV_X1,2
FE_DBTC98_issue_entry_id_issue_218,INV_X1,2
FE_DBTC97_issue_entry_id_issue_217,INV_X1,2
FE_DBTC96_issue_entry_id_issue_216,INV_X1,2
FE_DBTC95_issue_entry_id_issue_215,INV_X1,2
FE_DBTC94_issue_entry_id_issue_214,INV_X1,2
FE_DBTC93_issue_entry_id_issue_213,INV_X1,2
FE_DBTC92_issue_entry_id_issue_212,INV_X1,2
FE_DBTC91_issue_entry_id_issue_211,INV_X1,2
FE_DBTC90_issue_entry_id_issue_210,INV_X1,2
FE_DBTC89_issue_entry_id_issue_209,INV_X1,2
FE_DBTC88_issue_entry_id_issue_208,INV_X1,2
FE_DBTC87_issue_entry_id_issue_207,INV_X1,2
FE_DBTC86_issue_entry_id_issue_206,INV_X1,2
FE_DBTC85_issue_entry_id_issue_205,INV_X1,2
FE_DBTC84_issue_entry_id_issue_204,INV_X1,2
FE_DBTC83_issue_entry_id_issue_203,INV_X1,2
FE_DBTC82_issue_entry_id_issue_202,INV_X1,2
FE_DBTC81_resolved_branch_7,INV_X1,2
FE_DBTC80_resolved_branch_6,INV_X1,2
FE_DBTC79_asid_csr_ex_0,INV_X1,2
FE_DBTC78_fu_data_id_ex_195,INV_X1,2
FE_DBTC77_ex_stage_i_n_13092,INV_X8,2
FE_DBTC76_flu_trans_id_ex_id_2,INV_X1,2
FE_DBTC75_flu_trans_id_ex_id_1,INV_X2,2
FE_DBTC74_store_exception_ex_id_68,INV_X1,2
FE_DBTC73_store_exception_ex_id_0,INV_X1,2
FE_DBTC72_amo_valid_commit,INV_X1,2
FE_DBTC71_n_412,INV_X1,2
FE_DBTC70_ex_stage_i_n_12230,INV_X1,2
FE_DBTC69_ex_stage_i_alu_i_add_144742_84_n_3,INV_X1,2
FE_DBTC68_ex_stage_i_alu_i_add_144742_84_n_606,INV_X1,2
FE_DBTC67_ex_stage_i_n_13638,INV_X4,2
FE_DBTC66_ex_stage_i_n_13639,INV_X4,2
FE_DBTC65_ex_stage_i_n_13640,INV_X4,2
FE_DBTC64_ex_stage_i_n_13641,INV_X2,2
FE_DBTC63_ex_stage_i_n_13643,INV_X2,2
FE_DBTC62_ex_stage_i_n_13677,INV_X1,2
FE_DBTC61_ex_stage_i_i_mult_i_multiplier_mul_146979_371_n_9761,INV_X1,2
FE_DBTC60_ex_stage_i_n_12975,INV_X4,2
FE_DBTC59_ex_stage_i_n_846,INV_X2,2
FE_DBTC58_ex_stage_i_n_847,INV_X2,2
FE_DBTC57_ex_stage_i_n_2574,INV_X4,2
FE_DBTC56_ex_stage_i_n_977,INV_X1,2
FE_DBTC55_n_24934,INV_X1,2
FE_DBTC54_flush_ctrl_id,INV_X1,2
FE_DBTC53_ex_stage_i_n_5722,INV_X1,2
FE_DBTC52_ex_stage_i_n_5742,INV_X1,2
FE_DBTC51_ex_stage_i_n_13156,INV_X4,2
FE_DBTC50_flush_ctrl_if,INV_X1,2
FE_DBTC49_id_stage_i_n_21,INV_X1,2
FE_DBTC48_issue_stage_i_i_scoreboard_n_4,INV_X1,2
FE_DBTC47_issue_stage_i_i_scoreboard_n_16,INV_X1,2
FE_DBTC46_issue_stage_i_i_scoreboard_n_1150,INV_X1,2
FE_DBTC45_issue_stage_i_i_scoreboard_n_6856,INV_X1,2
FE_DBTC44_issue_stage_i_i_scoreboard_n_8879,INV_X2,2
FE_DBTC43_n_29069,INV_X1,2
FE_DBTC42_n_29082,INV_X1,2
FE_DBTC41_n_29078,INV_X1,2
FE_DBTC40_n_29080,INV_X1,2
FE_DBTC39_n_29075,INV_X1,2
FE_DBTC38_n_29070,INV_X1,2
FE_DBTC37_n_29073,INV_X1,2
FE_DBTC36_n_29067,INV_X1,2
FE_DBTC35_n_29071,INV_X1,2
FE_DBTC34_n_29074,INV_X1,2
FE_DBTC33_n_29081,INV_X1,2
FE_DBTC32_n_29077,INV_X1,2
FE_DBTC31_n_545,INV_X2,2
FE_DBTC30_n_556,INV_X2,2
FE_DBTC29_n_563,INV_X2,2
FE_DBTC28_n_571,INV_X4,2
FE_DBTC27_n_18520,INV_X1,2
FE_DBTC26_n_18411,INV_X1,2
FE_DBTC25_n_18422,INV_X2,2
FE_DBTC24_n_18397,INV_X1,2
FE_DBTC23_n_18453,INV_X1,2
FE_DBTC22_n_18506,INV_X1,2
FE_DBTC21_n_24752,INV_X1,2
FE_DBTC20_n_18430,INV_X1,2
FE_DBTC19_n_18368,INV_X1,2
FE_DBTC18_n_18508,INV_X2,2
FE_DBTC17_n_18468,INV_X1,2
FE_DBTC16_n_18389,INV_X2,2
FE_DBTC15_n_18434,INV_X1,2
FE_DBTC14_n_28959,INV_X1,2
FE_DBTC13_n_18491,INV_X2,2
FE_DBTC12_n_10510,INV_X1,2
FE_DBTC11_n_18415,INV_X1,2
FE_DBTC10_n_18465,INV_X2,2
FE_DBTC9_n_18370,INV_X2,2
FE_DBTC8_n_18374,INV_X1,2
FE_DBTC7_n_18386,INV_X2,2
FE_DBTC6_n_18393,INV_X1,2
FE_DBTC5_n_18440,INV_X2,2
FE_DBTC4_n_18449,INV_X2,2
FE_DBTC3_n_29006,INV_X2,2
FE_DBTC2_n_18518,INV_X2,2
FE_DBTC1_n_28898,INV_X2,2
FE_DBTC0_n_25719,INV_X1,2
i_cache_subsystem_i_icache_sram_block_0__data_sram_genblk1_0__i_ram_macro_mem_0,fakeram45_256x16,44
i_cache_subsystem_i_icache_sram_block_0__data_sram_genblk1_0__i_ram_macro_mem_1,fakeram45_256x16,44
i_cache_subsystem_i_icache_sram_block_0__data_sram_genblk1_0__i_ram_macro_mem_2,fakeram45_256x16,44
i_cache_subsystem_i_icache_sram_block_0__data_sram_genblk1_0__i_ram_macro_mem_3,fakeram45_256x16,44
i_cache_subsystem_i_icache_sram_block_0__data_sram_genblk1_1__i_ram_macro_mem_0,fakeram45_256x16,44
i_cache_subsystem_i_icache_sram_block_0__data_sram_genblk1_1__i_ram_macro_mem_1,fakeram45_256x16,44
i_cache_subsystem_i_icache_sram_block_0__data_sram_genblk1_1__i_ram_macro_mem_2,fakeram45_256x16,44
i_cache_subsystem_i_icache_sram_block_0__data_sram_genblk1_1__i_ram_macro_mem_3,fakeram45_256x16,44
i_cache_subsystem_i_icache_sram_block_0__tag_sram_genblk1_0__i_ram_macro_mem_0,fakeram45_256x16,44
i_cache_subsystem_i_icache_sram_block_0__tag_sram_genblk1_0__i_ram_macro_mem_1,fakeram45_256x16,44
i_cache_subsystem_i_icache_sram_block_0__tag_sram_genblk1_0__i_ram_macro_mem_2,fakeram45_256x16,42
i_cache_subsystem_i_icache_sram_block_1__data_sram_genblk1_0__i_ram_macro_mem_0,fakeram45_256x16,44
i_cache_subsystem_i_icache_sram_block_1__data_sram_genblk1_0__i_ram_macro_mem_1,fakeram45_256x16,44
i_cache_subsystem_i_icache_sram_block_1__data_sram_genblk1_0__i_ram_macro_mem_2,fakeram45_256x16,44
i_cache_subsystem_i_icache_sram_block_1__data_sram_genblk1_0__i_ram_macro_mem_3,fakeram45_256x16,44
i_cache_subsystem_i_icache_sram_block_1__data_sram_genblk1_1__i_ram_macro_mem_0,fakeram45_256x16,44
i_cache_subsystem_i_icache_sram_block_1__data_sram_genblk1_1__i_ram_macro_mem_1,fakeram45_256x16,44
i_cache_subsystem_i_icache_sram_block_1__data_sram_genblk1_1__i_ram_macro_mem_2,fakeram45_256x16,44
i_cache_subsystem_i_icache_sram_block_1__data_sram_genblk1_1__i_ram_macro_mem_3,fakeram45_256x16,44
i_cache_subsystem_i_icache_sram_block_1__tag_sram_genblk1_0__i_ram_macro_mem_0,fakeram45_256x16,44
i_cache_subsystem_i_icache_sram_block_1__tag_sram_genblk1_0__i_ram_macro_mem_1,fakeram45_256x16,44
i_cache_subsystem_i_icache_sram_block_1__tag_sram_genblk1_0__i_ram_macro_mem_2,fakeram45_256x16,42
i_cache_subsystem_i_icache_sram_block_2__data_sram_genblk1_0__i_ram_macro_mem_0,fakeram45_256x16,44
i_cache_subsystem_i_icache_sram_block_2__data_sram_genblk1_0__i_ram_macro_mem_1,fakeram45_256x16,44
i_cache_subsystem_i_icache_sram_block_2__data_sram_genblk1_0__i_ram_macro_mem_2,fakeram45_256x16,44
i_cache_subsystem_i_icache_sram_block_2__data_sram_genblk1_0__i_ram_macro_mem_3,fakeram45_256x16,44
i_cache_subsystem_i_icache_sram_block_2__data_sram_genblk1_1__i_ram_macro_mem_0,fakeram45_256x16,44
i_cache_subsystem_i_icache_sram_block_2__data_sram_genblk1_1__i_ram_macro_mem_1,fakeram45_256x16,44
i_cache_subsystem_i_icache_sram_block_2__data_sram_genblk1_1__i_ram_macro_mem_2,fakeram45_256x16,44
i_cache_subsystem_i_icache_sram_block_2__data_sram_genblk1_1__i_ram_macro_mem_3,fakeram45_256x16,44
i_cache_subsystem_i_icache_sram_block_2__tag_sram_genblk1_0__i_ram_macro_mem_0,fakeram45_256x16,44
i_cache_subsystem_i_icache_sram_block_2__tag_sram_genblk1_0__i_ram_macro_mem_1,fakeram45_256x16,44
i_cache_subsystem_i_icache_sram_block_2__tag_sram_genblk1_0__i_ram_macro_mem_2,fakeram45_256x16,42
i_cache_subsystem_i_icache_sram_block_3__data_sram_genblk1_0__i_ram_macro_mem_0,fakeram45_256x16,44
i_cache_subsystem_i_icache_sram_block_3__data_sram_genblk1_0__i_ram_macro_mem_1,fakeram45_256x16,44
i_cache_subsystem_i_icache_sram_block_3__data_sram_genblk1_0__i_ram_macro_mem_2,fakeram45_256x16,44
i_cache_subsystem_i_icache_sram_block_3__data_sram_genblk1_0__i_ram_macro_mem_3,fakeram45_256x16,44
i_cache_subsystem_i_icache_sram_block_3__data_sram_genblk1_1__i_ram_macro_mem_0,fakeram45_256x16,44
i_cache_subsystem_i_icache_sram_block_3__data_sram_genblk1_1__i_ram_macro_mem_1,fakeram45_256x16,44
i_cache_subsystem_i_icache_sram_block_3__data_sram_genblk1_1__i_ram_macro_mem_2,fakeram45_256x16,44
i_cache_subsystem_i_icache_sram_block_3__data_sram_genblk1_1__i_ram_macro_mem_3,fakeram45_256x16,44
i_cache_subsystem_i_icache_sram_block_3__tag_sram_genblk1_0__i_ram_macro_mem_0,fakeram45_256x16,44
i_cache_subsystem_i_icache_sram_block_3__tag_sram_genblk1_0__i_ram_macro_mem_1,fakeram45_256x16,44
i_cache_subsystem_i_icache_sram_block_3__tag_sram_genblk1_0__i_ram_macro_mem_2,fakeram45_256x16,42
g1252,INV_X4,2
g1251,INV_X4,2
g1250,INV_X4,2
g1247,INV_X4,2
g1249,INV_X4,2
g1248,INV_X4,2
g1244,INV_X1,2
g1246,INV_X4,2
g1253,INV_X4,2
g1254,INV_X4,2
g1257,INV_X4,2
g1258,INV_X4,2
g1259,INV_X4,2
g1260,INV_X4,2
g1261,INV_X4,2
g1265,INV_X4,2
g1264,INV_X4,2
g1263,INV_X4,2
g1267,INV_X4,2
g1266,INV_X4,2
g1268,INV_X4,2
g1269,INV_X4,2
g1270,INV_X4,2
g1271,INV_X4,2
g1272,INV_X4,2
g1273,INV_X4,2
g1274,INV_X4,2
g1275,INV_X4,2
g1276,INV_X4,2
g1277,INV_X4,2
g1280,INV_X4,2
g1281,INV_X4,2
g1282,INV_X4,2
g1283,INV_X4,2
g1285,INV_X4,2
g1286,INV_X4,2
g1289,INV_X4,2
g1290,INV_X4,2
g1292,INV_X4,2
g1293,INV_X4,2
g1297,INV_X4,2
g1299,INV_X4,2
g1298,INV_X4,2
g1262,INV_X4,2
g1296,INV_X4,2
g1294,INV_X4,2
g1295,INV_X4,2
g1301,INV_X4,2
g1302,INV_X4,2
g1304,INV_X4,2
g1305,INV_X4,2
g1306,INV_X4,2
g1307,INV_X4,2
g1309,INV_X1,2
g1243,INV_X1,2
g1314,INV_X4,2
g1315,INV_X4,2
g1313,INV_X1,2
g1321,INV_X1,2
g1381,INV_X1,2
g1335,INV_X1,2
g1388,INV_X1,2
g1382,INV_X1,2
g1373,INV_X1,2
g1383,INV_X1,2
g1384,INV_X1,2
g1371,INV_X1,2
g1385,INV_X1,2
g1327,INV_X1,2
g1367,INV_X1,2
g1316,INV_X2,2
g1326,INV_X1,2
g1334,INV_X1,2
g1333,INV_X1,2
g1369,INV_X1,2
g1390,INV_X1,2
g1366,INV_X1,2
g1340,INV_X1,2
g1328,INV_X1,2
g1329,INV_X1,2
g1330,INV_X1,2
g1391,INV_X1,2
g1332,INV_X1,2
g1331,INV_X1,2
g1336,INV_X1,2
g1341,INV_X1,2
g1344,INV_X1,2
g1339,INV_X1,2
g1347,INV_X1,2
g1362,INV_X1,2
g1350,INV_X1,2
g1343,INV_X1,2
g1351,INV_X1,2
g1353,INV_X1,2
g1354,INV_X1,2
g1348,INV_X1,2
g1345,INV_X1,2
g1386,INV_X1,2
g1355,INV_X1,2
g1346,INV_X1,2
g1356,INV_X1,2
g1357,INV_X1,2
g1349,INV_X1,2
g1358,INV_X1,2
g1342,INV_X1,2
g1359,INV_X1,2
g1352,INV_X1,2
g1360,INV_X1,2
g1364,INV_X1,2
g1361,INV_X1,2
g1365,INV_X1,2
g1387,INV_X1,2
g1338,INV_X1,2
g1374,INV_X1,2
g1380,INV_X1,2
g1379,INV_X1,2
g1377,INV_X1,2
g1368,INV_X1,2
g1375,INV_X1,2
g1370,INV_X1,2
g1372,INV_X1,2
g1378,INV_X1,2
g1337,INV_X1,2
g1376,INV_X1,2
g1389,INV_X1,2
g1211,AND2_X1,3
g1213,AOI21_X1,4
g1214,OR2_X1,3
g1215,OR2_X2,3
i_frontend_addr_1__2__reg,DFFR_X1,5
i_frontend_addr_1__3__reg,DFFR_X1,5
i_frontend_addr_1__12__reg,DFFR_X1,5
i_frontend_addr_1__13__reg,DFFR_X1,5
i_frontend_addr_1__14__reg,DFFR_X1,5
i_frontend_addr_1__15__reg,DFFR_X1,5
i_frontend_addr_1__16__reg,DFFR_X1,5
i_frontend_addr_1__17__reg,DFFR_X1,5
i_frontend_addr_1__18__reg,DFFR_X1,5
i_frontend_addr_1__19__reg,DFFR_X1,5
i_frontend_addr_1__20__reg,DFFR_X1,5
i_frontend_addr_1__21__reg,DFFR_X1,5
i_frontend_addr_1__22__reg,DFFR_X1,5
i_frontend_addr_1__23__reg,DFFR_X1,5
i_frontend_addr_1__24__reg,DFFR_X1,5
i_frontend_addr_1__25__reg,DFFR_X1,5
i_frontend_addr_1__26__reg,DFFR_X1,5
i_frontend_addr_1__27__reg,DFFR_X1,5
i_frontend_addr_1__28__reg,DFFR_X1,5
i_frontend_addr_1__29__reg,DFFR_X1,5
i_frontend_addr_1__30__reg,DFFR_X1,5
i_frontend_addr_1__31__reg,DFFR_X1,5
i_frontend_addr_1__32__reg,DFFR_X1,5
i_frontend_addr_1__33__reg,DFFR_X1,5
i_frontend_addr_1__34__reg,DFFR_X1,5
i_frontend_addr_1__35__reg,DFFR_X1,5
i_frontend_addr_1__36__reg,DFFR_X1,5
i_frontend_addr_1__37__reg,DFFR_X1,5
i_frontend_addr_1__38__reg,DFFR_X1,5
i_frontend_addr_1__39__reg,DFFR_X1,5
i_frontend_addr_1__40__reg,DFFR_X1,5
i_frontend_addr_1__41__reg,DFFR_X1,5
i_frontend_addr_1__42__reg,DFFR_X1,5
i_frontend_addr_1__43__reg,DFFR_X1,5
i_frontend_addr_1__44__reg,DFFR_X1,5
i_frontend_addr_1__45__reg,DFFR_X1,5
i_frontend_addr_1__46__reg,DFFR_X1,5
i_frontend_addr_1__47__reg,DFFR_X1,5
i_frontend_addr_1__48__reg,DFFR_X1,5
i_frontend_addr_1__49__reg,DFFR_X1,5
i_frontend_addr_1__50__reg,DFFR_X1,5
i_frontend_addr_1__51__reg,DFFR_X1,5
i_frontend_addr_1__52__reg,DFFR_X1,5
i_frontend_addr_1__53__reg,DFFR_X1,5
i_frontend_addr_1__54__reg,DFFR_X1,5
i_frontend_addr_1__55__reg,DFFR_X1,5
i_frontend_addr_1__56__reg,DFFR_X1,5
i_frontend_addr_1__59__reg,DFFR_X1,5
i_frontend_icache_data_q_reg[18],DFFR_X1,5
i_frontend_icache_data_q_reg[19],DFFR_X1,5
i_frontend_icache_data_q_reg[20],DFFR_X1,5
i_frontend_icache_data_q_reg[22],DFFR_X1,5
i_frontend_icache_data_q_reg[23],DFFR_X1,5
i_frontend_icache_data_q_reg[24],DFFR_X1,5
i_frontend_icache_data_q_reg[26],DFFR_X1,5
i_frontend_icache_data_q_reg[27],DFFR_X1,5
i_frontend_icache_data_q_reg[28],DFFR_X1,5
i_frontend_icache_data_q_reg[30],DFFR_X1,5
g8647,OAI21_X1,4
g8648,OAI21_X1,4
g8649,OAI21_X1,4
g8650,NAND2_X1,3
g8651,NOR2_X1,3
g8652,NOR2_X1,3
g8654,NAND4_X1,5
g8655,NAND4_X1,5
g8656,NAND4_X1,5
g8657,AOI22_X1,5
g8658,AOI22_X1,5
g8659,AND2_X1,3
g8660,AND2_X1,3
g8661,AND2_X1,3
g8662,AND2_X1,3
g8663,AND2_X4,3
g8677,NAND4_X1,5
g8678,NAND4_X1,5
g8679,NAND4_X1,5
g8680,NAND4_X1,5
g8681,NAND4_X1,5
g8682,NAND4_X1,5
g8683,NAND4_X1,5
g8684,NAND4_X1,5
g8685,NAND4_X1,5
g8686,NAND4_X1,5
g8687,AOI221_X1,6
g8688,AOI221_X1,6
g8689,AOI221_X1,6
g8690,AOI221_X1,6
g8691,AOI221_X1,6
g8692,AOI221_X1,6
g8693,AOI221_X1,6
g8694,AOI221_X1,6
g8695,AOI221_X1,6
g8696,AOI221_X1,6
g8697,AND4_X1,5
g8698,AND4_X1,5
g8699,AND4_X1,5
g8700,AND4_X1,5
g8701,AND4_X1,5
g8702,AND4_X1,5
g8703,AND4_X1,5
g8704,AND4_X1,5
g8705,AND4_X1,5
g8706,AND4_X1,5
g8707,INV_X1,2
g8708,INV_X1,2
g8709,INV_X1,2
g8710,INV_X1,2
g8711,INV_X1,2
g8712,AOI22_X1,5
g8713,AOI22_X1,5
g8714,AOI22_X1,5
g8715,AOI22_X1,5
g8716,AOI22_X1,5
g8717,INV_X1,2
g8718,INV_X1,2
g8719,INV_X1,2
g8720,INV_X1,2
g8721,INV_X1,2
g8722,AOI22_X1,5
g8723,AOI22_X1,5
g8724,AOI22_X1,5
g8725,AOI22_X1,5
g8726,AOI22_X1,5
g8727,AOI22_X1,5
g8728,AOI22_X1,5
g8729,AOI22_X1,5
g8730,AOI22_X1,5
g8731,AOI22_X1,5
g8732,AOI22_X1,5
g8733,AOI22_X1,5
g8734,AOI22_X1,5
g8735,AOI22_X1,5
g8736,AOI22_X1,5
g8737,AOI22_X1,5
g8738,AOI22_X1,5
g8739,AOI22_X1,5
g8740,AOI22_X1,5
g8741,AOI22_X1,5
g8742,AOI22_X1,5
g8743,AOI22_X1,5
g8744,AOI22_X1,5
g8745,AOI22_X1,5
g8746,AOI22_X1,5
g8747,AOI22_X1,5
g8748,AOI22_X1,5
g8749,AOI22_X1,5
g8750,AOI22_X1,5
g8751,AOI22_X1,5
g8752,AOI22_X1,5
g8753,AOI22_X1,5
g8754,AOI22_X1,5
g8755,AOI22_X1,5
g8756,AOI22_X1,5
g8757,AOI22_X1,5
g8758,AOI22_X1,5
g8759,AOI22_X1,5
g8760,AOI22_X1,5
g8761,AOI22_X1,5
g8762,AOI22_X1,5
g8763,AOI22_X1,5
g8764,AOI22_X1,5
g8765,AOI22_X1,5
g8766,AOI22_X1,5
g8767,AOI22_X1,5
g8768,AOI22_X1,5
g8769,AOI22_X1,5
g8770,AOI22_X1,5
g8771,AOI22_X1,5
g8772,AOI22_X1,5
g8773,AOI22_X1,5
g8774,AOI22_X1,5
g8775,AOI22_X1,5
g8776,AOI22_X1,5
g8777,AOI22_X1,5
g8778,AOI22_X1,5
g8779,AOI22_X1,5
g8780,AOI22_X1,5
g8781,AOI22_X1,5
g8782,AOI22_X1,5
g8783,AOI22_X1,5
g8784,AOI22_X1,5
g8785,AOI22_X1,5
g8786,AOI22_X1,5
g8789,NOR2_X1,3
g8790,NAND2_X1,3
g8793,NAND2_X1,3
g8794,NAND2_X1,3
g8801,NOR2_X1,3
g8802,NAND2_X1,3
g8803,NOR2_X1,3
g8804,NAND2_X1,3
g8805,NAND2_X1,3
g8806,NOR2_X1,3
g8815,NAND2_X1,3
g8816,NAND2_X1,3
g8817,NAND2_X1,3
g8818,NAND2_X1,3
g8819,NAND2_X1,3
g8820,NAND2_X1,3
g8822,NAND4_X1,5
g8828,OR4_X2,5
g8829,OR4_X2,5
g8830,OR4_X2,5
g8831,OAI211_X1,5
g8832,OR3_X1,4
g8833,NAND4_X1,5
g8834,OR4_X2,5
g8835,NOR4_X1,5
g8836,NAND4_X1,5
g8837,NAND4_X1,5
g8838,OAI211_X1,5
g8839,NAND4_X1,5
g8840,NAND4_X1,5
g8841,NOR4_X1,5
g8842,OR4_X1,5
g8843,OR4_X1,5
g8844,NAND4_X1,5
g8845,OR4_X1,5
g8846,NAND4_X1,5
g8847,NAND4_X1,5
g8848,OR3_X1,4
g8849,NOR4_X1,5
g8850,NAND4_X1,5
g8851,NAND4_X1,5
g8852,OAI211_X1,5
g8853,OAI211_X1,5
g8854,NOR4_X1,5
g8855,NAND4_X1,5
g8856,NAND4_X1,5
g8857,NAND4_X1,5
g8858,NAND4_X1,5
g8859,NAND4_X1,5
g8860,NAND4_X1,5
g8861,INV_X1,2
g8862,AOI211_X1,5
g8863,OAI221_X1,6
g8864,NAND3_X1,4
g8865,AOI211_X1,5
g8866,OR4_X2,5
g8867,OAI211_X1,5
g8868,OAI211_X1,5
g8869,NAND3_X1,4
g8870,NAND3_X1,4
g8871,NOR3_X1,4
g8872,AOI211_X1,5
g8873,NOR3_X1,4
g8874,AOI221_X1,6
g8875,OAI211_X1,5
g8876,NOR3_X1,4
g8877,NAND3_X1,4
g8878,NAND4_X1,5
g8879,NAND3_X1,4
g8880,AOI211_X1,5
g8881,NAND2_X1,3
g8882,NOR2_X1,3
g8883,NOR2_X1,3
g8884,AOI221_X1,6
g8885,NAND2_X1,3
g8886,AOI221_X1,6
g8887,AOI221_X1,6
g8888,OAI221_X1,6
g8889,AOI221_X1,6
g8890,OAI211_X1,5
g8891,AOI221_X1,6
g8892,AOI211_X1,5
g8893,AOI221_X1,6
g8894,AOI211_X1,5
g8895,AOI221_X1,6
g8896,OAI211_X1,5
g8897,NAND2_X1,3
g8898,OAI221_X1,6
g8899,AOI221_X1,6
g8900,OAI211_X1,5
g8901,OAI221_X1,6
g8902,AOI211_X1,5
g8903,AOI221_X1,6
g8904,AOI221_X1,6
g8905,AOI211_X1,5
g8906,AOI221_X1,6
g8907,AOI211_X1,5
g8908,OAI221_X1,6
g8909,AOI211_X1,5
g8910,AOI211_X1,5
g8911,OAI221_X1,6
g8912,AOI211_X1,5
g8913,AOI221_X1,6
g8914,AOI221_X1,6
g8915,AOI221_X1,6
g8916,AOI211_X1,5
g8917,OAI221_X1,6
g8918,AOI221_X1,6
g8919,OAI221_X1,6
g8920,OAI221_X1,6
g8921,OAI211_X1,5
g8922,INV_X1,2
g8923,INV_X1,2
g8924,INV_X1,2
g8925,XNOR2_X1,3
g8926,OAI22_X1,5
g8927,OAI22_X1,5
g8928,OAI22_X1,5
g8929,AOI22_X1,5
g8930,OAI22_X1,5
g8931,OAI22_X1,5
g8932,AOI22_X1,5
g8933,OAI22_X1,5
g8934,OAI22_X1,5
g8935,AOI22_X1,5
g8936,OAI22_X1,5
g8937,OAI22_X1,5
g8938,AOI22_X1,5
g8939,AOI22_X1,5
g8940,OAI22_X1,5
g8941,OAI22_X1,5
g8942,AOI22_X1,5
g8943,AOI22_X1,5
g8944,OAI22_X1,5
g8945,OAI22_X1,5
g8946,AOI22_X1,5
g8947,OAI22_X1,5
g8948,AOI22_X1,5
g8949,AOI22_X1,5
g8950,OAI22_X1,5
g8951,AOI22_X1,5
g8952,AOI22_X1,5
g8953,OAI22_X1,5
g8954,OAI22_X1,5
g8955,OAI22_X1,5
g8956,AOI22_X1,5
g8957,XNOR2_X1,3
g8958,XOR2_X1,3
g8959,XNOR2_X1,3
g8960,XOR2_X1,3
g8961,OAI22_X1,5
g8962,XOR2_X1,3
g8963,XOR2_X1,3
g8964,XNOR2_X1,3
g8965,XOR2_X1,3
g8966,XOR2_X1,3
g8967,XOR2_X1,3
g8968,XOR2_X1,3
g8969,XOR2_X1,3
g8970,XNOR2_X1,3
g8971,XOR2_X1,3
g8972,XOR2_X1,3
g8973,XOR2_X1,3
g8974,XOR2_X1,3
g8975,XOR2_X1,3
g8976,XOR2_X1,3
g8977,XNOR2_X1,3
g8978,XNOR2_X1,3
g8979,XOR2_X1,3
g8980,XOR2_X1,3
g8981,XOR2_X1,3
g8982,XOR2_X1,3
g8983,XNOR2_X1,3
g8984,XNOR2_X1,3
g8985,XNOR2_X1,3
g8986,XOR2_X1,3
g8987,XOR2_X1,3
g8988,INV_X1,2
g8989,XOR2_X1,3
g8990,XNOR2_X1,3
g8991,XNOR2_X1,3
g8992,XNOR2_X1,3
g8993,XNOR2_X1,3
g8994,XNOR2_X1,3
g8995,XNOR2_X1,3
g8996,XNOR2_X1,3
g8997,XOR2_X1,3
g8998,XOR2_X1,3
g8999,XOR2_X1,3
g9000,XOR2_X1,3
g9001,XOR2_X1,3
g9002,XOR2_X1,3
g9003,XOR2_X1,3
g9004,XOR2_X1,3
g9005,XOR2_X1,3
g9006,XOR2_X1,3
g9007,XOR2_X1,3
g9008,XOR2_X1,3
g9009,XOR2_X1,3
g9010,XOR2_X1,3
g9011,XOR2_X1,3
g9012,XNOR2_X1,3
g9013,XOR2_X1,3
g9015,XNOR2_X1,3
g9016,XOR2_X1,3
g9017,XOR2_X1,3
g9018,XNOR2_X1,3
g9019,XNOR2_X1,3
g9020,XNOR2_X1,3
g9021,XOR2_X1,3
g9022,XNOR2_X1,3
g9023,XOR2_X1,3
g9024,XOR2_X1,3
g9025,XOR2_X1,3
g9026,XOR2_X1,3
g9027,XNOR2_X1,3
g9028,XNOR2_X1,3
g9029,XOR2_X1,3
g9030,XOR2_X1,3
g9031,XOR2_X1,3
g9032,XNOR2_X1,3
g9033,XNOR2_X1,3
g9034,XOR2_X1,3
g9035,XOR2_X1,3
g9036,XOR2_X1,3
g9037,XOR2_X1,3
g9038,XOR2_X1,3
g9039,XNOR2_X1,3
g9040,XOR2_X1,3
g9041,XOR2_X1,3
g9042,XOR2_X1,3
g9043,XOR2_X1,3
g9044,XOR2_X1,3
g9045,XOR2_X1,3
g9046,XOR2_X1,3
g9047,XOR2_X1,3
g9048,XNOR2_X1,3
g9049,XNOR2_X1,3
g9050,XNOR2_X1,3
g9051,XOR2_X1,3
g9052,XOR2_X1,3
g9053,NAND2_X1,3
g9054,NOR2_X1,3
g9055,NAND2_X1,3
g9056,NOR2_X1,3
g9057,NOR2_X1,3
g9058,NOR2_X1,3
g9059,NAND2_X1,3
g9060,NAND2_X1,3
g9061,NAND2_X1,3
g9062,NOR2_X1,3
g9063,NAND2_X1,3
g9064,NOR2_X1,3
g9065,NOR2_X1,3
g9066,NOR2_X1,3
g9067,NOR2_X1,3
g9068,NOR2_X1,3
g9069,NAND2_X1,3
g9070,NOR2_X1,3
g9071,NOR2_X1,3
g9072,NAND2_X1,3
g9073,NOR2_X1,3
g9074,NAND2_X1,3
g9075,NOR2_X1,3
g9076,NAND2_X1,3
g9078,AOI22_X1,5
g9079,AOI22_X1,5
g9080,AOI22_X1,5
g9081,AOI22_X1,5
g9082,AOI22_X1,5
g9083,AOI22_X1,5
g9084,AOI22_X1,5
g9085,AOI22_X1,5
g9086,AOI22_X1,5
g9087,AOI22_X1,5
g9088,AOI22_X1,5
g9089,AOI22_X1,5
g9090,AOI22_X1,5
g9091,AOI22_X1,5
g9092,AOI22_X1,5
g9093,AOI22_X1,5
g9094,AOI22_X1,5
g9096,AOI22_X1,5
g9097,AOI22_X1,5
g9098,AOI22_X1,5
g9099,AOI22_X1,5
g9100,AOI22_X1,5
g9101,AOI22_X1,5
g9102,AOI22_X1,5
g9103,AOI22_X1,5
g9104,AOI22_X1,5
g9105,AOI22_X1,5
g9106,AOI22_X1,5
g9107,AOI22_X1,5
g9108,AOI22_X1,5
g9110,AOI22_X1,5
g9111,AOI22_X1,5
g9112,AOI22_X1,5
g9113,AOI22_X1,5
g9114,AOI22_X1,5
g9115,AOI22_X1,5
g9118,AOI22_X1,5
g9119,AOI22_X1,5
g9120,AOI22_X1,5
g9122,NAND3_X1,4
g9123,INV_X4,2
g9124,AND3_X2,4
g9155,NAND2_X1,3
g9176,NAND2_X1,3
g9177,NAND2_X1,3
g9178,NOR2_X1,3
g9179,NOR2_X1,3
g9180,NOR2_X1,3
g9181,NAND2_X1,3
g9182,NAND2_X1,3
fopt9209,INV_X1,2
fopt9215,INV_X1,2
fopt9223,INV_X1,2
fopt9225,INV_X1,2
g2,AOI21_X1,4
g3,AND2_X1,3
g9228,AOI21_X2,4
g9229,AND2_X1,3
g9230,AOI21_X1,4
g9231,AND2_X1,3
g9236,OR4_X2,5
g9237,AOI21_X2,4
g9238,AND2_X1,3
g9239,AOI21_X1,4
g9240,AND2_X1,3
g9245,OR4_X1,5
g9246,NOR4_X1,5
g9253,OR4_X2,5
g9254,OR4_X2,5
g1423,MUX2_X1,4
g1424,MUX2_X1,4
g1425,INV_X1,2
g1426,AOI21_X2,4
g1226,AND2_X1,3
g1227,AND2_X1,3
g1228,AND2_X1,3
g1229,AND2_X1,3
g1230,AND2_X1,3
g1231,NOR2_X1,3
g1232,NOR2_X1,3
g1233,NOR2_X1,3
g1234,NOR2_X1,3
g1235,NOR2_X2,3
g2697,INV_X1,2
g2698,INV_X1,2
g2699,INV_X1,2
g2701,AND2_X1,3
g2702,NAND2_X1,3
g2703,AND2_X1,3
g2704,NAND2_X1,3
g2705,AND2_X1,3
g2706,OAI21_X1,4
g2707,OAI21_X1,4
g2708,OAI21_X1,4
g2709,OAI21_X1,4
g2710,OAI21_X1,4
g2711,OAI21_X1,4
g2712,OAI21_X1,4
g2713,AOI22_X1,5
g2714,AOI22_X1,5
g2715,AOI22_X1,5
g2716,AOI22_X1,5
g2717,AOI22_X1,5
g2718,OR2_X1,3
g2719,AOI22_X1,5
g2720,AOI22_X1,5
g2721,AOI22_X1,5
g2722,AOI22_X1,5
g2723,AOI22_X1,5
g2724,AOI22_X1,5
g2725,INV_X1,2
g2727,INV_X1,2
g2729,INV_X1,2
g2731,MUX2_X1,4
g2732,MUX2_X1,4
g2733,MUX2_X1,4
g2734,MUX2_X1,4
g2735,MUX2_X1,4
g2736,MUX2_X1,4
g2737,MUX2_X1,4
g2738,MUX2_X1,4
g2739,MUX2_X1,4
g2740,MUX2_X1,4
g2741,MUX2_X1,4
g2742,MUX2_X1,4
g2743,MUX2_X1,4
g2744,MUX2_X1,4
g2745,MUX2_X1,4
g2746,MUX2_X1,4
g2747,MUX2_X1,4
g2748,MUX2_X1,4
g2749,MUX2_X1,4
g2750,MUX2_X1,4
g2752,MUX2_X1,4
g2753,MUX2_X1,4
g2754,MUX2_X1,4
g2755,MUX2_X1,4
g2756,MUX2_X1,4
g2757,MUX2_X1,4
g2758,MUX2_X1,4
g2759,MUX2_X1,4
g2760,MUX2_X1,4
g2761,MUX2_X1,4
g2762,MUX2_X1,4
g2763,MUX2_X1,4
g2764,MUX2_X1,4
g2765,AOI22_X1,5
g2766,AOI22_X1,5
g2768,AOI22_X1,5
g2769,OR2_X2,3
g2770,INV_X1,2
g2772,INV_X1,2
g2773,INV_X1,2
g2774,MUX2_X1,4
g2775,MUX2_X1,4
g2776,MUX2_X1,4
g2777,MUX2_X1,4
g2778,MUX2_X1,4
g2779,MUX2_X1,4
g2780,MUX2_X1,4
g2781,MUX2_X1,4
g2782,MUX2_X1,4
g2783,MUX2_X1,4
g2784,MUX2_X1,4
g2785,MUX2_X1,4
g2786,MUX2_X1,4
g2787,MUX2_X1,4
g2788,MUX2_X1,4
g2789,MUX2_X1,4
g2790,MUX2_X1,4
g2791,MUX2_X1,4
g2792,MUX2_X1,4
g2793,MUX2_X1,4
g2794,MUX2_X1,4
g2795,MUX2_X1,4
g2796,MUX2_X1,4
g2797,MUX2_X1,4
g2798,MUX2_X1,4
g2799,MUX2_X1,4
g2800,MUX2_X1,4
g2801,MUX2_X1,4
g2802,MUX2_X1,4
g2803,MUX2_X1,4
g2804,MUX2_X1,4
g2805,MUX2_X1,4
g2806,MUX2_X1,4
g2807,MUX2_X1,4
g2808,MUX2_X1,4
g2809,AOI22_X1,5
g2811,AOI22_X1,5
g2812,AOI22_X1,5
g2821,NOR2_X1,3
g2822,AND2_X1,3
g9256,NAND2_X2,3
g9257,NAND2_X1,3
g4,NAND2_X1,3
fopt2885,INV_X1,2
g2905,NAND2_X1,3
g2906,MUX2_X1,4
g9625,NAND2_X1,3
g9626,NAND2_X1,3
g9627,NAND2_X1,3
g9628,NAND2_X1,3
g9629,NAND2_X1,3
g9630,NAND2_X1,3
g9631,NAND2_X1,3
g9632,NAND2_X1,3
g9633,NAND2_X1,3
g9634,NAND2_X1,3
g9635,NAND2_X1,3
g9636,NAND2_X1,3
g9637,NAND2_X1,3
g9638,NAND2_X1,3
g9639,NAND2_X1,3
g9640,AND2_X1,3
g9641,NAND2_X1,3
g9642,NAND2_X1,3
g9643,NAND2_X1,3
g9644,NAND2_X1,3
g9645,NAND2_X1,3
g9646,NAND2_X1,3
g9647,NAND2_X1,3
g9648,NAND2_X1,3
g9649,NAND2_X1,3
g9650,NAND2_X1,3
g9651,NAND2_X1,3
g9652,NAND2_X1,3
g9653,NAND2_X1,3
g9654,NAND2_X1,3
g9655,NAND2_X1,3
g9656,NAND2_X1,3
g9657,NAND2_X1,3
g9658,NAND4_X1,5
g9659,NAND4_X1,5
g9660,NAND4_X1,5
g9661,NAND4_X1,5
g9662,NAND4_X1,5
g9663,NAND4_X1,5
g9664,NAND4_X1,5
g9665,NAND4_X1,5
g9666,NAND4_X1,5
g9667,NAND4_X1,5
g9668,NAND4_X1,5
g9669,NAND4_X1,5
g9670,NAND4_X1,5
g9671,NAND4_X1,5
g9672,NAND4_X1,5
g9673,NAND4_X1,5
g9674,NAND4_X1,5
g9675,NAND4_X1,5
g9676,NAND4_X1,5
g9677,NAND4_X1,5
g9678,NAND4_X1,5
g9679,NAND4_X1,5
g9680,NAND4_X1,5
g9681,NAND4_X1,5
g9682,NAND4_X1,5
g9683,NAND4_X1,5
g9684,NAND4_X1,5
g9685,NAND4_X1,5
g9686,NAND4_X1,5
g9687,NAND4_X1,5
g9688,NAND4_X1,5
g9689,NAND4_X1,5
g9690,NAND2_X1,3
g9691,NAND2_X1,3
g9692,NAND2_X1,3
g9693,NAND2_X1,3
g9694,NAND2_X1,3
g9695,NAND2_X1,3
g9696,NAND2_X1,3
g9697,NAND2_X1,3
g9698,NAND2_X1,3
g9699,NAND2_X1,3
g9700,NAND2_X1,3
g9701,NAND2_X1,3
g9702,NAND2_X1,3
g9703,NAND2_X1,3
g9704,NAND2_X1,3
g9705,NAND2_X1,3
g9706,NAND2_X1,3
g9707,NAND2_X1,3
g9708,NAND2_X1,3
g9709,NAND2_X1,3
g9710,NAND2_X1,3
g9711,NAND2_X1,3
g9712,NAND2_X1,3
g9713,NAND2_X1,3
g9714,NAND2_X1,3
g9715,NAND2_X1,3
g9716,NAND2_X1,3
g9717,NAND2_X1,3
g9718,NAND2_X1,3
g9719,NAND2_X1,3
g9720,NAND2_X1,3
g9721,NAND2_X2,3
g9722,OAI211_X1,5
g9723,OAI211_X1,5
g9724,OAI211_X1,5
g9725,OAI211_X1,5
g9726,OAI211_X1,5
g9727,OAI211_X1,5
g9728,OAI211_X1,5
g9729,OAI211_X1,5
g9730,OAI211_X1,5
g9731,OAI211_X1,5
g9732,OAI211_X1,5
g9733,OAI211_X1,5
g9734,OAI211_X1,5
g9735,OAI211_X1,5
g9736,OAI211_X1,5
g9737,OAI211_X1,5
g9738,NAND2_X1,3
g9739,OAI211_X1,5
g9740,OAI211_X1,5
g9741,OAI211_X1,5
g9742,OAI211_X1,5
g9743,OAI211_X1,5
g9744,OAI211_X1,5
g9745,OAI211_X1,5
g9746,OAI211_X1,5
g9747,OAI211_X1,5
g9748,OAI211_X1,5
g9749,OAI211_X1,5
g9750,OAI211_X1,5
g9751,OAI211_X1,5
g9752,OAI211_X1,5
g9753,OAI211_X1,5
g9754,AOI221_X1,6
g9755,AOI221_X1,6
g9756,AOI221_X1,6
g9757,AOI221_X1,6
g9758,AOI221_X1,6
g9759,AOI221_X1,6
g9760,AOI221_X1,6
g9761,AOI221_X1,6
g9762,AOI221_X1,6
g9763,AOI221_X1,6
g9764,AOI221_X1,6
g9765,AOI221_X1,6
g9766,AOI221_X1,6
g9767,AOI221_X1,6
g9768,AOI221_X1,6
g9769,AOI221_X1,6
g9770,AOI221_X1,6
g9771,AOI221_X1,6
g9772,AOI221_X1,6
g9773,AOI221_X1,6
g9774,AOI221_X1,6
g9775,AOI221_X1,6
g9776,AOI221_X1,6
g9777,AOI221_X1,6
g9778,AOI221_X1,6
g9779,AOI221_X1,6
g9780,AOI221_X1,6
g9781,AOI221_X1,6
g9782,AOI221_X1,6
g9783,AOI221_X1,6
g9784,AOI221_X1,6
g9785,AOI221_X1,6
g9786,NAND2_X1,3
g9787,XOR2_X1,3
g9788,NAND4_X1,5
g9789,NAND4_X1,5
g9790,NAND4_X1,5
g9791,NAND4_X1,5
g9792,NAND4_X1,5
g9793,NAND4_X1,5
g9794,NAND4_X1,5
g9795,NAND4_X1,5
g9796,NAND4_X1,5
g9797,NAND4_X1,5
g9798,NAND4_X1,5
g9799,NAND4_X1,5
g9800,NAND4_X1,5
g9801,NAND4_X1,5
g9802,NAND4_X1,5
g9803,NAND4_X1,5
g9804,NAND4_X1,5
g9805,NAND4_X1,5
g9806,NAND4_X1,5
g9807,NAND4_X1,5
g9808,NAND4_X1,5
g9809,NAND4_X1,5
g9810,NAND4_X1,5
g9811,NAND4_X1,5
g9812,NAND4_X1,5
g9813,NAND4_X1,5
g9814,NAND4_X1,5
g9815,NAND4_X1,5
g9816,NAND4_X1,5
g9817,NAND4_X1,5
g9818,NAND4_X1,5
g9819,AND2_X2,3
g9820,OAI221_X1,6
g9821,NAND2_X1,3
g9822,NAND2_X1,3
g9823,NAND2_X1,3
g9824,NAND2_X1,3
g9825,NAND2_X1,3
g9826,NAND2_X1,3
g9827,NAND2_X1,3
g9828,NAND2_X1,3
g9829,NAND2_X1,3
g9830,NAND2_X1,3
g9831,NAND2_X1,3
g9832,NAND2_X1,3
g9833,NAND2_X1,3
g9834,NAND2_X1,3
g9835,NAND2_X1,3
g9836,NAND2_X1,3
g9837,NAND2_X1,3
g9838,NAND2_X1,3
g9839,NAND2_X1,3
g9840,NAND2_X1,3
g9841,NAND2_X1,3
g9842,NAND2_X1,3
g9843,NAND2_X1,3
g9844,NAND2_X1,3
g9845,NAND2_X1,3
g9846,NAND2_X1,3
g9847,NAND2_X1,3
g9848,NAND2_X1,3
g9849,NAND2_X1,3
g9850,NAND2_X1,3
g9851,NAND2_X1,3
g9852,AOI21_X1,4
g9853,OAI221_X1,6
g9854,OAI221_X1,6
g9855,OAI221_X1,6
g9856,OAI221_X1,6
g9857,OAI221_X1,6
g9858,OAI221_X1,6
g9859,OAI221_X1,6
g9860,NAND2_X1,3
g9861,OAI221_X1,6
g9862,OAI221_X1,6
g9863,OAI221_X1,6
g9864,OAI221_X1,6
g9865,OAI221_X1,6
g9866,OAI211_X1,5
g9867,OAI211_X1,5
g9868,OAI211_X1,5
g9869,OAI211_X1,5
g9870,OAI221_X1,6
g9871,OAI221_X1,6
g9872,OAI221_X1,6
g9873,OAI221_X1,6
g9874,OAI221_X1,6
g9875,OAI221_X1,6
g9876,OAI211_X1,5
g9877,OAI211_X1,5
g9878,OAI211_X1,5
g9879,OAI211_X1,5
g9880,OAI211_X1,5
g9881,OAI211_X1,5
g9882,OAI211_X1,5
g9883,OAI221_X1,6
g9884,OAI221_X1,6
g9885,AOI22_X1,5
g9886,AOI22_X1,5
g9887,AOI22_X1,5
g9888,AOI22_X1,5
g9889,AOI22_X1,5
g9890,AOI22_X1,5
g9891,AOI22_X1,5
g9892,AOI22_X1,5
g9893,AOI22_X1,5
g9894,AOI22_X1,5
g9895,AOI22_X1,5
g9896,AOI22_X1,5
g9897,AOI22_X1,5
g9898,AOI22_X1,5
g9899,AOI22_X1,5
g9900,AOI22_X1,5
g9901,AOI22_X1,5
g9902,AOI22_X1,5
g9903,AOI22_X1,5
g9904,AOI22_X1,5
g9905,AOI22_X1,5
g9906,AOI22_X1,5
g9907,AOI22_X1,5
g9908,AOI22_X1,5
g9909,AOI22_X1,5
g9910,AOI22_X1,5
g9911,AOI22_X1,5
g9912,AOI22_X1,5
g9913,AOI22_X1,5
g9914,AOI22_X1,5
g9915,AOI22_X1,5
g9916,AOI22_X1,5
g9917,AOI22_X1,5
g9918,AOI22_X1,5
g9919,AOI22_X1,5
g9920,AOI22_X1,5
g9921,AOI22_X1,5
g9922,AOI22_X1,5
g9923,AOI22_X1,5
g9924,AOI22_X1,5
g9925,AOI22_X1,5
g9926,AOI22_X1,5
g9927,AOI22_X1,5
g9928,AOI22_X1,5
g9929,AOI22_X1,5
g9930,AOI22_X1,5
g9931,AOI22_X1,5
g9932,AOI22_X1,5
g9933,AOI22_X1,5
g9934,AOI22_X1,5
g9935,AOI22_X1,5
g9936,AOI22_X1,5
g9937,AOI22_X1,5
g9938,AOI22_X1,5
g9939,AOI22_X1,5
g9940,AOI22_X1,5
g9941,AOI22_X1,5
g9942,AOI22_X1,5
g9943,AOI22_X1,5
g9944,AOI22_X1,5
g9945,AOI22_X1,5
g9946,AOI22_X1,5
g9947,AOI22_X1,5
g9948,AOI22_X1,5
g9949,OAI22_X1,5
g9950,OAI22_X1,5
g9951,OAI22_X1,5
g9952,OAI22_X1,5
g9953,OAI22_X1,5
g9954,OAI22_X1,5
g9955,OAI22_X1,5
g9956,OAI22_X1,5
g9957,OAI22_X1,5
g9958,OAI22_X1,5
g9959,OAI22_X1,5
g9960,OAI22_X1,5
g9961,OAI22_X1,5
g9962,OAI22_X1,5
g9963,OAI22_X1,5
g9964,OAI22_X1,5
g9965,OAI22_X1,5
g9966,OAI22_X1,5
g9967,OAI22_X1,5
g9968,OAI22_X1,5
g9969,OAI22_X1,5
g9970,OAI22_X1,5
g9971,OAI22_X1,5
g9972,OAI22_X1,5
g9973,OAI22_X1,5
g9974,OAI22_X1,5
g9975,OAI22_X1,5
g9976,OAI22_X1,5
g9977,OAI22_X1,5
g9978,OAI22_X1,5
g9979,OAI22_X1,5
g9980,OAI22_X1,5
g9981,AOI221_X1,6
g9982,AOI221_X1,6
g9983,NAND2_X1,3
g9984,NAND2_X1,3
g9985,NAND2_X1,3
g9986,NAND2_X1,3
g9987,NAND2_X1,3
g9988,NAND2_X1,3
g9989,NAND2_X1,3
g9990,NAND2_X1,3
g9991,NAND2_X1,3
g9992,NAND2_X1,3
g9993,NAND2_X1,3
g9994,AOI22_X1,5
g9995,NAND2_X1,3
g9996,AOI22_X1,5
g9997,OAI21_X1,4
g9998,AOI22_X1,5
g9999,AOI22_X1,5
g10000,AOI22_X1,5
g10001,AOI22_X1,5
g10002,AOI22_X1,5
g10003,AOI22_X1,5
g10004,AOI22_X1,5
g10005,AOI22_X1,5
g10006,AOI22_X1,5
g10007,AOI22_X1,5
g10008,AOI22_X1,5
g10009,AOI22_X1,5
g10010,AOI22_X1,5
g10011,AOI22_X1,5
g10012,AOI22_X1,5
g10013,AOI22_X1,5
g10014,AOI22_X1,5
g10015,AOI22_X1,5
g10016,AOI22_X1,5
g10017,AOI22_X1,5
g10018,AOI22_X1,5
g10019,AOI22_X1,5
g10020,AOI22_X1,5
g10021,AOI22_X1,5
g10022,AOI22_X1,5
g10023,AOI22_X1,5
g10024,AOI22_X1,5
g10025,AOI22_X1,5
g10026,AOI22_X1,5
g10027,AOI22_X1,5
g10028,AOI22_X1,5
g10029,AOI22_X1,5
g10030,AOI22_X1,5
g10031,AOI22_X1,5
g10032,AOI22_X1,5
g10033,AOI22_X1,5
g10034,AOI22_X1,5
g10035,AOI22_X1,5
g10036,AOI22_X1,5
g10037,AOI22_X1,5
g10038,AOI22_X1,5
g10039,AOI22_X1,5
g10040,AOI22_X1,5
g10041,AOI22_X1,5
g10042,AOI22_X1,5
g10043,AOI22_X1,5
g10044,AOI22_X1,5
g10045,AOI22_X1,5
g10046,AOI22_X1,5
g10047,AOI22_X1,5
g10048,AOI22_X1,5
g10049,AOI22_X1,5
g10050,OAI21_X1,4
g10051,AND2_X2,3
g10052,AOI22_X1,5
g10053,AOI22_X1,5
g10054,AOI22_X1,5
g10055,AOI22_X1,5
g10056,AOI22_X1,5
g10057,AOI22_X1,5
g10058,AOI22_X1,5
g10059,AOI22_X1,5
g10060,AOI22_X1,5
g10061,AOI22_X1,5
g10062,AOI22_X1,5
g10063,AOI22_X1,5
g10064,AOI22_X1,5
g10065,AOI22_X1,5
g10066,AOI22_X1,5
g10067,AOI22_X1,5
g10068,AOI22_X1,5
g10069,AOI22_X1,5
g10070,AOI22_X1,5
g10071,AOI22_X1,5
g10072,AOI22_X1,5
g10073,AOI22_X1,5
g10074,AOI22_X1,5
g10075,AOI22_X1,5
g10076,AOI22_X1,5
g10077,AOI22_X1,5
g10078,AOI22_X1,5
g10079,AOI22_X1,5
g10080,AOI22_X1,5
g10081,AOI22_X1,5
g10082,AOI22_X1,5
g10083,AOI22_X1,5
g10084,AOI22_X1,5
g10085,AOI22_X1,5
g10086,AOI22_X1,5
g10087,AOI22_X1,5
g10088,AOI22_X1,5
g10089,AOI22_X1,5
g10090,AOI22_X1,5
g10091,AOI22_X1,5
g10092,AOI22_X1,5
g10093,AOI22_X1,5
g10094,AOI22_X1,5
g10095,AOI22_X1,5
g10096,AOI22_X1,5
g10097,AOI22_X1,5
g10098,AOI22_X1,5
g10099,AOI22_X1,5
g10100,AOI22_X1,5
g10101,AOI22_X1,5
g10102,AOI22_X1,5
g10103,AOI22_X1,5
g10104,AOI22_X1,5
g10105,AOI22_X1,5
g10106,AOI22_X1,5
g10107,AOI22_X1,5
g10108,AOI22_X1,5
g10109,AOI22_X1,5
g10110,AOI22_X1,5
g10111,AOI22_X1,5
g10112,AOI22_X1,5
g10113,AOI22_X1,5
g10114,AOI22_X1,5
g10115,AOI22_X1,5
g10116,AOI22_X1,5
g10117,AOI22_X1,5
g10118,AOI22_X1,5
g10119,AOI22_X1,5
g10120,AOI22_X1,5
g10121,AOI22_X1,5
g10122,INV_X1,2
g10123,INV_X1,2
g10124,AND2_X2,3
g10125,NAND2_X1,3
g10126,AND2_X2,3
g10127,AND2_X2,3
g10128,AND2_X1,3
g10129,AND2_X2,3
g10131,INV_X2,2
g10132,AOI221_X1,6
g10133,AOI221_X1,6
g10134,OAI21_X1,4
g10135,OR2_X1,3
g10136,AND2_X2,3
g10137,NAND2_X2,3
g10138,NAND2_X1,3
g10139,INV_X1,2
g10140,INV_X1,2
g10141,INV_X1,2
g10142,INV_X1,2
g10198,NOR2_X1,3
g10199,AND2_X2,3
g10200,AND2_X2,3
g10201,AND2_X2,3
g10202,AND2_X2,3
g10204,INV_X1,2
g10206,INV_X1,2
g10207,INV_X1,2
g10208,NOR2_X1,3
g10209,OR2_X2,3
g10210,AND2_X2,3
g10211,AND2_X2,3
g10212,AND2_X2,3
g10213,AND2_X2,3
g10214,INV_X1,2
g10215,INV_X1,2
g10216,INV_X1,2
g10218,NOR2_X1,3
g10219,NOR2_X1,3
g10220,NOR2_X1,3
g10221,INV_X1,2
g10222,INV_X1,2
g10225,NOR2_X1,3
g10226,NOR2_X1,3
g10227,OR2_X4,3
g10228,INV_X1,2
g10229,INV_X1,2
g10230,INV_X1,2
g10231,INV_X1,2
g10232,INV_X1,2
g10233,INV_X1,2
g10234,INV_X1,2
g10235,INV_X1,2
g10236,INV_X1,2
g10237,INV_X1,2
g10238,INV_X1,2
g10239,INV_X1,2
g10240,INV_X1,2
g10241,INV_X1,2
g10242,INV_X1,2
g10243,INV_X1,2
g10266,INV_X1,2
g10269,INV_X1,2
g10270,INV_X1,2
g10271,INV_X1,2
g10272,INV_X1,2
g10273,INV_X1,2
g10274,INV_X1,2
g10275,INV_X1,2
g10303,NAND2_X1,3
g10304,NAND2_X1,3
g10305,NAND4_X2,5
g10603,OAI21_X1,4
g10605,OAI21_X1,4
g10606,OR4_X1,5
g10607,OR2_X1,3
g10608,OR2_X1,3
g10609,NAND4_X1,5
g10611,INV_X1,2
g10612,NAND2_X1,3
g10613,OAI21_X1,4
g10614,AND3_X2,4
g10615,INV_X1,2
g10616,AOI21_X1,4
g10618,OAI21_X1,4
g10619,AOI222_X1,7
g10622,NAND2_X1,3
g10623,OAI21_X2,4
g10624,INV_X1,2
g10625,NOR3_X1,4
g10626,NAND4_X1,5
g10628,NOR2_X1,3
g10629,INV_X1,2
g10630,OAI211_X1,5
g10631,OR2_X1,3
g10632,NAND3_X1,4
g10633,NAND2_X1,3
g10634,AND2_X1,3
g10637,NAND3_X1,4
g10639,NOR2_X1,3
g10641,NAND2_X1,3
g10642,NAND2_X1,3
g10643,INV_X1,2
g10644,NOR2_X1,3
g10645,NAND3_X1,4
g10646,OAI21_X1,4
g10647,AND3_X2,4
g10648,INV_X1,2
g10649,NAND2_X1,3
g10650,NAND2_X1,3
g10652,AOI21_X1,4
g10654,INV_X1,2
g10655,AND2_X1,3
g10656,AOI211_X2,5
g10657,INV_X1,2
g10658,OR2_X1,3
g10659,AOI21_X1,4
g10660,INV_X1,2
g10661,NOR4_X1,5
g10662,AND3_X1,4
g10663,AND3_X1,4
g10664,NOR2_X1,3
g10666,NOR3_X1,4
g10667,AOI21_X1,4
g10668,NAND4_X1,5
g10669,NAND4_X1,5
g10670,OR2_X1,3
g10672,NAND2_X1,3
g10673,INV_X1,2
g10675,INV_X1,2
g10676,OAI21_X1,4
g10677,NAND2_X2,3
g10678,OAI221_X1,6
g10679,NAND2_X1,3
g10680,NAND3_X1,4
g10681,NAND2_X1,3
g10682,NAND3_X1,4
g10683,NOR2_X1,3
g10684,AND2_X1,3
g10685,INV_X1,2
g10686,INV_X1,2
g10687,AOI21_X1,4
g10688,AOI21_X1,4
g10689,OAI211_X1,5
g10690,NAND3_X1,4
g10691,NAND2_X1,3
g10692,AND2_X1,3
g10693,AND3_X1,4
g10695,AND3_X1,4
g10696,OAI21_X1,4
g10697,NAND2_X1,3
g10698,AND2_X2,3
g10706,OAI211_X1,5
g10707,AND2_X1,3
g10708,OAI211_X1,5
g10709,NAND4_X1,5
g10710,AND2_X1,3
g10711,INV_X1,2
g10712,NOR2_X1,3
g10713,NAND2_X1,3
g10714,NOR2_X1,3
g10715,NAND3_X1,4
g10716,NAND2_X1,3
g10717,NAND2_X1,3
g10718,NAND3_X1,4
g10719,INV_X1,2
g10720,NOR4_X1,5
g10721,AOI21_X1,4
g10722,AOI22_X1,5
g10723,OAI21_X1,4
g10724,OAI21_X1,4
g10725,OAI22_X1,5
g10726,NOR3_X1,4
g10727,AOI21_X1,4
g10728,INV_X1,2
g10729,INV_X1,2
g10731,INV_X1,2
g10734,OR2_X1,3
g10735,NAND3_X1,4
g10736,OAI211_X1,5
g10737,AOI211_X1,5
g10739,AND3_X2,4
g10740,AOI21_X1,4
g10743,INV_X1,2
g10744,NAND4_X1,5
g10745,OAI221_X1,6
g10746,NAND3_X1,4
g10747,OAI22_X1,5
g10748,OAI21_X1,4
g10749,NAND4_X1,5
g10750,NAND4_X1,5
g10752,AOI22_X1,5
g10753,NOR3_X1,4
g10754,OAI211_X1,5
g10755,OAI21_X1,4
g10756,AND2_X1,3
g10757,OAI22_X1,5
g10758,NAND2_X1,3
g10760,INV_X1,2
g10761,NOR4_X1,5
g10762,OAI33_X1,7
g10763,OAI21_X1,4
g10764,OR4_X1,5
g10765,NOR4_X1,5
g10766,NOR3_X1,4
g10767,OAI221_X1,6
g10768,NAND4_X1,5
g10769,NAND4_X1,5
g10770,OAI21_X1,4
g10771,NOR2_X1,3
g10772,NAND2_X1,3
g10773,AND2_X1,3
g10774,NAND2_X1,3
g10776,NAND2_X1,3
g10777,OAI21_X1,4
g10778,AND2_X1,3
g10779,NAND2_X1,3
g10780,AND2_X1,3
g10781,NAND2_X1,3
g10782,NAND4_X1,5
g10783,NOR4_X1,5
g10784,NOR3_X1,4
g10785,OAI211_X1,5
g10786,AND2_X1,3
g10787,NOR4_X1,5
g10788,OAI22_X1,5
g10789,NOR3_X1,4
g10790,OAI211_X1,5
g10791,OAI221_X1,6
g10792,NAND4_X1,5
g10793,NAND4_X1,5
g10794,OAI211_X2,5
g10795,INV_X1,2
g10796,INV_X1,2
g10797,INV_X1,2
g10799,INV_X1,2
g10800,INV_X1,2
g10801,HA_X1,4
g10802,NOR2_X1,3
g10803,AOI21_X1,4
g10804,AND2_X1,3
g10805,AOI21_X1,4
g10806,AND4_X1,5
g10807,NOR2_X1,3
g10808,NOR3_X1,4
g10809,NOR4_X1,5
g10810,NOR4_X1,5
g10811,NOR2_X1,3
g10812,AOI211_X1,5
g10813,NOR3_X1,4
g10815,NOR4_X1,5
g10817,NOR2_X1,3
g10818,OR2_X1,3
g10819,AOI21_X1,4
g10820,NAND2_X1,3
g10821,NAND2_X1,3
g10822,OAI21_X1,4
g10823,NAND2_X1,3
g10824,AND2_X1,3
g10825,OR4_X1,5
g10826,INV_X1,2
g10827,AOI221_X1,6
g10828,AOI221_X1,6
g10829,AOI221_X1,6
g10830,OAI221_X1,6
g10831,OAI221_X1,6
g10832,OAI221_X1,6
g10833,OAI21_X1,4
g10834,OAI221_X1,6
g10835,OAI221_X1,6
g10836,AOI221_X1,6
g10837,AOI221_X1,6
g10838,AOI221_X1,6
g10839,AOI221_X1,6
g10840,OAI21_X1,4
g10841,AOI221_X1,6
g10842,AOI221_X1,6
g10843,AOI221_X1,6
g10844,AOI221_X1,6
g10845,OAI211_X1,5
g10846,OAI221_X1,6
g10847,OAI221_X1,6
g10848,OAI221_X1,6
g10849,AOI221_X1,6
g10850,AOI21_X1,4
g10851,INV_X1,2
g10852,INV_X1,2
g10855,INV_X1,2
g10856,INV_X1,2
g10858,INV_X1,2
g10859,INV_X1,2
g10860,INV_X1,2
g10861,AOI22_X1,5
g10862,OAI22_X1,5
g10863,NOR2_X1,3
g10864,AOI22_X1,5
g10865,AOI22_X1,5
g10866,NAND2_X1,3
g10867,OAI22_X1,5
g10868,NAND2_X1,3
g10869,AOI22_X1,5
g10870,AOI22_X1,5
g10871,AOI211_X1,5
g10872,OAI22_X1,5
g10873,NOR3_X1,4
g10874,AOI22_X1,5
g10875,AOI22_X1,5
g10876,NOR4_X1,5
g10877,NAND3_X1,4
g10878,NAND3_X1,4
g10879,NAND3_X1,4
g10880,NAND3_X1,4
g10881,NOR3_X1,4
g10882,NAND3_X1,4
g10883,NOR3_X1,4
g10884,NAND3_X1,4
g10885,NOR3_X1,4
g10886,XOR2_X1,3
g10887,AND3_X1,4
g10888,OAI21_X1,4
g10889,NAND2_X1,3
g10891,NAND2_X1,3
g10892,NOR2_X1,3
g10893,NAND2_X1,3
g10895,MUX2_X1,4
g10896,NAND2_X1,3
g10897,AND3_X1,4
g10898,AND3_X1,4
g10899,AOI22_X1,5
g10900,AOI22_X1,5
g10901,AOI22_X1,5
g10902,AOI22_X1,5
g10903,OAI22_X1,5
g10904,OAI22_X1,5
g10905,OAI22_X1,5
g10906,AOI22_X1,5
g10907,AOI22_X1,5
g10908,AOI22_X1,5
g10909,AOI22_X1,5
g10910,OAI22_X1,5
g10911,XOR2_X1,3
g10912,XOR2_X1,3
g10913,XOR2_X1,3
g10914,XOR2_X1,3
g10915,XNOR2_X1,3
g10916,XNOR2_X1,3
g10917,XOR2_X1,3
g10918,XOR2_X1,3
g10919,XOR2_X1,3
g10920,XOR2_X1,3
g10921,XOR2_X1,3
g10922,XNOR2_X1,3
g10923,XNOR2_X1,3
g10924,XOR2_X1,3
g10925,XNOR2_X1,3
g10926,XNOR2_X1,3
g10927,XNOR2_X1,3
g10928,XNOR2_X1,3
g10929,XOR2_X1,3
g10930,XOR2_X1,3
g10931,XOR2_X1,3
g10932,XOR2_X1,3
g10933,XOR2_X1,3
g10934,XOR2_X1,3
g10935,XOR2_X1,3
g10936,XOR2_X1,3
g10938,INV_X1,2
g10939,INV_X1,2
g10940,INV_X1,2
g10943,NOR2_X1,3
g10944,NOR2_X1,3
g10945,NAND2_X1,3
g10946,NAND2_X1,3
g10947,NAND2_X1,3
g10948,NAND2_X1,3
g10950,NAND2_X1,3
g10951,NAND2_X1,3
g10952,NAND2_X1,3
g10953,NAND2_X1,3
g10954,OR2_X1,3
g10955,NAND2_X1,3
g10956,NAND2_X1,3
g10957,NOR2_X1,3
g10958,NAND2_X1,3
g10959,NAND2_X1,3
g10960,NAND2_X1,3
g10961,NOR2_X1,3
g10962,NOR2_X1,3
g10963,INV_X1,2
g10964,INV_X1,2
g10965,INV_X1,2
g10969,INV_X1,2
g10970,NOR2_X1,3
g10971,NOR2_X1,3
g10972,NAND2_X1,3
g10973,NOR2_X1,3
g10974,OR2_X1,3
g10975,NAND2_X1,3
g10976,NOR2_X1,3
g10978,NOR2_X1,3
g10979,OR2_X1,3
g10980,NAND2_X1,3
g10981,NAND2_X1,3
g10982,NOR2_X1,3
g10983,NAND2_X1,3
g10984,NAND2_X1,3
g10985,NAND2_X1,3
g10986,NOR2_X1,3
g10987,NAND2_X1,3
g10988,OR2_X1,3
g10989,NAND2_X1,3
g10990,NOR2_X1,3
g10992,INV_X1,2
g10994,INV_X1,2
g10995,INV_X1,2
g10996,INV_X1,2
g11000,INV_X1,2
g11001,INV_X1,2
g11003,INV_X1,2
g11006,INV_X1,2
g11010,INV_X1,2
g11011,INV_X1,2
g11013,INV_X1,2
g11019,INV_X1,2
g11023,INV_X1,2
g11025,INV_X1,2
g11026,INV_X1,2
g11027,INV_X1,2
g11028,INV_X1,2
g11029,INV_X1,2
g11031,INV_X1,2
g11033,INV_X1,2
g11037,INV_X1,2
g11039,INV_X1,2
g11040,INV_X1,2
g11043,INV_X1,2
g11045,INV_X1,2
g11049,INV_X1,2
g11054,INV_X1,2
g11056,INV_X1,2
g11058,INV_X1,2
g11061,INV_X1,2
g11062,INV_X1,2
g11065,INV_X1,2
g11066,INV_X1,2
g11070,INV_X1,2
g11071,INV_X1,2
g11078,INV_X1,2
g11080,INV_X1,2
g11086,INV_X1,2
g11097,INV_X1,2
g11099,INV_X2,2
g10315,OR2_X2,3
g10316,NAND3_X1,4
g11110,NAND3_X1,4
g11113,OAI21_X2,4
g11114,AND2_X1,3
g11115,AOI21_X2,4
g11116,AND3_X1,4
g11118,INV_X1,2
g11119,NAND2_X1,3
g11124,NAND2_X1,3
i_cache_subsystem_i_stream_arbiter_ar_i_arbiter_lock_q_reg,DFFR_X1,5
i_cache_subsystem_i_stream_arbiter_aw_i_arbiter_lock_q_reg,DFFR_X1,5
g3597,OAI21_X1,4
g3598,AOI22_X1,5
g3599,OAI21_X1,4
g3601,OR2_X1,3
g3602,INV_X1,2
g3603,OAI22_X1,5
g3604,OR2_X1,3
g3605,OR2_X1,3
g3606,NAND2_X1,3
g3607,OAI211_X1,5
g3608,NAND2_X1,3
g3609,OAI211_X1,5
g3610,MUX2_X1,4
g3611,NAND2_X1,3
g3612,NAND3_X1,4
g3613,OAI21_X1,4
g3615,NAND2_X1,3
g3617,NAND2_X1,3
g3618,NOR3_X1,4
g3620,NOR2_X1,3
g3622,INV_X1,2
g3623,NAND2_X1,3
g3624,NAND2_X1,3
g3625,AOI221_X1,6
g3626,INV_X1,2
g3627,NOR2_X1,3
g3628,NOR2_X1,3
g3629,AOI21_X1,4
g3630,NAND4_X1,5
g3631,INV_X1,2
g3632,OR3_X1,4
g3633,OAI21_X1,4
g3634,NAND3_X1,4
g3635,NOR4_X1,5
g3636,OAI22_X1,5
g3637,OAI22_X1,5
g3638,INV_X1,2
g3639,NAND2_X1,3
g3640,AOI21_X1,4
g3641,OAI21_X1,4
g3642,OAI211_X1,5
g3643,NAND2_X2,3
g3644,INV_X1,2
g3645,INV_X1,2
g3646,NAND3_X1,4
g3647,NAND2_X1,3
g3648,NOR3_X1,4
g3649,OR2_X1,3
g3650,NAND2_X1,3
g3651,AOI221_X1,6
g3652,NAND3_X1,4
g3653,OR3_X1,4
g3654,AOI21_X1,4
g3655,OAI211_X1,5
g3657,AOI211_X1,5
g3658,OAI21_X1,4
g3659,OAI211_X1,5
g3660,NAND2_X1,3
g3661,NAND2_X1,3
g3662,NAND2_X1,3
g3663,NAND2_X1,3
g3664,XNOR2_X1,3
g3665,OAI22_X1,5
g3666,AOI21_X1,4
g3667,XNOR2_X1,3
g3668,XNOR2_X1,3
g3669,XNOR2_X1,3
g3670,AND3_X1,4
g3671,INV_X1,2
g3672,INV_X1,2
g3673,NOR2_X1,3
g3674,NAND2_X1,3
g3675,NAND2_X1,3
g3676,OR2_X1,3
g3677,NOR2_X1,3
g3678,OAI21_X1,4
g3680,AOI21_X1,4
g3681,XOR2_X1,3
g3682,XNOR2_X1,3
g3683,XOR2_X1,3
g3684,XOR2_X1,3
g3685,NAND3_X1,4
g3686,NAND2_X1,3
g3687,NAND2_X1,3
g3688,NAND2_X1,3
g3689,NAND2_X1,3
g3690,NAND2_X1,3
g3691,NAND2_X1,3
g3692,NAND2_X1,3
g3693,NAND2_X1,3
g3694,NAND2_X1,3
g3695,NAND2_X1,3
g3696,NAND2_X1,3
g3697,INV_X1,2
g3701,NOR2_X1,3
g3702,NAND2_X1,3
g3703,AOI21_X1,4
g3704,NAND2_X1,3
g3705,OR4_X1,5
g3706,NOR2_X1,3
g3708,OR3_X1,4
g3709,OAI221_X1,6
g3710,OAI22_X1,5
g3711,OAI22_X1,5
g3712,NAND2_X1,3
g3713,OR2_X1,3
g3714,OR2_X1,3
g3715,AND2_X1,3
g3716,NAND2_X1,3
g3717,NAND2_X1,3
g3718,NAND2_X1,3
g3719,NAND2_X1,3
g3720,NAND2_X1,3
g3721,NAND2_X1,3
g3722,INV_X1,2
g3724,INV_X1,2
g3726,MUX2_X1,4
g3727,MUX2_X1,4
g3728,OR3_X1,4
g3729,NAND2_X1,3
g3730,OAI21_X1,4
g3731,NAND2_X1,3
g3732,NOR3_X1,4
g3733,OAI221_X1,6
g3735,AND2_X1,3
g3736,INV_X1,2
g3737,INV_X1,2
g3738,OR2_X1,3
g3739,NAND2_X1,3
g3740,OR2_X1,3
g3742,NAND2_X1,3
g3743,OR2_X1,3
g3744,NAND2_X1,3
g3745,NOR2_X1,3
g3746,AOI21_X1,4
g3747,INV_X1,2
g3748,INV_X1,2
g3749,INV_X1,2
g3750,OAI21_X1,4
g3751,OAI21_X1,4
g3752,AOI21_X1,4
g3753,OR2_X1,3
g3754,AOI211_X1,5
g3755,OR3_X1,4
g3756,OR2_X1,3
g3757,AOI22_X1,5
g3758,AOI21_X1,4
g3760,INV_X1,2
g3761,INV_X1,2
g3763,NOR2_X1,3
g3764,NAND2_X1,3
g3765,NAND2_X1,3
g3766,OR2_X1,3
g3768,NAND2_X1,3
g3769,OR2_X1,3
g3770,OR2_X1,3
g3771,OR2_X1,3
g3772,OR2_X1,3
g3773,OR2_X1,3
g3774,OR2_X1,3
g3776,NOR2_X1,3
g3777,AOI21_X1,4
g3779,NOR2_X1,3
g3780,NAND2_X1,3
g3781,AOI22_X1,5
g3782,OAI21_X1,4
g3783,OAI21_X1,4
g3784,OR3_X1,4
g3785,NAND3_X1,4
g3786,AOI22_X1,5
g3787,OAI22_X1,5
g3788,MUX2_X1,4
g3789,MUX2_X1,4
g3790,AOI22_X1,5
g3791,MUX2_X2,4
g3792,AOI22_X1,5
g3793,AOI22_X1,5
g3794,OAI21_X1,4
g3795,OAI22_X1,5
g3796,NAND3_X1,4
g3797,XNOR2_X1,3
g3798,OR3_X1,4
g3799,OAI21_X1,4
g3800,OR3_X1,4
g3801,INV_X1,2
g3802,INV_X1,2
g3804,INV_X1,2
g3805,NAND2_X1,3
g3806,NAND2_X1,3
g3807,NAND2_X1,3
g3808,NAND2_X1,3
g3809,NAND2_X1,3
g3810,NAND2_X1,3
g3811,NAND2_X1,3
g3812,OR2_X1,3
g3813,NAND2_X1,3
g3814,OR2_X1,3
g3815,NAND2_X1,3
g3816,NOR2_X1,3
g3817,NAND2_X1,3
g3818,NAND2_X1,3
g3819,NAND2_X1,3
g3820,NAND2_X1,3
g3821,OR2_X1,3
g3822,NOR2_X1,3
g3823,NAND2_X1,3
g3825,OR2_X1,3
g3826,NOR2_X1,3
g3827,NOR2_X1,3
g3828,INV_X1,2
g3829,INV_X1,2
g3830,INV_X1,2
g3831,INV_X1,2
g3832,INV_X1,2
g3833,NOR2_X1,3
g3834,NAND2_X1,3
g3835,NAND2_X1,3
g3836,NAND2_X1,3
g3837,NAND2_X1,3
g3838,NOR2_X1,3
g3839,NAND2_X1,3
g3841,NAND2_X1,3
g3842,NAND2_X1,3
g3843,OR2_X1,3
g3844,OR2_X1,3
g3845,NAND2_X1,3
g3846,OR2_X1,3
g3847,NAND2_X1,3
g3848,NAND2_X1,3
g3849,NOR2_X1,3
g3850,NAND2_X1,3
g3851,NAND2_X1,3
g3852,NAND2_X1,3
g3853,NAND2_X1,3
g3854,NOR2_X1,3
g3855,NAND2_X1,3
g3856,NOR2_X1,3
g11127,OR3_X2,4
g11128,NAND3_X1,4
g3894,OR2_X1,3
g3895,NAND2_X1,3
g3896,OR3_X2,4
g3899,OR2_X1,3
i_cache_subsystem_i_nbdcache_i_miss_handler_active_serving_o_reg[0],DLL_X1,3
i_cache_subsystem_i_nbdcache_i_miss_handler_active_serving_o_reg[1],DLL_X1,3
i_cache_subsystem_i_nbdcache_i_miss_handler_active_serving_o_reg[2],DLL_X1,3
g123137,OAI221_X1,6
g123138,OAI221_X1,6
g123139,OAI221_X1,6
g123140,OAI221_X1,6
g123141,OAI221_X1,6
g123142,OAI221_X1,6
g123143,NAND2_X1,3
g123144,NAND2_X1,3
g123145,NAND2_X1,3
g123146,NAND2_X1,3
g123147,OAI221_X1,6
g123148,OAI221_X1,6
g123149,NAND2_X1,3
g123150,NAND2_X1,3
g123151,INV_X1,2
g123152,INV_X1,2
g123153,INV_X1,2
g123154,INV_X1,2
g123155,INV_X1,2
g123156,INV_X1,2
g123157,INV_X1,2
g123158,INV_X1,2
g123159,INV_X1,2
g123160,INV_X1,2
g123161,INV_X1,2
g123162,INV_X1,2
g123163,AOI222_X1,7
g123164,NAND2_X1,3
g123165,NAND2_X1,3
g123166,AOI222_X1,7
g123167,AOI222_X1,7
g123168,AOI222_X1,7
g123169,AOI222_X1,7
g123170,AOI222_X1,7
g123171,AOI222_X1,7
g123172,AOI222_X1,7
g123173,AOI222_X1,7
g123174,AOI222_X1,7
g123175,AOI222_X1,7
g123176,NAND2_X1,3
g123177,NAND2_X1,3
g123178,NAND2_X1,3
g123179,NAND2_X1,3
g123180,NAND2_X1,3
g123181,AOI222_X1,7
g123182,NAND2_X1,3
g123183,NAND2_X1,3
g123184,NAND2_X1,3
g123185,NAND2_X1,3
g123186,NAND2_X1,3
g123187,NAND2_X1,3
g123188,NAND2_X1,3
g123189,INV_X1,2
g123190,INV_X1,2
g123191,INV_X1,2
g123192,INV_X1,2
g123193,INV_X1,2
g123194,INV_X1,2
g123195,INV_X1,2
g123196,INV_X1,2
g123197,INV_X1,2
g123198,INV_X1,2
g123199,AOI222_X1,7
g123200,NAND2_X1,3
g123201,NAND2_X1,3
g123202,NAND2_X1,3
g123203,NAND2_X1,3
g123204,NAND2_X1,3
g123205,NAND2_X1,3
g123206,NAND2_X1,3
g123207,NAND2_X1,3
g123208,AOI222_X1,7
g123209,NAND2_X1,3
g123210,NAND2_X1,3
g123211,AOI222_X1,7
g123212,AOI222_X1,7
g123213,AOI222_X1,7
g123214,AOI222_X1,7
g123215,AOI222_X1,7
g123216,AOI222_X1,7
g123217,AOI222_X1,7
g123218,AOI222_X1,7
g123219,NAND2_X1,3
g123220,NAND2_X1,3
g123221,NAND2_X1,3
g123222,NAND2_X1,3
g123223,NAND2_X1,3
g123224,OAI221_X1,6
g123225,INV_X1,2
g123226,INV_X1,2
g123227,INV_X1,2
g123228,INV_X1,2
g123229,INV_X1,2
g123230,INV_X1,2
g123231,INV_X1,2
g123232,INV_X1,2
g123233,INV_X1,2
g123234,INV_X1,2
g123235,INV_X1,2
g123236,INV_X1,2
g123237,AOI222_X1,7
g123238,AOI222_X1,7
g123239,AOI222_X1,7
g123240,AOI222_X1,7
g123241,AOI222_X1,7
g123242,AOI22_X1,5
g123243,AOI222_X1,7
g123244,AOI222_X1,7
g123245,AOI22_X1,5
g123246,OAI211_X1,5
g123247,AOI222_X1,7
g123248,AOI222_X1,7
g123249,AOI221_X1,6
g123250,AOI22_X1,5
g123251,AOI22_X1,5
g123252,AOI22_X1,5
g123253,AOI22_X1,5
g123254,AOI222_X1,7
g123255,AOI222_X1,7
g123256,AOI22_X1,5
g123257,AOI22_X1,5
g123258,AOI22_X1,5
g123259,AOI22_X1,5
g123260,AOI22_X1,5
g123261,AOI22_X1,5
g123262,AOI22_X1,5
g123263,AOI22_X1,5
g123264,AOI22_X1,5
g123265,AOI22_X1,5
g123266,AOI22_X1,5
g123267,AOI22_X1,5
g123268,AOI22_X1,5
g123269,AOI22_X1,5
g123270,AOI22_X1,5
g123271,AOI22_X1,5
g123272,AOI22_X1,5
g123273,AOI22_X1,5
g123274,AOI22_X1,5
g123275,AOI22_X1,5
g123276,NAND2_X1,3
g123277,OAI21_X1,4
g123278,NAND2_X1,3
g123279,NAND2_X1,3
g123280,NAND2_X1,3
g123281,NAND2_X1,3
g123282,NAND2_X1,3
g123283,NAND2_X1,3
g123284,NAND2_X1,3
g123285,OAI211_X1,5
g123286,OAI221_X1,6
g123287,OAI221_X1,6
g123288,OAI221_X1,6
g123289,OAI221_X1,6
g123290,OAI221_X1,6
g123291,OAI221_X1,6
g123292,OAI221_X1,6
g123293,OAI221_X1,6
g123294,NAND2_X1,3
g123295,NAND2_X1,3
g123296,NAND2_X1,3
g123297,NAND2_X1,3
g123298,NAND2_X1,3
g123299,NAND2_X1,3
g123300,NAND2_X1,3
g123301,NAND2_X1,3
g123302,NAND2_X1,3
g123303,NAND2_X1,3
g123304,NAND2_X1,3
g123305,NAND2_X1,3
g123306,NAND2_X1,3
g123307,INV_X1,2
g123308,NAND3_X1,4
g123309,NAND2_X1,3
g123310,NAND2_X1,3
g123311,NAND2_X1,3
g123312,NAND2_X1,3
g123313,NAND2_X1,3
g123314,NAND2_X1,3
g123315,NAND2_X1,3
g123316,NAND2_X1,3
g123317,NAND2_X1,3
g123318,NAND2_X1,3
g123319,NAND2_X1,3
g123320,NAND2_X1,3
g123321,NAND2_X1,3
g123322,NAND2_X1,3
g123323,NAND2_X1,3
g123324,NAND2_X1,3
g123325,NAND2_X1,3
g123326,NAND2_X1,3
g123327,NAND2_X1,3
g123328,OAI221_X1,6
g123329,OAI221_X1,6
g123330,OAI221_X1,6
g123331,OAI221_X1,6
g123332,OAI221_X1,6
g123333,OAI221_X1,6
g123334,OAI221_X1,6
g123335,OAI221_X1,6
g123336,OAI221_X1,6
g123337,OAI221_X1,6
g123338,OAI221_X1,6
g123339,NAND2_X1,3
g123340,NAND2_X1,3
g123341,NAND2_X1,3
g123342,NAND2_X1,3
g123343,NAND2_X1,3
g123344,NAND2_X1,3
g123345,NAND2_X1,3
g123346,NAND2_X1,3
g123347,NAND2_X1,3
g123348,NAND2_X1,3
g123349,NAND2_X1,3
g123350,NAND2_X1,3
g123351,NAND2_X1,3
g123352,NAND2_X1,3
g123353,NAND2_X1,3
g123354,NAND2_X1,3
g123355,NAND2_X1,3
g123356,NAND2_X1,3
g123357,NAND2_X1,3
g123358,NAND2_X1,3
g123359,NAND2_X1,3
g123360,NAND2_X1,3
g123361,NAND2_X1,3
g123362,NAND2_X1,3
g123363,NAND2_X1,3
g123364,NAND2_X1,3
g123365,NAND2_X1,3
g123366,NAND2_X1,3
g123367,NAND2_X1,3
g123368,AOI21_X1,4
g123369,AOI22_X1,5
g123370,AOI21_X1,4
g123371,AOI21_X1,4
g123372,AOI21_X1,4
g123373,AOI21_X1,4
g123374,AOI22_X1,5
g123375,AOI21_X1,4
g123376,AOI21_X1,4
g123377,NOR3_X1,4
g123378,AOI222_X1,7
g123379,AOI22_X1,5
g123380,AOI22_X1,5
g123381,AOI22_X1,5
g123382,AOI22_X1,5
g123383,AOI22_X1,5
g123384,AOI21_X1,4
g123385,AOI22_X1,5
g123386,AOI22_X1,5
g123387,AOI22_X1,5
g123388,AOI22_X1,5
g123389,AOI22_X1,5
g123390,AOI22_X1,5
g123391,AOI22_X1,5
g123392,AOI22_X1,5
g123393,AOI22_X1,5
g123394,AOI22_X1,5
g123395,AOI22_X1,5
g123396,AOI22_X1,5
g123397,AOI22_X1,5
g123398,AOI22_X1,5
g123399,AOI22_X1,5
g123400,AOI22_X1,5
g123401,AOI22_X1,5
g123402,AOI22_X1,5
g123403,AOI22_X1,5
g123404,AOI22_X1,5
g123405,AOI22_X1,5
g123406,AOI22_X1,5
g123407,AOI22_X1,5
g123408,AOI22_X1,5
g123409,AOI22_X1,5
g123410,AOI22_X1,5
g123411,AOI22_X1,5
g123412,AOI22_X1,5
g123413,AOI22_X1,5
g123414,AOI22_X1,5
g123415,AOI22_X1,5
g123416,AOI22_X1,5
g123417,AOI22_X1,5
g123418,AOI22_X1,5
g123419,AOI22_X1,5
g123420,AOI22_X1,5
g123421,AOI22_X1,5
g123422,AOI22_X1,5
g123423,AOI22_X1,5
g123424,AOI22_X1,5
g123425,AOI22_X1,5
g123426,AOI22_X1,5
g123427,AOI22_X1,5
g123428,AOI22_X1,5
g123429,AOI22_X1,5
g123430,AOI22_X1,5
g123431,INV_X1,2
g123432,AOI22_X1,5
g123433,AOI22_X1,5
g123434,AOI22_X1,5
g123435,AOI22_X1,5
g123436,AOI22_X1,5
g123437,AOI22_X1,5
g123438,AOI22_X1,5
g123439,AOI22_X1,5
g123440,AOI22_X1,5
g123441,AOI22_X1,5
g123442,AOI22_X1,5
g123443,AOI22_X1,5
g123444,AOI22_X1,5
g123445,AOI22_X1,5
g123446,AOI22_X1,5
g123447,AOI22_X1,5
g123448,AOI22_X1,5
g123449,AOI22_X1,5
g123450,AOI22_X1,5
g123451,AOI21_X1,4
g123452,AND2_X4,3
g123453,AND2_X4,3
g123454,AOI22_X1,5
g123455,AOI22_X1,5
g123456,AOI22_X1,5
g123457,AOI22_X1,5
g123458,AOI22_X1,5
g123459,AOI22_X1,5
g123460,AOI22_X1,5
g123461,AOI22_X1,5
g123462,AOI22_X1,5
g123463,AOI22_X1,5
g123464,AOI22_X1,5
g123465,AOI22_X1,5
g123466,AOI22_X1,5
g123467,AOI22_X1,5
g123468,AOI22_X1,5
g123469,AOI22_X1,5
g123470,AOI22_X1,5
g123471,AOI22_X1,5
g123472,AOI22_X1,5
g123473,AOI22_X1,5
g123474,AOI22_X1,5
g123475,AOI22_X1,5
g123476,INV_X4,2
g123477,MUX2_X1,4
g123478,NAND2_X1,3
g123479,AOI21_X1,4
g123480,AOI21_X1,4
g123481,AOI21_X1,4
g123482,AOI21_X1,4
g123483,AOI21_X1,4
g123484,AOI21_X1,4
g123485,AOI21_X1,4
g123486,AOI21_X1,4
g123487,MUX2_X1,4
g123488,MUX2_X1,4
g123489,MUX2_X1,4
g123490,MUX2_X1,4
g123491,MUX2_X1,4
g123492,MUX2_X1,4
g123493,MUX2_X1,4
g123494,MUX2_X1,4
g123495,MUX2_X1,4
g123496,MUX2_X1,4
g123497,MUX2_X1,4
g123498,MUX2_X1,4
g123499,MUX2_X1,4
g123500,MUX2_X1,4
g123501,MUX2_X1,4
g123502,MUX2_X1,4
g123503,MUX2_X1,4
g123504,MUX2_X1,4
g123505,MUX2_X1,4
g123506,MUX2_X1,4
g123507,MUX2_X1,4
g123508,MUX2_X1,4
g123509,MUX2_X1,4
g123510,MUX2_X1,4
g123511,AND4_X4,5
g123512,OR2_X1,3
g123513,MUX2_X1,4
g123514,MUX2_X1,4
g123515,MUX2_X1,4
g123516,MUX2_X1,4
g123517,MUX2_X1,4
g123518,MUX2_X1,4
g123519,MUX2_X1,4
g123520,MUX2_X1,4
g123521,MUX2_X1,4
g123522,MUX2_X1,4
g123523,MUX2_X1,4
g123524,MUX2_X1,4
g123525,MUX2_X1,4
g123526,MUX2_X1,4
g123527,MUX2_X1,4
g123528,MUX2_X1,4
g123529,MUX2_X1,4
g123530,MUX2_X1,4
g123531,MUX2_X1,4
g123532,MUX2_X1,4
g123533,MUX2_X1,4
g123534,MUX2_X1,4
g123535,MUX2_X1,4
g123536,MUX2_X1,4
g123537,MUX2_X1,4
g123538,MUX2_X1,4
g123539,MUX2_X1,4
g123540,MUX2_X1,4
g123541,MUX2_X1,4
g123542,MUX2_X1,4
g123543,MUX2_X1,4
g123544,MUX2_X1,4
g123545,MUX2_X1,4
g123546,MUX2_X1,4
g123547,MUX2_X1,4
g123548,MUX2_X1,4
g123549,MUX2_X1,4
g123550,INV_X2,2
g123551,INV_X1,2
g123552,OR2_X1,3
g123553,NOR2_X1,3
g123554,AND2_X2,3
g123555,AND2_X2,3
g123556,AND2_X4,3
g123557,AOI221_X1,6
g123558,OAI21_X2,4
g123559,OR2_X1,3
g123560,NOR3_X1,4
g123561,NAND3_X1,4
g123621,INV_X1,2
g123623,NAND2_X1,3
g123624,AOI221_X1,6
g123625,AOI221_X1,6
g123626,AOI221_X1,6
g123627,AOI221_X1,6
g123628,AOI221_X1,6
g123629,AOI221_X1,6
g123630,AOI221_X1,6
g123631,OAI21_X1,4
g123632,OAI21_X1,4
g123633,OAI21_X1,4
g123634,NAND2_X1,3
g123635,NAND2_X1,3
g123636,AOI221_X1,6
g123637,NAND2_X1,3
g123638,NAND2_X1,3
g123639,NAND2_X1,3
g123640,NAND2_X1,3
g123641,NAND2_X1,3
g123642,NAND2_X1,3
g123643,NAND2_X1,3
g123644,NAND2_X1,3
g123645,NAND2_X1,3
g123646,NAND2_X1,3
g123647,NAND2_X1,3
g123648,NAND2_X1,3
g123649,OAI21_X1,4
g123650,OAI21_X1,4
g123651,OAI21_X1,4
g123652,OAI21_X1,4
g123653,NAND2_X1,3
g123654,NAND2_X1,3
g123655,OAI21_X1,4
g123656,OAI21_X1,4
g123657,OAI21_X1,4
g123658,OAI21_X1,4
g123659,OAI21_X1,4
g123660,OAI21_X1,4
g123661,OAI21_X1,4
g123662,OAI21_X1,4
g123663,OAI21_X1,4
g123664,AOI221_X1,6
g123665,AOI221_X1,6
g123666,AOI221_X1,6
g123667,AOI221_X1,6
g123668,AOI221_X1,6
g123669,AOI221_X1,6
g123670,AOI221_X1,6
g123671,AOI221_X1,6
g123672,AOI221_X1,6
g123673,AOI221_X1,6
g123674,AOI221_X1,6
g123675,AOI221_X1,6
g123676,NAND2_X1,3
g123677,NAND2_X1,3
g123678,INV_X1,2
g123679,AOI221_X1,6
g123680,NAND2_X1,3
g123681,NAND2_X1,3
g123682,NAND2_X1,3
g123683,NAND2_X1,3
g123684,NAND2_X1,3
g123685,NAND2_X1,3
g123686,NAND2_X1,3
g123687,NAND2_X1,3
g123688,NAND2_X1,3
g123689,NAND2_X1,3
g123690,NAND2_X1,3
g123691,NAND2_X1,3
g123692,NAND2_X1,3
g123693,NAND2_X1,3
g123694,NAND2_X1,3
g123695,NAND2_X1,3
g123696,NAND2_X1,3
g123697,NAND2_X1,3
g123698,NAND2_X1,3
g123699,NAND2_X1,3
g123700,NAND2_X1,3
g123701,NAND2_X1,3
g123702,NAND2_X1,3
g123703,NAND2_X1,3
g123704,NAND2_X1,3
g123705,NOR2_X1,3
g123706,OAI21_X1,4
g123707,NAND2_X1,3
g123708,AOI221_X1,6
g123709,AOI221_X1,6
g123710,AOI221_X1,6
g123711,AOI221_X1,6
g123712,NAND2_X1,3
g123713,AND3_X1,4
g123714,AOI221_X1,6
g123715,AOI221_X1,6
g123716,AOI221_X1,6
g123717,AOI221_X1,6
g123718,AOI221_X1,6
g123719,AOI221_X1,6
g123720,AOI221_X1,6
g123721,AOI221_X1,6
g123722,AOI221_X1,6
g123723,AOI221_X1,6
g123724,AOI221_X1,6
g123725,AOI221_X1,6
g123726,AOI221_X1,6
g123727,AOI221_X1,6
g123728,AOI221_X1,6
g123729,AOI221_X1,6
g123730,AOI221_X1,6
g123731,AOI221_X1,6
g123732,AOI221_X1,6
g123733,AOI221_X1,6
g123734,AOI221_X1,6
g123735,AOI221_X1,6
g123736,AOI221_X1,6
g123737,AOI221_X1,6
g123738,AOI221_X1,6
g123739,AOI221_X1,6
g123740,AOI221_X1,6
g123741,AOI221_X1,6
g123742,AOI221_X1,6
g123743,AOI221_X1,6
g123744,AOI221_X1,6
g123745,AOI221_X1,6
g123746,AOI221_X1,6
g123747,AOI221_X1,6
g123748,AOI221_X1,6
g123749,AOI221_X1,6
g123752,INV_X1,2
g123754,INV_X1,2
g123755,AND2_X1,3
g123756,OR2_X4,3
g123757,AOI221_X1,6
g123758,NOR2_X1,3
g123759,OAI211_X1,5
g123760,INV_X1,2
g123761,INV_X1,2
g123762,INV_X1,2
g123763,INV_X1,2
g123764,INV_X1,2
g123765,INV_X1,2
g123766,INV_X1,2
g123767,INV_X1,2
g123768,INV_X1,2
g123769,INV_X1,2
g123770,INV_X1,2
g123771,INV_X1,2
g123772,INV_X1,2
g123773,INV_X1,2
g123774,INV_X1,2
g123775,INV_X1,2
g123776,INV_X1,2
g123777,INV_X1,2
g123778,INV_X1,2
g123779,INV_X1,2
g123780,INV_X1,2
g123781,INV_X1,2
g123801,NAND4_X1,5
g123802,AOI22_X1,5
g123803,AOI22_X1,5
g123804,AOI22_X1,5
g123805,AOI22_X1,5
g123806,AOI22_X1,5
g123807,AOI22_X1,5
g123808,AOI22_X1,5
g123809,AOI22_X1,5
g123810,AOI22_X1,5
g123811,AOI22_X1,5
g123812,AOI22_X1,5
g123813,AOI22_X1,5
g123814,AOI22_X1,5
g123815,AOI22_X1,5
g123816,AOI22_X1,5
g123817,AOI22_X1,5
g123818,AOI22_X1,5
g123819,AOI22_X1,5
g123820,AOI22_X1,5
g123821,AOI22_X1,5
g123822,AOI22_X1,5
g123823,OAI221_X1,6
g123824,OAI221_X1,6
g123825,OAI221_X1,6
g123826,OAI221_X1,6
g123827,OAI221_X1,6
g123828,OAI221_X1,6
g123829,OAI221_X1,6
g123830,OAI221_X1,6
g123831,OAI221_X1,6
g123832,OAI221_X1,6
g123833,OAI221_X1,6
g123834,OAI221_X1,6
g123835,OAI221_X1,6
g123836,OAI221_X1,6
g123837,OAI221_X1,6
g123838,OAI221_X1,6
g123839,OAI221_X1,6
g123840,OAI221_X1,6
g123841,OAI221_X1,6
g123842,AOI21_X1,4
g123843,OAI21_X1,4
g123844,OAI211_X1,5
g123845,OAI211_X1,5
g123846,NAND3_X2,4
g123847,OAI221_X1,6
g123848,OAI221_X1,6
g123849,OAI221_X1,6
g123850,OAI221_X1,6
g123851,OAI221_X1,6
g123852,OAI221_X1,6
g123853,OAI221_X1,6
g123854,OAI221_X1,6
g123855,OAI221_X1,6
g123856,OAI221_X1,6
g123857,OAI221_X1,6
g123858,OAI221_X1,6
g123859,OAI221_X1,6
g123860,OAI221_X1,6
g123861,OAI221_X1,6
g123862,OAI221_X1,6
g123863,OAI221_X1,6
g123864,OAI221_X1,6
g123865,OAI221_X1,6
g123866,OAI221_X1,6
g123867,OAI221_X1,6
g123868,OAI221_X1,6
g123869,OAI221_X1,6
g123870,OAI221_X1,6
g123871,OAI221_X1,6
g123872,OAI221_X1,6
g123873,OAI221_X1,6
g123874,OAI221_X1,6
g123875,OAI221_X1,6
g123876,OAI221_X1,6
g123877,OAI221_X1,6
g123878,OAI221_X1,6
g123879,OAI221_X1,6
g123880,OAI221_X1,6
g123881,OAI221_X1,6
g123882,OAI221_X1,6
g123883,OAI221_X1,6
g123884,OAI221_X1,6
g123885,OAI221_X1,6
g123886,OAI221_X1,6
g123887,OAI221_X1,6
g123888,OAI221_X1,6
g123889,OAI221_X1,6
g123890,OAI221_X1,6
g123891,OAI221_X1,6
g123892,AOI21_X1,4
g123893,AOI21_X1,4
g123894,AOI21_X1,4
g123895,AOI21_X1,4
g123896,AOI21_X1,4
g123897,AOI21_X1,4
g123898,AOI21_X1,4
g123899,AOI21_X1,4
g123900,AOI21_X1,4
g123901,AOI21_X1,4
g123902,AOI21_X1,4
g123903,AOI21_X1,4
g123904,AOI21_X1,4
g123905,AOI21_X1,4
g123906,AOI21_X1,4
g123907,AOI21_X1,4
g123908,AOI21_X1,4
g123909,AOI21_X1,4
g123910,AOI21_X1,4
g123911,AOI21_X1,4
g123912,AOI21_X1,4
g123913,AOI21_X1,4
g123914,AOI21_X1,4
g123916,AOI21_X1,4
g123917,AOI21_X1,4
g123918,AOI21_X1,4
g123919,AOI21_X1,4
g123920,AOI21_X1,4
g123921,AOI21_X1,4
g123922,AOI21_X1,4
g123923,AOI21_X1,4
g123924,AOI21_X1,4
g123925,AOI21_X1,4
g123926,AOI21_X1,4
g123927,AOI21_X1,4
g123928,AOI21_X1,4
g123929,AOI21_X1,4
g123930,AOI21_X1,4
g123931,AOI21_X1,4
g123932,AOI21_X1,4
g123933,AOI21_X1,4
g123934,AOI21_X1,4
g123935,AOI22_X1,5
g123936,AOI21_X1,4
g123937,OR2_X1,3
g123938,INV_X1,2
g123939,AND4_X1,5
g123940,AND2_X1,3
g123941,AND4_X1,5
g123942,NAND2_X1,3
g123943,AND2_X1,3
g123944,OR2_X1,3
g123945,OR2_X1,3
g123946,NOR2_X1,3
g123947,NOR2_X1,3
g123948,NOR2_X1,3
g123949,NOR2_X1,3
g123950,NOR2_X1,3
g123951,NOR2_X1,3
g123952,NOR2_X1,3
g123953,NOR2_X1,3
g123954,NOR2_X1,3
g123955,NOR2_X1,3
g123956,NOR2_X1,3
g123957,NOR2_X1,3
g123958,NOR2_X1,3
g123959,NOR2_X1,3
g123960,OR3_X1,4
g123961,AND4_X1,5
g123962,AND4_X1,5
g123963,AND4_X1,5
g123964,AND4_X1,5
g123965,AND4_X1,5
g123966,AND4_X1,5
g123967,AND4_X1,5
g123968,AND4_X1,5
g123969,AND4_X1,5
g123970,AND4_X1,5
g123971,AND4_X1,5
g123972,AND4_X1,5
g123973,AND4_X1,5
g123974,NOR2_X1,3
g123975,OR2_X1,3
g123976,INV_X1,2
g123977,INV_X2,2
g123978,AND4_X1,5
g123979,AND4_X1,5
g123980,AND4_X1,5
g123981,AND4_X1,5
g123982,AND4_X1,5
g123983,AND4_X1,5
g123984,AND4_X1,5
g123985,AND4_X1,5
g123986,AND4_X1,5
g123987,AND4_X1,5
g123988,AND4_X1,5
g123989,AND4_X1,5
g123990,AND4_X1,5
g123991,AND4_X1,5
g123992,AND4_X1,5
g123993,AND4_X1,5
g123994,AND4_X1,5
g123995,AND4_X1,5
g123996,AND4_X1,5
g123997,AND4_X1,5
g123998,AND3_X1,4
g123999,AND4_X1,5
g124000,AND4_X1,5
g124001,AND4_X1,5
g124002,AND4_X1,5
g124003,AND4_X1,5
g124004,AND4_X1,5
g124005,AND4_X1,5
g124006,AND4_X1,5
g124007,AND4_X1,5
g124008,AND4_X1,5
g124009,AND4_X1,5
g124010,AND4_X1,5
g124011,AND4_X1,5
g124012,AND4_X1,5
g124013,AND4_X1,5
g124014,NAND4_X1,5
g124015,AND3_X1,4
g124016,INV_X1,2
g124017,OAI211_X1,5
g124018,OAI211_X1,5
g124019,OAI221_X1,6
g124020,NOR4_X1,5
g124021,NAND3_X1,4
g124022,NAND3_X1,4
g124023,OAI221_X1,6
g124024,OAI221_X1,6
g124025,AND3_X1,4
g124026,OAI21_X1,4
g124027,OAI211_X1,5
g124028,OAI221_X1,6
g124029,OAI211_X1,5
g124030,OAI221_X1,6
g124031,OAI221_X1,6
g124032,OAI221_X1,6
g124033,OAI221_X1,6
g124034,OAI221_X1,6
g124035,NAND3_X1,4
g124036,OR3_X1,4
g124037,OR3_X1,4
g124038,AND2_X1,3
g124039,INV_X1,2
g124040,OAI221_X1,6
g124041,OAI221_X1,6
g124042,OAI221_X1,6
g124043,OAI221_X1,6
g124044,OAI221_X1,6
g124045,OAI221_X1,6
g124046,OAI221_X1,6
g124047,OAI221_X1,6
g124048,OAI221_X1,6
g124049,OAI221_X1,6
g124050,OAI221_X1,6
g124051,OAI221_X1,6
g124052,OAI221_X1,6
g124053,OAI221_X1,6
g124054,OAI221_X1,6
g124055,OAI221_X1,6
g124056,OAI221_X1,6
g124057,OAI221_X1,6
g124058,OAI221_X1,6
g124059,OAI221_X1,6
g124060,OAI221_X1,6
g124061,AND4_X1,5
g124062,INV_X1,2
g124063,INV_X1,2
g124064,AOI22_X1,5
g124065,NAND2_X1,3
g124066,NAND2_X1,3
g124067,NAND2_X1,3
g124068,NAND2_X1,3
g124069,NAND2_X1,3
g124070,NAND2_X1,3
g124071,NAND2_X1,3
g124072,NAND2_X1,3
g124073,AOI22_X1,5
g124074,AOI22_X1,5
g124075,NAND2_X1,3
g124076,NAND2_X1,3
g124077,NAND2_X1,3
g124078,NAND2_X1,3
g124079,NAND2_X1,3
g124080,NAND2_X1,3
g124081,NAND2_X1,3
g124082,NAND2_X1,3
g124083,NAND2_X1,3
g124084,NAND2_X1,3
g124085,NAND2_X1,3
g124086,NAND2_X1,3
g124087,NAND2_X1,3
g124088,OAI211_X1,5
g124089,AOI211_X1,5
g124090,AOI22_X1,5
g124091,AOI22_X1,5
g124092,NAND4_X1,5
g124093,AOI22_X1,5
g124094,AOI22_X1,5
g124095,AOI22_X1,5
g124096,AOI22_X1,5
g124097,AOI22_X1,5
g124098,AOI22_X1,5
g124099,AOI22_X1,5
g124100,AOI22_X1,5
g124101,AOI22_X1,5
g124102,AOI22_X1,5
g124103,AOI22_X1,5
g124104,AOI22_X1,5
g124105,AOI22_X1,5
g124106,AOI22_X1,5
g124107,AOI22_X1,5
g124108,AOI22_X1,5
g124109,AOI22_X1,5
g124110,AOI22_X1,5
g124111,AOI22_X1,5
g124112,AOI22_X1,5
g124113,AOI22_X1,5
g124114,AOI22_X1,5
g124115,AOI22_X1,5
g124116,AOI22_X1,5
g124117,AOI22_X1,5
g124118,AOI22_X1,5
g124119,AOI22_X1,5
g124120,AOI22_X1,5
g124121,AOI22_X1,5
g124122,AOI22_X1,5
g124123,AOI22_X1,5
g124124,AOI22_X1,5
g124125,AOI22_X1,5
g124126,AOI22_X1,5
g124127,AOI22_X1,5
g124128,AOI22_X1,5
g124129,AOI22_X1,5
g124130,AOI22_X1,5
g124131,AOI22_X1,5
g124132,AOI22_X1,5
g124133,AOI22_X1,5
g124134,AOI22_X1,5
g124135,AOI22_X1,5
g124136,AOI22_X1,5
g124137,AOI22_X1,5
g124138,AOI22_X1,5
g124139,AOI22_X1,5
g124140,AOI22_X1,5
g124141,AOI22_X1,5
g124142,AOI22_X1,5
g124143,AOI22_X1,5
g124144,AOI22_X1,5
g124145,AOI22_X1,5
g124146,AOI22_X1,5
g124147,AOI22_X1,5
g124148,AOI22_X1,5
g124149,AOI22_X1,5
g124150,AOI22_X1,5
g124151,AOI22_X1,5
g124152,AOI22_X1,5
g124153,AOI22_X1,5
g124154,AOI22_X1,5
g124155,AOI22_X1,5
g124156,AOI22_X1,5
g124157,AOI22_X1,5
g124158,AOI22_X1,5
g124159,AOI22_X1,5
g124160,AOI22_X1,5
g124161,AOI22_X1,5
g124162,AOI22_X1,5
g124163,AOI22_X1,5
g124164,AOI22_X1,5
g124165,AOI22_X1,5
g124166,AOI22_X1,5
g124167,AOI22_X1,5
g124168,AOI22_X1,5
g124169,AOI22_X1,5
g124170,AOI22_X1,5
g124171,AOI22_X1,5
g124172,AOI22_X1,5
g124173,AOI22_X1,5
g124174,AOI22_X1,5
g124175,AOI22_X1,5
g124176,AOI22_X1,5
g124177,AOI22_X1,5
g124178,AOI22_X1,5
g124179,AOI22_X1,5
g124180,AOI22_X1,5
g124181,AOI22_X1,5
g124182,AOI22_X1,5
g124183,AOI22_X1,5
g124184,AOI22_X1,5
g124185,AOI22_X1,5
g124186,AOI22_X1,5
g124187,NOR3_X1,4
g124188,NAND4_X1,5
g124189,OAI21_X1,4
g124190,AND2_X1,3
g124191,AND2_X1,3
g124192,AOI22_X1,5
g124193,AOI22_X1,5
g124194,AOI22_X1,5
g124195,AOI22_X1,5
g124196,AOI22_X1,5
g124197,AOI22_X1,5
g124198,AOI22_X1,5
g124199,AOI22_X1,5
g124200,AOI22_X1,5
g124201,AOI22_X1,5
g124202,AOI22_X1,5
g124203,AOI22_X1,5
g124204,AOI22_X1,5
g124205,AOI22_X1,5
g124206,AOI22_X1,5
g124207,AOI22_X1,5
g124208,AOI22_X1,5
g124209,AOI22_X1,5
g124210,AOI22_X1,5
g124211,AOI22_X1,5
g124212,AOI22_X1,5
g124213,AOI22_X1,5
g124214,AOI22_X1,5
g124215,AOI22_X1,5
g124216,AOI22_X1,5
g124217,AOI22_X1,5
g124218,AOI22_X1,5
g124219,AOI22_X1,5
g124220,AOI22_X1,5
g124221,AOI22_X1,5
g124222,AOI22_X1,5
g124223,AOI22_X1,5
g124224,AOI22_X1,5
g124225,AOI22_X1,5
g124226,AOI22_X1,5
g124227,AOI22_X1,5
g124228,AOI22_X1,5
g124229,AOI22_X1,5
g124230,AOI22_X1,5
g124231,AOI22_X1,5
g124232,AOI22_X1,5
g124233,AOI22_X1,5
g124234,AOI22_X1,5
g124235,AOI22_X1,5
g124236,AOI22_X1,5
g124237,AOI22_X1,5
g124238,AOI22_X1,5
g124239,AOI22_X1,5
g124240,AOI22_X1,5
g124241,AOI22_X1,5
g124242,AOI22_X1,5
g124243,AOI22_X1,5
g124244,AOI22_X1,5
g124245,AOI22_X1,5
g124246,AOI22_X1,5
g124247,AOI22_X1,5
g124248,AOI22_X1,5
g124249,AOI22_X1,5
g124250,AOI22_X1,5
g124251,AOI22_X1,5
g124252,AOI22_X1,5
g124253,AOI22_X1,5
g124254,AOI22_X1,5
g124255,AOI22_X1,5
g124256,AOI22_X1,5
g124257,AOI22_X1,5
g124258,AOI22_X1,5
g124259,AOI22_X1,5
g124260,AOI22_X1,5
g124261,AOI22_X1,5
g124262,AOI22_X1,5
g124263,AOI22_X1,5
g124264,AOI22_X1,5
g124265,AOI22_X1,5
g124266,AOI22_X1,5
g124267,AOI22_X1,5
g124268,AOI22_X1,5
g124269,AOI22_X1,5
g124270,AOI22_X1,5
g124271,AOI22_X1,5
g124272,AOI22_X1,5
g124273,AOI22_X1,5
g124274,AOI22_X1,5
g124275,AOI22_X1,5
g124276,AOI22_X1,5
g124277,AOI22_X1,5
g124278,AOI22_X1,5
g124279,AOI22_X1,5
g124280,AOI22_X1,5
g124281,AOI22_X1,5
g124282,AOI22_X1,5
g124283,AOI22_X1,5
g124284,AOI22_X1,5
g124285,AOI22_X1,5
g124286,AOI22_X1,5
g124287,AOI22_X1,5
g124288,AOI22_X1,5
g124289,AOI22_X1,5
g124290,AOI22_X1,5
g124291,AOI22_X1,5
g124292,AOI22_X1,5
g124293,AOI22_X1,5
g124294,AOI22_X1,5
g124295,AOI22_X1,5
g124296,AOI22_X1,5
g124297,AOI22_X1,5
g124298,AOI22_X1,5
g124299,AOI22_X1,5
g124300,AOI22_X1,5
g124301,AOI22_X1,5
g124302,AOI22_X1,5
g124303,AOI22_X1,5
g124304,AOI22_X1,5
g124305,AOI22_X1,5
g124306,AOI22_X1,5
g124307,AOI22_X1,5
g124308,AOI22_X1,5
g124309,AOI22_X1,5
g124310,AOI22_X1,5
g124311,AOI22_X1,5
g124312,AOI22_X1,5
g124313,AOI22_X1,5
g124314,AOI22_X1,5
g124315,AOI22_X1,5
g124316,AOI22_X1,5
g124317,AOI22_X1,5
g124318,AOI22_X1,5
g124319,AOI22_X1,5
g124320,AOI22_X1,5
g124321,INV_X1,2
g124322,INV_X1,2
g124323,OAI211_X1,5
g124324,AOI211_X1,5
g124325,NOR4_X1,5
g124326,OAI211_X1,5
g124327,OAI211_X1,5
g124328,OAI211_X1,5
g124329,OAI211_X1,5
g124330,OAI211_X1,5
g124331,OAI211_X1,5
g124332,OAI211_X1,5
g124333,OAI211_X1,5
g124334,OAI211_X1,5
g124335,OAI211_X1,5
g124336,NAND3_X1,4
g124337,OAI211_X1,5
g124338,OAI211_X1,5
g124339,OAI211_X1,5
g124340,OAI211_X1,5
g124341,OAI211_X1,5
g124342,OAI211_X1,5
g124343,OAI211_X1,5
g124344,OAI211_X1,5
g124345,OAI211_X1,5
g124346,OAI211_X1,5
g124347,OAI211_X1,5
g124348,OAI211_X1,5
g124349,OAI211_X1,5
g124350,OAI211_X1,5
g124351,OAI211_X1,5
g124352,OAI211_X1,5
g124353,OAI211_X1,5
g124354,OAI211_X1,5
g124355,OAI211_X1,5
g124356,OAI211_X1,5
g124357,OAI211_X1,5
g124358,OAI211_X1,5
g124359,OAI211_X1,5
g124360,OAI211_X1,5
g124361,OAI211_X1,5
g124362,OAI211_X1,5
g124363,OAI211_X1,5
g124364,OAI211_X1,5
g124365,OAI211_X1,5
g124366,OAI211_X1,5
g124367,OAI211_X1,5
g124368,OAI211_X1,5
g124369,OAI211_X1,5
g124370,OAI211_X1,5
g124371,OAI211_X1,5
g124372,OAI211_X1,5
g124373,OAI211_X1,5
g124374,AOI211_X1,5
g124375,OAI211_X1,5
g124376,OAI211_X1,5
g124377,OAI211_X1,5
g124378,OAI211_X1,5
g124379,OAI211_X1,5
g124380,OAI211_X1,5
g124381,OAI211_X1,5
g124382,OAI211_X1,5
g124383,OAI211_X1,5
g124384,OAI211_X1,5
g124385,OAI211_X1,5
g124386,OAI211_X1,5
g124387,OAI211_X1,5
g124388,OAI211_X1,5
g124390,NOR4_X1,5
g124391,NOR4_X1,5
g124392,NOR4_X1,5
g124393,NOR4_X1,5
g124394,NOR3_X1,4
g124395,NOR4_X1,5
g124396,NOR4_X1,5
g124397,NOR4_X1,5
g124398,NOR4_X1,5
g124399,NOR4_X1,5
g124400,NOR4_X1,5
g124401,NOR4_X1,5
g124402,NOR4_X1,5
g124403,NOR4_X1,5
g124404,NOR4_X1,5
g124405,NOR4_X1,5
g124406,NOR4_X1,5
g124407,NOR4_X1,5
g124408,NOR4_X1,5
g124409,NOR4_X1,5
g124410,NOR4_X1,5
g124411,NOR4_X1,5
g124412,NOR4_X1,5
g124413,NOR4_X1,5
g124414,NOR3_X1,4
g124415,NOR4_X1,5
g124416,NOR4_X1,5
g124417,NOR4_X1,5
g124418,NOR4_X1,5
g124419,NOR4_X1,5
g124420,NOR4_X1,5
g124421,NOR4_X1,5
g124422,NAND4_X1,5
g124423,NOR4_X1,5
g124424,NOR4_X1,5
g124425,NAND4_X1,5
g124426,NOR3_X1,4
g124427,NOR4_X1,5
g124428,NOR4_X1,5
g124429,NOR4_X1,5
g124430,NOR4_X1,5
g124431,NOR4_X1,5
g124432,NOR3_X1,4
g124433,NOR4_X1,5
g124434,NOR4_X1,5
g124435,NOR4_X1,5
g124436,NOR4_X1,5
g124437,NOR4_X1,5
g124438,NOR4_X1,5
g124439,NOR4_X1,5
g124440,NOR4_X1,5
g124441,NOR4_X1,5
g124442,NOR4_X1,5
g124443,NOR4_X1,5
g124444,NOR4_X1,5
g124445,NOR4_X1,5
g124446,NOR4_X1,5
g124447,NOR4_X1,5
g124448,NOR4_X1,5
g124449,NOR4_X1,5
g124450,NOR4_X1,5
g124451,NOR4_X1,5
g124452,NOR4_X1,5
g124453,NOR4_X1,5
g124454,NOR4_X1,5
g124455,NOR4_X1,5
g124456,NOR4_X1,5
g124457,NOR4_X1,5
g124458,NOR4_X1,5
g124459,NOR4_X1,5
g124460,NOR4_X1,5
g124461,NOR4_X1,5
g124462,NOR4_X1,5
g124463,NOR4_X1,5
g124464,NOR4_X1,5
g124465,NOR4_X1,5
g124466,NOR4_X1,5
g124467,NOR4_X1,5
g124468,NOR4_X1,5
g124469,NOR4_X1,5
g124470,NOR4_X1,5
g124471,NOR4_X1,5
g124472,NOR4_X1,5
g124473,NOR4_X1,5
g124474,NOR4_X1,5
g124475,NOR4_X1,5
g124476,NOR4_X1,5
g124477,NOR4_X1,5
g124478,NOR4_X1,5
g124479,NOR4_X1,5
g124480,NOR4_X1,5
g124481,NOR4_X1,5
g124482,NOR4_X1,5
g124483,NOR4_X1,5
g124484,NOR4_X1,5
g124485,NOR4_X1,5
g124486,NOR4_X1,5
g124487,NOR4_X1,5
g124488,NOR4_X1,5
g124489,NOR4_X1,5
g124490,NOR4_X1,5
g124491,NOR4_X1,5
g124492,NOR4_X1,5
g124493,NOR4_X1,5
g124494,NOR4_X1,5
g124495,NOR4_X1,5
g124496,NOR4_X1,5
g124497,NOR4_X1,5
g124498,NOR4_X1,5
g124499,NOR4_X1,5
g124500,NOR4_X1,5
g124501,NOR4_X1,5
g124502,NOR4_X1,5
g124503,NOR4_X1,5
g124504,NOR4_X1,5
g124505,NOR4_X1,5
g124506,NOR4_X1,5
g124507,NOR4_X1,5
g124508,NOR4_X1,5
g124509,NOR4_X1,5
g124510,NOR4_X1,5
g124511,NOR4_X1,5
g124512,NOR4_X1,5
g124513,NOR4_X1,5
g124514,NOR4_X1,5
g124515,NOR4_X1,5
g124516,NOR4_X1,5
g124517,NOR4_X1,5
g124518,NOR4_X1,5
g124519,NOR4_X1,5
g124520,NOR4_X1,5
g124521,NOR4_X1,5
g124522,NOR4_X1,5
g124523,NOR4_X1,5
g124524,NOR4_X1,5
g124525,NOR4_X1,5
g124526,NOR4_X1,5
g124527,NOR4_X1,5
g124528,NOR4_X1,5
g124529,NOR4_X1,5
g124530,INV_X1,2
g124551,INV_X2,2
g124566,NAND2_X1,3
g124567,OAI21_X1,4
g124568,OAI22_X1,5
g124569,OAI21_X1,4
g124570,NAND2_X1,3
g124571,NAND2_X1,3
g124572,NAND4_X1,5
g124573,NAND4_X1,5
g124574,NOR2_X1,3
g124575,NOR2_X1,3
g124576,NOR2_X1,3
g124577,NOR2_X1,3
g124578,OAI21_X1,4
g124579,NOR2_X1,3
g124580,AOI211_X1,5
g124581,AOI211_X1,5
g124582,AOI211_X1,5
g124583,AOI211_X1,5
g124584,AOI211_X1,5
g124585,OAI21_X1,4
g124586,OAI21_X1,4
g124587,NOR3_X1,4
g124588,OAI211_X1,5
g124589,NOR4_X1,5
g124590,OAI21_X1,4
g124591,NAND3_X1,4
g124592,NAND2_X1,3
g124593,OAI211_X1,5
g124594,NOR2_X1,3
g124595,NAND2_X1,3
g124596,OAI221_X1,6
g124597,OAI221_X1,6
g124598,OAI221_X1,6
g124599,OAI221_X1,6
g124600,OAI221_X1,6
g124601,OAI221_X1,6
g124602,OAI221_X1,6
g124603,OAI221_X1,6
g124604,OAI221_X1,6
g124605,OAI221_X1,6
g124606,OAI221_X1,6
g124607,OAI221_X1,6
g124608,OAI221_X1,6
g124609,OAI221_X1,6
g124610,OAI221_X1,6
g124611,OAI221_X1,6
g124612,OAI221_X1,6
g124613,OAI221_X1,6
g124614,OAI221_X1,6
g124615,OAI221_X1,6
g124616,OAI221_X1,6
g124617,OAI221_X1,6
g124618,OAI221_X1,6
g124619,OAI221_X1,6
g124620,OAI221_X1,6
g124621,OAI221_X1,6
g124622,OAI221_X1,6
g124623,OAI221_X1,6
g124624,OAI221_X1,6
g124625,OAI221_X1,6
g124626,OAI221_X1,6
g124627,OAI221_X1,6
g124628,OAI221_X1,6
g124629,OAI221_X1,6
g124630,OAI221_X1,6
g124631,OAI221_X1,6
g124632,OAI221_X1,6
g124633,OAI221_X1,6
g124634,AND4_X1,5
g124635,INV_X1,2
g124636,INV_X1,2
g124637,INV_X1,2
g124638,INV_X1,2
g124639,INV_X1,2
g124640,INV_X1,2
g124642,INV_X1,2
g124643,INV_X1,2
g124645,INV_X1,2
g124646,INV_X1,2
g124647,INV_X1,2
g124649,OAI21_X1,4
g124650,AOI221_X1,6
g124651,OAI21_X1,4
g124652,OAI221_X1,6
g124653,OAI221_X1,6
g124654,OAI21_X1,4
g124655,OAI21_X1,4
g124656,AOI221_X1,6
g124657,OAI21_X1,4
g124658,OAI21_X1,4
g124659,OAI21_X1,4
g124660,OAI21_X1,4
g124661,OAI21_X1,4
g124662,OAI21_X1,4
g124663,OAI21_X1,4
g124664,OAI21_X1,4
g124665,OAI21_X1,4
g124666,OAI21_X1,4
g124667,OAI21_X1,4
g124668,OAI21_X1,4
g124669,OAI21_X1,4
g124670,OAI21_X1,4
g124671,OAI21_X1,4
g124672,OAI21_X1,4
g124673,OAI21_X1,4
g124674,OAI21_X1,4
g124675,OAI21_X1,4
g124676,OAI21_X1,4
g124677,OAI21_X1,4
g124678,OAI21_X1,4
g124679,OAI21_X1,4
g124680,OAI21_X1,4
g124681,OAI21_X1,4
g124682,OAI21_X1,4
g124683,OAI21_X1,4
g124684,OAI21_X1,4
g124685,OAI21_X1,4
g124686,OAI21_X1,4
g124687,OAI21_X1,4
g124688,OAI21_X1,4
g124689,OAI21_X1,4
g124690,OAI21_X1,4
g124691,OAI21_X1,4
g124692,OAI221_X1,6
g124693,OAI221_X1,6
g124694,OAI221_X1,6
g124695,OAI221_X1,6
g124696,AOI211_X1,5
g124697,OAI221_X1,6
g124698,OAI221_X1,6
g124699,AOI211_X1,5
g124700,OAI221_X1,6
g124701,OAI221_X1,6
g124702,OAI221_X1,6
g124703,OAI221_X1,6
g124704,OAI221_X1,6
g124705,AOI211_X1,5
g124706,OAI221_X1,6
g124707,OAI221_X1,6
g124708,OAI221_X1,6
g124709,AOI211_X1,5
g124710,OAI221_X1,6
g124711,OAI221_X1,6
g124712,OAI221_X1,6
g124713,OAI221_X1,6
g124714,AOI211_X1,5
g124715,OAI221_X1,6
g124716,OAI221_X1,6
g124717,OAI221_X1,6
g124718,INV_X1,2
g124719,INV_X1,2
g124720,INV_X1,2
g124721,NAND4_X1,5
g124722,AND2_X1,3
g124723,AND2_X1,3
g124724,AND2_X1,3
g124725,AND2_X1,3
g124726,AND2_X1,3
g124727,AND2_X1,3
g124728,AND2_X1,3
g124729,AND2_X1,3
g124730,AND2_X1,3
g124731,AND2_X1,3
g124732,AND2_X1,3
g124733,AND2_X1,3
g124734,AND2_X1,3
g124735,AND2_X1,3
g124736,AND2_X1,3
g124737,AND2_X1,3
g124738,AND2_X1,3
g124739,AND2_X1,3
g124740,AND2_X1,3
g124741,AND2_X1,3
g124742,AND2_X1,3
g124743,AND2_X1,3
g124744,AND2_X1,3
g124745,AND2_X1,3
g124746,AND2_X1,3
g124747,AND2_X1,3
g124748,AND2_X1,3
g124749,AND2_X1,3
g124750,AND2_X1,3
g124751,AND2_X1,3
g124752,AND2_X1,3
g124753,AND2_X1,3
g124754,AND2_X1,3
g124755,AND2_X1,3
g124756,AND2_X1,3
g124757,AND2_X1,3
g124758,AND2_X1,3
g124759,AND2_X1,3
g124760,AND2_X1,3
g124761,AND2_X1,3
g124762,AND2_X1,3
g124763,AND2_X1,3
g124764,AND2_X1,3
g124765,AND2_X1,3
g124766,AND2_X1,3
g124767,AND2_X1,3
g124768,AND2_X1,3
g124769,AND2_X1,3
g124770,AND2_X1,3
g124771,AND2_X1,3
g124772,AND2_X1,3
g124773,AND2_X1,3
g124774,AND2_X1,3
g124775,AND2_X1,3
g124776,AND2_X1,3
g124777,AND2_X1,3
g124778,AND2_X1,3
g124779,AND2_X1,3
g124780,AND2_X1,3
g124781,AND2_X1,3
g124782,AND2_X1,3
g124783,AND2_X1,3
g124784,AND2_X1,3
g124785,AND2_X1,3
g124786,NOR2_X1,3
g124787,AND2_X1,3
g124788,NOR2_X1,3
g124789,AND2_X1,3
g124790,AND2_X1,3
g124791,NOR2_X1,3
g124792,NAND4_X1,5
g124793,NOR2_X1,3
g124794,AND2_X1,3
g124795,AND2_X1,3
g124796,AND2_X1,3
g124797,AND2_X1,3
g124798,AND2_X1,3
g124799,AND2_X1,3
g124800,AND2_X1,3
g124801,AND2_X1,3
g124802,AND2_X1,3
g124803,AND2_X1,3
g124804,AND2_X1,3
g124805,AND2_X1,3
g124806,AND2_X1,3
g124807,AND2_X1,3
g124808,AND2_X1,3
g124809,AND2_X1,3
g124810,AND2_X1,3
g124811,AND2_X1,3
g124812,AND2_X1,3
g124813,AND2_X1,3
g124814,AND2_X1,3
g124815,AND2_X1,3
g124816,AND2_X1,3
g124817,AND2_X1,3
g124818,AND2_X1,3
g124819,AND2_X1,3
g124820,AND2_X1,3
g124821,AND2_X1,3
g124822,AND2_X1,3
g124823,AND2_X1,3
g124824,AND2_X1,3
g124825,AND2_X1,3
g124826,AND2_X1,3
g124827,AND2_X1,3
g124828,AND2_X1,3
g124829,AND2_X1,3
g124830,AND2_X1,3
g124831,AND2_X1,3
g124832,AND2_X1,3
g124833,AND2_X1,3
g124834,AND2_X1,3
g124835,AND2_X1,3
g124836,AND2_X1,3
g124837,AND2_X1,3
g124838,AND2_X1,3
g124839,AND2_X1,3
g124840,AND2_X1,3
g124841,AND2_X1,3
g124842,AND2_X1,3
g124843,AND2_X1,3
g124844,AND2_X1,3
g124845,AND2_X1,3
g124846,AND2_X1,3
g124847,AND2_X1,3
g124848,AND2_X1,3
g124849,AND2_X1,3
g124850,AND2_X1,3
g124851,AND2_X1,3
g124852,AND2_X1,3
g124853,AND2_X1,3
g124854,AND2_X1,3
g124855,AND2_X1,3
g124856,AND2_X1,3
g124857,AND2_X1,3
g124858,NAND4_X1,5
g124859,NAND4_X1,5
g124860,NAND4_X1,5
g124861,NAND4_X1,5
g124862,NAND3_X1,4
g124863,NAND3_X1,4
g124864,NAND3_X1,4
g124865,NAND3_X1,4
g124866,NAND3_X1,4
g124867,NAND3_X1,4
g124868,NAND3_X1,4
g124869,AND4_X1,5
g124870,NAND4_X1,5
g124871,NAND3_X1,4
g124872,OAI221_X1,6
g124873,OAI211_X1,5
g124874,NAND4_X1,5
g124875,NAND4_X1,5
g124876,NAND4_X1,5
g124877,AOI221_X1,6
g124878,NAND4_X1,5
g124879,NAND4_X1,5
g124880,NAND4_X1,5
g124881,NAND4_X1,5
g124882,NAND4_X1,5
g124883,NAND4_X1,5
g124884,NAND4_X1,5
g124885,NAND4_X1,5
g124886,NAND4_X1,5
g124887,NAND4_X1,5
g124888,NAND4_X1,5
g124889,NAND4_X1,5
g124890,NAND4_X1,5
g124891,NAND4_X1,5
g124892,NAND4_X1,5
g124893,NAND4_X1,5
g124894,NAND4_X1,5
g124895,NAND4_X1,5
g124896,NAND4_X1,5
g124897,NAND4_X1,5
g124898,AND2_X1,3
g124899,NAND4_X1,5
g124900,NAND4_X1,5
g124901,NAND4_X1,5
g124902,NAND4_X1,5
g124903,NAND4_X1,5
g124904,NAND4_X1,5
g124905,NAND4_X1,5
g124906,NAND4_X1,5
g124907,NAND4_X1,5
g124908,NAND4_X1,5
g124909,NAND4_X1,5
g124910,NAND4_X1,5
g124911,NAND4_X1,5
g124912,NAND4_X1,5
g124913,NAND4_X1,5
g124914,NAND4_X1,5
g124915,NAND4_X1,5
g124916,NAND4_X1,5
g124917,NAND4_X1,5
g124918,NAND4_X1,5
g124919,NAND4_X1,5
g124920,NAND4_X1,5
g124921,NAND4_X1,5
g124922,NAND4_X1,5
g124923,NAND4_X1,5
g124924,NAND4_X1,5
g124925,NAND4_X1,5
g124926,NAND4_X1,5
g124927,NAND4_X1,5
g124928,NAND4_X1,5
g124929,NAND4_X1,5
g124930,NAND4_X1,5
g124931,NAND4_X1,5
g124932,NAND4_X1,5
g124933,NAND4_X1,5
g124934,NAND4_X1,5
g124935,NAND4_X1,5
g124936,NAND4_X1,5
g124937,NAND4_X1,5
g124938,NAND4_X1,5
g124939,NAND4_X1,5
g124940,NAND4_X1,5
g124941,AND4_X1,5
g124942,NAND4_X1,5
g124943,NAND4_X1,5
g124944,NAND4_X1,5
g124945,NAND4_X1,5
g124946,NAND4_X1,5
g124947,NAND4_X1,5
g124948,NAND4_X1,5
g124949,AND4_X1,5
g124950,NAND4_X1,5
g124951,NAND4_X1,5
g124952,NAND4_X1,5
g124953,NAND4_X1,5
g124954,NAND4_X1,5
g124955,NAND4_X1,5
g124956,NAND4_X1,5
g124957,NAND4_X1,5
g124958,NAND4_X1,5
g124959,NAND4_X1,5
g124960,NAND4_X1,5
g124961,NAND4_X1,5
g124962,NAND4_X1,5
g124963,NAND4_X1,5
g124964,NAND4_X1,5
g124965,NAND4_X1,5
g124966,NAND4_X1,5
g124967,NAND4_X1,5
g124968,AND4_X1,5
g124969,NAND4_X1,5
g124970,NAND4_X1,5
g124971,NAND4_X1,5
g124972,NAND4_X1,5
g124973,NAND4_X1,5
g124974,AND4_X1,5
g124975,NAND4_X1,5
g124976,NAND4_X1,5
g124977,NAND4_X1,5
g124978,NAND4_X1,5
g124979,NAND4_X1,5
g124980,NAND4_X1,5
g124981,NAND4_X1,5
g124982,NAND4_X1,5
g124983,NAND4_X1,5
g124984,NAND4_X1,5
g124985,NAND4_X1,5
g124986,NAND4_X1,5
g124987,NAND4_X1,5
g124988,NAND4_X1,5
g124989,NAND4_X1,5
g124990,NAND4_X1,5
g124991,NAND4_X1,5
g124992,NAND4_X1,5
g124993,NAND4_X1,5
g124994,NAND4_X1,5
g124995,NAND4_X1,5
g124996,NAND4_X1,5
g124997,AND4_X1,5
g124998,NAND4_X1,5
g124999,NAND4_X1,5
g125000,NAND4_X1,5
g125001,NAND4_X1,5
g125002,NAND4_X1,5
g125003,NAND4_X1,5
g125004,NAND4_X1,5
g125005,NAND4_X1,5
g125006,NAND4_X1,5
g125007,NAND4_X1,5
g125008,NAND4_X1,5
g125009,NAND4_X1,5
g125010,NAND4_X1,5
g125011,NAND4_X1,5
g125012,NAND4_X1,5
g125013,NAND4_X1,5
g125014,NAND4_X1,5
g125015,NAND4_X1,5
g125016,NAND4_X1,5
g125017,NAND4_X1,5
g125018,NAND4_X1,5
g125019,NAND4_X1,5
g125020,AND4_X1,5
g125021,NAND4_X1,5
g125022,NAND4_X1,5
g125023,NAND4_X1,5
g125024,NAND4_X1,5
g125025,NAND4_X1,5
g125026,NAND4_X1,5
g125027,NAND4_X1,5
g125028,NAND4_X1,5
g125029,NAND4_X1,5
g125030,NAND4_X1,5
g125031,NAND4_X1,5
g125032,NAND4_X1,5
g125033,NAND4_X1,5
g125034,NAND4_X1,5
g125035,NAND4_X1,5
g125036,NAND4_X1,5
g125037,NAND4_X1,5
g125038,NAND4_X1,5
g125039,NAND4_X1,5
g125040,NAND4_X1,5
g125041,NAND4_X1,5
g125042,NAND4_X1,5
g125043,NAND4_X1,5
g125044,NAND4_X1,5
g125045,NAND4_X1,5
g125046,NAND4_X1,5
g125047,NAND4_X1,5
g125048,NAND4_X1,5
g125049,NAND4_X1,5
g125050,NAND4_X1,5
g125051,NAND4_X1,5
g125052,NAND4_X1,5
g125053,NAND4_X1,5
g125054,NAND4_X1,5
g125055,NAND4_X1,5
g125056,NAND4_X1,5
g125057,NAND4_X1,5
g125058,NAND4_X1,5
g125059,NAND4_X1,5
g125060,NAND4_X1,5
g125061,NAND4_X1,5
g125062,NAND4_X1,5
g125063,NAND4_X1,5
g125064,NAND4_X1,5
g125065,NAND4_X1,5
g125066,NAND4_X1,5
g125067,NAND4_X1,5
g125068,NAND4_X1,5
g125069,NAND4_X1,5
g125070,NAND4_X1,5
g125071,NOR2_X1,3
g125072,AOI21_X1,4
g125073,OAI21_X1,4
g125074,OAI211_X1,5
g125075,NAND2_X1,3
g125076,NAND4_X1,5
g125077,NAND4_X1,5
g125078,NAND4_X1,5
g125079,NAND4_X1,5
g125080,NAND4_X1,5
g125081,NAND4_X1,5
g125082,NAND4_X1,5
g125083,NAND4_X1,5
g125084,NAND4_X1,5
g125085,NAND4_X1,5
g125086,NAND4_X1,5
g125087,NAND4_X1,5
g125088,NAND4_X1,5
g125089,NAND4_X1,5
g125090,NAND4_X1,5
g125091,NAND4_X1,5
g125092,NAND4_X1,5
g125093,NAND4_X1,5
g125094,NAND4_X1,5
g125095,NAND4_X1,5
g125096,NAND4_X1,5
g125097,NAND4_X1,5
g125098,NAND4_X1,5
g125099,NAND4_X1,5
g125100,NAND4_X1,5
g125101,NAND4_X1,5
g125102,NAND4_X1,5
g125103,NAND4_X1,5
g125104,NAND4_X1,5
g125105,NAND4_X1,5
g125106,NAND4_X1,5
g125107,NAND4_X1,5
g125108,NAND4_X1,5
g125109,NAND4_X1,5
g125110,NAND4_X1,5
g125111,NAND4_X1,5
g125112,NAND4_X1,5
g125113,NAND4_X1,5
g125114,NAND4_X1,5
g125115,NAND4_X1,5
g125116,NAND4_X1,5
g125117,NAND4_X1,5
g125118,NAND4_X1,5
g125119,NAND4_X1,5
g125120,NAND4_X1,5
g125121,NAND4_X1,5
g125122,NAND4_X1,5
g125123,NAND4_X1,5
g125124,NAND4_X1,5
g125125,NAND4_X1,5
g125126,NAND4_X1,5
g125127,NAND4_X1,5
g125128,NAND4_X1,5
g125129,NAND4_X1,5
g125130,NAND4_X1,5
g125131,NAND4_X1,5
g125132,NAND4_X1,5
g125133,NAND4_X1,5
g125134,NAND4_X1,5
g125135,NAND4_X1,5
g125136,NAND4_X1,5
g125137,NAND4_X1,5
g125138,NAND4_X1,5
g125139,NAND4_X1,5
g125140,NAND4_X1,5
g125141,NAND4_X1,5
g125142,NAND4_X1,5
g125143,NAND4_X1,5
g125144,NAND4_X1,5
g125145,NAND4_X1,5
g125146,NAND4_X1,5
g125147,NAND4_X1,5
g125148,NAND4_X1,5
g125149,NAND4_X1,5
g125150,NAND4_X1,5
g125151,NAND4_X1,5
g125152,NAND4_X1,5
g125153,NAND4_X1,5
g125154,NAND4_X1,5
g125155,NAND4_X1,5
g125156,NAND4_X1,5
g125157,NAND4_X1,5
g125158,NAND4_X1,5
g125159,NAND4_X1,5
g125160,NAND4_X1,5
g125161,NAND4_X1,5
g125162,NAND4_X1,5
g125163,NAND4_X1,5
g125164,NAND4_X1,5
g125165,NAND4_X1,5
g125166,NAND4_X1,5
g125167,NAND4_X1,5
g125168,NAND4_X1,5
g125169,NAND4_X1,5
g125170,NAND4_X1,5
g125171,NAND4_X1,5
g125172,NAND4_X1,5
g125173,NAND4_X1,5
g125174,NAND4_X1,5
g125175,NAND4_X1,5
g125176,NAND4_X1,5
g125177,NAND4_X1,5
g125178,NAND4_X1,5
g125179,NAND4_X1,5
g125180,NAND4_X1,5
g125181,NAND4_X1,5
g125182,NAND4_X1,5
g125183,NAND4_X1,5
g125184,NAND4_X1,5
g125185,NAND4_X1,5
g125186,NAND4_X1,5
g125187,NAND4_X1,5
g125188,NAND4_X1,5
g125189,NAND4_X1,5
g125190,NAND4_X1,5
g125191,NAND4_X1,5
g125192,NAND4_X1,5
g125193,NAND4_X1,5
g125194,NAND4_X1,5
g125195,NAND4_X1,5
g125196,NAND4_X1,5
g125197,NAND4_X1,5
g125198,NAND4_X1,5
g125199,NAND4_X1,5
g125200,NAND4_X1,5
g125201,NAND4_X1,5
g125202,NAND4_X1,5
g125203,NAND4_X1,5
g125204,NAND4_X1,5
g125205,NAND4_X1,5
g125206,NAND4_X1,5
g125207,NAND4_X1,5
g125208,NAND4_X1,5
g125209,NAND4_X1,5
g125210,NAND4_X1,5
g125211,NAND4_X1,5
g125212,NAND4_X1,5
g125213,NAND4_X1,5
g125214,NAND4_X1,5
g125215,NAND4_X1,5
g125216,NAND4_X1,5
g125217,NAND4_X1,5
g125218,NAND4_X1,5
g125219,NAND4_X1,5
g125220,NAND4_X1,5
g125221,NAND4_X1,5
g125222,NAND4_X1,5
g125223,NAND4_X1,5
g125224,NAND4_X1,5
g125225,NAND4_X1,5
g125226,NAND4_X1,5
g125227,NAND4_X1,5
g125228,NAND4_X1,5
g125229,NAND4_X1,5
g125230,NAND4_X1,5
g125231,NAND4_X1,5
g125232,NAND4_X1,5
g125233,NAND4_X1,5
g125234,NAND4_X1,5
g125235,NAND4_X1,5
g125236,NAND4_X1,5
g125237,NAND4_X1,5
g125238,NAND4_X1,5
g125239,NAND4_X1,5
g125240,NAND4_X1,5
g125241,NAND4_X1,5
g125242,NAND4_X1,5
g125243,NAND4_X1,5
g125244,NAND4_X1,5
g125245,NAND4_X1,5
g125246,NAND4_X1,5
g125247,NAND4_X1,5
g125248,NAND4_X1,5
g125249,NAND4_X1,5
g125250,NAND4_X1,5
g125251,NAND4_X1,5
g125252,NAND4_X1,5
g125253,NAND4_X1,5
g125254,NAND4_X1,5
g125255,NAND4_X1,5
g125256,NAND4_X1,5
g125257,NAND4_X1,5
g125258,NAND4_X1,5
g125259,NAND4_X1,5
g125260,NAND4_X1,5
g125261,NAND4_X1,5
g125262,NAND4_X1,5
g125263,NAND4_X1,5
g125264,NAND4_X1,5
g125265,NAND4_X1,5
g125266,NAND4_X1,5
g125267,NAND4_X1,5
g125268,NAND4_X1,5
g125269,NAND4_X1,5
g125270,NAND4_X1,5
g125271,NAND4_X1,5
g125272,NAND4_X1,5
g125273,NAND4_X1,5
g125274,NAND4_X1,5
g125275,NAND4_X1,5
g125276,NAND4_X1,5
g125277,NAND4_X1,5
g125278,NAND4_X1,5
g125279,NAND4_X1,5
g125280,NAND4_X1,5
g125281,NAND4_X1,5
g125282,NAND4_X1,5
g125283,NAND4_X1,5
g125284,NAND4_X1,5
g125285,NAND4_X1,5
g125286,NAND4_X1,5
g125287,NAND4_X1,5
g125288,NAND4_X1,5
g125289,NAND4_X1,5
g125290,NAND4_X1,5
g125291,NAND4_X1,5
g125292,NAND4_X1,5
g125293,NAND4_X1,5
g125294,NAND4_X1,5
g125295,NAND4_X1,5
g125296,NAND4_X1,5
g125297,NAND4_X1,5
g125298,NAND4_X1,5
g125299,NAND4_X1,5
g125300,NAND4_X1,5
g125301,NAND4_X1,5
g125302,NAND4_X1,5
g125303,NAND4_X1,5
g125304,NAND4_X1,5
g125305,NAND4_X1,5
g125306,NAND4_X1,5
g125307,NAND4_X1,5
g125308,NAND4_X1,5
g125309,NAND4_X1,5
g125310,AND4_X1,5
g125311,NAND4_X1,5
g125312,NAND4_X1,5
g125313,NAND4_X1,5
g125314,NAND4_X1,5
g125315,NAND4_X1,5
g125316,NAND4_X1,5
g125317,NAND4_X1,5
g125318,NAND4_X1,5
g125319,NAND4_X1,5
g125320,NAND4_X1,5
g125321,NAND4_X1,5
g125322,NAND4_X1,5
g125323,NAND4_X1,5
g125324,NAND4_X1,5
g125325,NAND4_X1,5
g125326,NAND4_X1,5
g125327,NAND4_X1,5
g125328,NAND4_X1,5
g125329,NAND4_X1,5
g125330,NAND4_X1,5
g125331,NAND4_X1,5
g125332,NAND4_X1,5
g125333,NAND4_X1,5
g125334,NAND4_X1,5
g125335,NAND4_X1,5
g125336,NAND4_X1,5
g125337,NAND4_X1,5
g125338,NAND4_X1,5
g125339,NAND4_X1,5
g125340,NAND4_X1,5
g125341,NAND4_X1,5
g125342,NAND4_X1,5
g125343,NAND4_X1,5
g125344,NAND4_X1,5
g125345,NAND4_X1,5
g125346,NAND4_X1,5
g125347,NAND4_X1,5
g125348,NAND4_X1,5
g125349,NAND4_X1,5
g125350,NAND4_X1,5
g125351,NAND4_X1,5
g125352,NAND4_X1,5
g125353,NAND4_X1,5
g125354,NAND4_X1,5
g125355,NAND4_X1,5
g125356,NAND4_X1,5
g125357,NAND4_X1,5
g125358,NAND4_X1,5
g125359,NAND4_X1,5
g125360,NAND4_X1,5
g125361,NAND4_X1,5
g125362,NAND4_X1,5
g125363,NAND4_X1,5
g125364,NAND4_X1,5
g125365,NAND4_X1,5
g125366,NAND4_X1,5
g125367,NAND4_X1,5
g125368,NAND4_X1,5
g125369,NAND4_X1,5
g125370,NAND4_X1,5
g125371,NAND4_X1,5
g125372,NAND4_X1,5
g125373,NAND4_X1,5
g125374,NAND4_X1,5
g125375,NAND4_X1,5
g125376,NAND4_X1,5
g125377,NAND4_X1,5
g125378,NAND4_X1,5
g125379,NAND4_X1,5
g125380,NAND4_X1,5
g125381,NAND4_X1,5
g125382,NAND4_X1,5
g125383,NAND4_X1,5
g125384,NAND4_X1,5
g125385,NAND4_X1,5
g125386,NAND4_X1,5
g125387,NAND4_X1,5
g125388,NAND4_X1,5
g125389,NAND4_X1,5
g125390,NAND4_X1,5
g125391,NAND4_X1,5
g125392,NAND4_X1,5
g125393,NAND4_X1,5
g125394,NAND4_X1,5
g125395,NAND4_X1,5
g125396,NAND4_X1,5
g125397,NAND4_X1,5
g125398,NAND4_X1,5
g125399,NAND4_X1,5
g125400,NAND4_X1,5
g125401,NAND4_X1,5
g125402,NAND4_X1,5
g125403,NAND4_X1,5
g125404,NAND4_X1,5
g125405,NAND4_X1,5
g125406,NAND4_X1,5
g125407,NAND4_X1,5
g125408,NAND4_X1,5
g125409,NAND4_X1,5
g125410,NAND4_X1,5
g125411,NAND4_X1,5
g125412,NAND4_X1,5
g125413,NAND4_X1,5
g125414,NAND4_X1,5
g125415,NAND4_X1,5
g125416,NAND4_X1,5
g125417,NAND4_X1,5
g125418,NAND4_X1,5
g125419,NAND4_X1,5
g125420,NAND4_X1,5
g125421,NAND4_X1,5
g125422,NAND4_X1,5
g125423,NAND4_X1,5
g125424,NAND4_X1,5
g125425,NAND4_X1,5
g125426,NAND4_X1,5
g125427,NAND4_X1,5
g125428,NAND4_X1,5
g125429,NAND4_X1,5
g125430,NAND4_X1,5
g125431,NAND4_X1,5
g125432,INV_X1,2
g125433,INV_X1,2
g125434,INV_X1,2
g125435,INV_X1,2
g125436,INV_X1,2
g125437,INV_X1,2
g125438,INV_X1,2
g125439,INV_X1,2
g125440,INV_X1,2
g125441,INV_X1,2
g125442,INV_X1,2
g125443,INV_X1,2
g125444,INV_X1,2
g125445,INV_X1,2
g125446,INV_X1,2
g125447,INV_X1,2
g125448,INV_X1,2
g125449,INV_X1,2
g125450,INV_X1,2
g125451,INV_X1,2
g125452,INV_X1,2
g125453,INV_X1,2
g125454,INV_X1,2
g125455,INV_X1,2
g125456,INV_X1,2
g125457,INV_X1,2
g125458,INV_X1,2
g125459,INV_X1,2
g125460,INV_X1,2
g125461,INV_X1,2
g125462,INV_X1,2
g125463,INV_X1,2
g125464,INV_X1,2
g125465,INV_X1,2
g125466,INV_X1,2
g125467,INV_X1,2
g125468,INV_X1,2
g125469,INV_X1,2
g125470,INV_X1,2
g125471,INV_X1,2
g125472,INV_X1,2
g125473,INV_X1,2
g125475,INV_X1,2
g125476,INV_X1,2
g125477,INV_X1,2
g125480,AOI21_X1,4
g125481,NOR2_X1,3
g125482,NOR2_X1,3
g125483,NOR2_X1,3
g125484,NOR2_X1,3
g125485,NOR2_X1,3
g125486,AND2_X1,3
g125487,AND2_X1,3
g125488,AND2_X1,3
g125489,AND2_X1,3
g125490,AND2_X1,3
g125491,AND2_X1,3
g125492,AND2_X1,3
g125493,AND2_X1,3
g125494,AND2_X1,3
g125495,AND2_X1,3
g125496,AND2_X1,3
g125497,AND2_X1,3
g125498,AND2_X1,3
g125499,AND2_X1,3
g125500,AND2_X1,3
g125501,AND2_X1,3
g125502,AND2_X1,3
g125503,AND2_X1,3
g125504,AND2_X1,3
g125505,AND2_X1,3
g125506,AND2_X1,3
g125507,AND2_X1,3
g125508,AND2_X1,3
g125509,AND2_X1,3
g125510,AND2_X1,3
g125511,AND2_X1,3
g125512,AND2_X1,3
g125513,AND2_X1,3
g125514,AND2_X1,3
g125515,AND2_X1,3
g125516,AND2_X1,3
g125517,AND2_X1,3
g125518,AND2_X1,3
g125519,AND2_X1,3
g125520,AND2_X1,3
g125521,AND2_X1,3
g125522,AND2_X1,3
g125523,AND2_X1,3
g125524,AND2_X1,3
g125525,AND2_X1,3
g125526,AND2_X1,3
g125527,AND2_X1,3
g125528,AND2_X1,3
g125529,AND2_X1,3
g125530,AOI22_X1,5
g125531,OR2_X1,3
g125532,AND2_X4,3
g125533,AOI22_X1,5
g125534,AOI22_X1,5
g125535,AOI221_X1,6
g125536,AOI221_X1,6
g125537,AOI21_X1,4
g125538,AOI22_X1,5
g125539,AOI21_X1,4
g125540,AOI21_X1,4
g125541,AOI21_X1,4
g125542,OAI221_X1,6
g125543,AOI21_X1,4
g125544,AOI22_X1,5
g125545,AOI22_X1,5
g125546,OAI21_X1,4
g125547,AOI22_X1,5
g125548,AOI222_X1,7
g125549,AOI222_X1,7
g125550,AOI222_X1,7
g125551,AOI222_X1,7
g125552,AOI222_X1,7
g125553,AOI222_X1,7
g125554,AOI21_X1,4
g125555,OAI21_X1,4
g125556,OAI21_X1,4
g125557,OAI21_X1,4
g125558,NOR3_X1,4
g125559,OAI211_X1,5
g125560,AOI222_X1,7
g125561,AOI22_X1,5
g125562,AOI22_X1,5
g125563,AOI21_X1,4
g125564,AOI22_X1,5
g125565,AOI22_X1,5
g125566,AOI22_X1,5
g125567,AOI22_X1,5
g125568,AOI22_X1,5
g125569,AOI22_X1,5
g125570,AOI22_X1,5
g125571,AOI22_X1,5
g125572,AOI22_X1,5
g125573,AOI22_X1,5
g125574,AOI22_X1,5
g125575,AOI22_X1,5
g125576,AOI22_X1,5
g125577,AOI22_X1,5
g125578,AOI22_X1,5
g125579,AOI22_X1,5
g125580,AOI22_X1,5
g125581,AOI22_X1,5
g125582,AOI22_X1,5
g125583,AOI22_X1,5
g125584,AOI22_X1,5
g125585,AOI22_X1,5
g125586,AOI22_X1,5
g125587,AOI22_X1,5
g125588,AOI22_X1,5
g125589,AOI22_X1,5
g125590,AOI22_X1,5
g125591,AOI22_X1,5
g125592,AOI22_X1,5
g125593,AOI22_X1,5
g125594,AOI22_X1,5
g125595,AOI22_X1,5
g125596,AOI22_X1,5
g125597,NAND3_X1,4
g125598,AOI221_X1,6
g125599,AOI221_X1,6
g125600,OR4_X1,5
g125601,AOI221_X1,6
g125602,AOI221_X1,6
g125603,AOI221_X1,6
g125604,AOI221_X1,6
g125605,NOR4_X1,5
g125606,NAND2_X1,3
g125607,NOR2_X1,3
g125608,AOI221_X1,6
g125609,NOR2_X1,3
g125610,AOI221_X1,6
g125611,AOI221_X1,6
g125612,AOI221_X1,6
g125613,AOI221_X1,6
g125614,NAND3_X1,4
g125615,AOI221_X1,6
g125616,AOI221_X1,6
g125617,AOI221_X1,6
g125618,AOI221_X1,6
g125619,AOI221_X1,6
g125620,AOI221_X1,6
g125621,AOI221_X1,6
g125622,AOI221_X1,6
g125623,AOI221_X1,6
g125624,AOI221_X1,6
g125625,AOI221_X1,6
g125626,AOI221_X1,6
g125627,AOI221_X1,6
g125628,AOI221_X1,6
g125629,AOI221_X1,6
g125630,AOI221_X1,6
g125631,AOI221_X1,6
g125632,AOI221_X1,6
g125633,AOI221_X1,6
g125634,AOI221_X1,6
g125635,AOI221_X1,6
g125636,AOI221_X1,6
g125637,AOI221_X1,6
g125638,AOI221_X1,6
g125639,AOI221_X1,6
g125640,AOI221_X1,6
g125641,AOI221_X1,6
g125642,AOI221_X1,6
g125643,AOI221_X1,6
g125644,AOI221_X1,6
g125645,AOI221_X1,6
g125646,AOI221_X1,6
g125647,AOI221_X1,6
g125648,AOI221_X1,6
g125649,AOI221_X1,6
g125650,AOI221_X1,6
g125651,AOI221_X1,6
g125652,AOI221_X1,6
g125653,AOI221_X1,6
g125654,AOI221_X1,6
g125655,AOI221_X1,6
g125656,AOI221_X1,6
g125657,AOI221_X1,6
g125658,NOR3_X1,4
g125659,AOI21_X1,4
g125660,OAI21_X1,4
g125661,OR4_X4,5
g125662,AND2_X4,3
g125663,AOI211_X4,5
g125664,AND2_X4,3
g125665,INV_X1,2
g125666,INV_X1,2
g125667,INV_X1,2
g125668,INV_X1,2
g125669,INV_X1,2
g125670,INV_X1,2
g125671,INV_X1,2
g125672,INV_X1,2
g125673,INV_X1,2
g125674,INV_X1,2
g125675,NAND4_X1,5
g125676,AOI22_X1,5
g125677,AOI22_X1,5
g125678,AOI22_X1,5
g125679,AOI22_X1,5
g125680,AOI22_X1,5
g125681,AOI22_X1,5
g125682,AOI22_X1,5
g125683,AOI22_X1,5
g125684,OAI211_X1,5
g125685,AOI21_X1,4
g125686,AOI221_X1,6
g125687,OAI22_X1,5
g125688,OAI22_X1,5
g125689,OAI22_X1,5
g125690,NAND4_X1,5
g125691,NAND4_X1,5
g125692,NAND4_X1,5
g125693,NAND4_X1,5
g125694,NAND4_X1,5
g125695,NAND4_X1,5
g125696,NAND4_X1,5
g125697,NAND4_X1,5
g125698,NAND4_X1,5
g125699,NAND4_X1,5
g125700,NAND4_X1,5
g125701,NAND4_X1,5
g125702,NAND4_X1,5
g125703,NAND4_X1,5
g125704,NAND4_X1,5
g125705,NAND4_X1,5
g125706,NAND4_X1,5
g125707,NAND4_X1,5
g125708,NAND4_X1,5
g125709,NAND4_X1,5
g125710,NAND4_X1,5
g125711,NAND4_X1,5
g125712,NAND4_X1,5
g125713,NAND4_X1,5
g125714,NAND4_X1,5
g125715,NAND4_X1,5
g125716,NAND4_X1,5
g125717,NAND4_X1,5
g125718,NAND4_X1,5
g125719,NAND4_X1,5
g125720,NAND4_X1,5
g125721,NAND4_X1,5
g125722,NAND4_X1,5
g125723,NAND4_X1,5
g125724,NAND4_X1,5
g125725,NAND4_X1,5
g125726,NAND4_X1,5
g125727,NAND4_X1,5
g125728,NAND4_X1,5
g125729,NAND4_X1,5
g125730,NAND4_X1,5
g125731,NAND4_X1,5
g125732,NAND4_X1,5
g125733,NAND4_X1,5
g125734,NAND4_X1,5
g125735,NAND4_X1,5
g125736,NAND4_X1,5
g125737,NAND4_X1,5
g125738,NAND4_X1,5
g125739,NAND4_X1,5
g125740,NAND4_X1,5
g125741,NAND4_X1,5
g125742,NAND4_X1,5
g125743,NAND4_X1,5
g125744,NAND4_X1,5
g125745,NAND4_X1,5
g125746,NAND4_X1,5
g125747,NAND4_X1,5
g125748,NAND4_X1,5
g125749,NAND4_X1,5
g125750,NAND4_X1,5
g125751,NAND4_X1,5
g125752,NAND4_X1,5
g125753,NAND4_X1,5
g125754,NAND4_X1,5
g125755,NAND4_X1,5
g125756,NAND4_X1,5
g125757,NAND4_X1,5
g125758,NAND4_X1,5
g125759,NAND4_X1,5
g125760,NAND4_X1,5
g125761,NAND4_X1,5
g125762,NAND4_X1,5
g125763,NAND4_X1,5
g125764,NAND4_X1,5
g125765,NAND4_X1,5
g125766,NAND4_X1,5
g125767,NAND4_X1,5
g125768,AOI22_X1,5
g125769,NAND4_X1,5
g125770,NAND4_X1,5
g125771,NAND4_X1,5
g125772,NAND4_X1,5
g125773,NAND4_X1,5
g125774,NAND4_X1,5
g125775,NAND4_X1,5
g125776,NAND4_X1,5
g125777,NAND4_X1,5
g125778,NAND4_X1,5
g125779,NAND4_X1,5
g125780,NAND4_X1,5
g125781,NAND4_X1,5
g125782,NAND4_X1,5
g125783,NAND4_X1,5
g125784,NAND4_X1,5
g125785,NAND4_X1,5
g125786,NAND4_X1,5
g125787,NAND4_X1,5
g125788,NAND4_X1,5
g125789,NAND4_X1,5
g125790,NAND4_X1,5
g125791,NAND4_X1,5
g125792,NAND4_X1,5
g125793,NAND4_X1,5
g125794,NAND4_X1,5
g125795,NAND4_X1,5
g125796,NAND4_X1,5
g125797,NAND4_X1,5
g125798,NAND4_X1,5
g125799,NAND4_X1,5
g125800,NAND4_X1,5
g125801,NAND4_X1,5
g125802,NAND4_X1,5
g125803,NAND4_X1,5
g125804,NAND4_X1,5
g125805,NAND4_X1,5
g125806,NAND4_X1,5
g125807,NAND4_X1,5
g125808,NAND4_X1,5
g125809,NAND4_X1,5
g125810,NAND4_X1,5
g125811,NAND4_X1,5
g125812,NAND4_X1,5
g125813,NAND4_X1,5
g125814,NAND4_X1,5
g125815,NAND4_X1,5
g125816,NAND4_X1,5
g125817,NAND4_X1,5
g125818,NAND4_X1,5
g125819,NAND4_X1,5
g125820,NAND4_X1,5
g125821,NAND4_X1,5
g125822,NAND4_X1,5
g125823,NAND4_X1,5
g125824,NAND4_X1,5
g125825,NAND4_X1,5
g125826,NAND4_X1,5
g125827,NAND4_X1,5
g125828,NAND4_X1,5
g125829,NAND4_X1,5
g125830,NAND4_X1,5
g125831,NAND4_X1,5
g125832,NAND4_X1,5
g125833,NAND4_X1,5
g125834,NAND4_X1,5
g125835,NAND4_X1,5
g125836,NAND4_X1,5
g125837,NAND4_X1,5
g125838,NAND4_X1,5
g125839,NAND4_X1,5
g125840,NAND4_X1,5
g125841,NAND4_X1,5
g125842,NAND4_X1,5
g125843,NAND4_X1,5
g125844,NAND4_X1,5
g125845,NAND4_X1,5
g125846,NAND4_X1,5
g125847,NAND4_X1,5
g125848,NAND4_X1,5
g125849,NAND4_X1,5
g125850,NAND4_X1,5
g125851,NAND4_X1,5
g125852,NAND4_X1,5
g125853,NAND4_X1,5
g125854,NAND4_X1,5
g125855,NAND4_X1,5
g125856,XOR2_X1,3
g125857,XOR2_X1,3
g125858,XOR2_X1,3
g125859,XOR2_X1,3
g125860,XOR2_X1,3
g125861,INV_X1,2
g125862,INV_X1,2
g125863,INV_X1,2
g125864,INV_X1,2
g125865,INV_X1,2
g125866,INV_X1,2
g125867,INV_X1,2
g125868,AOI22_X1,5
g125869,NAND2_X1,3
g125870,AOI22_X1,5
g125871,NOR2_X1,3
g125872,NOR2_X1,3
g125873,AOI22_X1,5
g125874,OAI33_X1,6
g125875,OAI21_X1,4
g125876,OAI22_X1,5
g125877,NOR2_X1,3
g125878,NOR2_X1,3
g125879,NOR2_X1,3
g125880,NOR2_X1,3
g125881,NOR2_X1,3
g125882,NOR2_X1,3
g125883,NOR2_X1,3
g125884,NOR2_X1,3
g125885,NOR2_X1,3
g125886,NOR2_X1,3
g125887,NOR2_X1,3
g125888,NOR2_X1,3
g125889,NOR2_X1,3
g125890,NOR2_X1,3
g125891,NOR2_X1,3
g125892,NOR2_X1,3
g125893,NOR2_X1,3
g125894,NOR2_X1,3
g125895,NOR2_X1,3
g125896,NOR2_X1,3
g125897,NOR2_X1,3
g125898,NOR2_X1,3
g125899,NOR2_X1,3
g125900,NOR2_X1,3
g125901,NOR2_X1,3
g125902,NOR2_X1,3
g125903,NOR2_X1,3
g125905,AOI21_X1,4
g125906,AOI21_X1,4
g125907,AOI21_X1,4
g125908,AOI21_X1,4
g125909,AOI21_X1,4
g125910,AOI21_X1,4
g125911,AOI21_X1,4
g125912,AOI21_X1,4
g125913,AOI21_X1,4
g125914,AOI21_X1,4
g125915,AOI21_X1,4
g125916,AOI21_X1,4
g125917,AOI21_X1,4
g125918,AOI21_X1,4
g125919,AOI21_X1,4
g125920,AOI21_X1,4
g125921,AOI21_X1,4
g125922,AOI21_X1,4
g125923,AOI21_X1,4
g125924,AOI21_X1,4
g125925,AOI21_X1,4
g125926,AOI21_X1,4
g125927,AOI21_X1,4
g125928,AOI21_X1,4
g125929,AOI21_X1,4
g125930,AOI21_X1,4
g125931,AOI21_X1,4
g125932,AOI21_X1,4
g125933,AOI21_X1,4
g125934,AOI21_X1,4
g125935,AOI21_X1,4
g125936,AOI21_X1,4
g125937,AOI21_X1,4
g125938,AOI21_X1,4
g125939,AOI21_X1,4
g125940,AOI21_X1,4
g125941,AOI21_X1,4
g125942,AOI21_X1,4
g125943,AOI21_X1,4
g125944,AOI21_X1,4
g125945,AOI21_X1,4
g125946,AOI21_X1,4
g125947,AOI21_X1,4
g125948,AOI21_X1,4
g125949,AOI21_X1,4
g125950,AOI21_X1,4
g125951,AOI21_X1,4
g125952,AOI21_X1,4
g125953,AOI21_X1,4
g125954,OAI21_X1,4
g125955,AOI21_X1,4
g125956,AOI21_X1,4
g125957,AOI21_X1,4
g125958,AOI21_X1,4
g125959,AOI21_X1,4
g125960,AOI21_X1,4
g125961,AOI21_X1,4
g125962,AOI22_X1,5
g125963,AOI21_X1,4
g125964,AOI21_X1,4
g125965,AOI21_X1,4
g125966,AOI21_X1,4
g125967,AOI21_X1,4
g125968,AOI21_X1,4
g125969,AOI21_X1,4
g125970,AOI21_X1,4
g125971,AOI22_X1,5
g125972,AOI22_X1,5
g125973,AOI21_X1,4
g125974,AOI22_X1,5
g125975,AOI222_X1,7
g125976,AOI222_X1,7
g125977,AOI222_X1,7
g125978,AOI222_X1,7
g125979,AOI222_X1,7
g125980,AOI222_X1,7
g125981,AOI222_X1,7
g125982,AOI222_X1,7
g125983,AOI22_X1,5
g125984,OR4_X1,5
g125985,NOR3_X1,4
g125986,AOI21_X1,4
g125987,AOI22_X1,5
g125988,AOI21_X1,4
g125989,AOI221_X1,6
g125990,AOI221_X1,6
g125991,AOI221_X1,6
g125992,AOI221_X1,6
g125993,AOI221_X1,6
g125994,AOI221_X1,6
g125995,AOI221_X1,6
g125996,AOI221_X1,6
g125997,AOI221_X1,6
g125998,AOI221_X1,6
g125999,AOI221_X1,6
g126000,AOI221_X1,6
g126001,AOI221_X1,6
g126002,AOI221_X1,6
g126003,AOI221_X1,6
g126004,AOI221_X1,6
g126005,AOI221_X1,6
g126006,AOI221_X1,6
g126007,AOI221_X1,6
g126008,AOI221_X1,6
g126009,AOI221_X1,6
g126010,AOI221_X1,6
g126011,AOI221_X1,6
g126012,AOI221_X1,6
g126013,AOI221_X1,6
g126014,AOI221_X1,6
g126015,AOI221_X1,6
g126016,AOI221_X1,6
g126017,AOI221_X1,6
g126018,AOI221_X1,6
g126019,AOI221_X1,6
g126020,AOI221_X1,6
g126021,AOI21_X1,4
g126022,AOI22_X1,5
g126023,AOI22_X1,5
g126024,AOI22_X1,5
g126025,AOI22_X1,5
g126026,AOI22_X1,5
g126027,AOI22_X1,5
g126028,AOI22_X1,5
g126029,AOI22_X1,5
g126030,AOI22_X1,5
g126031,AOI22_X1,5
g126032,AOI22_X1,5
g126033,AOI22_X1,5
g126034,AOI22_X1,5
g126035,AOI22_X1,5
g126036,AOI22_X1,5
g126037,AOI22_X1,5
g126038,AOI22_X1,5
g126039,AOI22_X1,5
g126040,AOI22_X1,5
g126041,AOI22_X1,5
g126042,AOI22_X1,5
g126043,AOI22_X1,5
g126044,AOI22_X1,5
g126045,AOI22_X1,5
g126046,AOI22_X1,5
g126047,AOI22_X1,5
g126048,AOI22_X1,5
g126049,AOI22_X1,5
g126050,AOI22_X1,5
g126051,AOI22_X1,5
g126052,AOI22_X1,5
g126053,AOI22_X1,5
g126054,AOI22_X1,5
g126055,AOI22_X1,5
g126056,AOI22_X1,5
g126057,AOI22_X1,5
g126058,AOI22_X1,5
g126059,AOI22_X1,5
g126060,AOI22_X1,5
g126061,AOI22_X1,5
g126062,AOI22_X1,5
g126063,AOI22_X1,5
g126064,AOI22_X1,5
g126065,AOI22_X1,5
g126066,AOI22_X1,5
g126067,AOI22_X1,5
g126068,AOI22_X1,5
g126069,AOI22_X1,5
g126070,AOI22_X1,5
g126071,AOI22_X1,5
g126072,AOI22_X1,5
g126073,AOI22_X1,5
g126074,AOI22_X1,5
g126075,AOI22_X1,5
g126076,AOI22_X1,5
g126077,AOI22_X1,5
g126078,AOI22_X1,5
g126079,AOI22_X1,5
g126080,AOI22_X1,5
g126081,AOI22_X1,5
g126082,AOI22_X1,5
g126083,AOI22_X1,5
g126084,AOI22_X1,5
g126085,AOI22_X1,5
g126086,AOI22_X1,5
g126087,AOI22_X1,5
g126088,AOI22_X1,5
g126089,AOI22_X1,5
g126090,AOI22_X1,5
g126091,AOI22_X1,5
g126092,AOI22_X1,5
g126093,AOI22_X1,5
g126094,AOI22_X1,5
g126095,AOI22_X1,5
g126096,AOI22_X1,5
g126097,AOI22_X1,5
g126098,AOI22_X1,5
g126099,AOI22_X1,5
g126100,AOI22_X1,5
g126101,AOI22_X1,5
g126102,AOI22_X1,5
g126103,AOI22_X1,5
g126104,AOI22_X1,5
g126105,AOI22_X1,5
g126106,AOI22_X1,5
g126107,AOI22_X1,5
g126108,AOI22_X1,5
g126109,AOI22_X1,5
g126110,AOI22_X1,5
g126111,AOI22_X1,5
g126112,AOI22_X1,5
g126113,AOI22_X1,5
g126114,AOI22_X1,5
g126115,AOI22_X1,5
g126116,AOI22_X1,5
g126117,AOI22_X1,5
g126118,AOI22_X1,5
g126119,AOI22_X1,5
g126120,AOI22_X1,5
g126121,AOI22_X1,5
g126122,AOI22_X1,5
g126123,AOI22_X1,5
g126124,AOI22_X1,5
g126125,AOI22_X1,5
g126126,AOI22_X1,5
g126127,AOI22_X1,5
g126128,AOI22_X1,5
g126129,AOI22_X1,5
g126130,AOI22_X1,5
g126131,AOI22_X1,5
g126132,AOI22_X1,5
g126133,AOI22_X1,5
g126134,AOI22_X1,5
g126135,AOI22_X1,5
g126136,AOI22_X1,5
g126137,AOI22_X1,5
g126138,AOI22_X1,5
g126139,AOI22_X1,5
g126140,AOI22_X1,5
g126141,AOI22_X1,5
g126142,AOI22_X1,5
g126143,AOI22_X1,5
g126144,AOI22_X1,5
g126145,AOI22_X1,5
g126146,AOI22_X1,5
g126147,AOI22_X1,5
g126148,AOI22_X1,5
g126149,AOI22_X1,5
g126150,AOI22_X1,5
g126151,AOI22_X1,5
g126152,AOI22_X1,5
g126153,AOI22_X1,5
g126154,AOI22_X1,5
g126155,AOI22_X1,5
g126156,AOI22_X1,5
g126157,AOI22_X1,5
g126158,AOI22_X1,5
g126159,AOI22_X1,5
g126160,AOI22_X1,5
g126161,AOI22_X1,5
g126162,AOI22_X1,5
g126163,AOI22_X1,5
g126164,AOI22_X1,5
g126165,AOI22_X1,5
g126166,AOI22_X1,5
g126167,AOI22_X1,5
g126168,AOI22_X1,5
g126169,AOI22_X1,5
g126170,AOI22_X1,5
g126171,AOI22_X1,5
g126172,AOI22_X1,5
g126173,AOI22_X1,5
g126174,AOI22_X1,5
g126175,AOI22_X1,5
g126176,AOI22_X1,5
g126177,AOI22_X1,5
g126178,AOI22_X1,5
g126179,AOI22_X1,5
g126180,AOI22_X1,5
g126181,AOI22_X1,5
g126182,AOI22_X1,5
g126183,AOI22_X1,5
g126184,AOI22_X1,5
g126185,AOI22_X1,5
g126186,AOI22_X1,5
g126187,AOI22_X1,5
g126188,AOI22_X1,5
g126189,AOI22_X1,5
g126190,AOI22_X1,5
g126191,AOI22_X1,5
g126192,AOI22_X1,5
g126193,AOI22_X1,5
g126194,AOI22_X1,5
g126195,AOI22_X1,5
g126196,AOI22_X1,5
g126197,AOI22_X1,5
g126198,AOI22_X1,5
g126199,AOI22_X1,5
g126200,AOI22_X1,5
g126201,AOI22_X1,5
g126202,AOI22_X1,5
g126203,AOI22_X1,5
g126204,AOI22_X1,5
g126205,AOI22_X1,5
g126206,AOI22_X1,5
g126207,AOI22_X1,5
g126208,AOI22_X1,5
g126209,AOI22_X1,5
g126210,AOI22_X1,5
g126211,AOI22_X1,5
g126212,AOI22_X1,5
g126213,AOI22_X1,5
g126214,AOI22_X1,5
g126215,AOI22_X1,5
g126216,AOI22_X1,5
g126217,AOI22_X1,5
g126218,AOI22_X1,5
g126219,AOI22_X1,5
g126220,AOI22_X1,5
g126221,AOI22_X1,5
g126222,AOI22_X1,5
g126223,AOI22_X1,5
g126224,OAI222_X1,7
g126225,AOI22_X1,5
g126226,AOI22_X1,5
g126227,AOI22_X1,5
g126228,AOI22_X1,5
g126229,AOI22_X1,5
g126230,AOI22_X1,5
g126231,AOI22_X1,5
g126232,AOI22_X1,5
g126233,AOI22_X1,5
g126234,AOI22_X1,5
g126235,AOI22_X1,5
g126236,AOI22_X1,5
g126237,AOI22_X1,5
g126238,AOI22_X1,5
g126239,AOI22_X1,5
g126240,AOI22_X1,5
g126241,AOI22_X1,5
g126242,AOI22_X1,5
g126243,AOI22_X1,5
g126244,AOI22_X1,5
g126245,AOI22_X1,5
g126246,AOI22_X1,5
g126247,AOI22_X1,5
g126248,AOI22_X1,5
g126249,AOI22_X1,5
g126250,AOI22_X1,5
g126251,AOI22_X1,5
g126252,AOI22_X1,5
g126253,AOI22_X1,5
g126254,AOI22_X1,5
g126255,AOI22_X1,5
g126256,AOI22_X1,5
g126257,AOI22_X1,5
g126258,AOI22_X1,5
g126259,AOI22_X1,5
g126260,AOI22_X1,5
g126261,AOI22_X1,5
g126262,AOI22_X1,5
g126263,AOI22_X1,5
g126264,AOI22_X1,5
g126265,AOI22_X1,5
g126266,AOI22_X1,5
g126267,AOI22_X1,5
g126268,AOI22_X1,5
g126269,AOI22_X1,5
g126270,AOI22_X1,5
g126271,AOI22_X1,5
g126272,AOI22_X1,5
g126273,AOI22_X1,5
g126274,AOI22_X1,5
g126275,AOI22_X1,5
g126276,AOI22_X1,5
g126277,AOI22_X1,5
g126278,AOI22_X1,5
g126279,AOI22_X1,5
g126280,AOI22_X1,5
g126281,AOI22_X1,5
g126282,AOI22_X1,5
g126283,AOI22_X1,5
g126284,AOI22_X1,5
g126285,AOI22_X1,5
g126286,AOI22_X1,5
g126287,AOI22_X1,5
g126288,AOI22_X1,5
g126289,AOI22_X1,5
g126290,AOI22_X1,5
g126291,AOI22_X1,5
g126292,AOI22_X1,5
g126293,AOI22_X1,5
g126294,AOI22_X1,5
g126295,AOI22_X1,5
g126296,AOI22_X1,5
g126297,AOI22_X1,5
g126298,AOI22_X1,5
g126299,AOI22_X1,5
g126300,AOI22_X1,5
g126301,AOI22_X1,5
g126302,AOI22_X1,5
g126303,AOI22_X1,5
g126304,AOI22_X1,5
g126305,AOI22_X1,5
g126306,AOI22_X1,5
g126307,AOI22_X1,5
g126308,AOI22_X1,5
g126309,AOI22_X1,5
g126310,AOI22_X1,5
g126311,AOI22_X1,5
g126312,AOI22_X1,5
g126313,AOI22_X1,5
g126314,AOI22_X1,5
g126315,AOI22_X1,5
g126316,AOI22_X1,5
g126317,AOI22_X1,5
g126318,AOI22_X1,5
g126319,AOI22_X1,5
g126320,AOI22_X1,5
g126321,AOI22_X1,5
g126322,AOI22_X1,5
g126323,AOI22_X1,5
g126324,AOI22_X1,5
g126325,AOI22_X1,5
g126326,AOI22_X1,5
g126327,AOI22_X1,5
g126328,AOI22_X1,5
g126329,AOI22_X1,5
g126330,AOI22_X1,5
g126331,AOI22_X1,5
g126332,AOI22_X1,5
g126333,AOI22_X1,5
g126334,AOI22_X1,5
g126335,AOI22_X1,5
g126336,AOI22_X1,5
g126337,AOI22_X1,5
g126338,AOI22_X1,5
g126339,AOI22_X1,5
g126340,AOI22_X1,5
g126341,AOI22_X1,5
g126342,AOI22_X1,5
g126343,AOI22_X1,5
g126344,AOI22_X1,5
g126345,AOI22_X1,5
g126346,AOI22_X1,5
g126347,AOI22_X1,5
g126348,AOI22_X1,5
g126349,AOI22_X1,5
g126350,AOI22_X1,5
g126351,AOI22_X1,5
g126352,AOI22_X1,5
g126353,AOI22_X1,5
g126354,AOI22_X1,5
g126355,AOI22_X1,5
g126356,AOI22_X1,5
g126357,AOI22_X1,5
g126358,AOI22_X1,5
g126359,AOI22_X1,5
g126360,AOI22_X1,5
g126361,AOI22_X1,5
g126362,AOI22_X1,5
g126363,AOI22_X1,5
g126364,AOI22_X1,5
g126365,AOI22_X1,5
g126366,AOI22_X1,5
g126367,AOI22_X1,5
g126368,AOI22_X1,5
g126369,AOI22_X1,5
g126370,AOI22_X1,5
g126371,AOI22_X1,5
g126372,AOI22_X1,5
g126373,AOI22_X1,5
g126374,AOI22_X1,5
g126375,AOI22_X1,5
g126376,AOI22_X1,5
g126377,AOI22_X1,5
g126378,AOI22_X1,5
g126379,AOI22_X1,5
g126380,AOI22_X1,5
g126381,AOI22_X1,5
g126382,AOI22_X1,5
g126383,AOI22_X1,5
g126384,AOI22_X1,5
g126385,AOI22_X1,5
g126386,AOI22_X1,5
g126387,AOI22_X1,5
g126388,AOI22_X1,5
g126389,AOI22_X1,5
g126390,AOI22_X1,5
g126391,AOI22_X1,5
g126392,AOI22_X1,5
g126393,AOI22_X1,5
g126394,AOI22_X1,5
g126395,AOI22_X1,5
g126396,AOI22_X1,5
g126397,AOI22_X1,5
g126398,AOI22_X1,5
g126399,AOI22_X1,5
g126400,AOI22_X1,5
g126401,AOI22_X1,5
g126402,AOI22_X1,5
g126403,AOI22_X1,5
g126404,AOI22_X1,5
g126405,AOI22_X1,5
g126406,AOI22_X1,5
g126407,AOI22_X1,5
g126408,AOI22_X1,5
g126409,AOI22_X1,5
g126410,AOI22_X1,5
g126411,AOI22_X1,5
g126412,AOI22_X1,5
g126413,AOI22_X1,5
g126414,AOI22_X1,5
g126415,AOI22_X1,5
g126416,AOI22_X1,5
g126417,AOI22_X1,5
g126418,AOI22_X1,5
g126419,AOI22_X1,5
g126420,AOI22_X1,5
g126421,AOI22_X1,5
g126422,AOI22_X1,5
g126423,AOI22_X1,5
g126424,AOI22_X1,5
g126425,AOI22_X1,5
g126426,AOI22_X1,5
g126427,AOI22_X1,5
g126428,AOI22_X1,5
g126429,AOI22_X1,5
g126430,AOI22_X1,5
g126431,AOI22_X1,5
g126432,AOI22_X1,5
g126433,AOI22_X1,5
g126434,AOI22_X1,5
g126435,AOI22_X1,5
g126436,AOI22_X1,5
g126437,AOI22_X1,5
g126438,AOI22_X1,5
g126439,AOI22_X1,5
g126440,AOI22_X1,5
g126441,AOI22_X1,5
g126442,AOI22_X1,5
g126443,AOI22_X1,5
g126444,AOI22_X1,5
g126445,AOI22_X1,5
g126446,AOI22_X1,5
g126447,AOI22_X1,5
g126448,AOI22_X1,5
g126449,AOI22_X1,5
g126450,AOI22_X1,5
g126451,AOI22_X1,5
g126452,AOI22_X1,5
g126453,AOI22_X1,5
g126454,AOI22_X1,5
g126455,AOI22_X1,5
g126456,AOI22_X1,5
g126457,AOI22_X1,5
g126458,AOI22_X1,5
g126459,AOI22_X1,5
g126460,AOI22_X1,5
g126461,AOI22_X1,5
g126462,AOI22_X1,5
g126463,AOI22_X1,5
g126464,AOI22_X1,5
g126465,AOI22_X1,5
g126466,AOI22_X1,5
g126467,AOI22_X1,5
g126468,AOI22_X1,5
g126469,AOI22_X1,5
g126470,AOI22_X1,5
g126471,AOI22_X1,5
g126472,AOI22_X1,5
g126473,AOI22_X1,5
g126474,AOI22_X1,5
g126475,AOI22_X1,5
g126476,AOI22_X1,5
g126477,AOI22_X1,5
g126478,AOI22_X1,5
g126479,AOI22_X1,5
g126480,AOI22_X1,5
g126481,AOI22_X1,5
g126482,AOI22_X1,5
g126483,AOI22_X1,5
g126484,AOI22_X1,5
g126485,AOI22_X1,5
g126486,AOI22_X1,5
g126487,AOI22_X1,5
g126488,AOI22_X1,5
g126489,AOI22_X1,5
g126490,AOI22_X1,5
g126491,AOI22_X1,5
g126492,AOI22_X1,5
g126493,AOI22_X1,5
g126494,AOI22_X1,5
g126495,AOI22_X1,5
g126496,AOI22_X1,5
g126497,AOI22_X1,5
g126498,AOI22_X1,5
g126499,AOI22_X1,5
g126500,AOI22_X1,5
g126501,AOI22_X1,5
g126502,AOI22_X1,5
g126503,AOI22_X1,5
g126504,AOI22_X1,5
g126505,AOI22_X1,5
g126506,AOI22_X1,5
g126507,AOI22_X1,5
g126508,AOI22_X1,5
g126509,AOI22_X1,5
g126510,AOI22_X1,5
g126511,AOI22_X1,5
g126512,AOI22_X1,5
g126513,AOI22_X1,5
g126514,AOI22_X1,5
g126515,AOI22_X1,5
g126516,AOI22_X1,5
g126517,AOI22_X1,5
g126518,AOI22_X1,5
g126519,AOI22_X1,5
g126520,AOI22_X1,5
g126521,AOI22_X1,5
g126522,AOI22_X1,5
g126523,AOI22_X1,5
g126524,AOI22_X1,5
g126525,AOI22_X1,5
g126526,AOI22_X1,5
g126527,AOI22_X1,5
g126528,AOI22_X1,5
g126529,AOI22_X1,5
g126530,AOI22_X1,5
g126531,AOI22_X1,5
g126532,AOI22_X1,5
g126533,AOI22_X1,5
g126534,AOI22_X1,5
g126535,AOI22_X1,5
g126536,AOI22_X1,5
g126537,AOI22_X1,5
g126538,AOI22_X1,5
g126539,AOI22_X1,5
g126540,AOI22_X1,5
g126541,AOI22_X1,5
g126542,AOI22_X1,5
g126543,AOI22_X1,5
g126544,AOI22_X1,5
g126545,AOI22_X1,5
g126546,AOI22_X1,5
g126547,AOI22_X1,5
g126548,AOI22_X1,5
g126549,AOI22_X1,5
g126550,AOI22_X1,5
g126551,AOI22_X1,5
g126552,AOI22_X1,5
g126553,AOI22_X1,5
g126554,AOI22_X1,5
g126555,AOI22_X1,5
g126556,AOI22_X1,5
g126557,AOI22_X1,5
g126558,AOI22_X1,5
g126559,AOI22_X1,5
g126560,AOI22_X1,5
g126561,AOI22_X1,5
g126562,AOI22_X1,5
g126563,AOI22_X1,5
g126564,AOI22_X1,5
g126565,AOI22_X1,5
g126566,AOI22_X1,5
g126567,AOI22_X1,5
g126568,AOI22_X1,5
g126569,AOI22_X1,5
g126570,AOI22_X1,5
g126571,AOI22_X1,5
g126572,AOI22_X1,5
g126573,AOI22_X1,5
g126574,AOI22_X1,5
g126575,AOI22_X1,5
g126576,AOI22_X1,5
g126577,AOI22_X1,5
g126578,AOI22_X1,5
g126579,AOI22_X1,5
g126580,AOI22_X1,5
g126581,AOI22_X1,5
g126582,AOI22_X1,5
g126583,AOI22_X1,5
g126584,AOI22_X1,5
g126585,AOI22_X1,5
g126586,AOI22_X1,5
g126587,AOI22_X1,5
g126588,AOI22_X1,5
g126589,AOI22_X1,5
g126590,AOI22_X1,5
g126591,AOI22_X1,5
g126592,AOI22_X1,5
g126593,AOI22_X1,5
g126594,AOI22_X1,5
g126595,AOI22_X1,5
g126596,AOI22_X1,5
g126597,AOI22_X1,5
g126598,AOI22_X1,5
g126599,AOI22_X1,5
g126600,AOI22_X1,5
g126601,AOI22_X1,5
g126602,AOI22_X1,5
g126603,AOI22_X1,5
g126604,AOI22_X1,5
g126605,AOI22_X1,5
g126606,AOI22_X1,5
g126607,AOI22_X1,5
g126608,AOI22_X1,5
g126609,AOI22_X1,5
g126610,AOI22_X1,5
g126611,AOI22_X1,5
g126612,AOI22_X1,5
g126613,AOI22_X1,5
g126614,AOI22_X1,5
g126615,AOI22_X1,5
g126616,AOI22_X1,5
g126617,AOI22_X1,5
g126618,AOI22_X1,5
g126619,AOI22_X1,5
g126620,AOI22_X1,5
g126621,AOI22_X1,5
g126622,AOI22_X1,5
g126623,AOI22_X1,5
g126624,AOI22_X1,5
g126625,AOI22_X1,5
g126626,AOI22_X1,5
g126627,AOI22_X1,5
g126628,AOI22_X1,5
g126629,AOI22_X1,5
g126630,AOI22_X1,5
g126631,AOI22_X1,5
g126632,AOI22_X1,5
g126633,AOI22_X1,5
g126634,AOI22_X1,5
g126635,AOI22_X1,5
g126636,AOI22_X1,5
g126637,AOI22_X1,5
g126638,AOI22_X1,5
g126639,AOI22_X1,5
g126640,AOI22_X1,5
g126641,AOI22_X1,5
g126642,AOI22_X1,5
g126643,AOI22_X1,5
g126644,AOI22_X1,5
g126645,AOI22_X1,5
g126646,AOI22_X1,5
g126647,AOI22_X1,5
g126648,AOI22_X1,5
g126649,AOI22_X1,5
g126650,AOI22_X1,5
g126651,AOI22_X1,5
g126652,AOI22_X1,5
g126653,AOI22_X1,5
g126654,AOI22_X1,5
g126655,AOI22_X1,5
g126656,AOI22_X1,5
g126657,AOI22_X1,5
g126658,AOI22_X1,5
g126659,AOI22_X1,5
g126660,AOI22_X1,5
g126661,AOI22_X1,5
g126662,AOI22_X1,5
g126663,AOI22_X1,5
g126664,AOI22_X1,5
g126665,AOI22_X1,5
g126666,AOI22_X1,5
g126667,AOI22_X1,5
g126668,AOI22_X1,5
g126669,AOI22_X1,5
g126670,AOI22_X1,5
g126671,AOI22_X1,5
g126672,AOI22_X1,5
g126673,AOI22_X1,5
g126674,AOI22_X1,5
g126675,AOI22_X1,5
g126676,AOI22_X1,5
g126677,AOI22_X1,5
g126678,AOI22_X1,5
g126679,AOI22_X1,5
g126680,AOI22_X1,5
g126681,AOI22_X1,5
g126682,AOI22_X1,5
g126683,AOI22_X1,5
g126684,AOI22_X1,5
g126685,AOI22_X1,5
g126686,AOI22_X1,5
g126687,AOI22_X1,5
g126688,AOI22_X1,5
g126689,AOI22_X1,5
g126690,AOI22_X1,5
g126691,AOI22_X1,5
g126692,AOI22_X1,5
g126693,AOI22_X1,5
g126694,AOI22_X1,5
g126695,AOI22_X1,5
g126696,AOI22_X1,5
g126697,AOI22_X1,5
g126698,AOI22_X1,5
g126699,AOI22_X1,5
g126700,AOI22_X1,5
g126701,AOI22_X1,5
g126702,AOI22_X1,5
g126703,AOI22_X1,5
g126704,AOI22_X1,5
g126705,AOI22_X1,5
g126706,AOI22_X1,5
g126707,AOI22_X1,5
g126708,AOI22_X1,5
g126709,AOI22_X1,5
g126710,AOI22_X1,5
g126711,AOI22_X1,5
g126712,AOI22_X1,5
g126713,AOI22_X1,5
g126714,AOI22_X1,5
g126715,AOI22_X1,5
g126716,AOI22_X1,5
g126717,AOI22_X1,5
g126718,AOI22_X1,5
g126719,AOI22_X1,5
g126720,AOI22_X1,5
g126721,AOI22_X1,5
g126722,AOI22_X1,5
g126723,AOI22_X1,5
g126724,AOI22_X1,5
g126725,AOI22_X1,5
g126726,AOI22_X1,5
g126727,AOI22_X1,5
g126728,AOI22_X1,5
g126729,AOI22_X1,5
g126730,AOI22_X1,5
g126731,AOI22_X1,5
g126732,AOI22_X1,5
g126733,AOI22_X1,5
g126734,AOI22_X1,5
g126735,AOI22_X1,5
g126736,AOI22_X1,5
g126737,AOI22_X1,5
g126738,AOI22_X1,5
g126739,AOI22_X1,5
g126740,AOI22_X1,5
g126741,AOI22_X1,5
g126742,AOI22_X1,5
g126743,AOI22_X1,5
g126744,AOI22_X1,5
g126745,AOI22_X1,5
g126746,AOI22_X1,5
g126747,AOI22_X1,5
g126748,AOI22_X1,5
g126749,AOI22_X1,5
g126750,AOI22_X1,5
g126751,AOI22_X1,5
g126752,AOI22_X1,5
g126753,AOI22_X1,5
g126754,AOI22_X1,5
g126755,AOI22_X1,5
g126756,AOI22_X1,5
g126757,AOI22_X1,5
g126758,AOI22_X1,5
g126759,AOI22_X1,5
g126760,AOI22_X1,5
g126761,AOI22_X1,5
g126762,AOI22_X1,5
g126763,AOI22_X1,5
g126764,AOI22_X1,5
g126765,AOI22_X1,5
g126766,AOI22_X1,5
g126767,AOI22_X1,5
g126768,AOI22_X1,5
g126769,AOI22_X1,5
g126770,AOI22_X1,5
g126771,AOI22_X1,5
g126772,AOI22_X1,5
g126773,AOI22_X1,5
g126774,AOI22_X1,5
g126775,AOI22_X1,5
g126776,AOI22_X1,5
g126777,AOI22_X1,5
g126778,AOI22_X1,5
g126779,AOI22_X1,5
g126780,AOI22_X1,5
g126781,AOI22_X1,5
g126782,AOI22_X1,5
g126783,AOI22_X1,5
g126784,AOI22_X1,5
g126785,AOI22_X1,5
g126786,AOI22_X1,5
g126787,AOI22_X1,5
g126788,AOI22_X1,5
g126789,AOI22_X1,5
g126790,AOI22_X1,5
g126791,AOI22_X1,5
g126792,AOI22_X1,5
g126793,AOI22_X1,5
g126794,AOI22_X1,5
g126795,AOI22_X1,5
g126796,AOI22_X1,5
g126797,AOI22_X1,5
g126798,AOI22_X1,5
g126799,AOI22_X1,5
g126800,AOI22_X1,5
g126801,AOI22_X1,5
g126802,AOI22_X1,5
g126803,AOI22_X1,5
g126804,AOI22_X1,5
g126805,AOI22_X1,5
g126806,AOI22_X1,5
g126807,AOI22_X1,5
g126808,AOI22_X1,5
g126809,AOI22_X1,5
g126810,AOI22_X1,5
g126811,AOI22_X1,5
g126812,AOI22_X1,5
g126813,AOI22_X1,5
g126814,AOI22_X1,5
g126815,AOI22_X1,5
g126816,AOI22_X1,5
g126817,AOI22_X1,5
g126818,AOI22_X1,5
g126819,AOI22_X1,5
g126820,AOI22_X1,5
g126821,AOI22_X1,5
g126822,AOI22_X1,5
g126823,AOI22_X1,5
g126824,AOI22_X1,5
g126825,AOI22_X1,5
g126826,AOI22_X1,5
g126827,AOI22_X1,5
g126828,AOI22_X1,5
g126829,AOI22_X1,5
g126830,AOI22_X1,5
g126831,AOI22_X1,5
g126832,AOI22_X1,5
g126833,AOI22_X1,5
g126834,AOI22_X1,5
g126835,AOI22_X1,5
g126836,AOI22_X1,5
g126837,AOI22_X1,5
g126838,AOI22_X1,5
g126839,AOI22_X1,5
g126840,AOI22_X1,5
g126841,AOI22_X1,5
g126842,AOI22_X1,5
g126843,AOI22_X1,5
g126844,AOI22_X1,5
g126845,AOI22_X1,5
g126846,AOI22_X1,5
g126847,AOI22_X1,5
g126848,AOI22_X1,5
g126849,AOI22_X1,5
g126850,AOI22_X1,5
g126851,AOI22_X1,5
g126852,AOI22_X1,5
g126853,AOI22_X1,5
g126854,AOI22_X1,5
g126855,AOI22_X1,5
g126856,AOI22_X1,5
g126857,AOI22_X1,5
g126858,AOI22_X1,5
g126859,AOI22_X1,5
g126860,AOI22_X1,5
g126861,AOI22_X1,5
g126862,AOI22_X1,5
g126863,AOI22_X1,5
g126864,AOI22_X1,5
g126865,AOI22_X1,5
g126866,AOI22_X1,5
g126867,AOI22_X1,5
g126868,AOI22_X1,5
g126869,AOI22_X1,5
g126870,AOI22_X1,5
g126871,AOI22_X1,5
g126872,AOI22_X1,5
g126873,AOI22_X1,5
g126874,AOI22_X1,5
g126875,AOI22_X1,5
g126876,AOI22_X1,5
g126877,AOI22_X1,5
g126878,AOI22_X1,5
g126879,AOI22_X1,5
g126880,AOI22_X1,5
g126881,AOI22_X1,5
g126882,AOI22_X1,5
g126883,AOI22_X1,5
g126884,AOI22_X1,5
g126885,AOI22_X1,5
g126886,AOI22_X1,5
g126887,AOI22_X1,5
g126888,AOI22_X1,5
g126889,AOI22_X1,5
g126890,AOI22_X1,5
g126891,AOI22_X1,5
g126892,AOI22_X1,5
g126893,AOI22_X1,5
g126894,AOI22_X1,5
g126895,AOI22_X1,5
g126896,AOI22_X1,5
g126897,AOI22_X1,5
g126898,AOI22_X1,5
g126899,AOI22_X1,5
g126900,AOI22_X1,5
g126901,AOI22_X1,5
g126902,AOI22_X1,5
g126903,AOI22_X1,5
g126904,AOI22_X1,5
g126905,AOI22_X1,5
g126906,AOI22_X1,5
g126907,AOI22_X1,5
g126908,AOI22_X1,5
g126909,AOI22_X1,5
g126910,AOI22_X1,5
g126911,AOI22_X1,5
g126912,AOI22_X1,5
g126913,AOI22_X1,5
g126914,AOI22_X1,5
g126915,AOI22_X1,5
g126916,AOI22_X1,5
g126917,AOI22_X1,5
g126918,AOI22_X1,5
g126919,AOI22_X1,5
g126920,AOI22_X1,5
g126921,AOI22_X1,5
g126922,AOI22_X1,5
g126923,AOI22_X1,5
g126924,AOI22_X1,5
g126925,AOI22_X1,5
g126926,AOI22_X1,5
g126927,AOI22_X1,5
g126928,AOI22_X1,5
g126929,AOI22_X1,5
g126930,AOI22_X1,5
g126931,AOI22_X1,5
g126932,AOI22_X1,5
g126933,AOI22_X1,5
g126934,AOI22_X1,5
g126935,AOI22_X1,5
g126936,AOI22_X1,5
g126937,AOI22_X1,5
g126938,AOI22_X1,5
g126939,AOI22_X1,5
g126940,AOI22_X1,5
g126941,AOI22_X1,5
g126942,AOI22_X1,5
g126943,AOI22_X1,5
g126944,AOI22_X1,5
g126945,AOI22_X1,5
g126946,AOI22_X1,5
g126947,AOI22_X1,5
g126948,AOI22_X1,5
g126949,AOI22_X1,5
g126950,AOI22_X1,5
g126951,AOI22_X1,5
g126952,AOI22_X1,5
g126953,AOI22_X1,5
g126954,AOI22_X1,5
g126955,AOI22_X1,5
g126956,AOI22_X1,5
g126957,AOI22_X1,5
g126958,AOI22_X1,5
g126959,AOI22_X1,5
g126960,AOI22_X1,5
g126961,AOI22_X1,5
g126962,AOI22_X1,5
g126963,AOI22_X1,5
g126964,AOI22_X1,5
g126965,AOI22_X1,5
g126966,AOI22_X1,5
g126967,AOI22_X1,5
g126968,AOI22_X1,5
g126969,AOI22_X1,5
g126970,AOI22_X1,5
g126971,AOI22_X1,5
g126972,AOI22_X1,5
g126973,AOI22_X1,5
g126974,AOI22_X1,5
g126975,AOI22_X1,5
g126976,AOI22_X1,5
g126977,AOI22_X1,5
g126978,AOI22_X1,5
g126979,AOI22_X1,5
g126980,AOI22_X1,5
g126981,AOI22_X1,5
g126982,AOI22_X1,5
g126983,AOI22_X1,5
g126984,AOI22_X1,5
g126985,AOI22_X1,5
g126986,AOI22_X1,5
g126987,AOI22_X1,5
g126988,AOI22_X1,5
g126989,AOI22_X1,5
g126990,AOI22_X1,5
g126991,AOI22_X1,5
g126992,AOI22_X1,5
g126993,AOI22_X1,5
g126994,AOI22_X1,5
g126995,AOI22_X1,5
g126996,AOI22_X1,5
g126997,AOI22_X1,5
g126998,AOI22_X1,5
g126999,AOI22_X1,5
g127000,AOI22_X1,5
g127001,AOI22_X1,5
g127002,AOI22_X1,5
g127003,AOI22_X1,5
g127004,AOI22_X1,5
g127005,AOI22_X1,5
g127006,AOI22_X1,5
g127007,AOI22_X1,5
g127008,AOI22_X1,5
g127009,AOI22_X1,5
g127010,AOI22_X1,5
g127011,AOI22_X1,5
g127012,AOI22_X1,5
g127013,AOI22_X1,5
g127014,AOI22_X1,5
g127015,AOI22_X1,5
g127016,AOI22_X1,5
g127017,AOI22_X1,5
g127018,AOI22_X1,5
g127019,AOI22_X1,5
g127020,AOI22_X1,5
g127021,AOI22_X1,5
g127022,AOI22_X1,5
g127023,AOI22_X1,5
g127024,AOI22_X1,5
g127025,AOI22_X1,5
g127026,AOI22_X1,5
g127027,AOI22_X1,5
g127028,AOI22_X1,5
g127029,AOI22_X1,5
g127030,AOI22_X1,5
g127031,AOI22_X1,5
g127032,AOI22_X1,5
g127033,AOI22_X1,5
g127034,AOI22_X1,5
g127035,AOI22_X1,5
g127036,AOI22_X1,5
g127037,AOI22_X1,5
g127038,AOI22_X1,5
g127039,AOI22_X1,5
g127040,AOI22_X1,5
g127041,AOI22_X1,5
g127042,AOI22_X1,5
g127043,AOI22_X1,5
g127044,AOI22_X1,5
g127045,AOI22_X1,5
g127046,AOI22_X1,5
g127047,AOI22_X1,5
g127048,AOI22_X1,5
g127049,AOI22_X1,5
g127050,AOI22_X1,5
g127051,AOI22_X1,5
g127052,AOI22_X1,5
g127053,AOI22_X1,5
g127054,AOI22_X1,5
g127055,AOI22_X1,5
g127056,AOI22_X1,5
g127057,AOI22_X1,5
g127058,AOI22_X1,5
g127059,AOI22_X1,5
g127060,AOI22_X1,5
g127061,AOI22_X1,5
g127062,AOI22_X1,5
g127063,NAND4_X1,5
g127064,NAND3_X1,4
g127065,OAI22_X1,5
g127066,NAND4_X1,5
g127067,OR2_X1,3
g127068,NAND2_X1,3
g127069,NOR3_X1,4
g127070,OAI221_X1,6
g127071,NAND2_X1,3
g127072,AND3_X2,4
g127073,AOI22_X1,5
g127074,AOI22_X1,5
g127075,AOI22_X1,5
g127076,AOI22_X1,5
g127077,AOI22_X1,5
g127078,AOI22_X1,5
g127079,AOI22_X1,5
g127080,AOI22_X1,5
g127081,AOI22_X1,5
g127082,AOI22_X1,5
g127083,AOI22_X1,5
g127084,AOI22_X1,5
g127085,AOI22_X1,5
g127086,AOI22_X1,5
g127087,AOI22_X1,5
g127088,AOI22_X1,5
g127089,AOI22_X1,5
g127090,AOI22_X1,5
g127091,AOI22_X1,5
g127092,AOI22_X1,5
g127093,AOI22_X1,5
g127094,AOI22_X1,5
g127095,AOI22_X1,5
g127096,AOI22_X1,5
g127097,AOI22_X1,5
g127098,AOI22_X1,5
g127099,AOI22_X1,5
g127100,AOI22_X1,5
g127101,AOI22_X1,5
g127102,AOI22_X1,5
g127103,AOI22_X1,5
g127104,AOI22_X1,5
g127105,AOI22_X1,5
g127106,AOI22_X1,5
g127107,AOI22_X1,5
g127108,AOI22_X1,5
g127109,AOI22_X1,5
g127110,AOI22_X1,5
g127111,AOI22_X1,5
g127112,AOI22_X1,5
g127113,AOI22_X1,5
g127114,AOI22_X1,5
g127115,AOI22_X1,5
g127116,AOI22_X1,5
g127117,AOI22_X1,5
g127118,AOI22_X1,5
g127119,AOI22_X1,5
g127120,AOI22_X1,5
g127121,AOI22_X1,5
g127122,AOI22_X1,5
g127123,AOI22_X1,5
g127124,AOI22_X1,5
g127125,AOI22_X1,5
g127126,AOI22_X1,5
g127127,AOI22_X1,5
g127128,AOI22_X1,5
g127129,AOI22_X1,5
g127130,AOI22_X1,5
g127131,AOI22_X1,5
g127132,AOI22_X1,5
g127133,AOI22_X1,5
g127134,AOI22_X1,5
g127135,AOI22_X1,5
g127136,AOI22_X1,5
g127137,AOI22_X1,5
g127138,AOI22_X1,5
g127139,AOI22_X1,5
g127140,AOI22_X1,5
g127141,AOI22_X1,5
g127142,AOI22_X1,5
g127143,AOI22_X1,5
g127144,AOI22_X1,5
g127145,AOI22_X1,5
g127146,AOI22_X1,5
g127147,AOI22_X1,5
g127148,AOI22_X1,5
g127149,AOI22_X1,5
g127150,AOI22_X1,5
g127151,AOI22_X1,5
g127152,AOI22_X1,5
g127153,AOI22_X1,5
g127154,AOI22_X1,5
g127155,AOI22_X1,5
g127156,AOI22_X1,5
g127157,AOI22_X1,5
g127158,AOI22_X1,5
g127159,AOI22_X1,5
g127160,AOI22_X1,5
g127161,AOI22_X1,5
g127162,AOI22_X1,5
g127163,AOI22_X1,5
g127164,AOI22_X1,5
g127165,AOI22_X1,5
g127166,AOI22_X1,5
g127167,AOI22_X1,5
g127168,AOI22_X1,5
g127169,AOI22_X1,5
g127170,AOI22_X1,5
g127171,AOI22_X1,5
g127172,AOI22_X1,5
g127173,AOI22_X1,5
g127174,AOI22_X1,5
g127175,AOI22_X1,5
g127176,AOI22_X1,5
g127177,AOI22_X1,5
g127178,AOI22_X1,5
g127179,AOI22_X1,5
g127180,AOI22_X1,5
g127181,AOI22_X1,5
g127182,AOI22_X1,5
g127183,AOI22_X1,5
g127184,AOI22_X1,5
g127185,AOI22_X1,5
g127186,AOI22_X1,5
g127187,AOI22_X1,5
g127188,AOI22_X1,5
g127189,AOI22_X1,5
g127190,AOI22_X1,5
g127191,AOI22_X1,5
g127192,AOI22_X1,5
g127193,AOI22_X1,5
g127194,AOI22_X1,5
g127195,AOI22_X1,5
g127196,AOI22_X1,5
g127197,AOI22_X1,5
g127198,AOI22_X1,5
g127199,AOI22_X1,5
g127200,AOI22_X1,5
g127201,AOI22_X1,5
g127202,AOI22_X1,5
g127203,AOI22_X1,5
g127204,AOI22_X1,5
g127205,AOI22_X1,5
g127206,AOI22_X1,5
g127207,AOI22_X1,5
g127208,AOI22_X1,5
g127209,AOI22_X1,5
g127210,AOI22_X1,5
g127211,AOI22_X1,5
g127212,AOI22_X1,5
g127213,AOI22_X1,5
g127214,AOI22_X1,5
g127215,AOI22_X1,5
g127216,AOI22_X1,5
g127217,AOI22_X1,5
g127218,AOI22_X1,5
g127219,AOI22_X1,5
g127220,AOI22_X1,5
g127221,AOI22_X1,5
g127222,AOI22_X1,5
g127223,AOI22_X1,5
g127224,AOI22_X1,5
g127225,AOI22_X1,5
g127226,AOI22_X1,5
g127227,AOI22_X1,5
g127228,AOI22_X1,5
g127229,AOI22_X1,5
g127230,AOI22_X1,5
g127231,AOI22_X1,5
g127232,AOI22_X1,5
g127233,AOI22_X1,5
g127234,AOI22_X1,5
g127235,AOI22_X1,5
g127236,AOI22_X1,5
g127237,AOI22_X1,5
g127238,AOI22_X1,5
g127239,AOI22_X1,5
g127240,AOI22_X1,5
g127241,AOI22_X1,5
g127242,AOI22_X1,5
g127243,AOI22_X1,5
g127244,AOI22_X1,5
g127245,AOI22_X1,5
g127246,AOI22_X1,5
g127247,AOI22_X1,5
g127248,AOI22_X1,5
g127249,AOI22_X1,5
g127250,AOI22_X1,5
g127251,AOI22_X1,5
g127252,AOI22_X1,5
g127253,AOI22_X1,5
g127254,AOI22_X1,5
g127255,AOI22_X1,5
g127256,AOI22_X1,5
g127257,AOI22_X1,5
g127258,AOI22_X1,5
g127259,AOI22_X1,5
g127260,AOI22_X1,5
g127261,AOI22_X1,5
g127262,AOI22_X1,5
g127263,AOI22_X1,5
g127264,AOI22_X1,5
g127265,AOI22_X1,5
g127266,AOI22_X1,5
g127267,AOI22_X1,5
g127268,AOI22_X1,5
g127269,AOI22_X1,5
g127270,AOI22_X1,5
g127271,AOI22_X1,5
g127272,AOI22_X1,5
g127273,AOI22_X1,5
g127274,AOI22_X1,5
g127275,AOI22_X1,5
g127276,AOI22_X1,5
g127277,AOI22_X1,5
g127278,AOI22_X1,5
g127279,AOI22_X1,5
g127280,AOI22_X1,5
g127281,AOI22_X1,5
g127282,AOI22_X1,5
g127283,AOI22_X1,5
g127284,AOI22_X1,5
g127285,AOI22_X1,5
g127286,AOI22_X1,5
g127287,AOI22_X1,5
g127288,AOI22_X1,5
g127289,AOI22_X1,5
g127290,AOI22_X1,5
g127291,AOI22_X1,5
g127292,AOI22_X1,5
g127293,AOI22_X1,5
g127294,AOI22_X1,5
g127295,AOI22_X1,5
g127296,AOI22_X1,5
g127297,AOI22_X1,5
g127298,AOI22_X1,5
g127299,AOI22_X1,5
g127300,AOI22_X1,5
g127301,AOI22_X1,5
g127302,AOI22_X1,5
g127303,AOI22_X1,5
g127304,AOI22_X1,5
g127305,AOI22_X1,5
g127306,AOI22_X1,5
g127307,AOI22_X1,5
g127308,AOI22_X1,5
g127309,AOI22_X1,5
g127310,AOI22_X1,5
g127311,AOI22_X1,5
g127312,AOI22_X1,5
g127313,AOI22_X1,5
g127314,AOI22_X1,5
g127315,AOI22_X1,5
g127316,AOI22_X1,5
g127317,AOI22_X1,5
g127318,AOI22_X1,5
g127319,AOI22_X1,5
g127320,AOI22_X1,5
g127321,AOI22_X1,5
g127322,AOI22_X1,5
g127323,AOI22_X1,5
g127324,AOI22_X1,5
g127325,AOI22_X1,5
g127326,AOI22_X1,5
g127327,AOI22_X1,5
g127328,AOI22_X1,5
g127329,AOI22_X1,5
g127330,AOI22_X1,5
g127331,AOI22_X1,5
g127332,AOI22_X1,5
g127333,AOI22_X1,5
g127334,AOI22_X1,5
g127335,AOI22_X1,5
g127336,AOI22_X1,5
g127337,AOI22_X1,5
g127338,AOI22_X1,5
g127339,AOI22_X1,5
g127340,AOI22_X1,5
g127341,AOI22_X1,5
g127342,AOI22_X1,5
g127343,AOI22_X1,5
g127344,AOI22_X1,5
g127345,AOI22_X1,5
g127346,AOI22_X1,5
g127347,AOI22_X1,5
g127348,AOI22_X1,5
g127349,AOI22_X1,5
g127350,AOI22_X1,5
g127351,AOI22_X1,5
g127352,AOI22_X1,5
g127353,AOI22_X1,5
g127354,AOI22_X1,5
g127355,AOI22_X1,5
g127356,AOI22_X1,5
g127357,AOI22_X1,5
g127358,AOI22_X1,5
g127359,AOI22_X1,5
g127360,AOI22_X1,5
g127361,AOI22_X1,5
g127362,AOI22_X1,5
g127363,AOI22_X1,5
g127364,AOI22_X1,5
g127365,AOI22_X1,5
g127366,AOI22_X1,5
g127367,AOI22_X1,5
g127368,AOI22_X1,5
g127369,AOI22_X1,5
g127370,AOI22_X1,5
g127371,AOI22_X1,5
g127372,AOI22_X1,5
g127373,AOI22_X1,5
g127374,AOI22_X1,5
g127375,AOI22_X1,5
g127376,AOI22_X1,5
g127377,AOI22_X1,5
g127378,AOI22_X1,5
g127379,AOI22_X1,5
g127380,AOI22_X1,5
g127381,AOI22_X1,5
g127382,AOI22_X1,5
g127383,AOI22_X1,5
g127384,AOI22_X1,5
g127385,AOI22_X1,5
g127386,AOI22_X1,5
g127387,AOI22_X1,5
g127388,AOI22_X1,5
g127389,AOI22_X1,5
g127390,AOI22_X1,5
g127391,AOI22_X1,5
g127392,AOI22_X1,5
g127393,AOI22_X1,5
g127394,AOI22_X1,5
g127395,AOI22_X1,5
g127396,AOI22_X1,5
g127397,AOI22_X1,5
g127398,AOI22_X1,5
g127399,AOI22_X1,5
g127400,AOI22_X1,5
g127401,AOI22_X1,5
g127402,AOI22_X1,5
g127403,AOI22_X1,5
g127404,AOI22_X1,5
g127405,AOI22_X1,5
g127406,AOI22_X1,5
g127407,AOI22_X1,5
g127408,AOI22_X1,5
g127409,AOI22_X1,5
g127410,AOI22_X1,5
g127411,AOI22_X1,5
g127412,AOI22_X1,5
g127413,AOI22_X1,5
g127414,AOI22_X1,5
g127415,AOI22_X1,5
g127416,AOI22_X1,5
g127417,AOI22_X1,5
g127418,AOI22_X1,5
g127419,AOI22_X1,5
g127420,AOI22_X1,5
g127421,AOI22_X1,5
g127422,AOI22_X1,5
g127423,AOI22_X1,5
g127424,AOI22_X1,5
g127425,AOI22_X1,5
g127426,AOI22_X1,5
g127427,AOI22_X1,5
g127428,AOI22_X1,5
g127429,AOI22_X1,5
g127430,AOI22_X1,5
g127431,AOI22_X1,5
g127432,AOI22_X1,5
g127433,AOI22_X1,5
g127434,AOI22_X1,5
g127435,AOI22_X1,5
g127436,AOI22_X1,5
g127437,AOI22_X1,5
g127438,AOI22_X1,5
g127439,AOI22_X1,5
g127440,AOI22_X1,5
g127441,AOI22_X1,5
g127442,AOI22_X1,5
g127443,AOI22_X1,5
g127444,AOI22_X1,5
g127445,AOI22_X1,5
g127446,AOI22_X1,5
g127447,AOI22_X1,5
g127448,AOI22_X1,5
g127449,AOI22_X1,5
g127450,AOI22_X1,5
g127451,AOI22_X1,5
g127452,AOI22_X1,5
g127453,AOI22_X1,5
g127454,AOI22_X1,5
g127455,AOI22_X1,5
g127456,AOI22_X1,5
g127457,AOI22_X1,5
g127458,AOI22_X1,5
g127459,AOI22_X1,5
g127460,AOI22_X1,5
g127461,AOI22_X1,5
g127462,AOI22_X1,5
g127463,AOI22_X1,5
g127464,AOI22_X1,5
g127465,AOI22_X1,5
g127466,AOI22_X1,5
g127467,AOI22_X1,5
g127468,AOI22_X1,5
g127469,AOI22_X1,5
g127470,AOI22_X1,5
g127471,AOI22_X1,5
g127472,AOI22_X1,5
g127473,AOI22_X1,5
g127474,AOI22_X1,5
g127475,AOI22_X1,5
g127476,AOI22_X1,5
g127477,AOI22_X1,5
g127478,AOI22_X1,5
g127479,AOI22_X1,5
g127480,AOI22_X1,5
g127481,AOI22_X1,5
g127482,AOI22_X1,5
g127483,AOI22_X1,5
g127484,AOI22_X1,5
g127485,AOI22_X1,5
g127486,AOI22_X1,5
g127487,AOI22_X1,5
g127488,AOI22_X1,5
g127489,AOI22_X1,5
g127490,AOI22_X1,5
g127491,AOI22_X1,5
g127492,AOI22_X1,5
g127493,AOI22_X1,5
g127494,AOI22_X1,5
g127495,AOI22_X1,5
g127496,AOI22_X1,5
g127497,AOI22_X1,5
g127498,AOI22_X1,5
g127499,AOI22_X1,5
g127500,AOI22_X1,5
g127501,AOI22_X1,5
g127502,AOI22_X1,5
g127503,AOI22_X1,5
g127504,AOI22_X1,5
g127505,AOI22_X1,5
g127506,AOI22_X1,5
g127507,AOI22_X1,5
g127508,AOI22_X1,5
g127509,AOI22_X1,5
g127510,AOI22_X1,5
g127511,AOI22_X1,5
g127512,AOI22_X1,5
g127513,AOI22_X1,5
g127514,AOI22_X1,5
g127515,AOI22_X1,5
g127516,AOI22_X1,5
g127517,AOI22_X1,5
g127518,AOI22_X1,5
g127519,AOI22_X1,5
g127520,AOI22_X1,5
g127521,AOI22_X1,5
g127522,AOI22_X1,5
g127523,AOI22_X1,5
g127524,AOI22_X1,5
g127525,AOI22_X1,5
g127526,AOI22_X1,5
g127527,AOI22_X1,5
g127528,AOI22_X1,5
g127529,AOI22_X1,5
g127530,AOI22_X1,5
g127531,AOI22_X1,5
g127532,AOI22_X1,5
g127533,AOI22_X1,5
g127534,AOI22_X1,5
g127535,AOI22_X1,5
g127536,AOI22_X1,5
g127537,AOI22_X1,5
g127538,AOI22_X1,5
g127539,AOI22_X1,5
g127540,AOI22_X1,5
g127541,AOI22_X1,5
g127542,AOI22_X1,5
g127543,AOI22_X1,5
g127544,AOI22_X1,5
g127545,AOI22_X1,5
g127546,AOI22_X1,5
g127547,AOI22_X1,5
g127548,AOI22_X1,5
g127549,AOI22_X1,5
g127550,AOI22_X1,5
g127551,AOI22_X1,5
g127552,AOI22_X1,5
g127553,AOI22_X1,5
g127554,AOI22_X1,5
g127555,AOI22_X1,5
g127556,AOI22_X1,5
g127557,AOI22_X1,5
g127558,AOI22_X1,5
g127559,AOI22_X1,5
g127560,AOI22_X1,5
g127561,AOI22_X1,5
g127562,AOI22_X1,5
g127563,AOI22_X1,5
g127564,AOI22_X1,5
g127565,AOI22_X1,5
g127566,AOI22_X1,5
g127567,AOI22_X1,5
g127568,AOI22_X1,5
g127569,AOI22_X1,5
g127570,AOI22_X1,5
g127571,AOI22_X1,5
g127572,AOI22_X1,5
g127573,AOI22_X1,5
g127574,AOI22_X1,5
g127575,AOI22_X1,5
g127576,AOI22_X1,5
g127577,AOI22_X1,5
g127578,AOI22_X1,5
g127579,AOI22_X1,5
g127580,AOI22_X1,5
g127581,AOI22_X1,5
g127582,AOI22_X1,5
g127583,AOI22_X1,5
g127584,AOI22_X1,5
g127585,AOI22_X1,5
g127586,AOI22_X1,5
g127587,AOI22_X1,5
g127588,AOI22_X1,5
g127589,AOI22_X1,5
g127590,AOI22_X1,5
g127591,AOI22_X1,5
g127592,AOI22_X1,5
g127593,AOI22_X1,5
g127594,AOI22_X1,5
g127595,AOI22_X1,5
g127596,AOI22_X1,5
g127597,AOI22_X1,5
g127598,AOI22_X1,5
g127599,AOI22_X1,5
g127600,AOI22_X1,5
g127601,AOI22_X1,5
g127602,AOI22_X1,5
g127603,AOI22_X1,5
g127604,AOI22_X1,5
g127605,AOI22_X1,5
g127606,AOI22_X1,5
g127607,AOI22_X1,5
g127608,AOI22_X1,5
g127609,AOI22_X1,5
g127610,AOI22_X1,5
g127611,AOI22_X1,5
g127612,AOI22_X1,5
g127613,AOI22_X1,5
g127614,AOI22_X1,5
g127615,AOI22_X1,5
g127616,AOI22_X1,5
g127617,AOI22_X1,5
g127618,AOI22_X1,5
g127619,AOI22_X1,5
g127620,AOI22_X1,5
g127621,AOI22_X1,5
g127622,AOI22_X1,5
g127623,AOI22_X1,5
g127624,AOI22_X1,5
g127625,AOI22_X1,5
g127626,AOI22_X1,5
g127627,AOI22_X1,5
g127628,AOI22_X1,5
g127629,AOI22_X1,5
g127630,AOI22_X1,5
g127631,AOI22_X1,5
g127632,AOI22_X1,5
g127633,AOI22_X1,5
g127634,AOI22_X1,5
g127635,AOI22_X1,5
g127636,AOI22_X1,5
g127637,AOI22_X1,5
g127638,AOI22_X1,5
g127639,AOI22_X1,5
g127640,AOI22_X1,5
g127641,AOI22_X1,5
g127642,AOI22_X1,5
g127643,AOI22_X1,5
g127644,AOI22_X1,5
g127645,AOI22_X1,5
g127646,AOI22_X1,5
g127647,AOI22_X1,5
g127648,AOI22_X1,5
g127649,AOI22_X1,5
g127650,AOI22_X1,5
g127651,AOI22_X1,5
g127652,AOI22_X1,5
g127653,AOI22_X1,5
g127654,AOI22_X1,5
g127655,AOI22_X1,5
g127656,AOI22_X1,5
g127657,AOI22_X1,5
g127658,AOI22_X1,5
g127659,AOI22_X1,5
g127660,AOI22_X1,5
g127661,AOI22_X1,5
g127662,AOI22_X1,5
g127663,AOI22_X1,5
g127664,AOI22_X1,5
g127665,AOI22_X1,5
g127666,AOI22_X1,5
g127667,AOI22_X1,5
g127668,AOI22_X1,5
g127669,AOI22_X1,5
g127670,AOI22_X1,5
g127671,AOI22_X1,5
g127672,AOI22_X1,5
g127673,AOI22_X1,5
g127674,AOI22_X1,5
g127675,AOI22_X1,5
g127676,AOI22_X1,5
g127677,AOI22_X1,5
g127678,AOI22_X1,5
g127679,AOI22_X1,5
g127680,AOI22_X1,5
g127681,AOI22_X1,5
g127682,AOI22_X1,5
g127683,AOI22_X1,5
g127684,AOI22_X1,5
g127685,AOI22_X1,5
g127686,AOI22_X1,5
g127687,AOI22_X1,5
g127688,AOI22_X1,5
g127689,AOI22_X1,5
g127690,AOI22_X1,5
g127691,AOI22_X1,5
g127692,AOI22_X1,5
g127693,AOI22_X1,5
g127694,AOI22_X1,5
g127695,AOI22_X1,5
g127696,AOI22_X1,5
g127697,AOI22_X1,5
g127698,AOI22_X1,5
g127699,AOI22_X1,5
g127700,AOI22_X1,5
g127701,AOI22_X1,5
g127702,AOI22_X1,5
g127703,AOI22_X1,5
g127704,AOI22_X1,5
g127705,AOI22_X1,5
g127706,AOI22_X1,5
g127707,AOI22_X1,5
g127708,AOI22_X1,5
g127709,AOI22_X1,5
g127710,AOI22_X1,5
g127711,AOI22_X1,5
g127712,AOI22_X1,5
g127713,AOI22_X1,5
g127714,AOI22_X1,5
g127715,AOI22_X1,5
g127716,AOI22_X1,5
g127717,AOI22_X1,5
g127718,AOI22_X1,5
g127719,AOI22_X1,5
g127720,NOR4_X1,5
g127721,AOI22_X1,5
g127722,AOI22_X1,5
g127723,AOI22_X1,5
g127724,AOI22_X1,5
g127725,AOI22_X1,5
g127726,AOI22_X1,5
g127727,AOI22_X1,5
g127728,AOI22_X1,5
g127729,AOI22_X1,5
g127730,AOI22_X1,5
g127731,AOI22_X1,5
g127732,AOI22_X1,5
g127733,AOI22_X1,5
g127734,AOI22_X1,5
g127735,AOI22_X1,5
g127736,AOI22_X1,5
g127737,AOI22_X1,5
g127738,AOI22_X1,5
g127739,AOI22_X1,5
g127740,AOI22_X1,5
g127741,AOI22_X1,5
g127742,AOI22_X1,5
g127743,AOI22_X1,5
g127744,AOI22_X1,5
g127745,AOI22_X1,5
g127746,AOI22_X1,5
g127747,AOI22_X1,5
g127748,AOI22_X1,5
g127749,AOI22_X1,5
g127750,AOI22_X1,5
g127751,AOI22_X1,5
g127752,AOI22_X1,5
g127753,AOI22_X1,5
g127754,AOI22_X1,5
g127755,AOI22_X1,5
g127756,AOI22_X1,5
g127757,AOI22_X1,5
g127758,AOI22_X1,5
g127759,AOI22_X1,5
g127760,AOI22_X1,5
g127761,AOI22_X1,5
g127762,AOI22_X1,5
g127763,AOI22_X1,5
g127764,AOI22_X1,5
g127765,AOI22_X1,5
g127766,AOI22_X1,5
g127767,AOI22_X1,5
g127768,AOI22_X1,5
g127769,AOI22_X1,5
g127770,AOI22_X1,5
g127771,AOI22_X1,5
g127772,AOI22_X1,5
g127773,AOI22_X1,5
g127774,AOI22_X1,5
g127775,AOI22_X1,5
g127776,AOI22_X1,5
g127777,AOI22_X1,5
g127778,AOI22_X1,5
g127779,AOI22_X1,5
g127780,AOI22_X1,5
g127781,AOI22_X1,5
g127782,AOI22_X1,5
g127783,AOI22_X1,5
g127784,AOI22_X1,5
g127785,AOI22_X1,5
g127786,AOI22_X1,5
g127787,AOI22_X1,5
g127788,AOI22_X1,5
g127789,AOI22_X1,5
g127790,AOI22_X1,5
g127791,AOI22_X1,5
g127792,AOI22_X1,5
g127793,AOI22_X1,5
g127794,AOI22_X1,5
g127795,AOI22_X1,5
g127796,AOI22_X1,5
g127797,AOI22_X1,5
g127798,AOI22_X1,5
g127799,AOI22_X1,5
g127800,AOI22_X1,5
g127801,AOI22_X1,5
g127802,AOI22_X1,5
g127803,AOI22_X1,5
g127804,AOI22_X1,5
g127805,AOI22_X1,5
g127806,AOI22_X1,5
g127807,AOI22_X1,5
g127808,AOI22_X1,5
g127809,AOI22_X1,5
g127810,AOI22_X1,5
g127811,AOI22_X1,5
g127812,AOI22_X1,5
g127813,AOI22_X1,5
g127814,AOI22_X1,5
g127815,AOI22_X1,5
g127816,AOI22_X1,5
g127817,AOI22_X1,5
g127818,AOI22_X1,5
g127819,AOI22_X1,5
g127820,AOI22_X1,5
g127821,AOI22_X1,5
g127822,AOI22_X1,5
g127823,AOI22_X1,5
g127824,AOI22_X1,5
g127825,AOI22_X1,5
g127826,AOI22_X1,5
g127827,AOI22_X1,5
g127828,AOI22_X1,5
g127829,AOI22_X1,5
g127830,AOI22_X1,5
g127831,AOI22_X1,5
g127832,AOI22_X1,5
g127833,AOI22_X1,5
g127834,AOI22_X1,5
g127835,AOI22_X1,5
g127836,AOI22_X1,5
g127837,AOI22_X1,5
g127838,AOI22_X1,5
g127839,AOI22_X1,5
g127840,AOI22_X1,5
g127841,AOI22_X1,5
g127842,AOI22_X1,5
g127843,AOI22_X1,5
g127844,AOI22_X1,5
g127845,AOI22_X1,5
g127846,AOI22_X1,5
g127847,AOI22_X1,5
g127848,AOI22_X1,5
g127849,AOI22_X1,5
g127850,AOI22_X1,5
g127851,AOI22_X1,5
g127852,AOI22_X1,5
g127853,AOI22_X1,5
g127854,AOI22_X1,5
g127855,AOI22_X1,5
g127856,AOI22_X1,5
g127857,AOI22_X1,5
g127858,AOI22_X1,5
g127859,AOI22_X1,5
g127860,AOI22_X1,5
g127861,AOI22_X1,5
g127862,AOI22_X1,5
g127863,AOI22_X1,5
g127864,AOI22_X1,5
g127865,AOI22_X1,5
g127866,AOI22_X1,5
g127867,AOI22_X1,5
g127868,AOI22_X1,5
g127869,AOI22_X1,5
g127870,AOI22_X1,5
g127871,AOI22_X1,5
g127872,AOI22_X1,5
g127873,AOI22_X1,5
g127874,AOI22_X1,5
g127875,AOI22_X1,5
g127876,AOI22_X1,5
g127877,AOI22_X1,5
g127878,AOI22_X1,5
g127879,AOI22_X1,5
g127880,AOI22_X1,5
g127881,AOI22_X1,5
g127882,AOI22_X1,5
g127883,AOI22_X1,5
g127884,AOI22_X1,5
g127885,AOI22_X1,5
g127886,AOI22_X1,5
g127887,AOI22_X1,5
g127888,AOI22_X1,5
g127889,AOI22_X1,5
g127890,AOI22_X1,5
g127891,AOI22_X1,5
g127892,AOI22_X1,5
g127893,AOI22_X1,5
g127894,AOI22_X1,5
g127895,AOI22_X1,5
g127896,AOI22_X1,5
g127897,AOI22_X1,5
g127898,AOI22_X1,5
g127899,AOI22_X1,5
g127900,AOI22_X1,5
g127901,AOI22_X1,5
g127902,AOI22_X1,5
g127903,AOI22_X1,5
g127904,AOI22_X1,5
g127905,AOI22_X1,5
g127906,AOI22_X1,5
g127907,AOI22_X1,5
g127908,AOI22_X1,5
g127909,AOI22_X1,5
g127910,AOI22_X1,5
g127911,AOI22_X1,5
g127912,AOI22_X1,5
g127913,AOI22_X1,5
g127914,AOI22_X1,5
g127915,AOI22_X1,5
g127916,AOI22_X1,5
g127917,AOI22_X1,5
g127918,AOI22_X1,5
g127919,AOI22_X1,5
g127920,AOI22_X1,5
g127921,AOI22_X1,5
g127922,AOI22_X1,5
g127923,AOI22_X1,5
g127924,AOI22_X1,5
g127925,AOI22_X1,5
g127926,AOI22_X1,5
g127927,AOI22_X1,5
g127928,AOI22_X1,5
g127929,AOI22_X1,5
g127930,AOI22_X1,5
g127931,AOI22_X1,5
g127932,AOI22_X1,5
g127933,AOI22_X1,5
g127934,AOI22_X1,5
g127935,AOI22_X1,5
g127936,AOI22_X1,5
g127937,AOI22_X1,5
g127938,AOI22_X1,5
g127939,AOI22_X1,5
g127940,AOI22_X1,5
g127941,AOI22_X1,5
g127942,AOI22_X1,5
g127943,AOI22_X1,5
g127944,AOI22_X1,5
g127945,AOI22_X1,5
g127946,AOI22_X1,5
g127947,AOI22_X1,5
g127948,AOI22_X1,5
g127949,AOI22_X1,5
g127950,AOI22_X1,5
g127951,AOI22_X1,5
g127952,AOI22_X1,5
g127953,AOI22_X1,5
g127954,AOI22_X1,5
g127955,AOI22_X1,5
g127956,AOI22_X1,5
g127957,AOI22_X1,5
g127958,AOI22_X1,5
g127959,AOI22_X1,5
g127960,AOI22_X1,5
g127961,AOI22_X1,5
g127962,AOI22_X1,5
g127963,AOI22_X1,5
g127964,AOI22_X1,5
g127965,AOI22_X1,5
g127966,AOI22_X1,5
g127967,AOI22_X1,5
g127968,AOI22_X1,5
g127969,AOI22_X1,5
g127970,AOI22_X1,5
g127971,AOI22_X1,5
g127972,AOI22_X1,5
g127973,AOI22_X1,5
g127974,AOI22_X1,5
g127975,AOI22_X1,5
g127976,AOI22_X1,5
g127977,AOI22_X1,5
g127978,AOI22_X1,5
g127979,AOI22_X1,5
g127980,AOI22_X1,5
g127981,AOI22_X1,5
g127982,AOI22_X1,5
g127983,AOI22_X1,5
g127984,AOI22_X1,5
g127985,AOI22_X1,5
g127986,AOI22_X1,5
g127987,AOI22_X1,5
g127988,AOI22_X1,5
g127989,AOI22_X1,5
g127990,AOI22_X1,5
g127991,AOI22_X1,5
g127992,AOI22_X1,5
g127993,AOI22_X1,5
g127994,AOI22_X1,5
g127995,AOI22_X1,5
g127996,AOI22_X1,5
g127997,AOI22_X1,5
g127998,AOI22_X1,5
g127999,AOI22_X1,5
g128000,AOI22_X1,5
g128001,AOI22_X1,5
g128002,AOI22_X1,5
g128003,AOI22_X1,5
g128004,AOI22_X1,5
g128005,AOI22_X1,5
g128006,AOI22_X1,5
g128007,AOI22_X1,5
g128008,AOI22_X1,5
g128009,AOI22_X1,5
g128010,AOI22_X1,5
g128011,AOI22_X1,5
g128012,AOI22_X1,5
g128013,AOI22_X1,5
g128014,AOI22_X1,5
g128015,AOI22_X1,5
g128016,AOI22_X1,5
g128017,AOI22_X1,5
g128018,AOI22_X1,5
g128019,AOI22_X1,5
g128020,AOI22_X1,5
g128021,AOI22_X1,5
g128022,AOI22_X1,5
g128023,AOI22_X1,5
g128024,AOI22_X1,5
g128025,AOI22_X1,5
g128026,AOI22_X1,5
g128027,AOI22_X1,5
g128028,AOI22_X1,5
g128029,AOI22_X1,5
g128030,AOI22_X1,5
g128031,AOI22_X1,5
g128032,AOI22_X1,5
g128033,AOI22_X1,5
g128034,AOI22_X1,5
g128035,AOI22_X1,5
g128036,AOI22_X1,5
g128037,AOI22_X1,5
g128038,AOI22_X1,5
g128039,AOI22_X1,5
g128040,AOI22_X1,5
g128041,AOI22_X1,5
g128042,AOI22_X1,5
g128043,OAI21_X1,4
g128044,AOI22_X1,5
g128045,AOI22_X1,5
g128046,AOI22_X1,5
g128047,AOI22_X1,5
g128048,AOI22_X1,5
g128049,AOI22_X1,5
g128050,AOI22_X1,5
g128051,AOI22_X1,5
g128052,AOI22_X1,5
g128053,AOI22_X1,5
g128054,AOI22_X1,5
g128055,AOI22_X1,5
g128056,AOI22_X1,5
g128057,AOI22_X1,5
g128058,OAI21_X1,4
g128059,AOI22_X1,5
g128060,AOI22_X1,5
g128061,AOI22_X1,5
g128062,AOI22_X1,5
g128063,AOI22_X1,5
g128064,AOI22_X1,5
g128065,AOI22_X1,5
g128066,AOI22_X1,5
g128067,AOI22_X1,5
g128068,AOI22_X1,5
g128069,AOI22_X1,5
g128070,AOI22_X1,5
g128071,OAI21_X1,4
g128072,AOI22_X1,5
g128073,AOI22_X1,5
g128074,AOI22_X1,5
g128075,AOI22_X1,5
g128076,AOI22_X1,5
g128077,AOI22_X1,5
g128078,AOI22_X1,5
g128079,AOI22_X1,5
g128080,AOI22_X1,5
g128081,AOI22_X1,5
g128082,AOI22_X1,5
g128083,AOI22_X1,5
g128084,OAI21_X1,4
g128085,AOI22_X1,5
g128086,AOI22_X1,5
g128087,AOI22_X1,5
g128088,AOI22_X1,5
g128089,AOI22_X1,5
g128090,AOI22_X1,5
g128091,AOI22_X1,5
g128092,AOI22_X1,5
g128093,AOI22_X1,5
g128094,AOI22_X1,5
g128095,AOI22_X1,5
g128096,AOI22_X1,5
g128097,AOI22_X1,5
g128098,AOI22_X1,5
g128099,AOI22_X1,5
g128100,AOI22_X1,5
g128101,AOI22_X1,5
g128102,AOI22_X1,5
g128103,AOI22_X1,5
g128104,AOI22_X1,5
g128105,OAI21_X1,4
g128106,AOI22_X1,5
g128107,AOI22_X1,5
g128108,AOI22_X1,5
g128109,AOI22_X1,5
g128110,AOI22_X1,5
g128111,AOI22_X1,5
g128112,AOI22_X1,5
g128113,OAI21_X1,4
g128114,AOI22_X1,5
g128115,AOI22_X1,5
g128116,AOI22_X1,5
g128117,AOI22_X1,5
g128118,AOI22_X1,5
g128119,AOI22_X1,5
g128120,AOI22_X1,5
g128121,AOI22_X1,5
g128122,AOI22_X1,5
g128123,AOI22_X1,5
g128124,AOI22_X1,5
g128125,AOI22_X1,5
g128126,AOI22_X1,5
g128127,AOI22_X1,5
g128128,AOI22_X1,5
g128129,AOI22_X1,5
g128130,AOI22_X1,5
g128131,AOI22_X1,5
g128132,AOI22_X1,5
g128133,AOI22_X1,5
g128134,AOI22_X1,5
g128135,AOI22_X1,5
g128136,AOI22_X1,5
g128137,AOI22_X1,5
g128138,AOI22_X1,5
g128139,OAI21_X1,4
g128140,AOI22_X1,5
g128141,AOI22_X1,5
g128142,AOI22_X1,5
g128143,AOI22_X1,5
g128144,AOI22_X1,5
g128145,AOI22_X1,5
g128146,AOI22_X1,5
g128147,AOI22_X1,5
g128148,AOI22_X1,5
g128149,AOI22_X1,5
g128150,AOI22_X1,5
g128151,AOI22_X1,5
g128152,AOI22_X1,5
g128153,AOI22_X1,5
g128154,AOI22_X1,5
g128155,AOI22_X1,5
g128156,AOI22_X1,5
g128157,AOI22_X1,5
g128158,AOI22_X1,5
g128159,AOI22_X1,5
g128160,AOI22_X1,5
g128161,AOI22_X1,5
g128162,AOI22_X1,5
g128163,AOI22_X1,5
g128164,AOI22_X1,5
g128165,AOI22_X1,5
g128166,AOI22_X1,5
g128167,AOI22_X1,5
g128168,AOI22_X1,5
g128169,AOI22_X1,5
g128170,AOI22_X1,5
g128171,OAI33_X1,7
g128172,AOI22_X1,5
g128173,AOI22_X1,5
g128174,AOI22_X1,5
g128175,AOI22_X1,5
g128176,AOI22_X1,5
g128177,AOI22_X1,5
g128178,AOI22_X1,5
g128179,AOI22_X1,5
g128180,AOI22_X1,5
g128181,AOI22_X1,5
g128182,AOI22_X1,5
g128183,AOI22_X1,5
g128184,AOI22_X1,5
g128185,AOI22_X1,5
g128186,AOI22_X1,5
g128187,AOI22_X1,5
g128188,AOI22_X1,5
g128189,AOI22_X1,5
g128190,AOI22_X1,5
g128191,AOI22_X1,5
g128192,AOI22_X1,5
g128193,AOI22_X1,5
g128194,AOI22_X1,5
g128195,AOI22_X1,5
g128196,AOI22_X1,5
g128197,AOI22_X1,5
g128198,AOI22_X1,5
g128199,AOI22_X1,5
g128200,AOI22_X1,5
g128201,AOI22_X1,5
g128202,AOI22_X1,5
g128203,AOI22_X1,5
g128204,AOI22_X1,5
g128205,AOI22_X1,5
g128206,AOI22_X1,5
g128207,AOI22_X1,5
g128208,AOI22_X1,5
g128209,AOI22_X1,5
g128210,AOI22_X1,5
g128211,AOI22_X1,5
g128212,AOI22_X1,5
g128213,AOI22_X1,5
g128214,AOI22_X1,5
g128215,AOI22_X1,5
g128216,AOI22_X1,5
g128217,AOI22_X1,5
g128218,AOI22_X1,5
g128219,AOI22_X1,5
g128220,AOI22_X1,5
g128221,AOI22_X1,5
g128222,AOI22_X1,5
g128223,AOI22_X1,5
g128224,AOI22_X1,5
g128225,AOI22_X1,5
g128226,AOI22_X1,5
g128227,AOI22_X1,5
g128228,AOI22_X1,5
g128229,AOI22_X1,5
g128230,AOI22_X1,5
g128231,AOI22_X1,5
g128232,AOI22_X1,5
g128233,AOI22_X1,5
g128234,AOI22_X1,5
g128235,AOI22_X1,5
g128236,AOI22_X1,5
g128237,AOI22_X1,5
g128238,AOI22_X1,5
g128239,AOI22_X1,5
g128240,AOI22_X1,5
g128241,AOI22_X1,5
g128242,AOI22_X1,5
g128243,AOI22_X1,5
g128244,AOI22_X1,5
g128245,AOI22_X1,5
g128246,AOI22_X1,5
g128247,AOI22_X1,5
g128248,AOI22_X1,5
g128249,AOI22_X1,5
g128250,AOI22_X1,5
g128251,AOI22_X1,5
g128252,AOI22_X1,5
g128253,AOI22_X1,5
g128254,AOI22_X1,5
g128255,AOI22_X1,5
g128256,AOI22_X1,5
g128257,AOI22_X1,5
g128258,AOI22_X1,5
g128259,AOI22_X1,5
g128260,AOI22_X1,5
g128261,AOI22_X1,5
g128262,AOI22_X1,5
g128263,AOI22_X1,5
g128264,AOI22_X1,5
g128265,AOI22_X1,5
g128266,AOI22_X1,5
g128267,AOI22_X1,5
g128268,AOI22_X1,5
g128269,AOI22_X1,5
g128270,AOI22_X1,5
g128271,AOI22_X1,5
g128272,AOI22_X1,5
g128273,AOI22_X1,5
g128274,AOI22_X1,5
g128275,AOI22_X1,5
g128276,AOI22_X1,5
g128277,AOI22_X1,5
g128278,INV_X1,2
g128279,INV_X1,2
g128280,INV_X1,2
g128281,INV_X1,2
g128282,INV_X1,2
g128283,INV_X1,2
g128284,INV_X1,2
g128285,INV_X1,2
g128287,OAI22_X1,5
g128288,AOI22_X1,5
g128289,NOR2_X1,3
g128290,AOI22_X1,5
g128291,AOI22_X1,5
g128292,AOI22_X1,5
g128293,AOI22_X1,5
g128294,NOR2_X1,3
g128295,NOR2_X1,3
g128296,AND2_X1,3
g128297,AOI22_X1,5
g128298,AOI22_X1,5
g128299,AOI22_X1,5
g128300,AOI22_X1,5
g128301,AOI22_X1,5
g128302,AOI22_X1,5
g128303,AOI22_X1,5
g128304,AOI22_X1,5
g128305,AOI22_X1,5
g128306,NOR2_X1,3
g128307,NAND2_X1,3
g128308,AOI22_X1,5
g128309,AOI21_X1,4
g128310,AOI22_X1,5
g128311,AOI22_X1,5
g128312,AOI22_X1,5
g128313,AOI22_X1,5
g128314,OAI21_X1,4
g128315,OAI21_X1,4
g128316,OAI21_X1,4
g128317,OAI21_X1,4
g128318,OAI21_X1,4
g128319,OAI21_X1,4
g128320,OAI21_X1,4
g128321,OAI21_X1,4
g128322,OAI21_X1,4
g128323,OAI21_X1,4
g128324,OAI21_X1,4
g128325,OAI21_X1,4
g128326,OAI21_X1,4
g128327,AOI21_X1,4
g128328,AOI22_X1,5
g128329,NAND2_X1,3
g128330,AOI22_X1,5
g128331,OAI211_X1,5
g128332,AOI22_X1,5
g128333,AOI22_X1,5
g128334,NOR3_X1,4
g128335,NOR3_X1,4
g128336,NOR3_X1,4
g128337,NOR3_X1,4
g128338,NOR3_X1,4
g128339,NOR4_X1,5
g128340,AOI22_X1,5
g128341,AOI22_X1,5
g128342,AOI22_X1,5
g128343,AOI22_X1,5
g128344,AOI22_X1,5
g128345,AOI22_X1,5
g128346,AOI22_X1,5
g128347,AOI22_X1,5
g128348,AOI22_X1,5
g128349,AOI22_X1,5
g128350,AOI22_X1,5
g128351,AOI22_X1,5
g128352,AOI22_X1,5
g128353,AOI22_X1,5
g128354,AOI22_X1,5
g128355,AOI22_X1,5
g128356,AOI22_X1,5
g128357,AOI22_X1,5
g128358,AOI22_X1,5
g128359,AOI22_X1,5
g128360,MUX2_X1,4
g128361,AOI22_X1,5
g128362,AOI22_X1,5
g128363,AOI22_X1,5
g128364,AOI22_X1,5
g128365,AOI22_X1,5
g128366,AOI22_X1,5
g128367,AOI22_X1,5
g128368,AOI22_X1,5
g128369,AOI22_X1,5
g128370,AOI22_X1,5
g128371,AOI22_X1,5
g128372,AOI22_X1,5
g128373,AOI22_X1,5
g128374,AOI22_X1,5
g128375,AOI22_X1,5
g128376,AOI22_X1,5
g128377,AOI22_X1,5
g128378,AOI22_X1,5
g128379,AOI22_X1,5
g128380,AOI22_X1,5
g128381,AOI22_X1,5
g128382,AOI22_X1,5
g128383,AOI22_X1,5
g128384,AOI22_X1,5
g128385,AOI22_X1,5
g128386,AOI22_X1,5
g128387,AOI22_X1,5
g128388,AOI22_X1,5
g128389,AOI22_X1,5
g128390,AOI22_X1,5
g128391,AOI22_X1,5
g128392,AOI22_X1,5
g128393,AOI22_X1,5
g128394,AOI22_X1,5
g128395,AOI22_X1,5
g128396,AOI22_X1,5
g128397,AOI22_X1,5
g128398,AOI22_X1,5
g128399,AOI22_X1,5
g128400,AOI22_X1,5
g128401,AOI22_X1,5
g128402,AOI22_X1,5
g128403,AOI22_X1,5
g128404,AOI22_X1,5
g128405,AOI22_X1,5
g128406,AOI22_X1,5
g128407,AOI22_X1,5
g128408,AOI22_X1,5
g128409,AOI22_X1,5
g128410,AOI22_X1,5
g128411,AOI22_X1,5
g128412,AOI22_X1,5
g128413,AOI22_X1,5
g128414,AOI22_X1,5
g128415,AOI22_X1,5
g128416,AOI22_X1,5
g128417,AOI22_X1,5
g128418,AOI22_X1,5
g128419,AOI22_X1,5
g128420,AOI22_X1,5
g128421,AOI22_X1,5
g128422,AOI22_X1,5
g128423,AOI22_X1,5
g128424,AOI22_X1,5
g128425,AOI22_X1,5
g128426,AOI22_X1,5
g128427,AOI22_X1,5
g128428,AOI22_X1,5
g128429,AOI22_X1,5
g128430,AOI22_X1,5
g128431,AOI22_X1,5
g128432,AOI22_X1,5
g128433,AOI22_X1,5
g128434,AOI22_X1,5
g128435,AOI22_X1,5
g128436,AOI22_X1,5
g128437,AOI22_X1,5
g128438,AOI22_X1,5
g128439,AOI22_X1,5
g128440,AOI22_X1,5
g128441,AOI22_X1,5
g128442,AOI22_X1,5
g128443,AOI22_X1,5
g128444,AOI22_X1,5
g128445,MUX2_X1,4
g128446,AOI22_X1,5
g128447,AOI22_X1,5
g128448,AOI22_X1,5
g128449,AOI22_X1,5
g128450,AOI22_X1,5
g128451,AOI22_X1,5
g128452,AOI22_X1,5
g128453,AOI22_X1,5
g128454,AOI22_X1,5
g128455,AOI22_X1,5
g128456,AOI22_X1,5
g128457,AOI22_X1,5
g128458,AOI22_X1,5
g128459,AOI22_X1,5
g128460,AOI22_X1,5
g128461,AOI22_X1,5
g128462,AOI22_X1,5
g128463,AOI22_X1,5
g128464,AOI22_X1,5
g128465,AOI22_X1,5
g128466,AOI22_X1,5
g128467,AOI22_X1,5
g128468,AOI22_X1,5
g128469,AOI22_X1,5
g128470,AOI22_X1,5
g128471,AOI22_X1,5
g128472,AOI22_X1,5
g128473,AOI22_X1,5
g128474,AOI22_X1,5
g128475,AOI22_X1,5
g128476,AOI22_X1,5
g128477,AOI22_X1,5
g128478,AOI22_X1,5
g128479,MUX2_X1,4
g128480,AOI22_X1,5
g128481,AOI22_X1,5
g128482,AOI22_X1,5
g128483,AOI22_X1,5
g128484,AOI22_X1,5
g128485,AOI22_X1,5
g128486,AOI22_X1,5
g128487,AOI22_X1,5
g128488,AOI22_X1,5
g128489,AOI22_X1,5
g128490,OAI22_X1,5
g128491,AOI22_X1,5
g128492,AOI22_X1,5
g128493,MUX2_X1,4
g128494,AOI22_X1,5
g128495,AOI22_X1,5
g128496,AOI22_X1,5
g128497,AOI22_X1,5
g128498,AOI22_X1,5
g128499,AOI22_X1,5
g128500,AOI22_X1,5
g128501,AOI22_X1,5
g128502,AOI22_X1,5
g128503,AOI22_X1,5
g128504,AOI22_X1,5
g128505,AOI22_X1,5
g128506,AOI22_X1,5
g128507,AOI22_X1,5
g128508,AOI22_X1,5
g128509,MUX2_X1,4
g128510,AOI22_X1,5
g128511,AOI22_X1,5
g128512,AOI22_X1,5
g128513,AOI22_X1,5
g128514,AOI22_X1,5
g128515,AOI22_X1,5
g128516,AOI22_X1,5
g128517,AOI22_X1,5
g128518,AOI22_X1,5
g128519,AOI22_X1,5
g128520,AOI22_X1,5
g128521,AOI22_X1,5
g128522,AOI22_X1,5
g128523,AOI22_X1,5
g128524,AOI22_X1,5
g128525,AOI22_X1,5
g128526,AOI22_X1,5
g128527,AOI22_X1,5
g128528,AOI22_X1,5
g128529,AOI22_X1,5
g128530,AOI22_X1,5
g128531,AOI22_X1,5
g128532,AOI22_X1,5
g128533,AOI22_X1,5
g128534,AOI22_X1,5
g128535,AOI22_X1,5
g128536,AOI22_X1,5
g128537,AOI22_X1,5
g128538,AOI22_X1,5
g128539,AOI22_X1,5
g128540,AOI22_X1,5
g128541,AOI22_X1,5
g128542,AOI22_X1,5
g128543,MUX2_X1,4
g128544,AOI22_X1,5
g128545,AOI22_X1,5
g128546,AOI22_X1,5
g128547,AOI22_X1,5
g128548,AOI22_X1,5
g128549,AOI22_X1,5
g128550,AOI22_X1,5
g128551,AOI22_X1,5
g128552,AOI22_X1,5
g128553,AOI22_X1,5
g128554,AOI22_X1,5
g128555,AOI22_X1,5
g128556,AOI22_X1,5
g128557,AOI22_X1,5
g128558,AOI22_X1,5
g128559,AOI22_X1,5
g128560,AOI22_X1,5
g128561,AOI22_X1,5
g128562,AOI22_X1,5
g128563,AOI22_X1,5
g128564,AOI22_X1,5
g128565,AOI22_X1,5
g128566,AOI22_X1,5
g128567,AOI22_X1,5
g128568,AOI22_X1,5
g128569,AOI22_X1,5
g128570,AOI22_X1,5
g128571,AOI22_X1,5
g128572,AOI22_X1,5
g128573,AOI22_X1,5
g128574,AOI22_X1,5
g128575,AOI22_X1,5
g128576,MUX2_X1,4
g128577,AOI22_X1,5
g128578,AOI22_X1,5
g128579,AOI22_X1,5
g128580,AOI22_X1,5
g128581,AOI22_X1,5
g128582,AOI22_X1,5
g128583,AOI22_X1,5
g128584,AOI22_X1,5
g128585,AOI22_X1,5
g128586,AOI22_X1,5
g128587,AOI22_X1,5
g128588,AOI22_X1,5
g128589,AOI22_X1,5
g128590,AOI22_X1,5
g128591,AOI22_X1,5
g128592,AOI22_X1,5
g128593,AOI22_X1,5
g128594,AOI22_X1,5
g128595,AOI22_X1,5
g128596,AOI22_X1,5
g128597,AOI22_X1,5
g128598,AOI22_X1,5
g128599,AOI22_X1,5
g128600,AOI22_X1,5
g128601,AOI22_X1,5
g128602,AOI22_X1,5
g128603,AOI22_X1,5
g128604,AOI22_X1,5
g128605,AOI22_X1,5
g128606,AOI22_X1,5
g128607,AOI22_X1,5
g128608,AOI22_X1,5
g128609,AOI22_X1,5
g128610,AOI22_X1,5
g128611,AOI22_X1,5
g128612,AOI22_X1,5
g128613,AOI22_X1,5
g128614,AOI22_X1,5
g128615,AOI22_X1,5
g128616,AOI22_X1,5
g128617,AOI22_X1,5
g128618,AOI22_X1,5
g128619,AOI22_X1,5
g128620,AOI22_X1,5
g128621,AOI22_X1,5
g128622,AOI22_X1,5
g128623,MUX2_X1,4
g128624,AOI22_X1,5
g128625,AOI22_X1,5
g128626,AOI22_X1,5
g128627,MUX2_X1,4
g128628,AOI22_X1,5
g128629,AOI22_X1,5
g128630,AOI22_X1,5
g128631,AOI22_X1,5
g128632,AOI22_X1,5
g128633,AOI22_X1,5
g128634,AOI22_X1,5
g128635,AOI22_X1,5
g128636,AOI22_X1,5
g128637,AOI22_X1,5
g128638,AOI22_X1,5
g128639,AOI22_X1,5
g128640,AOI22_X1,5
g128641,AOI22_X1,5
g128642,AOI22_X1,5
g128643,AOI22_X1,5
g128644,AOI22_X1,5
g128645,AOI22_X1,5
g128646,AOI22_X1,5
g128647,AOI22_X1,5
g128648,AOI22_X1,5
g128649,AOI22_X1,5
g128650,AOI22_X1,5
g128651,AOI22_X1,5
g128652,AOI22_X1,5
g128653,AOI22_X1,5
g128654,AOI22_X1,5
g128655,AOI22_X1,5
g128656,MUX2_X1,4
g128657,AOI22_X1,5
g128658,AOI22_X1,5
g128659,AOI22_X1,5
g128660,AOI22_X1,5
g128661,AOI22_X1,5
g128662,AOI22_X1,5
g128663,AOI22_X1,5
g128664,AOI22_X1,5
g128665,AOI22_X1,5
g128666,AOI22_X1,5
g128667,MUX2_X1,4
g128668,AOI22_X1,5
g128669,AOI22_X1,5
g128670,AOI22_X1,5
g128671,AOI22_X1,5
g128672,AOI22_X1,5
g128673,AOI22_X1,5
g128674,AOI22_X1,5
g128675,AOI22_X1,5
g128676,AOI22_X1,5
g128677,AOI22_X1,5
g128678,AOI22_X1,5
g128679,AOI22_X1,5
g128680,AOI22_X1,5
g128681,AOI22_X1,5
g128682,AOI22_X1,5
g128683,AOI22_X1,5
g128684,AOI22_X1,5
g128685,AOI22_X1,5
g128686,AOI22_X1,5
g128687,AOI22_X1,5
g128688,AOI22_X1,5
g128689,AOI22_X1,5
g128690,AOI22_X1,5
g128691,AOI22_X1,5
g128692,AOI22_X1,5
g128693,AOI22_X1,5
g128694,AOI21_X1,4
g128695,OR3_X1,4
g128696,NOR3_X1,4
g128697,AND3_X1,4
g128698,NAND3_X1,4
g128699,NAND2_X1,3
g128700,OAI21_X1,4
g128701,AOI21_X1,4
g128702,OAI21_X1,4
g128703,AOI21_X1,4
g128704,AOI21_X1,4
g128705,NAND2_X1,3
g128706,NAND2_X1,3
g128707,NAND2_X1,3
g128708,NAND2_X1,3
g128709,NAND2_X1,3
g128710,NAND2_X1,3
g128711,NAND2_X1,3
g128712,NAND2_X1,3
g128713,NAND2_X1,3
g128714,NAND2_X1,3
g128715,NAND2_X1,3
g128716,NAND2_X1,3
g128717,NAND2_X1,3
g128718,NOR2_X1,3
g128719,AND2_X4,3
g128720,OAI221_X4,6
g128721,INV_X1,2
g128722,NOR4_X1,5
g128723,AOI22_X1,5
g128724,AOI22_X1,5
g128725,AOI22_X1,5
g128726,AOI22_X1,5
g128727,AOI22_X1,5
g128728,AOI22_X1,5
g128729,AOI22_X1,5
g128730,AOI22_X1,5
g128731,AOI22_X1,5
g128732,AOI22_X1,5
g128733,AOI22_X1,5
g128734,AOI22_X1,5
g128735,AOI22_X1,5
g128736,AOI22_X1,5
g128737,AOI22_X1,5
g128738,AOI22_X1,5
g128739,AOI22_X1,5
g128740,AOI22_X1,5
g128741,AOI22_X1,5
g128742,AOI22_X1,5
g128743,AOI22_X1,5
g128744,AOI22_X1,5
g128745,MUX2_X1,4
g128746,AOI22_X1,5
g128747,AOI22_X1,5
g128748,AOI22_X1,5
g128749,AOI22_X1,5
g128750,AOI22_X1,5
g128751,AOI22_X1,5
g128752,AOI22_X1,5
g128753,AOI22_X1,5
g128754,AOI22_X1,5
g128755,AOI22_X1,5
g128756,AOI22_X1,5
g128757,AOI22_X1,5
g128758,AOI22_X1,5
g128759,AOI22_X1,5
g128760,AOI22_X1,5
g128761,AOI22_X1,5
g128762,AOI22_X1,5
g128763,AOI22_X1,5
g128764,AOI22_X1,5
g128765,AOI22_X1,5
g128766,AOI22_X1,5
g128767,AOI22_X1,5
g128768,AOI22_X1,5
g128769,AOI22_X1,5
g128770,AOI22_X1,5
g128771,AOI22_X1,5
g128772,AOI22_X1,5
g128773,AOI22_X1,5
g128774,AOI22_X1,5
g128775,AOI22_X1,5
g128776,AOI22_X1,5
g128777,AOI22_X1,5
g128778,AOI22_X1,5
g128779,AOI22_X1,5
g128780,AOI22_X1,5
g128781,AOI22_X1,5
g128782,AOI22_X1,5
g128783,AOI22_X1,5
g128784,AOI22_X1,5
g128785,AOI22_X1,5
g128786,AOI22_X1,5
g128787,AOI22_X1,5
g128788,AOI22_X1,5
g128789,AOI22_X1,5
g128790,AOI22_X1,5
g128791,AOI22_X1,5
g128792,AOI22_X1,5
g128793,AOI22_X1,5
g128794,AOI22_X1,5
g128795,AOI22_X1,5
g128796,AOI22_X1,5
g128797,AOI22_X1,5
g128798,AOI22_X1,5
g128799,AOI22_X1,5
g128800,AOI22_X1,5
g128801,AOI22_X1,5
g128802,AOI22_X1,5
g128803,AOI22_X1,5
g128804,AOI22_X1,5
g128805,AOI22_X1,5
g128806,AOI22_X1,5
g128807,AOI22_X1,5
g128808,AOI22_X1,5
g128809,AOI22_X1,5
g128810,AOI22_X1,5
g128811,AOI22_X1,5
g128812,AOI22_X1,5
g128813,AOI22_X1,5
g128814,AOI22_X1,5
g128815,AOI22_X1,5
g128816,AOI22_X1,5
g128817,AOI22_X1,5
g128818,AOI22_X1,5
g128819,AOI22_X1,5
g128820,AOI22_X1,5
g128821,OAI22_X1,5
g128822,AOI22_X1,5
g128823,AOI22_X1,5
g128824,AOI22_X1,5
g128825,AOI22_X1,5
g128826,AOI22_X1,5
g128827,AOI22_X1,5
g128828,AOI22_X1,5
g128829,AOI22_X1,5
g128830,AOI22_X1,5
g128831,AOI22_X1,5
g128832,AOI22_X1,5
g128833,AOI22_X1,5
g128834,AOI22_X1,5
g128835,AOI22_X1,5
g128836,AOI22_X1,5
g128837,AOI22_X1,5
g128838,AOI22_X1,5
g128839,AOI22_X1,5
g128840,AOI22_X1,5
g128841,AOI22_X1,5
g128842,AOI22_X1,5
g128843,MUX2_X1,4
g128844,AOI22_X1,5
g128845,AOI22_X1,5
g128846,AOI22_X1,5
g128847,AOI22_X1,5
g128848,AOI22_X1,5
g128849,AOI22_X1,5
g128850,AOI22_X1,5
g128851,AOI22_X1,5
g128852,AOI22_X1,5
g128853,AOI22_X1,5
g128854,AOI22_X1,5
g128855,AOI22_X1,5
g128856,AOI22_X1,5
g128857,AOI22_X1,5
g128858,AOI22_X1,5
g128859,AOI22_X1,5
g128860,AOI22_X1,5
g128861,AOI22_X1,5
g128862,AOI22_X1,5
g128863,AOI22_X1,5
g128864,AOI22_X1,5
g128865,AOI22_X1,5
g128866,AOI22_X1,5
g128867,AOI22_X1,5
g128868,AOI22_X1,5
g128869,AOI22_X1,5
g128870,AOI22_X1,5
g128871,AOI22_X1,5
g128872,AOI22_X1,5
g128873,AOI22_X1,5
g128874,AOI22_X1,5
g128875,AOI22_X1,5
g128876,AOI22_X1,5
g128877,AOI22_X1,5
g128878,AOI22_X1,5
g128879,AOI22_X1,5
g128880,AOI22_X1,5
g128881,AOI22_X1,5
g128882,AOI22_X1,5
g128883,AOI22_X1,5
g128884,AOI22_X1,5
g128885,AOI22_X1,5
g128886,AOI22_X1,5
g128887,AOI22_X1,5
g128888,AOI22_X1,5
g128889,AOI22_X1,5
g128890,AOI22_X1,5
g128891,AOI22_X1,5
g128892,AOI22_X1,5
g128893,MUX2_X1,4
g128894,AOI22_X1,5
g128895,AOI22_X1,5
g128896,AOI22_X1,5
g128897,AOI22_X1,5
g128898,AOI22_X1,5
g128899,AOI22_X1,5
g128900,AOI22_X1,5
g128901,AOI22_X1,5
g128902,AOI22_X1,5
g128903,AOI22_X1,5
g128904,AOI22_X1,5
g128905,AOI22_X1,5
g128906,AOI22_X1,5
g128907,AOI22_X1,5
g128908,AOI22_X1,5
g128909,AOI22_X1,5
g128910,AOI22_X1,5
g128911,AOI22_X1,5
g128912,AOI22_X1,5
g128913,AOI22_X1,5
g128914,AOI22_X1,5
g128915,AOI22_X1,5
g128916,AOI22_X1,5
g128917,AOI22_X1,5
g128918,AOI22_X1,5
g128919,AOI22_X1,5
g128920,AOI22_X1,5
g128921,AOI22_X1,5
g128922,AOI22_X1,5
g128923,AOI22_X1,5
g128924,AOI22_X1,5
g128925,AOI22_X1,5
g128926,AOI22_X1,5
g128927,AOI22_X1,5
g128928,AOI22_X1,5
g128929,AOI22_X1,5
g128930,AOI22_X1,5
g128931,AOI22_X1,5
g128932,AOI22_X1,5
g128933,AOI22_X1,5
g128934,AOI22_X1,5
g128935,AOI22_X1,5
g128936,AOI22_X1,5
g128937,AOI22_X1,5
g128938,AOI22_X1,5
g128939,AOI22_X1,5
g128940,AOI22_X1,5
g128941,AOI22_X1,5
g128942,AOI22_X1,5
g128943,AOI22_X1,5
g128944,AOI22_X1,5
g128945,AOI22_X1,5
g128946,AOI22_X1,5
g128947,MUX2_X1,4
g128948,AOI22_X1,5
g128949,AOI22_X1,5
g128950,AOI22_X1,5
g128951,AOI22_X1,5
g128952,AOI22_X1,5
g128953,AOI22_X1,5
g128954,AOI22_X1,5
g128955,AOI22_X1,5
g128956,AOI22_X1,5
g128957,AOI22_X1,5
g128958,AOI22_X1,5
g128959,AOI22_X1,5
g128960,AOI22_X1,5
g128961,MUX2_X1,4
g128962,AOI22_X1,5
g128963,AOI22_X1,5
g128964,AOI22_X1,5
g128965,AOI22_X1,5
g128966,AOI22_X1,5
g128967,AOI22_X1,5
g128968,AOI22_X1,5
g128969,AOI22_X1,5
g128970,OAI22_X1,5
g128971,AOI22_X1,5
g128972,AOI22_X1,5
g128973,AOI22_X1,5
g128974,MUX2_X1,4
g128975,AOI22_X1,5
g128976,AOI22_X1,5
g128977,AOI22_X1,5
g128978,AOI22_X1,5
g128979,AOI22_X1,5
g128980,MUX2_X1,4
g128981,MUX2_X1,4
g128982,AOI22_X1,5
g128983,AOI22_X1,5
g128984,AOI22_X1,5
g128985,AOI22_X1,5
g128986,AOI22_X1,5
g128987,OAI22_X1,5
g128988,AOI22_X1,5
g128989,AOI22_X1,5
g128990,AOI22_X1,5
g128991,MUX2_X1,4
g128992,AOI22_X1,5
g128993,AOI22_X1,5
g128994,AOI22_X1,5
g128995,AOI22_X1,5
g128996,AOI22_X1,5
g128997,AOI22_X1,5
g128998,AOI22_X1,5
g128999,AOI22_X1,5
g129000,MUX2_X1,4
g129001,AOI22_X1,5
g129002,AOI22_X1,5
g129003,AOI22_X1,5
g129004,AOI22_X1,5
g129005,AOI22_X1,5
g129006,AOI22_X1,5
g129007,AOI22_X1,5
g129008,AOI22_X1,5
g129009,AOI22_X1,5
g129010,AOI22_X1,5
g129011,AOI22_X1,5
g129012,AOI22_X1,5
g129013,AOI22_X1,5
g129014,AOI22_X1,5
g129015,AOI22_X1,5
g129016,AOI22_X1,5
g129017,AOI22_X1,5
g129018,AOI22_X1,5
g129019,AOI22_X1,5
g129020,AOI22_X1,5
g129021,AOI22_X1,5
g129022,AOI22_X1,5
g129023,AOI22_X1,5
g129024,AOI22_X1,5
g129025,AOI22_X1,5
g129026,AOI22_X1,5
g129027,MUX2_X1,4
g129028,AOI22_X1,5
g129029,AOI22_X1,5
g129030,AOI22_X1,5
g129031,MUX2_X1,4
g129032,AOI22_X1,5
g129033,AOI22_X1,5
g129034,AOI22_X1,5
g129035,MUX2_X1,4
g129036,AOI22_X1,5
g129037,AOI22_X1,5
g129038,AOI22_X1,5
g129039,AOI22_X1,5
g129040,AOI22_X1,5
g129041,AOI22_X1,5
g129042,AOI22_X1,5
g129043,AOI22_X1,5
g129044,AOI22_X1,5
g129045,AOI22_X1,5
g129046,AOI22_X1,5
g129047,AOI22_X1,5
g129048,AOI22_X1,5
g129049,MUX2_X1,4
g129050,MUX2_X1,4
g129051,AOI22_X1,5
g129052,AOI22_X1,5
g129053,AOI22_X1,5
g129054,AOI22_X1,5
g129055,AOI22_X1,5
g129056,AOI22_X1,5
g129057,AOI22_X1,5
g129058,AOI22_X1,5
g129059,AOI22_X1,5
g129060,AOI22_X1,5
g129061,AOI22_X1,5
g129062,AOI22_X1,5
g129063,OAI22_X1,5
g129064,AOI22_X1,5
g129065,MUX2_X1,4
g129066,AOI22_X1,5
g129067,AOI22_X1,5
g129068,AOI22_X1,5
g129069,AOI22_X1,5
g129070,AOI22_X1,5
g129071,AOI22_X1,5
g129072,AOI22_X1,5
g129073,AOI22_X1,5
g129074,AOI22_X1,5
g129075,AOI22_X1,5
g129076,AOI22_X1,5
g129077,AOI22_X1,5
g129078,AOI22_X1,5
g129079,AOI22_X1,5
g129080,AOI22_X1,5
g129081,AOI22_X1,5
g129082,AOI22_X1,5
g129083,AOI22_X1,5
g129084,AOI22_X1,5
g129085,AOI22_X1,5
g129086,AOI22_X1,5
g129087,AOI22_X1,5
g129088,AOI22_X1,5
g129089,AOI22_X1,5
g129090,AOI22_X1,5
g129091,AOI22_X1,5
g129092,AOI22_X1,5
g129093,AOI22_X1,5
g129094,AOI22_X1,5
g129095,AOI22_X1,5
g129096,AOI22_X1,5
g129097,AOI22_X1,5
g129098,AOI22_X1,5
g129099,AOI22_X1,5
g129100,AOI22_X1,5
g129101,AOI22_X1,5
g129102,AOI22_X1,5
g129103,AOI22_X1,5
g129104,AOI22_X1,5
g129105,AOI22_X1,5
g129106,AOI22_X1,5
g129107,AOI22_X1,5
g129108,AOI22_X1,5
g129109,AOI22_X1,5
g129110,AOI22_X1,5
g129111,AOI22_X1,5
g129112,AOI22_X1,5
g129113,AOI22_X1,5
g129114,AOI22_X1,5
g129115,AOI22_X1,5
g129116,AOI22_X1,5
g129117,AOI22_X1,5
g129118,AOI22_X1,5
g129119,AOI22_X1,5
g129120,AOI22_X1,5
g129121,AOI22_X1,5
g129122,AOI22_X1,5
g129123,AOI22_X1,5
g129124,AOI22_X1,5
g129125,AOI22_X1,5
g129126,AOI22_X1,5
g129127,AOI22_X1,5
g129128,AOI22_X1,5
g129129,AOI22_X1,5
g129130,AOI22_X1,5
g129131,AOI22_X1,5
g129132,AOI22_X1,5
g129133,AOI22_X1,5
g129134,AOI22_X1,5
g129135,AOI22_X1,5
g129136,AOI22_X1,5
g129137,AOI22_X1,5
g129138,AOI22_X1,5
g129139,AOI22_X1,5
g129140,AOI22_X1,5
g129141,AOI22_X1,5
g129142,AOI22_X1,5
g129143,AOI22_X1,5
g129144,AOI22_X1,5
g129145,AOI22_X1,5
g129146,AOI22_X1,5
g129147,AOI22_X1,5
g129148,AOI22_X1,5
g129149,AOI22_X1,5
g129150,AOI22_X1,5
g129151,MUX2_X1,4
g129152,MUX2_X1,4
g129153,OAI22_X1,5
g129154,NAND4_X1,5
g129155,OR2_X4,3
g129156,INV_X1,2
g129158,INV_X1,2
g129159,INV_X1,2
g129160,INV_X1,2
g129161,INV_X1,2
g129162,INV_X1,2
g129163,INV_X1,2
g129176,INV_X1,2
g129217,INV_X1,2
g129218,INV_X1,2
g129238,INV_X1,2
g129514,INV_X1,2
g129534,INV_X1,2
g129604,OR2_X1,3
g129605,NAND2_X1,3
g129606,NAND2_X1,3
g129607,NAND2_X1,3
g129608,NOR2_X1,3
g129609,NOR2_X1,3
g129610,NAND2_X1,3
g129611,NAND2_X1,3
g129612,NAND2_X1,3
g129613,NAND2_X1,3
g129614,NAND2_X1,3
g129615,NAND2_X1,3
g129616,NAND2_X1,3
g129617,NAND2_X1,3
g129618,NAND2_X1,3
g129619,NAND2_X1,3
g129620,NAND2_X1,3
g129621,NAND2_X1,3
g129622,NAND2_X1,3
g129623,NAND2_X1,3
g129624,NAND2_X1,3
g129625,NAND2_X1,3
g129626,NAND2_X1,3
g129627,NAND2_X1,3
g129628,NAND2_X1,3
g129629,NAND2_X1,3
g129630,NAND2_X1,3
g129631,NAND2_X1,3
g129632,NAND2_X1,3
g129633,NAND2_X1,3
g129634,NAND2_X1,3
g129635,NAND2_X1,3
g129636,NAND2_X1,3
g129637,NAND2_X1,3
g129638,NAND2_X1,3
g129639,NAND2_X1,3
g129640,NAND2_X1,3
g129641,NAND2_X1,3
g129642,NAND2_X1,3
g129643,NAND2_X1,3
g129644,NAND2_X1,3
g129645,NAND2_X1,3
g129646,NAND2_X1,3
g129647,NAND2_X1,3
g129648,NAND2_X1,3
g129649,NAND2_X1,3
g129650,NAND2_X1,3
g129651,NAND2_X1,3
g129652,NAND2_X1,3
g129653,NAND2_X1,3
g129654,NAND2_X1,3
g129655,NAND2_X1,3
g129656,NAND2_X1,3
g129657,NAND2_X1,3
g129658,NAND2_X1,3
g129659,NAND2_X1,3
g129660,NAND2_X1,3
g129661,NAND2_X1,3
g129662,NAND2_X1,3
g129663,NAND2_X1,3
g129664,NAND2_X1,3
g129665,NAND2_X1,3
g129666,NAND2_X1,3
g129667,NAND2_X1,3
g129668,NAND2_X1,3
g129669,NAND2_X1,3
g129670,NAND2_X1,3
g129671,NAND2_X1,3
g129672,NAND2_X1,3
g129673,NAND2_X1,3
g129674,NAND2_X1,3
g129675,NAND2_X1,3
g129676,NAND2_X1,3
g129677,NAND2_X1,3
g129678,NAND2_X1,3
g129679,NAND2_X1,3
g129680,NAND2_X1,3
g129681,NAND2_X1,3
g129682,NAND2_X1,3
g129683,NAND2_X1,3
g129684,NAND2_X1,3
g129685,NAND2_X1,3
g129686,NAND2_X1,3
g129687,NAND2_X1,3
g129688,NAND2_X1,3
g129689,NAND2_X1,3
g129690,NAND2_X1,3
g129691,NAND2_X1,3
g129692,NAND2_X1,3
g129693,NAND2_X1,3
g129694,NAND2_X1,3
g129695,NAND2_X1,3
g129696,NAND2_X1,3
g129697,NAND2_X1,3
g129698,NAND2_X1,3
g129699,NAND2_X1,3
g129700,NAND2_X1,3
g129701,NAND2_X1,3
g129702,NAND2_X1,3
g129703,NAND2_X1,3
g129704,NAND2_X1,3
g129705,AND2_X1,3
g129706,NAND2_X1,3
g129707,NAND2_X1,3
g129708,AND2_X1,3
g129709,NAND2_X1,3
g129710,NAND2_X1,3
g129711,NOR2_X1,3
g129712,NOR2_X1,3
g129713,NOR2_X1,3
g129714,NAND2_X1,3
g129715,NAND2_X1,3
g129716,NOR2_X1,3
g129717,NOR2_X1,3
g129718,NOR2_X1,3
g129719,NOR2_X1,3
g129720,NOR2_X1,3
g129721,NOR2_X1,3
g129722,AND2_X1,3
g129723,NOR2_X1,3
g129724,NOR2_X1,3
g129725,NOR2_X1,3
g129726,NOR2_X1,3
g129727,NOR2_X1,3
g129728,NOR2_X1,3
g129729,NOR2_X1,3
g129730,NAND2_X1,3
g129731,AOI21_X1,4
g129732,NOR2_X1,3
g129733,NAND2_X1,3
g129734,NOR2_X1,3
g129735,NOR2_X1,3
g129736,NAND2_X1,3
g129737,NOR2_X1,3
g129738,NOR2_X1,3
g129739,NOR2_X1,3
g129740,NOR2_X1,3
g129741,NAND2_X1,3
g129742,NOR2_X1,3
g129743,NOR2_X1,3
g129744,NOR2_X1,3
g129745,NOR2_X1,3
g129746,NOR2_X1,3
g129747,NOR2_X1,3
g129748,NOR2_X1,3
g129749,NOR2_X1,3
g129750,NOR2_X1,3
g129751,NOR2_X1,3
g129752,NOR2_X1,3
g129753,NAND2_X1,3
g129754,NOR2_X1,3
g129755,NOR2_X1,3
g129756,NOR2_X1,3
g129757,NOR2_X1,3
g129758,NOR2_X1,3
g129759,NOR2_X1,3
g129760,NOR2_X1,3
g129761,NOR2_X1,3
g129762,NOR2_X1,3
g129763,NOR2_X1,3
g129764,NOR2_X1,3
g129765,NOR2_X1,3
g129766,NOR2_X1,3
g129767,OR2_X1,3
g129768,OR2_X1,3
g129769,NOR2_X1,3
g129770,NOR2_X1,3
g129771,NOR2_X1,3
g129772,NAND2_X1,3
g129773,NOR2_X1,3
g129774,NOR2_X1,3
g129775,OR2_X1,3
g129776,NOR2_X1,3
g129777,NOR2_X1,3
g129778,NAND2_X1,3
g129779,NAND2_X1,3
g129780,NAND2_X1,3
g129781,NAND2_X1,3
g129782,NAND2_X1,3
g129783,NAND2_X1,3
g129784,NAND2_X1,3
g129785,NAND2_X1,3
g129786,NAND2_X1,3
g129787,NAND2_X1,3
g129788,NAND2_X1,3
g129789,NAND2_X1,3
g129790,NOR2_X1,3
g129791,NAND2_X1,3
g129792,NAND2_X1,3
g129793,NAND2_X1,3
g129794,NOR2_X1,3
g129795,NOR2_X1,3
g129796,NAND2_X1,3
g129797,NAND2_X1,3
g129798,NAND2_X1,3
g129799,NAND2_X1,3
g129800,NAND2_X1,3
g129801,NAND2_X1,3
g129802,NAND2_X1,3
g129803,NAND2_X1,3
g129804,NAND2_X1,3
g129805,NAND2_X1,3
g129806,NAND2_X1,3
g129807,NAND2_X1,3
g129808,NOR2_X1,3
g129809,NOR2_X1,3
g129810,NAND2_X1,3
g129811,NAND2_X1,3
g129812,NAND2_X1,3
g129813,NAND2_X1,3
g129814,NAND2_X1,3
g129815,NAND2_X1,3
g129816,NOR2_X1,3
g129817,NAND2_X1,3
g129818,NAND2_X1,3
g129819,NOR2_X1,3
g129820,NAND2_X1,3
g129821,NOR2_X1,3
g129822,NOR2_X1,3
g129823,NOR2_X1,3
g129824,NOR2_X1,3
g129825,NAND2_X1,3
g129826,NAND2_X1,3
g129827,NAND2_X1,3
g129828,NAND2_X1,3
g129829,NAND2_X1,3
g129830,NAND2_X1,3
g129831,NOR2_X1,3
g129832,AND2_X4,3
g129834,NAND2_X1,3
g129835,NAND2_X1,3
g129836,NAND2_X1,3
g129837,NAND2_X1,3
g129838,NOR2_X2,3
g129839,NAND2_X1,3
g129840,NAND2_X1,3
g129841,NOR2_X2,3
g129843,NOR2_X1,3
g129844,NOR2_X2,3
g129845,INV_X1,2
g129846,INV_X1,2
g129847,INV_X1,2
g129858,INV_X1,2
g129908,INV_X1,2
g129939,INV_X4,2
g129963,INV_X4,2
g129999,INV_X1,2
g130018,INV_X1,2
g130058,INV_X1,2
g130084,INV_X1,2
g130200,INV_X4,2
g130310,INV_X1,2
g130333,INV_X1,2
g130514,INV_X2,2
g130579,INV_X1,2
g130710,INV_X1,2
g130810,INV_X4,2
g130829,INV_X1,2
g130939,INV_X1,2
g130964,INV_X1,2
g131040,INV_X1,2
g131087,INV_X4,2
g131153,INV_X1,2
g131261,INV_X1,2
g131280,INV_X1,2
g131325,INV_X1,2
g131560,AOI22_X1,5
g131561,OAI22_X1,5
g131562,OAI22_X1,5
g131563,AOI211_X1,5
g131564,OAI22_X1,5
g131565,AOI211_X1,5
g131566,AOI21_X1,4
g131567,NOR3_X1,4
g131569,OAI221_X1,6
g131570,OR3_X1,4
g131571,NOR3_X1,4
g131572,NAND4_X1,5
g131573,NOR2_X1,3
g131574,OAI22_X1,5
g131575,OAI22_X1,5
g131576,NOR2_X1,3
g131577,OAI22_X1,5
g131578,OAI22_X1,5
g131579,OAI22_X1,5
g131580,OAI22_X1,5
g131581,NOR2_X1,3
g131582,NOR2_X1,3
g131583,NOR2_X1,3
g131584,NOR2_X1,3
g131585,NOR2_X1,3
g131586,NOR2_X1,3
g131587,NOR2_X1,3
g131588,NOR2_X1,3
g131589,NOR2_X1,3
g131590,NOR2_X1,3
g131591,OAI22_X1,5
g131592,NOR2_X1,3
g131593,NOR2_X1,3
g131594,NOR2_X1,3
g131595,OAI22_X1,5
g131596,NOR2_X1,3
g131597,NOR2_X1,3
g131598,NOR2_X1,3
g131599,NOR2_X1,3
g131600,NOR2_X1,3
g131601,NOR2_X1,3
g131602,NOR2_X1,3
g131603,NOR2_X1,3
g131604,NOR2_X1,3
g131605,NOR2_X1,3
g131606,OAI22_X1,5
g131607,OAI22_X1,5
g131608,NOR2_X1,3
g131609,OAI22_X1,5
g131610,OAI22_X1,5
g131611,OAI22_X1,5
g131612,OAI22_X1,5
g131613,OAI22_X1,5
g131614,NOR2_X1,3
g131615,NOR2_X1,3
g131616,NOR2_X1,3
g131617,OAI22_X1,5
g131618,OAI22_X1,5
g131619,OAI22_X1,5
g131620,OAI22_X1,5
g131621,OAI22_X1,5
g131622,OAI22_X1,5
g131623,OAI22_X1,5
g131624,NOR2_X1,3
g131625,NOR2_X1,3
g131626,NOR2_X1,3
g131627,NOR2_X1,3
g131628,NOR2_X1,3
g131629,NOR2_X1,3
g131630,NOR2_X1,3
g131631,NOR2_X1,3
g131632,NOR2_X1,3
g131633,NOR2_X1,3
g131634,NOR2_X1,3
g131635,NOR2_X1,3
g131636,NOR2_X1,3
g131637,NOR2_X1,3
g131638,NOR2_X1,3
g131639,NOR2_X1,3
g131640,NOR2_X1,3
g131641,NOR2_X1,3
g131642,NOR2_X1,3
g131643,NOR2_X1,3
g131644,NOR2_X1,3
g131645,OAI22_X1,5
g131646,OAI22_X1,5
g131647,OAI22_X1,5
g131648,OAI22_X1,5
g131649,OAI22_X1,5
g131650,OAI22_X1,5
g131651,OAI22_X1,5
g131652,OAI22_X1,5
g131653,NOR2_X1,3
g131654,NOR2_X1,3
g131655,NOR2_X1,3
g131656,NOR2_X1,3
g131657,NOR2_X1,3
g131658,NOR2_X1,3
g131659,AOI22_X1,5
g131660,OAI22_X1,5
g131661,OAI22_X1,5
g131662,OAI22_X1,5
g131663,OAI22_X1,5
g131664,OAI22_X1,5
g131665,NOR2_X1,3
g131666,NOR2_X1,3
g131667,OAI22_X1,5
g131668,OAI22_X1,5
g131669,OAI22_X1,5
g131670,OAI22_X1,5
g131671,OAI22_X1,5
g131672,OAI22_X1,5
g131673,OAI22_X1,5
g131674,OAI22_X1,5
g131675,XNOR2_X1,3
g131676,OAI22_X1,5
g131677,OAI22_X1,5
g131678,AOI22_X1,5
g131679,NOR2_X1,3
g131680,NOR2_X1,3
g131681,NOR2_X1,3
g131682,NOR2_X1,3
g131683,NOR2_X1,3
g131684,NOR2_X1,3
g131685,NOR2_X1,3
g131686,NOR2_X1,3
g131687,NOR2_X1,3
g131688,NOR2_X1,3
g131689,NOR2_X1,3
g131690,NOR2_X1,3
g131691,NOR2_X1,3
g131692,NOR2_X1,3
g131693,NOR2_X1,3
g131694,AOI22_X1,5
g131695,NOR2_X1,3
g131696,NOR2_X1,3
g131697,OAI22_X1,5
g131698,NOR2_X1,3
g131699,OAI22_X1,5
g131700,NOR2_X1,3
g131701,NOR2_X1,3
g131702,NOR2_X1,3
g131703,NOR2_X1,3
g131704,NOR2_X1,3
g131705,OAI22_X1,5
g131706,OAI22_X1,5
g131707,NOR2_X1,3
g131708,OAI22_X1,5
g131709,NOR2_X1,3
g131710,NOR2_X1,3
g131711,NOR2_X1,3
g131712,NOR2_X1,3
g131713,NOR2_X1,3
g131714,NOR2_X1,3
g131715,NOR2_X1,3
g131716,NOR2_X1,3
g131717,NOR2_X1,3
g131718,NOR2_X1,3
g131719,NOR2_X1,3
g131720,NOR2_X1,3
g131721,NOR2_X1,3
g131722,NOR2_X1,3
g131723,XNOR2_X1,3
g131724,OAI22_X1,5
g131725,OR2_X1,3
g131726,NOR2_X1,3
g131727,NOR2_X1,3
g131728,NAND2_X1,3
g131729,NOR2_X1,3
g131730,NOR2_X1,3
g131731,OAI221_X1,6
g131732,NOR2_X1,3
g131733,OAI22_X1,5
g131734,OAI22_X1,5
g131735,OAI22_X1,5
g131736,OAI22_X1,5
g131737,OAI22_X1,5
g131738,NOR2_X1,3
g131739,NAND2_X1,3
g131740,NAND2_X1,3
g131741,NAND2_X1,3
g131742,NAND2_X1,3
g131743,NAND2_X1,3
g131744,NAND2_X1,3
g131745,NAND2_X1,3
g131746,NAND2_X1,3
g131747,NAND2_X1,3
g131748,NAND2_X1,3
g131749,OAI211_X1,5
g131750,NAND2_X1,3
g131751,AND2_X4,3
g131752,NAND2_X1,3
g131753,NAND2_X1,3
g131754,NOR2_X1,3
g131755,NOR2_X1,3
g131756,AND2_X4,3
g131757,NOR2_X2,3
g131758,NOR2_X2,3
g131759,NAND2_X1,3
g131760,NAND2_X1,3
g131761,NAND2_X1,3
g131762,NOR2_X1,3
g131763,NOR2_X1,3
g131764,NOR2_X1,3
g131765,AND2_X2,3
g131766,AND2_X4,3
g131767,NAND2_X1,3
g131768,NAND2_X1,3
g131769,NOR2_X2,3
g131770,NAND2_X1,3
g131771,AND2_X1,3
g131772,NOR2_X2,3
g131773,NAND2_X1,3
g131774,NAND2_X1,3
g131775,NOR2_X2,3
g131776,NOR2_X2,3
g131777,NAND2_X1,3
g131778,NAND2_X1,3
g131779,NOR2_X2,3
g131780,NAND2_X1,3
g131781,NAND2_X1,3
g131782,NOR2_X1,3
g131783,NOR2_X1,3
g131784,NOR2_X2,3
g131785,NOR2_X1,3
g131786,NAND2_X1,3
g131787,NAND2_X1,3
g131788,NAND2_X1,3
g131789,AND2_X4,3
g131790,NAND2_X1,3
g131791,NAND2_X1,3
g131792,NOR2_X2,3
g131793,NOR2_X1,3
g131794,NOR2_X2,3
g131795,NOR2_X2,3
g131796,NAND2_X1,3
g131797,AND2_X1,3
g131798,NAND2_X1,3
g131799,NAND2_X1,3
g131800,NOR2_X2,3
g131801,NOR2_X1,3
g131802,INV_X1,2
g131804,INV_X1,2
g131805,INV_X1,2
g131808,INV_X1,2
g131809,INV_X1,2
g131810,INV_X1,2
g131811,INV_X1,2
g131812,INV_X1,2
g131813,INV_X1,2
g131814,INV_X1,2
g131817,INV_X1,2
g131818,INV_X1,2
g131819,INV_X1,2
g131824,INV_X1,2
g131825,INV_X1,2
g131826,INV_X1,2
g131834,INV_X1,2
g131835,INV_X1,2
g131836,INV_X1,2
g131837,INV_X1,2
g131838,INV_X1,2
g131839,INV_X1,2
g131840,INV_X1,2
g131841,INV_X1,2
g131886,NOR2_X1,3
g131889,AND2_X1,3
g131890,AND2_X1,3
g131891,NAND2_X1,3
g131892,AND2_X1,3
g131893,AND2_X1,3
g131894,AND2_X1,3
g131895,AND2_X1,3
g131896,AND2_X1,3
g131897,NAND2_X1,3
g131898,AND2_X1,3
g131899,NAND2_X1,3
g131900,NAND2_X1,3
g131901,NAND2_X1,3
g131902,NAND2_X1,3
g131903,NAND2_X1,3
g131904,NAND2_X1,3
g131905,NAND2_X1,3
g131906,NAND2_X1,3
g131907,NAND2_X1,3
g131908,NAND2_X1,3
g131909,NAND2_X1,3
g131910,NAND2_X1,3
g131911,NAND2_X1,3
g131912,NAND2_X1,3
g131913,NAND2_X1,3
g131914,NAND2_X1,3
g131915,NAND2_X1,3
g131916,NAND2_X1,3
g131917,NAND2_X1,3
g131918,NAND2_X1,3
g131919,NAND2_X1,3
g131920,NAND2_X1,3
g131921,NAND2_X1,3
g131922,NAND2_X1,3
g131923,NAND2_X1,3
g131924,NAND2_X1,3
g131925,NAND2_X1,3
g131926,NAND2_X1,3
g131927,NAND2_X1,3
g131928,NAND2_X1,3
g131929,NAND2_X1,3
g131930,NAND2_X1,3
g131931,NAND2_X1,3
g131932,NAND2_X1,3
g131933,NAND2_X1,3
g131934,NAND2_X1,3
g131935,NAND2_X1,3
g131936,NAND2_X1,3
g131937,NAND2_X1,3
g131938,NAND2_X1,3
g131939,NAND2_X1,3
g131940,NAND2_X1,3
g131941,NAND2_X1,3
g131942,NAND2_X1,3
g131943,NAND2_X1,3
g131944,NAND2_X1,3
g131945,NAND2_X1,3
g131946,NAND2_X1,3
g131947,NAND2_X1,3
g131948,NAND2_X1,3
g131949,NAND2_X1,3
g131950,NAND2_X1,3
g131951,NAND2_X1,3
g131952,NAND2_X1,3
g131953,NAND2_X1,3
g131954,NAND2_X1,3
g131955,NAND2_X1,3
g131956,NAND2_X1,3
g131957,NAND2_X1,3
g131958,NAND2_X1,3
g131959,NAND2_X1,3
g131960,NAND2_X1,3
g131961,NAND2_X1,3
g131962,NAND2_X1,3
g131963,NAND2_X1,3
g131964,NAND2_X1,3
g131965,NAND2_X1,3
g131966,AND2_X1,3
g131967,AND2_X1,3
g131968,NAND2_X1,3
g131970,AND2_X1,3
g131971,AND2_X1,3
g131972,AND2_X1,3
g131973,NAND2_X1,3
g131974,NAND2_X1,3
g131975,NAND2_X1,3
g131976,NAND2_X1,3
g131977,NAND2_X1,3
g131978,NAND2_X1,3
g131979,NAND2_X1,3
g131980,AND2_X1,3
g131981,NAND2_X1,3
g131982,NAND2_X1,3
g131983,AND2_X1,3
g131984,NAND2_X1,3
g131985,AND2_X1,3
g131986,NOR2_X1,3
g131987,NAND2_X1,3
g131988,OR2_X1,3
g131989,NOR2_X1,3
g131990,OR2_X1,3
g131991,OR2_X1,3
g131992,NAND2_X1,3
g131993,NOR2_X1,3
g131994,OR2_X1,3
g131995,NOR2_X1,3
g131996,NAND2_X1,3
g131997,NOR2_X1,3
g131999,AND2_X1,3
g132000,NOR2_X1,3
g132001,NOR2_X1,3
g132002,NOR2_X1,3
g132003,NAND2_X1,3
g132004,NAND2_X1,3
g132005,NAND2_X1,3
g132006,NAND2_X1,3
g132007,NAND2_X1,3
g132008,OR2_X1,3
g132009,NAND2_X1,3
g132010,NAND2_X1,3
g132011,NOR2_X1,3
g132012,NOR2_X1,3
g132013,NOR2_X1,3
g132014,NAND2_X1,3
g132015,NAND2_X1,3
g132016,NAND2_X1,3
g132017,NOR2_X1,3
g132018,NOR2_X1,3
g132019,NOR2_X1,3
g132020,NOR2_X1,3
g132021,NAND2_X1,3
g132022,NAND2_X1,3
g132023,NOR2_X1,3
g132024,NOR2_X1,3
g132025,AND2_X1,3
g132026,NAND4_X1,5
g132027,NAND4_X1,5
g132028,OR4_X1,5
g132029,AND2_X1,3
g132030,OR4_X1,5
g132031,OR2_X1,3
g132032,OR4_X1,5
g132033,NAND2_X1,3
g132034,AND4_X1,5
g132035,OR2_X1,3
g132036,NAND4_X1,5
g132037,NAND4_X1,5
g132038,AND2_X1,3
g132039,NOR2_X1,3
g132040,NOR2_X1,3
g132041,NAND2_X1,3
g132042,OR3_X1,4
g132043,NAND3_X1,4
g132044,NAND3_X1,4
g132045,OR3_X1,4
g132046,AND2_X4,3
g132047,AND2_X4,3
g132048,AND2_X4,3
g132049,AND2_X4,3
g132050,AND2_X4,3
g132051,AND2_X4,3
g132052,AND2_X4,3
g132053,AND2_X4,3
g132054,AND2_X4,3
g132055,AND2_X4,3
g132056,AND2_X4,3
g132057,AND2_X4,3
g132058,NOR2_X1,3
g132059,AND2_X1,3
g132060,NOR2_X1,3
g132061,NOR2_X1,3
g132062,NOR2_X1,3
g132063,INV_X1,2
g132064,INV_X1,2
g132065,INV_X1,2
g132066,INV_X1,2
g132067,INV_X1,2
g132068,INV_X1,2
g132069,INV_X1,2
g132070,INV_X1,2
g132071,INV_X1,2
g132072,INV_X1,2
g132073,INV_X1,2
g132074,INV_X1,2
g132075,INV_X1,2
g132076,INV_X1,2
g132077,INV_X1,2
g132078,INV_X1,2
g132079,INV_X1,2
g132080,INV_X1,2
g132081,INV_X1,2
g132082,INV_X1,2
g132083,INV_X1,2
g132084,INV_X1,2
g132085,INV_X1,2
g132086,INV_X1,2
g132087,INV_X1,2
g132088,INV_X1,2
g132089,INV_X1,2
g132090,INV_X1,2
g132091,INV_X1,2
g132092,INV_X1,2
g132093,INV_X1,2
g132094,INV_X1,2
g132095,INV_X1,2
g132096,INV_X1,2
g132097,INV_X1,2
g132098,INV_X1,2
g132099,INV_X1,2
g132100,INV_X1,2
g132101,INV_X1,2
g132102,INV_X1,2
g132103,INV_X1,2
g132104,INV_X1,2
g132105,INV_X1,2
g132106,INV_X1,2
g132107,INV_X1,2
g132108,INV_X1,2
g132109,INV_X1,2
g132110,INV_X1,2
g132111,INV_X1,2
g132112,INV_X1,2
g132113,INV_X1,2
g132114,INV_X1,2
g132115,INV_X1,2
g132116,INV_X1,2
g132117,INV_X1,2
g132118,INV_X1,2
g132119,INV_X1,2
g132120,INV_X1,2
g132121,INV_X1,2
g132122,INV_X1,2
g132123,INV_X1,2
g132124,INV_X1,2
g132125,INV_X1,2
g132126,INV_X1,2
g132127,INV_X1,2
g132128,INV_X1,2
g132129,INV_X1,2
g132130,INV_X1,2
g132131,INV_X1,2
g132132,INV_X1,2
g132133,INV_X1,2
g132134,INV_X1,2
g132135,INV_X1,2
g132136,INV_X1,2
g132137,INV_X1,2
g132138,INV_X1,2
g132139,INV_X1,2
g132140,INV_X1,2
g132141,INV_X1,2
g132142,INV_X1,2
g132143,INV_X1,2
g132144,INV_X1,2
g132145,INV_X1,2
g132146,INV_X1,2
g132147,INV_X1,2
g132148,INV_X1,2
g132149,INV_X1,2
g132150,INV_X1,2
g132151,INV_X1,2
g132152,INV_X1,2
g132153,INV_X1,2
g132154,INV_X1,2
g132160,INV_X1,2
g132164,INV_X1,2
g132166,INV_X1,2
g132167,INV_X1,2
g132168,INV_X1,2
g132169,INV_X1,2
g132170,INV_X1,2
g132171,INV_X1,2
g132209,XOR2_X1,3
g132210,XNOR2_X1,3
g132211,XOR2_X1,3
g132212,XOR2_X1,3
g132213,XOR2_X1,3
g132214,XNOR2_X1,3
g132215,OAI22_X1,5
g132216,MUX2_X1,4
g132217,XOR2_X1,3
g132218,XOR2_X1,3
g132219,XNOR2_X1,3
g132220,XOR2_X1,3
g132221,AOI22_X1,5
g132222,AOI22_X1,5
g132223,AOI22_X1,5
g132224,AOI22_X1,5
g132225,AOI22_X1,5
g132226,AOI22_X1,5
g132227,AOI22_X1,5
g132228,AOI22_X1,5
g132229,NOR3_X1,4
g132230,OAI21_X1,4
g132231,OAI21_X1,4
g132232,AOI21_X1,4
g132233,AOI21_X1,4
g132234,AOI22_X1,5
g132235,AOI22_X1,5
g132236,AOI22_X1,5
g132237,AOI22_X1,5
g132238,AOI22_X1,5
g132239,AOI22_X1,5
g132240,AOI22_X1,5
g132241,AOI22_X1,5
g132242,AOI22_X1,5
g132243,AOI22_X1,5
g132244,AOI22_X1,5
g132245,AOI22_X1,5
g132246,AOI22_X1,5
g132247,AOI22_X1,5
g132248,AOI22_X1,5
g132249,AOI22_X1,5
g132250,AOI22_X1,5
g132251,AOI22_X1,5
g132252,AOI22_X1,5
g132253,AOI22_X1,5
g132254,AOI22_X1,5
g132255,AOI22_X1,5
g132256,AOI22_X1,5
g132257,AOI22_X1,5
g132258,AOI22_X1,5
g132259,AOI22_X1,5
g132260,AOI22_X1,5
g132261,AOI22_X1,5
g132262,AOI22_X1,5
g132263,AOI22_X1,5
g132264,AOI22_X1,5
g132265,AOI22_X1,5
g132266,AOI22_X1,5
g132267,NOR3_X1,4
g132268,NOR3_X1,4
g132269,AOI22_X1,5
g132270,NOR3_X1,4
g132271,NAND3_X1,4
g132272,NOR3_X1,4
g132273,NOR3_X1,4
g132274,NOR3_X1,4
g132275,NOR3_X1,4
g132276,NOR3_X1,4
g132277,NOR3_X1,4
g132278,NOR3_X1,4
g132279,AOI22_X1,5
g132280,NOR3_X1,4
g132281,OAI21_X1,4
g132282,AOI22_X1,5
g132283,AOI21_X1,4
g132284,AOI22_X1,5
g132285,OAI211_X1,5
g132286,AOI22_X1,5
g132287,NOR3_X1,4
g132288,AOI22_X1,5
g132289,AOI22_X1,5
g132290,AOI22_X1,5
g132291,AOI22_X1,5
g132292,AOI22_X1,5
g132293,AOI22_X1,5
g132294,AOI22_X1,5
g132295,AOI22_X1,5
g132296,AOI22_X1,5
g132297,AOI22_X1,5
g132298,AOI22_X1,5
g132299,AOI22_X1,5
g132300,AOI22_X1,5
g132301,AOI22_X1,5
g132302,AOI22_X1,5
g132303,AOI22_X1,5
g132304,AOI22_X1,5
g132305,AOI22_X1,5
g132306,AOI21_X1,4
g132307,NAND4_X1,5
g132308,NAND3_X1,4
g132309,NAND2_X1,3
g132310,AOI21_X1,4
g132311,OR3_X1,4
g132312,NAND3_X1,4
g132313,NOR4_X1,5
g132314,NAND3_X1,4
g132315,OR3_X1,4
g132316,XOR2_X1,3
g132317,XOR2_X1,3
g132318,AOI21_X1,4
g132319,AOI22_X1,5
g132320,MUX2_X1,4
g132321,OAI21_X1,4
g132322,OAI21_X1,4
g132323,OAI21_X1,4
g132324,OAI21_X1,4
g132325,OAI21_X1,4
g132326,OAI21_X1,4
g132327,OAI21_X1,4
g132328,OAI21_X1,4
g132329,OAI21_X1,4
g132330,OAI21_X1,4
g132331,OAI21_X1,4
g132332,OAI21_X1,4
g132333,OAI21_X1,4
g132334,OAI21_X1,4
g132335,OAI21_X1,4
g132336,OAI21_X1,4
g132337,OAI21_X1,4
g132338,OAI21_X1,4
g132339,OAI21_X1,4
g132340,OAI21_X1,4
g132341,OAI21_X1,4
g132342,OAI21_X1,4
g132343,OAI21_X1,4
g132344,OAI21_X1,4
g132345,OAI21_X1,4
g132346,OAI21_X1,4
g132347,OAI21_X1,4
g132348,OAI21_X1,4
g132349,OAI21_X1,4
g132350,OAI21_X1,4
g132351,OAI21_X1,4
g132352,NAND2_X1,3
g132353,OAI22_X1,5
g132354,NAND2_X1,3
g132355,NAND2_X1,3
g132356,NAND2_X1,3
g132357,AOI22_X1,5
g132358,AOI22_X1,5
g132359,AOI21_X1,4
g132360,AND2_X1,3
g132361,AND2_X1,3
g132362,AND2_X1,3
g132365,NAND4_X1,5
g132366,AND2_X1,3
g132367,NAND4_X1,5
g132368,NAND4_X1,5
g132369,AND2_X1,3
g132371,AND2_X1,3
g132372,AND2_X1,3
g132373,AND2_X1,3
g132374,AND2_X1,3
g132375,AND2_X1,3
g132376,OR3_X1,4
g132377,OR3_X1,4
g132378,NAND3_X1,4
g132379,OR3_X1,4
g132380,OR3_X1,4
g132381,AND3_X4,4
g132382,AND2_X4,3
g132383,AND3_X4,4
g132384,NOR2_X1,3
g132385,NOR2_X1,3
g132386,NOR2_X1,3
g132387,INV_X1,2
g132388,INV_X1,2
g132389,INV_X1,2
g132390,INV_X1,2
g132391,INV_X1,2
g132392,INV_X1,2
g132393,INV_X1,2
g132394,INV_X1,2
g132395,INV_X1,2
g132396,INV_X1,2
g132397,INV_X1,2
g132398,INV_X1,2
g132399,INV_X1,2
g132400,INV_X1,2
g132401,INV_X1,2
g132402,INV_X1,2
g132403,INV_X1,2
g132404,INV_X1,2
g132405,INV_X1,2
g132406,INV_X1,2
g132407,INV_X1,2
g132408,INV_X1,2
g132409,INV_X1,2
g132410,INV_X1,2
g132411,INV_X1,2
g132412,INV_X1,2
g132413,INV_X1,2
g132414,INV_X1,2
g132415,INV_X1,2
g132416,INV_X1,2
g132417,INV_X1,2
g132418,INV_X1,2
g132419,INV_X1,2
g132420,INV_X1,2
g132421,INV_X1,2
g132422,INV_X1,2
g132423,INV_X1,2
g132424,INV_X1,2
g132425,INV_X1,2
g132426,NAND2_X1,3
g132427,NAND2_X1,3
g132428,NAND2_X1,3
g132429,NAND2_X1,3
g132430,NAND2_X1,3
g132431,NAND2_X1,3
g132432,NAND2_X1,3
g132433,NOR2_X1,3
g132434,NOR2_X1,3
g132435,NAND2_X1,3
g132436,NAND2_X1,3
g132437,NAND2_X1,3
g132438,NOR2_X1,3
g132439,NAND2_X1,3
g132440,NOR2_X1,3
g132441,NAND2_X1,3
g132442,NAND2_X1,3
g132443,NOR2_X1,3
g132444,NAND2_X1,3
g132445,NOR2_X1,3
g132446,NAND2_X1,3
g132447,NAND2_X1,3
g132448,NAND2_X1,3
g132449,NOR2_X1,3
g132450,NAND2_X1,3
g132451,NAND2_X1,3
g132452,AND2_X1,3
g132453,NAND2_X1,3
g132454,NAND2_X1,3
g132455,NAND2_X1,3
g132456,NAND2_X1,3
g132457,NAND2_X1,3
g132458,NAND2_X1,3
g132459,NAND2_X1,3
g132460,OR2_X1,3
g132461,NAND2_X1,3
g132462,NAND2_X1,3
g132463,NAND2_X1,3
g132464,NAND2_X1,3
g132465,NAND2_X1,3
g132466,NAND2_X1,3
g132467,NAND2_X1,3
g132468,NAND2_X1,3
g132469,NAND2_X1,3
g132470,NAND2_X1,3
g132471,NAND2_X1,3
g132472,NAND2_X1,3
g132473,NAND2_X1,3
g132474,NAND2_X1,3
g132475,NAND2_X1,3
g132476,NAND2_X1,3
g132477,NAND2_X1,3
g132478,NAND2_X1,3
g132479,NAND2_X1,3
g132480,NAND2_X1,3
g132481,NAND2_X1,3
g132482,NAND2_X1,3
g132483,NAND2_X1,3
g132484,NAND2_X1,3
g132485,NAND2_X1,3
g132486,NAND2_X1,3
g132487,NAND2_X1,3
g132488,NAND2_X1,3
g132489,NAND2_X1,3
g132490,NAND2_X1,3
g132491,NAND2_X1,3
g132492,NAND2_X1,3
g132493,NOR2_X1,3
g132494,NAND2_X1,3
g132495,NAND2_X1,3
g132496,NAND2_X1,3
g132497,NAND2_X1,3
g132498,NAND2_X1,3
g132499,NAND2_X1,3
g132500,NAND2_X1,3
g132501,NAND2_X1,3
g132502,NAND2_X1,3
g132503,NAND2_X1,3
g132504,NAND2_X1,3
g132505,NAND2_X1,3
g132506,NAND2_X1,3
g132507,NAND2_X1,3
g132508,NAND2_X1,3
g132509,NAND2_X1,3
g132510,NAND2_X1,3
g132511,NAND2_X1,3
g132512,NAND2_X1,3
g132513,NAND2_X1,3
g132514,NAND2_X1,3
g132515,NAND2_X1,3
g132516,NAND2_X1,3
g132517,NAND2_X1,3
g132518,NAND2_X1,3
g132519,NAND2_X1,3
g132520,NAND2_X1,3
g132521,NAND2_X1,3
g132522,NAND2_X1,3
g132523,NAND2_X1,3
g132524,NAND2_X1,3
g132525,NAND2_X1,3
g132526,NAND2_X1,3
g132527,NAND2_X1,3
g132528,NAND2_X1,3
g132529,NAND2_X1,3
g132530,NAND2_X1,3
g132531,NAND2_X1,3
g132532,NAND2_X1,3
g132533,NAND2_X1,3
g132534,NAND2_X1,3
g132535,NAND2_X1,3
g132536,NAND2_X1,3
g132537,NAND2_X1,3
g132538,NAND2_X1,3
g132539,NAND2_X1,3
g132540,NAND2_X1,3
g132541,NAND2_X1,3
g132542,NAND2_X1,3
g132543,NAND2_X1,3
g132544,NAND2_X1,3
g132545,NAND2_X1,3
g132546,NOR2_X1,3
g132547,NAND2_X1,3
g132548,NAND2_X1,3
g132549,NOR2_X1,3
g132550,NAND2_X1,3
g132551,NAND2_X1,3
g132552,NAND2_X1,3
g132553,NAND2_X1,3
g132554,NAND2_X1,3
g132555,NOR2_X1,3
g132556,NOR2_X1,3
g132557,NOR2_X1,3
g132558,AND2_X1,3
g132559,NOR2_X1,3
g132560,AND2_X1,3
g132561,NAND2_X1,3
g132562,INV_X1,2
g132563,INV_X1,2
g132564,INV_X1,2
g132565,INV_X1,2
g132567,INV_X1,2
g132568,INV_X1,2
g132569,INV_X1,2
g132570,INV_X1,2
g132571,INV_X1,2
g132572,INV_X1,2
g132573,INV_X1,2
g132574,INV_X1,2
g132575,INV_X1,2
g132577,INV_X1,2
g132578,INV_X1,2
g132579,INV_X1,2
g132580,INV_X1,2
g132581,INV_X1,2
g132582,INV_X1,2
g132583,INV_X1,2
g132585,INV_X1,2
g132586,AND2_X1,3
g132587,NOR2_X1,3
g132588,NAND2_X1,3
g132589,OR2_X1,3
g132590,NOR2_X1,3
g132591,NOR2_X1,3
g132592,NOR2_X1,3
g132593,NOR2_X1,3
g132594,NOR2_X1,3
g132595,NOR2_X1,3
g132596,NAND2_X1,3
g132597,NAND2_X1,3
g132598,OR2_X1,3
g132599,NAND2_X1,3
g132600,NAND2_X1,3
g132601,NAND2_X1,3
g132602,NAND2_X1,3
g132603,NAND2_X1,3
g132604,NAND2_X1,3
g132605,NAND2_X1,3
g132606,NAND2_X1,3
g132607,NAND2_X1,3
g132608,NAND2_X1,3
g132609,NAND2_X1,3
g132610,NAND2_X1,3
g132611,NAND2_X1,3
g132612,NAND2_X1,3
g132613,NAND2_X1,3
g132614,NAND2_X1,3
g132615,NAND2_X1,3
g132616,NAND2_X1,3
g132617,NAND2_X1,3
g132618,NAND2_X1,3
g132619,NAND2_X1,3
g132620,NAND2_X1,3
g132621,NAND2_X1,3
g132622,NAND2_X1,3
g132623,NAND2_X1,3
g132624,NAND2_X1,3
g132625,NAND2_X1,3
g132626,NAND2_X1,3
g132627,NAND2_X1,3
g132628,NAND2_X1,3
g132629,NAND2_X1,3
g132630,NAND2_X1,3
g132631,NAND2_X1,3
g132632,NAND2_X1,3
g132633,NAND2_X1,3
g132634,NAND2_X1,3
g132635,NAND2_X1,3
g132636,NAND2_X1,3
g132637,NAND2_X1,3
g132638,NAND2_X1,3
g132639,NAND2_X1,3
g132640,NAND2_X1,3
g132641,NAND2_X1,3
g132642,NAND2_X1,3
g132643,NAND2_X1,3
g132644,NAND2_X1,3
g132645,NAND2_X1,3
g132646,NAND2_X1,3
g132647,NAND2_X1,3
g132648,NAND2_X1,3
g132649,NAND2_X1,3
g132650,NOR2_X1,3
g132651,OR2_X1,3
g132652,NOR2_X1,3
g132653,NAND2_X1,3
g132654,NOR2_X1,3
g132655,NAND2_X1,3
g132656,NOR2_X1,3
g132657,NAND2_X1,3
g132658,OR2_X1,3
g132659,OR2_X1,3
g132660,NOR2_X1,3
g132661,NAND2_X1,3
g132662,NAND2_X1,3
g132663,NAND2_X1,3
g132664,NAND2_X1,3
g132665,NOR2_X1,3
g132666,NAND2_X1,3
g132667,NAND2_X1,3
g132668,NAND2_X1,3
g132669,NAND2_X1,3
g132670,NOR2_X1,3
g132671,OR2_X1,3
g132672,NAND2_X1,3
g132673,NAND2_X1,3
g132674,NAND2_X1,3
g132675,NAND2_X1,3
g132676,NAND2_X1,3
g132677,NAND2_X1,3
g132678,NOR2_X1,3
g132679,NOR2_X1,3
g132680,NOR2_X1,3
g132681,NOR2_X1,3
g132682,NAND2_X1,3
g132683,NAND2_X1,3
g132684,NAND2_X1,3
g132685,NAND2_X1,3
g132686,NAND2_X1,3
g132687,OR2_X1,3
g132688,NAND2_X1,3
g132689,NAND2_X1,3
g132690,NAND2_X1,3
g132691,NAND2_X1,3
g132692,NOR2_X1,3
g132693,NOR2_X1,3
g132694,NAND2_X1,3
g132695,NOR2_X1,3
g132696,NOR2_X1,3
g132697,NAND2_X1,3
g132698,OR2_X1,3
g132699,NOR2_X1,3
g132700,NOR2_X1,3
g132701,NOR2_X1,3
g132702,NOR2_X1,3
g132703,NOR2_X1,3
g132704,NAND2_X1,3
g132705,NOR2_X1,3
g132706,NAND2_X1,3
g132707,NOR2_X1,3
g132708,NOR2_X1,3
g132709,OR2_X1,3
g132710,OR2_X1,3
g132711,NOR2_X1,3
g132712,NOR2_X1,3
g132713,NOR2_X1,3
g132714,NAND2_X1,3
g132715,NAND2_X1,3
g132716,NAND2_X1,3
g132717,NOR2_X1,3
g132718,OR2_X4,3
g132719,AND2_X4,3
g132720,AND2_X4,3
g132721,AND2_X4,3
g132722,OR2_X4,3
g132731,INV_X1,2
g132733,INV_X1,2
g132776,INV_X1,2
g132777,INV_X1,2
g132780,INV_X1,2
g132785,INV_X1,2
g132787,INV_X1,2
g132789,INV_X1,2
g132793,INV_X1,2
g132800,INV_X1,2
g132806,INV_X1,2
g132809,INV_X1,2
g132814,INV_X1,2
g132821,INV_X1,2
g132824,INV_X1,2
g132826,INV_X1,2
g132833,INV_X1,2
g132841,INV_X1,2
g132860,INV_X1,2
g132863,INV_X1,2
g132882,INV_X1,2
g132906,INV_X1,2
g132915,INV_X1,2
g132917,INV_X1,2
g132920,INV_X1,2
g132922,INV_X1,2
g132940,INV_X4,2
g132942,INV_X4,2
drc_bufs132985,INV_X1,2
drc_bufs132989,INV_X1,2
drc_bufs132993,INV_X1,2
g11130,AND2_X2,3
g132995,AND2_X2,3
g132996,OR4_X1,5
g132997,OR4_X1,5
g132998,OR4_X1,5
g132999,OR2_X1,3
controller_i_fence_active_q_reg,DFFR_X1,5
csr_regfile_i_asid_o_reg[0],DFFR_X2,5
csr_regfile_i_cycle_q_reg[0],DFFR_X1,5
csr_regfile_i_cycle_q_reg[1],DFFR_X1,5
csr_regfile_i_cycle_q_reg[2],DFFR_X1,5
csr_regfile_i_cycle_q_reg[3],DFFR_X1,5
csr_regfile_i_cycle_q_reg[4],DFFR_X1,5
csr_regfile_i_cycle_q_reg[5],DFFR_X1,5
csr_regfile_i_cycle_q_reg[6],DFFR_X1,5
csr_regfile_i_cycle_q_reg[7],DFFR_X1,5
csr_regfile_i_cycle_q_reg[8],DFFR_X1,5
csr_regfile_i_cycle_q_reg[9],DFFR_X1,5
csr_regfile_i_cycle_q_reg[10],DFFR_X1,5
csr_regfile_i_cycle_q_reg[11],DFFR_X1,5
csr_regfile_i_cycle_q_reg[12],DFFR_X1,5
csr_regfile_i_cycle_q_reg[13],DFFR_X1,5
csr_regfile_i_cycle_q_reg[14],DFFR_X1,5
csr_regfile_i_cycle_q_reg[15],DFFR_X1,5
csr_regfile_i_cycle_q_reg[16],DFFR_X1,5
csr_regfile_i_cycle_q_reg[17],DFFR_X1,5
csr_regfile_i_cycle_q_reg[18],DFFR_X1,5
csr_regfile_i_cycle_q_reg[19],DFFR_X1,5
csr_regfile_i_cycle_q_reg[20],DFFR_X1,5
csr_regfile_i_cycle_q_reg[21],DFFR_X1,5
csr_regfile_i_cycle_q_reg[22],DFFR_X1,5
csr_regfile_i_cycle_q_reg[23],DFFR_X1,5
csr_regfile_i_cycle_q_reg[24],DFFR_X1,5
csr_regfile_i_cycle_q_reg[25],DFFR_X1,5
csr_regfile_i_cycle_q_reg[26],DFFR_X1,5
csr_regfile_i_cycle_q_reg[27],DFFR_X1,5
csr_regfile_i_cycle_q_reg[28],DFFR_X1,5
csr_regfile_i_cycle_q_reg[29],DFFR_X1,5
csr_regfile_i_cycle_q_reg[30],DFFR_X1,5
csr_regfile_i_cycle_q_reg[31],DFFR_X1,5
csr_regfile_i_cycle_q_reg[32],DFFR_X1,5
csr_regfile_i_cycle_q_reg[33],DFFR_X1,5
csr_regfile_i_cycle_q_reg[34],DFFR_X1,5
csr_regfile_i_cycle_q_reg[35],DFFR_X1,5
csr_regfile_i_cycle_q_reg[36],DFFR_X1,5
csr_regfile_i_cycle_q_reg[37],DFFR_X1,5
csr_regfile_i_cycle_q_reg[38],DFFR_X1,5
csr_regfile_i_cycle_q_reg[39],DFFR_X1,5
csr_regfile_i_cycle_q_reg[40],DFFR_X1,5
csr_regfile_i_cycle_q_reg[41],DFFR_X1,5
csr_regfile_i_cycle_q_reg[42],DFFR_X1,5
csr_regfile_i_cycle_q_reg[43],DFFR_X1,5
csr_regfile_i_cycle_q_reg[44],DFFR_X1,5
csr_regfile_i_cycle_q_reg[45],DFFR_X1,5
csr_regfile_i_cycle_q_reg[46],DFFR_X1,5
csr_regfile_i_cycle_q_reg[47],DFFR_X1,5
csr_regfile_i_cycle_q_reg[48],DFFR_X1,5
csr_regfile_i_cycle_q_reg[49],DFFR_X1,5
csr_regfile_i_cycle_q_reg[50],DFFR_X1,5
csr_regfile_i_cycle_q_reg[51],DFFR_X1,5
csr_regfile_i_cycle_q_reg[52],DFFR_X1,5
csr_regfile_i_cycle_q_reg[53],DFFR_X1,5
csr_regfile_i_cycle_q_reg[54],DFFR_X1,5
csr_regfile_i_cycle_q_reg[55],DFFR_X1,5
csr_regfile_i_cycle_q_reg[56],DFFR_X1,5
csr_regfile_i_cycle_q_reg[57],DFFR_X1,5
csr_regfile_i_cycle_q_reg[58],DFFR_X1,5
csr_regfile_i_cycle_q_reg[59],DFFR_X1,5
csr_regfile_i_cycle_q_reg[60],DFFR_X1,5
csr_regfile_i_cycle_q_reg[61],DFFR_X1,5
csr_regfile_i_cycle_q_reg[62],DFFR_X1,5
csr_regfile_i_cycle_q_reg[63],DFFR_X1,5
csr_regfile_i_dcache_en_o_reg,SDFFS_X1,6
csr_regfile_i_dcsr_q_cause__6__reg,DFFR_X1,5
csr_regfile_i_dcsr_q_cause__7__reg,DFFR_X1,5
csr_regfile_i_dcsr_q_cause__8__reg,DFFR_X1,5
csr_regfile_i_dcsr_q_ebreakm__reg,SDFFR_X1,6
csr_regfile_i_dcsr_q_ebreaks__reg,SDFFR_X1,6
csr_regfile_i_dcsr_q_ebreaku__reg,SDFFR_X1,6
csr_regfile_i_dcsr_q_mprven__reg,DFFR_X1,5
csr_regfile_i_dcsr_q_prv__0__reg,SDFFS_X1,6
csr_regfile_i_dcsr_q_prv__1__reg,SDFFS_X1,6
csr_regfile_i_dcsr_q_stepie__reg,DFFR_X1,5
csr_regfile_i_dcsr_q_xdebugver__30__reg,DFFR_X1,5
csr_regfile_i_dcsr_q_zero0__reg,SDFFR_X1,6
csr_regfile_i_dcsr_q_zero1__reg,SDFFR_X1,6
csr_regfile_i_dcsr_q_zero2__16__reg,SDFFR_X1,6
csr_regfile_i_dcsr_q_zero2__17__reg,SDFFR_X1,6
csr_regfile_i_dcsr_q_zero2__18__reg,SDFFR_X1,6
csr_regfile_i_dcsr_q_zero2__19__reg,SDFFR_X1,6
csr_regfile_i_dcsr_q_zero2__20__reg,SDFFR_X1,6
csr_regfile_i_dcsr_q_zero2__21__reg,SDFFR_X1,6
csr_regfile_i_dcsr_q_zero2__22__reg,SDFFR_X1,6
csr_regfile_i_dcsr_q_zero2__23__reg,SDFFR_X1,6
csr_regfile_i_dcsr_q_zero2__24__reg,SDFFR_X1,6
csr_regfile_i_dcsr_q_zero2__25__reg,SDFFR_X1,6
csr_regfile_i_dcsr_q_zero2__26__reg,SDFFR_X1,6
csr_regfile_i_dcsr_q_zero2__27__reg,SDFFR_X1,6
csr_regfile_i_debug_mode_o_reg,DFFR_X2,5
csr_regfile_i_dpc_q_reg[0],DFFR_X1,5
csr_regfile_i_dpc_q_reg[1],DFFR_X1,5
csr_regfile_i_dpc_q_reg[2],DFFR_X1,5
csr_regfile_i_dpc_q_reg[3],DFFR_X1,5
csr_regfile_i_dpc_q_reg[4],DFFR_X1,5
csr_regfile_i_dpc_q_reg[5],DFFR_X1,5
csr_regfile_i_dpc_q_reg[6],DFFR_X1,5
csr_regfile_i_dpc_q_reg[7],DFFR_X1,5
csr_regfile_i_dpc_q_reg[8],DFFR_X1,5
csr_regfile_i_dpc_q_reg[9],DFFR_X1,5
csr_regfile_i_dpc_q_reg[10],DFFR_X1,5
csr_regfile_i_dpc_q_reg[11],DFFR_X1,5
csr_regfile_i_dpc_q_reg[12],DFFR_X1,5
csr_regfile_i_dpc_q_reg[13],DFFR_X1,5
csr_regfile_i_dpc_q_reg[14],DFFR_X1,5
csr_regfile_i_dpc_q_reg[15],DFFR_X1,5
csr_regfile_i_dpc_q_reg[16],DFFR_X1,5
csr_regfile_i_dpc_q_reg[17],DFFR_X1,5
csr_regfile_i_dpc_q_reg[18],DFFR_X1,5
csr_regfile_i_dpc_q_reg[19],DFFR_X1,5
csr_regfile_i_dpc_q_reg[20],DFFR_X1,5
csr_regfile_i_dpc_q_reg[21],DFFR_X1,5
csr_regfile_i_dpc_q_reg[22],DFFR_X1,5
csr_regfile_i_dpc_q_reg[23],DFFR_X1,5
csr_regfile_i_dpc_q_reg[24],DFFR_X1,5
csr_regfile_i_dpc_q_reg[25],DFFR_X1,5
csr_regfile_i_dpc_q_reg[26],DFFR_X1,5
csr_regfile_i_dpc_q_reg[27],DFFR_X1,5
csr_regfile_i_dpc_q_reg[28],DFFR_X1,5
csr_regfile_i_dpc_q_reg[29],DFFR_X1,5
csr_regfile_i_dpc_q_reg[30],DFFR_X1,5
csr_regfile_i_dpc_q_reg[31],DFFR_X1,5
csr_regfile_i_dpc_q_reg[32],DFFR_X1,5
csr_regfile_i_dpc_q_reg[33],DFFR_X1,5
csr_regfile_i_dpc_q_reg[34],DFFR_X1,5
csr_regfile_i_dpc_q_reg[35],DFFR_X1,5
csr_regfile_i_dpc_q_reg[36],DFFR_X1,5
csr_regfile_i_dpc_q_reg[37],DFFR_X1,5
csr_regfile_i_dpc_q_reg[38],DFFR_X1,5
csr_regfile_i_dpc_q_reg[39],DFFR_X1,5
csr_regfile_i_dpc_q_reg[40],DFFR_X1,5
csr_regfile_i_dpc_q_reg[41],DFFR_X1,5
csr_regfile_i_dpc_q_reg[42],DFFR_X1,5
csr_regfile_i_dpc_q_reg[43],DFFR_X1,5
csr_regfile_i_dpc_q_reg[44],DFFR_X1,5
csr_regfile_i_dpc_q_reg[45],DFFR_X1,5
csr_regfile_i_dpc_q_reg[46],DFFR_X1,5
csr_regfile_i_dpc_q_reg[47],DFFR_X1,5
csr_regfile_i_dpc_q_reg[48],DFFR_X1,5
csr_regfile_i_dpc_q_reg[49],DFFR_X1,5
csr_regfile_i_dpc_q_reg[50],DFFR_X1,5
csr_regfile_i_dpc_q_reg[51],DFFR_X1,5
csr_regfile_i_dpc_q_reg[52],DFFR_X1,5
csr_regfile_i_dpc_q_reg[53],DFFR_X1,5
csr_regfile_i_dpc_q_reg[54],DFFR_X1,5
csr_regfile_i_dpc_q_reg[55],DFFR_X1,5
csr_regfile_i_dpc_q_reg[56],DFFR_X1,5
csr_regfile_i_dpc_q_reg[57],DFFR_X1,5
csr_regfile_i_dpc_q_reg[58],DFFR_X1,5
csr_regfile_i_dpc_q_reg[59],DFFR_X1,5
csr_regfile_i_dpc_q_reg[60],DFFR_X1,5
csr_regfile_i_dpc_q_reg[61],DFFR_X1,5
csr_regfile_i_dpc_q_reg[62],DFFR_X1,5
csr_regfile_i_dpc_q_reg[63],DFFR_X1,5
csr_regfile_i_dscratch0_q_reg[0],SDFFR_X1,6
csr_regfile_i_dscratch0_q_reg[1],SDFFR_X1,6
csr_regfile_i_dscratch0_q_reg[2],SDFFR_X1,6
csr_regfile_i_dscratch0_q_reg[3],SDFFR_X1,6
csr_regfile_i_dscratch0_q_reg[4],SDFFR_X1,6
csr_regfile_i_dscratch0_q_reg[5],SDFFR_X1,6
csr_regfile_i_dscratch0_q_reg[6],SDFFR_X1,6
csr_regfile_i_dscratch0_q_reg[7],SDFFR_X1,6
csr_regfile_i_dscratch0_q_reg[8],SDFFR_X1,6
csr_regfile_i_dscratch0_q_reg[9],SDFFR_X1,6
csr_regfile_i_dscratch0_q_reg[10],SDFFR_X1,6
csr_regfile_i_dscratch0_q_reg[11],SDFFR_X1,6
csr_regfile_i_dscratch0_q_reg[12],SDFFR_X1,6
csr_regfile_i_dscratch0_q_reg[13],SDFFR_X1,6
csr_regfile_i_dscratch0_q_reg[14],SDFFR_X1,6
csr_regfile_i_dscratch0_q_reg[15],SDFFR_X1,6
csr_regfile_i_dscratch0_q_reg[16],SDFFR_X1,6
csr_regfile_i_dscratch0_q_reg[17],SDFFR_X1,6
csr_regfile_i_dscratch0_q_reg[18],SDFFR_X1,6
csr_regfile_i_dscratch0_q_reg[19],SDFFR_X1,6
csr_regfile_i_dscratch0_q_reg[20],SDFFR_X1,6
csr_regfile_i_dscratch0_q_reg[21],SDFFR_X1,6
csr_regfile_i_dscratch0_q_reg[22],SDFFR_X1,6
csr_regfile_i_dscratch0_q_reg[23],SDFFR_X1,6
csr_regfile_i_dscratch0_q_reg[24],SDFFR_X1,6
csr_regfile_i_dscratch0_q_reg[25],SDFFR_X1,6
csr_regfile_i_dscratch0_q_reg[26],SDFFR_X1,6
csr_regfile_i_dscratch0_q_reg[27],SDFFR_X1,6
csr_regfile_i_dscratch0_q_reg[28],SDFFR_X1,6
csr_regfile_i_dscratch0_q_reg[29],SDFFR_X1,6
csr_regfile_i_dscratch0_q_reg[30],SDFFR_X1,6
csr_regfile_i_dscratch0_q_reg[31],SDFFR_X1,6
csr_regfile_i_dscratch0_q_reg[32],SDFFR_X1,6
csr_regfile_i_dscratch0_q_reg[33],SDFFR_X1,6
csr_regfile_i_dscratch0_q_reg[34],SDFFR_X1,6
csr_regfile_i_dscratch0_q_reg[35],SDFFR_X1,6
csr_regfile_i_dscratch0_q_reg[36],SDFFR_X1,6
csr_regfile_i_dscratch0_q_reg[37],SDFFR_X1,6
csr_regfile_i_dscratch0_q_reg[38],SDFFR_X1,6
csr_regfile_i_dscratch0_q_reg[39],SDFFR_X1,6
csr_regfile_i_dscratch0_q_reg[40],SDFFR_X1,6
csr_regfile_i_dscratch0_q_reg[41],SDFFR_X1,6
csr_regfile_i_dscratch0_q_reg[42],SDFFR_X1,6
csr_regfile_i_dscratch0_q_reg[43],SDFFR_X1,6
csr_regfile_i_dscratch0_q_reg[44],SDFFR_X1,6
csr_regfile_i_dscratch0_q_reg[45],SDFFR_X1,6
csr_regfile_i_dscratch0_q_reg[46],SDFFR_X1,6
csr_regfile_i_dscratch0_q_reg[47],SDFFR_X1,6
csr_regfile_i_dscratch0_q_reg[48],SDFFR_X1,6
csr_regfile_i_dscratch0_q_reg[49],SDFFR_X1,6
csr_regfile_i_dscratch0_q_reg[50],SDFFR_X1,6
csr_regfile_i_dscratch0_q_reg[51],SDFFR_X1,6
csr_regfile_i_dscratch0_q_reg[52],SDFFR_X1,6
csr_regfile_i_dscratch0_q_reg[53],SDFFR_X1,6
csr_regfile_i_dscratch0_q_reg[54],SDFFR_X1,6
csr_regfile_i_dscratch0_q_reg[55],SDFFR_X1,6
csr_regfile_i_dscratch0_q_reg[56],SDFFR_X1,6
csr_regfile_i_dscratch0_q_reg[57],SDFFR_X1,6
csr_regfile_i_dscratch0_q_reg[58],SDFFR_X1,6
csr_regfile_i_dscratch0_q_reg[59],SDFFR_X1,6
csr_regfile_i_dscratch0_q_reg[60],SDFFR_X1,6
csr_regfile_i_dscratch0_q_reg[61],SDFFR_X1,6
csr_regfile_i_dscratch0_q_reg[62],SDFFR_X1,6
csr_regfile_i_dscratch0_q_reg[63],SDFFR_X1,6
csr_regfile_i_dscratch1_q_reg[0],SDFFR_X1,6
csr_regfile_i_dscratch1_q_reg[1],SDFFR_X1,6
csr_regfile_i_dscratch1_q_reg[2],SDFFR_X1,6
csr_regfile_i_dscratch1_q_reg[3],SDFFR_X1,6
csr_regfile_i_dscratch1_q_reg[4],SDFFR_X1,6
csr_regfile_i_dscratch1_q_reg[5],SDFFR_X1,6
csr_regfile_i_dscratch1_q_reg[6],SDFFR_X1,6
csr_regfile_i_dscratch1_q_reg[7],SDFFR_X1,6
csr_regfile_i_dscratch1_q_reg[8],SDFFR_X1,6
csr_regfile_i_dscratch1_q_reg[9],SDFFR_X1,6
csr_regfile_i_dscratch1_q_reg[10],SDFFR_X1,6
csr_regfile_i_dscratch1_q_reg[11],SDFFR_X1,6
csr_regfile_i_dscratch1_q_reg[12],SDFFR_X1,6
csr_regfile_i_dscratch1_q_reg[13],SDFFR_X1,6
csr_regfile_i_dscratch1_q_reg[14],SDFFR_X1,6
csr_regfile_i_dscratch1_q_reg[15],SDFFR_X1,6
csr_regfile_i_dscratch1_q_reg[16],SDFFR_X1,6
csr_regfile_i_dscratch1_q_reg[17],SDFFR_X1,6
csr_regfile_i_dscratch1_q_reg[18],SDFFR_X1,6
csr_regfile_i_dscratch1_q_reg[19],SDFFR_X1,6
csr_regfile_i_dscratch1_q_reg[20],SDFFR_X1,6
csr_regfile_i_dscratch1_q_reg[21],SDFFR_X1,6
csr_regfile_i_dscratch1_q_reg[22],SDFFR_X1,6
csr_regfile_i_dscratch1_q_reg[23],SDFFR_X1,6
csr_regfile_i_dscratch1_q_reg[24],SDFFR_X1,6
csr_regfile_i_dscratch1_q_reg[25],SDFFR_X1,6
csr_regfile_i_dscratch1_q_reg[26],SDFFR_X1,6
csr_regfile_i_dscratch1_q_reg[27],SDFFR_X1,6
csr_regfile_i_dscratch1_q_reg[28],SDFFR_X1,6
csr_regfile_i_dscratch1_q_reg[29],SDFFR_X1,6
csr_regfile_i_dscratch1_q_reg[30],SDFFR_X1,6
csr_regfile_i_dscratch1_q_reg[31],SDFFR_X1,6
csr_regfile_i_dscratch1_q_reg[32],SDFFR_X1,6
csr_regfile_i_dscratch1_q_reg[33],SDFFR_X1,6
csr_regfile_i_dscratch1_q_reg[34],SDFFR_X1,6
csr_regfile_i_dscratch1_q_reg[35],SDFFR_X1,6
csr_regfile_i_dscratch1_q_reg[36],SDFFR_X1,6
csr_regfile_i_dscratch1_q_reg[37],SDFFR_X1,6
csr_regfile_i_dscratch1_q_reg[38],SDFFR_X1,6
csr_regfile_i_dscratch1_q_reg[39],SDFFR_X1,6
csr_regfile_i_dscratch1_q_reg[40],SDFFR_X1,6
csr_regfile_i_dscratch1_q_reg[41],SDFFR_X1,6
csr_regfile_i_dscratch1_q_reg[42],SDFFR_X1,6
csr_regfile_i_dscratch1_q_reg[43],SDFFR_X1,6
csr_regfile_i_dscratch1_q_reg[44],SDFFR_X1,6
csr_regfile_i_dscratch1_q_reg[45],SDFFR_X1,6
csr_regfile_i_dscratch1_q_reg[46],SDFFR_X1,6
csr_regfile_i_dscratch1_q_reg[47],SDFFR_X1,6
csr_regfile_i_dscratch1_q_reg[48],SDFFR_X1,6
csr_regfile_i_dscratch1_q_reg[49],SDFFR_X1,6
csr_regfile_i_dscratch1_q_reg[50],SDFFR_X1,6
csr_regfile_i_dscratch1_q_reg[51],SDFFR_X1,6
csr_regfile_i_dscratch1_q_reg[52],SDFFR_X1,6
csr_regfile_i_dscratch1_q_reg[53],SDFFR_X1,6
csr_regfile_i_dscratch1_q_reg[54],SDFFR_X1,6
csr_regfile_i_dscratch1_q_reg[55],SDFFR_X1,6
csr_regfile_i_dscratch1_q_reg[56],SDFFR_X1,6
csr_regfile_i_dscratch1_q_reg[57],SDFFR_X1,6
csr_regfile_i_dscratch1_q_reg[58],SDFFR_X1,6
csr_regfile_i_dscratch1_q_reg[59],SDFFR_X1,6
csr_regfile_i_dscratch1_q_reg[60],SDFFR_X1,6
csr_regfile_i_dscratch1_q_reg[61],SDFFR_X1,6
csr_regfile_i_dscratch1_q_reg[62],SDFFR_X1,6
csr_regfile_i_dscratch1_q_reg[63],SDFFR_X1,6
csr_regfile_i_en_ld_st_translation_o_reg,DFFR_X1,5
csr_regfile_i_halt_csr_o_reg,DFFR_X1,5
csr_regfile_i_icache_q_reg[0],SDFFS_X1,6
csr_regfile_i_instret_q_reg[0],SDFFR_X1,6
csr_regfile_i_instret_q_reg[1],SDFFR_X1,6
csr_regfile_i_instret_q_reg[2],SDFFR_X1,6
csr_regfile_i_instret_q_reg[3],SDFFR_X1,6
csr_regfile_i_instret_q_reg[4],SDFFR_X1,6
csr_regfile_i_instret_q_reg[5],SDFFR_X1,6
csr_regfile_i_instret_q_reg[6],SDFFR_X1,6
csr_regfile_i_instret_q_reg[7],SDFFR_X1,6
csr_regfile_i_instret_q_reg[8],SDFFR_X1,6
csr_regfile_i_instret_q_reg[9],SDFFR_X1,6
csr_regfile_i_instret_q_reg[10],SDFFR_X1,6
csr_regfile_i_instret_q_reg[11],SDFFR_X1,6
csr_regfile_i_instret_q_reg[12],SDFFR_X1,6
csr_regfile_i_instret_q_reg[13],SDFFR_X1,6
csr_regfile_i_instret_q_reg[14],SDFFR_X1,6
csr_regfile_i_instret_q_reg[15],SDFFR_X1,6
csr_regfile_i_instret_q_reg[16],SDFFR_X1,6
csr_regfile_i_instret_q_reg[17],SDFFR_X1,6
csr_regfile_i_instret_q_reg[18],SDFFR_X1,6
csr_regfile_i_instret_q_reg[19],SDFFR_X1,6
csr_regfile_i_instret_q_reg[20],SDFFR_X1,6
csr_regfile_i_instret_q_reg[21],SDFFR_X1,6
csr_regfile_i_instret_q_reg[22],SDFFR_X1,6
csr_regfile_i_instret_q_reg[23],SDFFR_X1,6
csr_regfile_i_instret_q_reg[24],SDFFR_X1,6
csr_regfile_i_instret_q_reg[25],SDFFR_X1,6
csr_regfile_i_instret_q_reg[26],SDFFR_X1,6
csr_regfile_i_instret_q_reg[27],SDFFR_X1,6
csr_regfile_i_instret_q_reg[28],SDFFR_X1,6
csr_regfile_i_instret_q_reg[29],SDFFR_X1,6
csr_regfile_i_instret_q_reg[30],SDFFR_X1,6
csr_regfile_i_instret_q_reg[31],SDFFR_X1,6
csr_regfile_i_instret_q_reg[32],SDFFR_X1,6
csr_regfile_i_instret_q_reg[33],SDFFR_X1,6
csr_regfile_i_instret_q_reg[34],SDFFR_X1,6
csr_regfile_i_instret_q_reg[35],SDFFR_X1,6
csr_regfile_i_instret_q_reg[36],SDFFR_X1,6
csr_regfile_i_instret_q_reg[37],SDFFR_X1,6
csr_regfile_i_instret_q_reg[38],SDFFR_X1,6
csr_regfile_i_instret_q_reg[39],SDFFR_X1,6
csr_regfile_i_instret_q_reg[40],SDFFR_X1,6
csr_regfile_i_instret_q_reg[41],SDFFR_X1,6
csr_regfile_i_instret_q_reg[42],SDFFR_X1,6
csr_regfile_i_instret_q_reg[43],SDFFR_X1,6
csr_regfile_i_instret_q_reg[44],SDFFR_X1,6
csr_regfile_i_instret_q_reg[45],SDFFR_X1,6
csr_regfile_i_instret_q_reg[46],SDFFR_X1,6
csr_regfile_i_instret_q_reg[47],SDFFR_X1,6
csr_regfile_i_instret_q_reg[48],SDFFR_X1,6
csr_regfile_i_instret_q_reg[49],SDFFR_X1,6
csr_regfile_i_instret_q_reg[50],SDFFR_X1,6
csr_regfile_i_instret_q_reg[51],SDFFR_X1,6
csr_regfile_i_instret_q_reg[52],SDFFR_X1,6
csr_regfile_i_instret_q_reg[53],SDFFR_X1,6
csr_regfile_i_instret_q_reg[54],SDFFR_X1,6
csr_regfile_i_instret_q_reg[55],SDFFR_X1,6
csr_regfile_i_instret_q_reg[56],SDFFR_X1,6
csr_regfile_i_instret_q_reg[57],SDFFR_X1,6
csr_regfile_i_instret_q_reg[58],SDFFR_X1,6
csr_regfile_i_instret_q_reg[59],SDFFR_X1,6
csr_regfile_i_instret_q_reg[60],SDFFR_X1,6
csr_regfile_i_instret_q_reg[61],SDFFR_X1,6
csr_regfile_i_instret_q_reg[62],SDFFR_X1,6
csr_regfile_i_instret_q_reg[63],SDFFR_X1,6
csr_regfile_i_mcause_q_reg[0],DFFR_X1,5
csr_regfile_i_mcause_q_reg[1],DFFR_X1,5
csr_regfile_i_mcause_q_reg[2],DFFR_X1,5
csr_regfile_i_mcause_q_reg[3],DFFR_X1,5
csr_regfile_i_mcause_q_reg[4],DFFR_X1,5
csr_regfile_i_mcause_q_reg[5],DFFR_X1,5
csr_regfile_i_mcause_q_reg[6],DFFR_X1,5
csr_regfile_i_mcause_q_reg[7],DFFR_X1,5
csr_regfile_i_mcause_q_reg[8],DFFR_X1,5
csr_regfile_i_mcause_q_reg[9],DFFR_X1,5
csr_regfile_i_mcause_q_reg[10],DFFR_X1,5
csr_regfile_i_mcause_q_reg[11],DFFR_X1,5
csr_regfile_i_mcause_q_reg[12],DFFR_X1,5
csr_regfile_i_mcause_q_reg[13],DFFR_X1,5
csr_regfile_i_mcause_q_reg[14],DFFR_X1,5
csr_regfile_i_mcause_q_reg[15],DFFR_X1,5
csr_regfile_i_mcause_q_reg[16],DFFR_X1,5
csr_regfile_i_mcause_q_reg[17],DFFR_X1,5
csr_regfile_i_mcause_q_reg[18],DFFR_X1,5
csr_regfile_i_mcause_q_reg[19],DFFR_X1,5
csr_regfile_i_mcause_q_reg[20],DFFR_X1,5
csr_regfile_i_mcause_q_reg[21],DFFR_X1,5
csr_regfile_i_mcause_q_reg[22],DFFR_X1,5
csr_regfile_i_mcause_q_reg[23],DFFR_X1,5
csr_regfile_i_mcause_q_reg[24],DFFR_X1,5
csr_regfile_i_mcause_q_reg[25],DFFR_X1,5
csr_regfile_i_mcause_q_reg[26],DFFR_X1,5
csr_regfile_i_mcause_q_reg[27],DFFR_X1,5
csr_regfile_i_mcause_q_reg[28],DFFR_X1,5
csr_regfile_i_mcause_q_reg[29],DFFR_X1,5
csr_regfile_i_mcause_q_reg[30],DFFR_X1,5
csr_regfile_i_mcause_q_reg[31],DFFR_X1,5
csr_regfile_i_mcause_q_reg[32],DFFR_X1,5
csr_regfile_i_mcause_q_reg[33],DFFR_X1,5
csr_regfile_i_mcause_q_reg[34],DFFR_X1,5
csr_regfile_i_mcause_q_reg[35],DFFR_X1,5
csr_regfile_i_mcause_q_reg[36],DFFR_X1,5
csr_regfile_i_mcause_q_reg[37],DFFR_X1,5
csr_regfile_i_mcause_q_reg[38],DFFR_X1,5
csr_regfile_i_mcause_q_reg[39],DFFR_X1,5
csr_regfile_i_mcause_q_reg[40],DFFR_X1,5
csr_regfile_i_mcause_q_reg[41],DFFR_X1,5
csr_regfile_i_mcause_q_reg[42],DFFR_X1,5
csr_regfile_i_mcause_q_reg[43],DFFR_X1,5
csr_regfile_i_mcause_q_reg[44],DFFR_X1,5
csr_regfile_i_mcause_q_reg[45],DFFR_X1,5
csr_regfile_i_mcause_q_reg[46],DFFR_X1,5
csr_regfile_i_mcause_q_reg[47],DFFR_X1,5
csr_regfile_i_mcause_q_reg[48],DFFR_X1,5
csr_regfile_i_mcause_q_reg[49],DFFR_X1,5
csr_regfile_i_mcause_q_reg[50],DFFR_X1,5
csr_regfile_i_mcause_q_reg[51],DFFR_X1,5
csr_regfile_i_mcause_q_reg[52],DFFR_X1,5
csr_regfile_i_mcause_q_reg[53],DFFR_X1,5
csr_regfile_i_mcause_q_reg[54],DFFR_X1,5
csr_regfile_i_mcause_q_reg[55],DFFR_X1,5
csr_regfile_i_mcause_q_reg[56],DFFR_X1,5
csr_regfile_i_mcause_q_reg[57],DFFR_X1,5
csr_regfile_i_mcause_q_reg[58],DFFR_X1,5
csr_regfile_i_mcause_q_reg[59],DFFR_X1,5
csr_regfile_i_mcause_q_reg[60],DFFR_X1,5
csr_regfile_i_mcause_q_reg[61],DFFR_X1,5
csr_regfile_i_mcause_q_reg[62],DFFR_X1,5
csr_regfile_i_mcause_q_reg[63],DFFR_X1,5
csr_regfile_i_medeleg_q_0_reg,SDFFR_X1,6
csr_regfile_i_medeleg_q_3_reg,SDFFR_X1,6
csr_regfile_i_medeleg_q_8_reg,SDFFR_X1,6
csr_regfile_i_medeleg_q_15_reg,SDFFR_X1,6
csr_regfile_i_medeleg_q_reg[12],SDFFR_X1,6
csr_regfile_i_medeleg_q_reg[13],SDFFR_X1,6
csr_regfile_i_mepc_q_reg[0],DFFR_X1,5
csr_regfile_i_mepc_q_reg[1],DFFR_X1,5
csr_regfile_i_mepc_q_reg[2],DFFR_X1,5
csr_regfile_i_mepc_q_reg[3],DFFR_X1,5
csr_regfile_i_mepc_q_reg[4],DFFR_X1,5
csr_regfile_i_mepc_q_reg[5],DFFR_X1,5
csr_regfile_i_mepc_q_reg[6],DFFR_X1,5
csr_regfile_i_mepc_q_reg[7],DFFR_X1,5
csr_regfile_i_mepc_q_reg[8],DFFR_X1,5
csr_regfile_i_mepc_q_reg[9],DFFR_X1,5
csr_regfile_i_mepc_q_reg[10],DFFR_X1,5
csr_regfile_i_mepc_q_reg[11],DFFR_X1,5
csr_regfile_i_mepc_q_reg[12],DFFR_X1,5
csr_regfile_i_mepc_q_reg[13],DFFR_X1,5
csr_regfile_i_mepc_q_reg[14],DFFR_X1,5
csr_regfile_i_mepc_q_reg[15],DFFR_X1,5
csr_regfile_i_mepc_q_reg[16],DFFR_X1,5
csr_regfile_i_mepc_q_reg[17],DFFR_X1,5
csr_regfile_i_mepc_q_reg[18],DFFR_X1,5
csr_regfile_i_mepc_q_reg[19],DFFR_X1,5
csr_regfile_i_mepc_q_reg[20],DFFR_X1,5
csr_regfile_i_mepc_q_reg[21],DFFR_X1,5
csr_regfile_i_mepc_q_reg[22],DFFR_X1,5
csr_regfile_i_mepc_q_reg[23],DFFR_X1,5
csr_regfile_i_mepc_q_reg[24],DFFR_X1,5
csr_regfile_i_mepc_q_reg[25],DFFR_X1,5
csr_regfile_i_mepc_q_reg[26],DFFR_X1,5
csr_regfile_i_mepc_q_reg[27],DFFR_X1,5
csr_regfile_i_mepc_q_reg[28],DFFR_X1,5
csr_regfile_i_mepc_q_reg[29],DFFR_X1,5
csr_regfile_i_mepc_q_reg[30],DFFR_X1,5
csr_regfile_i_mepc_q_reg[31],DFFR_X1,5
csr_regfile_i_mepc_q_reg[32],DFFR_X1,5
csr_regfile_i_mepc_q_reg[33],DFFR_X1,5
csr_regfile_i_mepc_q_reg[34],DFFR_X1,5
csr_regfile_i_mepc_q_reg[35],DFFR_X1,5
csr_regfile_i_mepc_q_reg[36],DFFR_X1,5
csr_regfile_i_mepc_q_reg[37],DFFR_X1,5
csr_regfile_i_mepc_q_reg[38],DFFR_X1,5
csr_regfile_i_mepc_q_reg[39],DFFR_X1,5
csr_regfile_i_mepc_q_reg[40],DFFR_X1,5
csr_regfile_i_mepc_q_reg[41],DFFR_X1,5
csr_regfile_i_mepc_q_reg[42],DFFR_X1,5
csr_regfile_i_mepc_q_reg[43],DFFR_X1,5
csr_regfile_i_mepc_q_reg[44],DFFR_X1,5
csr_regfile_i_mepc_q_reg[45],DFFR_X1,5
csr_regfile_i_mepc_q_reg[46],DFFR_X1,5
csr_regfile_i_mepc_q_reg[47],DFFR_X1,5
csr_regfile_i_mepc_q_reg[48],DFFR_X1,5
csr_regfile_i_mepc_q_reg[49],DFFR_X1,5
csr_regfile_i_mepc_q_reg[50],DFFR_X1,5
csr_regfile_i_mepc_q_reg[51],DFFR_X1,5
csr_regfile_i_mepc_q_reg[52],DFFR_X1,5
csr_regfile_i_mepc_q_reg[53],DFFR_X1,5
csr_regfile_i_mepc_q_reg[54],DFFR_X1,5
csr_regfile_i_mepc_q_reg[55],DFFR_X1,5
csr_regfile_i_mepc_q_reg[56],DFFR_X1,5
csr_regfile_i_mepc_q_reg[57],DFFR_X1,5
csr_regfile_i_mepc_q_reg[58],DFFR_X1,5
csr_regfile_i_mepc_q_reg[59],DFFR_X1,5
csr_regfile_i_mepc_q_reg[60],DFFR_X1,5
csr_regfile_i_mepc_q_reg[61],DFFR_X1,5
csr_regfile_i_mepc_q_reg[62],DFFR_X1,5
csr_regfile_i_mepc_q_reg[63],DFFR_X1,5
csr_regfile_i_mideleg_q_1_reg,DFFR_X1,5
csr_regfile_i_mideleg_q_5_reg,DFFR_X1,5
csr_regfile_i_mideleg_q_reg[9],DFFR_X1,5
csr_regfile_i_mie_q_reg[1],DFFR_X1,5
csr_regfile_i_mie_q_reg[3],DFFR_X1,5
csr_regfile_i_mie_q_reg[5],DFFR_X1,5
csr_regfile_i_mie_q_reg[7],DFFR_X1,5
csr_regfile_i_mie_q_reg[9],DFFR_X1,5
csr_regfile_i_mip_q_1_reg,DFFR_X1,5
csr_regfile_i_mip_q_5_reg,DFFR_X1,5
csr_regfile_i_mip_q_9_reg,DFFR_X1,5
csr_regfile_i_mscratch_q_reg[0],SDFFR_X1,6
csr_regfile_i_mscratch_q_reg[1],SDFFR_X1,6
csr_regfile_i_mscratch_q_reg[2],SDFFR_X1,6
csr_regfile_i_mscratch_q_reg[3],SDFFR_X1,6
csr_regfile_i_mscratch_q_reg[4],SDFFR_X1,6
csr_regfile_i_mscratch_q_reg[5],SDFFR_X1,6
csr_regfile_i_mscratch_q_reg[6],SDFFR_X1,6
csr_regfile_i_mscratch_q_reg[7],SDFFR_X1,6
csr_regfile_i_mscratch_q_reg[8],SDFFR_X1,6
csr_regfile_i_mscratch_q_reg[9],SDFFR_X1,6
csr_regfile_i_mscratch_q_reg[10],SDFFR_X1,6
csr_regfile_i_mscratch_q_reg[11],SDFFR_X1,6
csr_regfile_i_mscratch_q_reg[12],SDFFR_X1,6
csr_regfile_i_mscratch_q_reg[13],SDFFR_X1,6
csr_regfile_i_mscratch_q_reg[14],SDFFR_X1,6
csr_regfile_i_mscratch_q_reg[15],SDFFR_X1,6
csr_regfile_i_mscratch_q_reg[16],SDFFR_X1,6
csr_regfile_i_mscratch_q_reg[17],SDFFR_X1,6
csr_regfile_i_mscratch_q_reg[18],SDFFR_X1,6
csr_regfile_i_mscratch_q_reg[19],SDFFR_X1,6
csr_regfile_i_mscratch_q_reg[20],SDFFR_X1,6
csr_regfile_i_mscratch_q_reg[21],SDFFR_X1,6
csr_regfile_i_mscratch_q_reg[22],SDFFR_X1,6
csr_regfile_i_mscratch_q_reg[23],SDFFR_X1,6
csr_regfile_i_mscratch_q_reg[24],SDFFR_X1,6
csr_regfile_i_mscratch_q_reg[25],SDFFR_X1,6
csr_regfile_i_mscratch_q_reg[26],SDFFR_X1,6
csr_regfile_i_mscratch_q_reg[27],SDFFR_X1,6
csr_regfile_i_mscratch_q_reg[28],SDFFR_X1,6
csr_regfile_i_mscratch_q_reg[29],SDFFR_X1,6
csr_regfile_i_mscratch_q_reg[30],SDFFR_X1,6
csr_regfile_i_mscratch_q_reg[31],SDFFR_X1,6
csr_regfile_i_mscratch_q_reg[32],SDFFR_X1,6
csr_regfile_i_mscratch_q_reg[33],SDFFR_X1,6
csr_regfile_i_mscratch_q_reg[34],SDFFR_X1,6
csr_regfile_i_mscratch_q_reg[35],SDFFR_X1,6
csr_regfile_i_mscratch_q_reg[36],SDFFR_X1,6
csr_regfile_i_mscratch_q_reg[37],SDFFR_X1,6
csr_regfile_i_mscratch_q_reg[38],SDFFR_X1,6
csr_regfile_i_mscratch_q_reg[39],SDFFR_X1,6
csr_regfile_i_mscratch_q_reg[40],SDFFR_X1,6
csr_regfile_i_mscratch_q_reg[41],SDFFR_X1,6
csr_regfile_i_mscratch_q_reg[42],SDFFR_X1,6
csr_regfile_i_mscratch_q_reg[43],SDFFR_X1,6
csr_regfile_i_mscratch_q_reg[44],SDFFR_X1,6
csr_regfile_i_mscratch_q_reg[45],SDFFR_X1,6
csr_regfile_i_mscratch_q_reg[46],SDFFR_X1,6
csr_regfile_i_mscratch_q_reg[47],SDFFR_X1,6
csr_regfile_i_mscratch_q_reg[48],SDFFR_X1,6
csr_regfile_i_mscratch_q_reg[49],SDFFR_X1,6
csr_regfile_i_mscratch_q_reg[50],SDFFR_X1,6
csr_regfile_i_mscratch_q_reg[51],SDFFR_X1,6
csr_regfile_i_mscratch_q_reg[52],SDFFR_X1,6
csr_regfile_i_mscratch_q_reg[53],SDFFR_X1,6
csr_regfile_i_mscratch_q_reg[54],SDFFR_X1,6
csr_regfile_i_mscratch_q_reg[55],SDFFR_X1,6
csr_regfile_i_mscratch_q_reg[56],SDFFR_X1,6
csr_regfile_i_mscratch_q_reg[57],SDFFR_X1,6
csr_regfile_i_mscratch_q_reg[58],SDFFR_X1,6
csr_regfile_i_mscratch_q_reg[59],SDFFR_X1,6
csr_regfile_i_mscratch_q_reg[60],SDFFR_X1,6
csr_regfile_i_mscratch_q_reg[61],SDFFR_X1,6
csr_regfile_i_mscratch_q_reg[62],SDFFR_X1,6
csr_regfile_i_mscratch_q_reg[63],SDFFR_X1,6
csr_regfile_i_mstatus_q_mie__reg,DFFR_X1,5
csr_regfile_i_mstatus_q_mpie__reg,DFFR_X1,5
csr_regfile_i_mstatus_q_mpp__0__reg,DFFR_X1,5
csr_regfile_i_mstatus_q_mpp__1__reg,DFFR_X1,5
csr_regfile_i_mstatus_q_mprv__reg,DFFR_X1,5
csr_regfile_i_mstatus_q_sie__reg,DFFR_X1,5
csr_regfile_i_mstatus_q_spie__reg,DFFR_X1,5
csr_regfile_i_mstatus_q_spp__reg,DFFR_X1,5
csr_regfile_i_mstatus_q_wpri0__reg,SDFFR_X1,6
csr_regfile_i_mstatus_q_wpri1__reg,SDFFR_X1,6
csr_regfile_i_mstatus_q_wpri2__0__reg,SDFFR_X1,6
csr_regfile_i_mstatus_q_wpri2__1__reg,SDFFR_X1,6
csr_regfile_i_mstatus_q_wpri3__0__reg,SDFFR_X1,6
csr_regfile_i_mstatus_q_wpri3__1__reg,SDFFR_X1,6
csr_regfile_i_mstatus_q_wpri3__2__reg,SDFFR_X1,6
csr_regfile_i_mstatus_q_wpri3__3__reg,SDFFR_X1,6
csr_regfile_i_mstatus_q_wpri3__4__reg,SDFFR_X1,6
csr_regfile_i_mstatus_q_wpri3__5__reg,SDFFR_X1,6
csr_regfile_i_mstatus_q_wpri3__6__reg,SDFFR_X1,6
csr_regfile_i_mstatus_q_wpri3__7__reg,SDFFR_X1,6
csr_regfile_i_mstatus_q_wpri3__8__reg,SDFFR_X1,6
csr_regfile_i_mstatus_q_wpri4__36__reg,SDFFR_X1,6
csr_regfile_i_mstatus_q_wpri4__37__reg,SDFFR_X1,6
csr_regfile_i_mstatus_q_wpri4__38__reg,SDFFR_X1,6
csr_regfile_i_mstatus_q_wpri4__39__reg,SDFFR_X1,6
csr_regfile_i_mstatus_q_wpri4__40__reg,SDFFR_X1,6
csr_regfile_i_mstatus_q_wpri4__41__reg,SDFFR_X1,6
csr_regfile_i_mstatus_q_wpri4__42__reg,SDFFR_X1,6
csr_regfile_i_mstatus_q_wpri4__43__reg,SDFFR_X1,6
csr_regfile_i_mstatus_q_wpri4__44__reg,SDFFR_X1,6
csr_regfile_i_mstatus_q_wpri4__45__reg,SDFFR_X1,6
csr_regfile_i_mstatus_q_wpri4__46__reg,SDFFR_X1,6
csr_regfile_i_mstatus_q_wpri4__47__reg,SDFFR_X1,6
csr_regfile_i_mstatus_q_wpri4__48__reg,SDFFR_X1,6
csr_regfile_i_mstatus_q_wpri4__49__reg,SDFFR_X1,6
csr_regfile_i_mstatus_q_wpri4__50__reg,SDFFR_X1,6
csr_regfile_i_mstatus_q_wpri4__51__reg,SDFFR_X1,6
csr_regfile_i_mstatus_q_wpri4__52__reg,SDFFR_X1,6
csr_regfile_i_mstatus_q_wpri4__53__reg,SDFFR_X1,6
csr_regfile_i_mstatus_q_wpri4__54__reg,SDFFR_X1,6
csr_regfile_i_mstatus_q_wpri4__55__reg,SDFFR_X1,6
csr_regfile_i_mstatus_q_wpri4__56__reg,SDFFR_X1,6
csr_regfile_i_mstatus_q_wpri4__57__reg,SDFFR_X1,6
csr_regfile_i_mstatus_q_wpri4__58__reg,SDFFR_X1,6
csr_regfile_i_mstatus_q_wpri4__59__reg,SDFFR_X1,6
csr_regfile_i_mstatus_q_wpri4__60__reg,SDFFR_X1,6
csr_regfile_i_mstatus_q_wpri4__61__reg,SDFFR_X1,6
csr_regfile_i_mstatus_q_wpri4__62__reg,SDFFR_X1,6
csr_regfile_i_mtval_q_reg[0],DFFR_X1,5
csr_regfile_i_mtval_q_reg[1],DFFR_X1,5
csr_regfile_i_mtval_q_reg[2],DFFR_X1,5
csr_regfile_i_mtval_q_reg[3],DFFR_X1,5
csr_regfile_i_mtval_q_reg[4],DFFR_X1,5
csr_regfile_i_mtval_q_reg[5],DFFR_X1,5
csr_regfile_i_mtval_q_reg[6],DFFR_X1,5
csr_regfile_i_mtval_q_reg[7],DFFR_X1,5
csr_regfile_i_mtval_q_reg[8],DFFR_X1,5
csr_regfile_i_mtval_q_reg[9],DFFR_X1,5
csr_regfile_i_mtval_q_reg[10],DFFR_X1,5
csr_regfile_i_mtval_q_reg[11],DFFR_X1,5
csr_regfile_i_mtval_q_reg[12],DFFR_X1,5
csr_regfile_i_mtval_q_reg[13],DFFR_X1,5
csr_regfile_i_mtval_q_reg[14],DFFR_X1,5
csr_regfile_i_mtval_q_reg[15],DFFR_X1,5
csr_regfile_i_mtval_q_reg[16],DFFR_X1,5
csr_regfile_i_mtval_q_reg[17],DFFR_X1,5
csr_regfile_i_mtval_q_reg[18],DFFR_X1,5
csr_regfile_i_mtval_q_reg[19],DFFR_X1,5
csr_regfile_i_mtval_q_reg[20],DFFR_X1,5
csr_regfile_i_mtval_q_reg[21],DFFR_X1,5
csr_regfile_i_mtval_q_reg[22],DFFR_X1,5
csr_regfile_i_mtval_q_reg[23],DFFR_X1,5
csr_regfile_i_mtval_q_reg[24],DFFR_X1,5
csr_regfile_i_mtval_q_reg[25],DFFR_X1,5
csr_regfile_i_mtval_q_reg[26],DFFR_X1,5
csr_regfile_i_mtval_q_reg[27],DFFR_X1,5
csr_regfile_i_mtval_q_reg[28],DFFR_X1,5
csr_regfile_i_mtval_q_reg[29],DFFR_X1,5
csr_regfile_i_mtval_q_reg[30],DFFR_X1,5
csr_regfile_i_mtval_q_reg[31],DFFR_X1,5
csr_regfile_i_mtval_q_reg[32],DFFR_X1,5
csr_regfile_i_mtval_q_reg[33],DFFR_X1,5
csr_regfile_i_mtval_q_reg[34],DFFR_X1,5
csr_regfile_i_mtval_q_reg[35],DFFR_X1,5
csr_regfile_i_mtval_q_reg[36],DFFR_X1,5
csr_regfile_i_mtval_q_reg[37],DFFR_X1,5
csr_regfile_i_mtval_q_reg[38],DFFR_X1,5
csr_regfile_i_mtval_q_reg[39],DFFR_X1,5
csr_regfile_i_mtval_q_reg[40],DFFR_X1,5
csr_regfile_i_mtval_q_reg[41],DFFR_X1,5
csr_regfile_i_mtval_q_reg[42],DFFR_X1,5
csr_regfile_i_mtval_q_reg[43],DFFR_X1,5
csr_regfile_i_mtval_q_reg[44],DFFR_X1,5
csr_regfile_i_mtval_q_reg[45],DFFR_X1,5
csr_regfile_i_mtval_q_reg[46],DFFR_X1,5
csr_regfile_i_mtval_q_reg[47],DFFR_X1,5
csr_regfile_i_mtval_q_reg[48],DFFR_X1,5
csr_regfile_i_mtval_q_reg[49],DFFR_X1,5
csr_regfile_i_mtval_q_reg[50],DFFR_X1,5
csr_regfile_i_mtval_q_reg[51],DFFR_X1,5
csr_regfile_i_mtval_q_reg[52],DFFR_X1,5
csr_regfile_i_mtval_q_reg[53],DFFR_X1,5
csr_regfile_i_mtval_q_reg[54],DFFR_X1,5
csr_regfile_i_mtval_q_reg[55],DFFR_X1,5
csr_regfile_i_mtval_q_reg[56],DFFR_X1,5
csr_regfile_i_mtval_q_reg[57],DFFR_X1,5
csr_regfile_i_mtval_q_reg[58],DFFR_X1,5
csr_regfile_i_mtval_q_reg[59],DFFR_X1,5
csr_regfile_i_mtval_q_reg[60],DFFR_X1,5
csr_regfile_i_mtval_q_reg[61],DFFR_X1,5
csr_regfile_i_mtval_q_reg[62],DFFR_X1,5
csr_regfile_i_mtval_q_reg[63],DFFR_X1,5
csr_regfile_i_mtvec_q_reg[0],DFFR_X1,5
csr_regfile_i_mtvec_q_reg[1],DFFR_X1,5
csr_regfile_i_mtvec_q_reg[2],DFFR_X1,5
csr_regfile_i_mtvec_q_reg[3],DFFR_X1,5
csr_regfile_i_mtvec_q_reg[4],DFFR_X1,5
csr_regfile_i_mtvec_q_reg[5],DFFR_X1,5
csr_regfile_i_mtvec_q_reg[6],DFFR_X1,5
csr_regfile_i_mtvec_q_reg[7],DFFR_X1,5
csr_regfile_i_mtvec_q_reg[8],DFFR_X1,5
csr_regfile_i_mtvec_q_reg[9],DFFR_X1,5
csr_regfile_i_mtvec_q_reg[10],DFFR_X1,5
csr_regfile_i_mtvec_q_reg[11],DFFR_X1,5
csr_regfile_i_mtvec_q_reg[12],DFFR_X1,5
csr_regfile_i_mtvec_q_reg[13],DFFR_X1,5
csr_regfile_i_mtvec_q_reg[14],DFFR_X1,5
csr_regfile_i_mtvec_q_reg[15],DFFR_X1,5
csr_regfile_i_mtvec_q_reg[16],DFFR_X1,5
csr_regfile_i_mtvec_q_reg[17],DFFR_X1,5
csr_regfile_i_mtvec_q_reg[18],DFFR_X1,5
csr_regfile_i_mtvec_q_reg[19],DFFR_X1,5
csr_regfile_i_mtvec_q_reg[20],DFFR_X1,5
csr_regfile_i_mtvec_q_reg[21],DFFR_X1,5
csr_regfile_i_mtvec_q_reg[22],DFFR_X1,5
csr_regfile_i_mtvec_q_reg[23],DFFR_X1,5
csr_regfile_i_mtvec_q_reg[24],DFFR_X1,5
csr_regfile_i_mtvec_q_reg[25],DFFR_X1,5
csr_regfile_i_mtvec_q_reg[26],DFFR_X1,5
csr_regfile_i_mtvec_q_reg[27],DFFR_X1,5
csr_regfile_i_mtvec_q_reg[28],DFFR_X1,5
csr_regfile_i_mtvec_q_reg[29],DFFR_X1,5
csr_regfile_i_mtvec_q_reg[30],DFFR_X1,5
csr_regfile_i_mtvec_q_reg[31],DFFR_X1,5
csr_regfile_i_mtvec_q_reg[32],DFFR_X1,5
csr_regfile_i_mtvec_q_reg[33],DFFR_X1,5
csr_regfile_i_mtvec_q_reg[34],DFFR_X1,5
csr_regfile_i_mtvec_q_reg[35],DFFR_X1,5
csr_regfile_i_mtvec_q_reg[36],DFFR_X1,5
csr_regfile_i_mtvec_q_reg[37],DFFR_X1,5
csr_regfile_i_mtvec_q_reg[38],DFFR_X1,5
csr_regfile_i_mtvec_q_reg[39],DFFR_X1,5
csr_regfile_i_mtvec_q_reg[40],DFFR_X1,5
csr_regfile_i_mtvec_q_reg[41],DFFR_X1,5
csr_regfile_i_mtvec_q_reg[42],DFFR_X1,5
csr_regfile_i_mtvec_q_reg[43],DFFR_X1,5
csr_regfile_i_mtvec_q_reg[44],DFFR_X1,5
csr_regfile_i_mtvec_q_reg[45],DFFR_X1,5
csr_regfile_i_mtvec_q_reg[46],DFFR_X1,5
csr_regfile_i_mtvec_q_reg[47],DFFR_X1,5
csr_regfile_i_mtvec_q_reg[48],DFFR_X1,5
csr_regfile_i_mtvec_q_reg[49],DFFR_X1,5
csr_regfile_i_mtvec_q_reg[50],DFFR_X1,5
csr_regfile_i_mtvec_q_reg[51],DFFR_X1,5
csr_regfile_i_mtvec_q_reg[52],DFFR_X1,5
csr_regfile_i_mtvec_q_reg[53],DFFR_X1,5
csr_regfile_i_mtvec_q_reg[54],DFFR_X1,5
csr_regfile_i_mtvec_q_reg[55],DFFR_X1,5
csr_regfile_i_mtvec_q_reg[56],DFFR_X1,5
csr_regfile_i_mtvec_q_reg[57],DFFR_X1,5
csr_regfile_i_mtvec_q_reg[58],DFFR_X1,5
csr_regfile_i_mtvec_q_reg[59],DFFR_X1,5
csr_regfile_i_mtvec_q_reg[60],DFFR_X1,5
csr_regfile_i_mtvec_q_reg[61],DFFR_X1,5
csr_regfile_i_mtvec_q_reg[62],DFFR_X1,5
csr_regfile_i_mtvec_q_reg[63],DFFR_X1,5
csr_regfile_i_mxr_o_reg,SDFFR_X1,6
csr_regfile_i_priv_lvl_q_reg[0],DFFS_X1,5
csr_regfile_i_priv_lvl_q_reg[1],DFFS_X1,5
csr_regfile_i_satp_ppn_o_reg[0],SDFFR_X1,6
csr_regfile_i_satp_ppn_o_reg[1],SDFFR_X1,6
csr_regfile_i_satp_ppn_o_reg[2],SDFFR_X1,6
csr_regfile_i_satp_ppn_o_reg[3],SDFFR_X1,6
csr_regfile_i_satp_ppn_o_reg[4],SDFFR_X1,6
csr_regfile_i_satp_ppn_o_reg[5],SDFFR_X1,6
csr_regfile_i_satp_ppn_o_reg[6],SDFFR_X1,6
csr_regfile_i_satp_ppn_o_reg[7],SDFFR_X1,6
csr_regfile_i_satp_ppn_o_reg[8],SDFFR_X1,6
csr_regfile_i_satp_ppn_o_reg[9],SDFFR_X1,6
csr_regfile_i_satp_ppn_o_reg[10],SDFFR_X1,6
csr_regfile_i_satp_ppn_o_reg[11],SDFFR_X1,6
csr_regfile_i_satp_ppn_o_reg[12],SDFFR_X1,6
csr_regfile_i_satp_ppn_o_reg[13],SDFFR_X1,6
csr_regfile_i_satp_ppn_o_reg[14],SDFFR_X1,6
csr_regfile_i_satp_ppn_o_reg[15],SDFFR_X1,6
csr_regfile_i_satp_ppn_o_reg[16],SDFFR_X1,6
csr_regfile_i_satp_ppn_o_reg[17],SDFFR_X1,6
csr_regfile_i_satp_ppn_o_reg[18],SDFFR_X1,6
csr_regfile_i_satp_ppn_o_reg[19],SDFFR_X1,6
csr_regfile_i_satp_ppn_o_reg[20],SDFFR_X1,6
csr_regfile_i_satp_ppn_o_reg[21],SDFFR_X1,6
csr_regfile_i_satp_ppn_o_reg[22],SDFFR_X1,6
csr_regfile_i_satp_ppn_o_reg[23],SDFFR_X1,6
csr_regfile_i_satp_ppn_o_reg[24],SDFFR_X1,6
csr_regfile_i_satp_ppn_o_reg[25],SDFFR_X1,6
csr_regfile_i_satp_ppn_o_reg[26],SDFFR_X1,6
csr_regfile_i_satp_ppn_o_reg[27],SDFFR_X1,6
csr_regfile_i_satp_ppn_o_reg[28],SDFFR_X1,6
csr_regfile_i_satp_ppn_o_reg[29],SDFFR_X1,6
csr_regfile_i_satp_ppn_o_reg[30],SDFFR_X1,6
csr_regfile_i_satp_ppn_o_reg[31],SDFFR_X1,6
csr_regfile_i_satp_ppn_o_reg[32],SDFFR_X1,6
csr_regfile_i_satp_ppn_o_reg[33],SDFFR_X1,6
csr_regfile_i_satp_ppn_o_reg[34],SDFFR_X1,6
csr_regfile_i_satp_ppn_o_reg[35],SDFFR_X1,6
csr_regfile_i_satp_ppn_o_reg[36],SDFFR_X1,6
csr_regfile_i_satp_ppn_o_reg[37],SDFFR_X1,6
csr_regfile_i_satp_ppn_o_reg[38],SDFFR_X1,6
csr_regfile_i_satp_ppn_o_reg[39],SDFFR_X1,6
csr_regfile_i_satp_ppn_o_reg[40],SDFFR_X1,6
csr_regfile_i_satp_ppn_o_reg[41],SDFFR_X1,6
csr_regfile_i_satp_ppn_o_reg[42],SDFFR_X1,6
csr_regfile_i_satp_ppn_o_reg[43],SDFFR_X1,6
csr_regfile_i_satp_q_mode__3__reg,DFFR_X1,5
csr_regfile_i_scause_q_reg[0],DFFR_X1,5
csr_regfile_i_scause_q_reg[1],DFFR_X1,5
csr_regfile_i_scause_q_reg[2],DFFR_X1,5
csr_regfile_i_scause_q_reg[3],DFFR_X1,5
csr_regfile_i_scause_q_reg[4],DFFR_X1,5
csr_regfile_i_scause_q_reg[5],DFFR_X1,5
csr_regfile_i_scause_q_reg[6],DFFR_X1,5
csr_regfile_i_scause_q_reg[7],DFFR_X1,5
csr_regfile_i_scause_q_reg[8],DFFR_X1,5
csr_regfile_i_scause_q_reg[9],DFFR_X1,5
csr_regfile_i_scause_q_reg[10],DFFR_X1,5
csr_regfile_i_scause_q_reg[11],DFFR_X1,5
csr_regfile_i_scause_q_reg[12],DFFR_X1,5
csr_regfile_i_scause_q_reg[13],DFFR_X1,5
csr_regfile_i_scause_q_reg[14],DFFR_X1,5
csr_regfile_i_scause_q_reg[15],DFFR_X1,5
csr_regfile_i_scause_q_reg[16],DFFR_X1,5
csr_regfile_i_scause_q_reg[17],DFFR_X1,5
csr_regfile_i_scause_q_reg[18],DFFR_X1,5
csr_regfile_i_scause_q_reg[19],DFFR_X1,5
csr_regfile_i_scause_q_reg[20],DFFR_X1,5
csr_regfile_i_scause_q_reg[21],DFFR_X1,5
csr_regfile_i_scause_q_reg[22],DFFR_X1,5
csr_regfile_i_scause_q_reg[23],DFFR_X1,5
csr_regfile_i_scause_q_reg[24],DFFR_X1,5
csr_regfile_i_scause_q_reg[25],DFFR_X1,5
csr_regfile_i_scause_q_reg[26],DFFR_X1,5
csr_regfile_i_scause_q_reg[27],DFFR_X1,5
csr_regfile_i_scause_q_reg[28],DFFR_X1,5
csr_regfile_i_scause_q_reg[29],DFFR_X1,5
csr_regfile_i_scause_q_reg[30],DFFR_X1,5
csr_regfile_i_scause_q_reg[31],DFFR_X1,5
csr_regfile_i_scause_q_reg[32],DFFR_X1,5
csr_regfile_i_scause_q_reg[33],DFFR_X1,5
csr_regfile_i_scause_q_reg[34],DFFR_X1,5
csr_regfile_i_scause_q_reg[35],DFFR_X1,5
csr_regfile_i_scause_q_reg[36],DFFR_X1,5
csr_regfile_i_scause_q_reg[37],DFFR_X1,5
csr_regfile_i_scause_q_reg[38],DFFR_X1,5
csr_regfile_i_scause_q_reg[39],DFFR_X1,5
csr_regfile_i_scause_q_reg[40],DFFR_X1,5
csr_regfile_i_scause_q_reg[41],DFFR_X1,5
csr_regfile_i_scause_q_reg[42],DFFR_X1,5
csr_regfile_i_scause_q_reg[43],DFFR_X1,5
csr_regfile_i_scause_q_reg[44],DFFR_X1,5
csr_regfile_i_scause_q_reg[45],DFFR_X1,5
csr_regfile_i_scause_q_reg[46],DFFR_X1,5
csr_regfile_i_scause_q_reg[47],DFFR_X1,5
csr_regfile_i_scause_q_reg[48],DFFR_X1,5
csr_regfile_i_scause_q_reg[49],DFFR_X1,5
csr_regfile_i_scause_q_reg[50],DFFR_X1,5
csr_regfile_i_scause_q_reg[51],DFFR_X1,5
csr_regfile_i_scause_q_reg[52],DFFR_X1,5
csr_regfile_i_scause_q_reg[53],DFFR_X1,5
csr_regfile_i_scause_q_reg[54],DFFR_X1,5
csr_regfile_i_scause_q_reg[55],DFFR_X1,5
csr_regfile_i_scause_q_reg[56],DFFR_X1,5
csr_regfile_i_scause_q_reg[57],DFFR_X1,5
csr_regfile_i_scause_q_reg[58],DFFR_X1,5
csr_regfile_i_scause_q_reg[59],DFFR_X1,5
csr_regfile_i_scause_q_reg[60],DFFR_X1,5
csr_regfile_i_scause_q_reg[61],DFFR_X1,5
csr_regfile_i_scause_q_reg[62],DFFR_X1,5
csr_regfile_i_scause_q_reg[63],DFFR_X1,5
csr_regfile_i_sepc_q_reg[0],DFFR_X1,5
csr_regfile_i_sepc_q_reg[1],DFFR_X1,5
csr_regfile_i_sepc_q_reg[2],DFFR_X1,5
csr_regfile_i_sepc_q_reg[3],DFFR_X1,5
csr_regfile_i_sepc_q_reg[4],DFFR_X1,5
csr_regfile_i_sepc_q_reg[5],DFFR_X1,5
csr_regfile_i_sepc_q_reg[6],DFFR_X1,5
csr_regfile_i_sepc_q_reg[7],DFFR_X1,5
csr_regfile_i_sepc_q_reg[8],DFFR_X1,5
csr_regfile_i_sepc_q_reg[9],DFFR_X1,5
csr_regfile_i_sepc_q_reg[10],DFFR_X1,5
csr_regfile_i_sepc_q_reg[11],DFFR_X1,5
csr_regfile_i_sepc_q_reg[12],DFFR_X1,5
csr_regfile_i_sepc_q_reg[13],DFFR_X1,5
csr_regfile_i_sepc_q_reg[14],DFFR_X1,5
csr_regfile_i_sepc_q_reg[15],DFFR_X1,5
csr_regfile_i_sepc_q_reg[16],DFFR_X1,5
csr_regfile_i_sepc_q_reg[17],DFFR_X1,5
csr_regfile_i_sepc_q_reg[18],DFFR_X1,5
csr_regfile_i_sepc_q_reg[19],DFFR_X1,5
csr_regfile_i_sepc_q_reg[20],DFFR_X1,5
csr_regfile_i_sepc_q_reg[21],DFFR_X1,5
csr_regfile_i_sepc_q_reg[22],DFFR_X1,5
csr_regfile_i_sepc_q_reg[23],DFFR_X1,5
csr_regfile_i_sepc_q_reg[24],DFFR_X1,5
csr_regfile_i_sepc_q_reg[25],DFFR_X1,5
csr_regfile_i_sepc_q_reg[26],DFFR_X1,5
csr_regfile_i_sepc_q_reg[27],DFFR_X1,5
csr_regfile_i_sepc_q_reg[28],DFFR_X1,5
csr_regfile_i_sepc_q_reg[29],DFFR_X1,5
csr_regfile_i_sepc_q_reg[30],DFFR_X1,5
csr_regfile_i_sepc_q_reg[31],DFFR_X1,5
csr_regfile_i_sepc_q_reg[32],DFFR_X1,5
csr_regfile_i_sepc_q_reg[33],DFFR_X1,5
csr_regfile_i_sepc_q_reg[34],DFFR_X1,5
csr_regfile_i_sepc_q_reg[35],DFFR_X1,5
csr_regfile_i_sepc_q_reg[36],DFFR_X1,5
csr_regfile_i_sepc_q_reg[37],DFFR_X1,5
csr_regfile_i_sepc_q_reg[38],DFFR_X1,5
csr_regfile_i_sepc_q_reg[39],DFFR_X1,5
csr_regfile_i_sepc_q_reg[40],DFFR_X1,5
csr_regfile_i_sepc_q_reg[41],DFFR_X1,5
csr_regfile_i_sepc_q_reg[42],DFFR_X1,5
csr_regfile_i_sepc_q_reg[43],DFFR_X1,5
csr_regfile_i_sepc_q_reg[44],DFFR_X1,5
csr_regfile_i_sepc_q_reg[45],DFFR_X1,5
csr_regfile_i_sepc_q_reg[46],DFFR_X1,5
csr_regfile_i_sepc_q_reg[47],DFFR_X1,5
csr_regfile_i_sepc_q_reg[48],DFFR_X1,5
csr_regfile_i_sepc_q_reg[49],DFFR_X1,5
csr_regfile_i_sepc_q_reg[50],DFFR_X1,5
csr_regfile_i_sepc_q_reg[51],DFFR_X1,5
csr_regfile_i_sepc_q_reg[52],DFFR_X1,5
csr_regfile_i_sepc_q_reg[53],DFFR_X1,5
csr_regfile_i_sepc_q_reg[54],DFFR_X1,5
csr_regfile_i_sepc_q_reg[55],DFFR_X1,5
csr_regfile_i_sepc_q_reg[56],DFFR_X1,5
csr_regfile_i_sepc_q_reg[57],DFFR_X1,5
csr_regfile_i_sepc_q_reg[58],DFFR_X1,5
csr_regfile_i_sepc_q_reg[59],DFFR_X1,5
csr_regfile_i_sepc_q_reg[60],DFFR_X1,5
csr_regfile_i_sepc_q_reg[61],DFFR_X1,5
csr_regfile_i_sepc_q_reg[62],DFFR_X1,5
csr_regfile_i_sepc_q_reg[63],DFFR_X1,5
csr_regfile_i_single_step_o_reg,DFFR_X1,5
csr_regfile_i_sscratch_q_reg[0],SDFFR_X1,6
csr_regfile_i_sscratch_q_reg[1],SDFFR_X1,6
csr_regfile_i_sscratch_q_reg[2],SDFFR_X1,6
csr_regfile_i_sscratch_q_reg[3],SDFFR_X1,6
csr_regfile_i_sscratch_q_reg[4],SDFFR_X1,6
csr_regfile_i_sscratch_q_reg[5],SDFFR_X1,6
csr_regfile_i_sscratch_q_reg[6],SDFFR_X1,6
csr_regfile_i_sscratch_q_reg[7],SDFFR_X1,6
csr_regfile_i_sscratch_q_reg[8],SDFFR_X1,6
csr_regfile_i_sscratch_q_reg[9],SDFFR_X1,6
csr_regfile_i_sscratch_q_reg[10],SDFFR_X1,6
csr_regfile_i_sscratch_q_reg[11],SDFFR_X1,6
csr_regfile_i_sscratch_q_reg[12],SDFFR_X1,6
csr_regfile_i_sscratch_q_reg[13],SDFFR_X1,6
csr_regfile_i_sscratch_q_reg[14],SDFFR_X1,6
csr_regfile_i_sscratch_q_reg[15],SDFFR_X1,6
csr_regfile_i_sscratch_q_reg[16],SDFFR_X1,6
csr_regfile_i_sscratch_q_reg[17],SDFFR_X1,6
csr_regfile_i_sscratch_q_reg[18],SDFFR_X1,6
csr_regfile_i_sscratch_q_reg[19],SDFFR_X1,6
csr_regfile_i_sscratch_q_reg[20],SDFFR_X1,6
csr_regfile_i_sscratch_q_reg[21],SDFFR_X1,6
csr_regfile_i_sscratch_q_reg[22],SDFFR_X1,6
csr_regfile_i_sscratch_q_reg[23],SDFFR_X1,6
csr_regfile_i_sscratch_q_reg[24],SDFFR_X1,6
csr_regfile_i_sscratch_q_reg[25],SDFFR_X1,6
csr_regfile_i_sscratch_q_reg[26],SDFFR_X1,6
csr_regfile_i_sscratch_q_reg[27],SDFFR_X1,6
csr_regfile_i_sscratch_q_reg[28],SDFFR_X1,6
csr_regfile_i_sscratch_q_reg[29],SDFFR_X1,6
csr_regfile_i_sscratch_q_reg[30],SDFFR_X1,6
csr_regfile_i_sscratch_q_reg[31],SDFFR_X1,6
csr_regfile_i_sscratch_q_reg[32],SDFFR_X1,6
csr_regfile_i_sscratch_q_reg[33],SDFFR_X1,6
csr_regfile_i_sscratch_q_reg[34],SDFFR_X1,6
csr_regfile_i_sscratch_q_reg[35],SDFFR_X1,6
csr_regfile_i_sscratch_q_reg[36],SDFFR_X1,6
csr_regfile_i_sscratch_q_reg[37],SDFFR_X1,6
csr_regfile_i_sscratch_q_reg[38],SDFFR_X1,6
csr_regfile_i_sscratch_q_reg[39],SDFFR_X1,6
csr_regfile_i_sscratch_q_reg[40],SDFFR_X1,6
csr_regfile_i_sscratch_q_reg[41],SDFFR_X1,6
csr_regfile_i_sscratch_q_reg[42],SDFFR_X1,6
csr_regfile_i_sscratch_q_reg[43],SDFFR_X1,6
csr_regfile_i_sscratch_q_reg[44],SDFFR_X1,6
csr_regfile_i_sscratch_q_reg[45],SDFFR_X1,6
csr_regfile_i_sscratch_q_reg[46],SDFFR_X1,6
csr_regfile_i_sscratch_q_reg[47],SDFFR_X1,6
csr_regfile_i_sscratch_q_reg[48],SDFFR_X1,6
csr_regfile_i_sscratch_q_reg[49],SDFFR_X1,6
csr_regfile_i_sscratch_q_reg[50],SDFFR_X1,6
csr_regfile_i_sscratch_q_reg[51],SDFFR_X1,6
csr_regfile_i_sscratch_q_reg[52],SDFFR_X1,6
csr_regfile_i_sscratch_q_reg[53],SDFFR_X1,6
csr_regfile_i_sscratch_q_reg[54],SDFFR_X1,6
csr_regfile_i_sscratch_q_reg[55],SDFFR_X1,6
csr_regfile_i_sscratch_q_reg[56],SDFFR_X1,6
csr_regfile_i_sscratch_q_reg[57],SDFFR_X1,6
csr_regfile_i_sscratch_q_reg[58],SDFFR_X1,6
csr_regfile_i_sscratch_q_reg[59],SDFFR_X1,6
csr_regfile_i_sscratch_q_reg[60],SDFFR_X1,6
csr_regfile_i_sscratch_q_reg[61],SDFFR_X1,6
csr_regfile_i_sscratch_q_reg[62],SDFFR_X1,6
csr_regfile_i_sscratch_q_reg[63],SDFFR_X1,6
csr_regfile_i_stval_q_reg[0],DFFR_X1,5
csr_regfile_i_stval_q_reg[1],DFFR_X1,5
csr_regfile_i_stval_q_reg[2],DFFR_X1,5
csr_regfile_i_stval_q_reg[3],DFFR_X1,5
csr_regfile_i_stval_q_reg[4],DFFR_X1,5
csr_regfile_i_stval_q_reg[5],DFFR_X1,5
csr_regfile_i_stval_q_reg[6],DFFR_X1,5
csr_regfile_i_stval_q_reg[7],DFFR_X1,5
csr_regfile_i_stval_q_reg[8],DFFR_X1,5
csr_regfile_i_stval_q_reg[9],DFFR_X1,5
csr_regfile_i_stval_q_reg[10],DFFR_X1,5
csr_regfile_i_stval_q_reg[11],DFFR_X1,5
csr_regfile_i_stval_q_reg[12],DFFR_X1,5
csr_regfile_i_stval_q_reg[13],DFFR_X1,5
csr_regfile_i_stval_q_reg[14],DFFR_X1,5
csr_regfile_i_stval_q_reg[15],DFFR_X1,5
csr_regfile_i_stval_q_reg[16],DFFR_X1,5
csr_regfile_i_stval_q_reg[17],DFFR_X1,5
csr_regfile_i_stval_q_reg[18],DFFR_X1,5
csr_regfile_i_stval_q_reg[19],DFFR_X1,5
csr_regfile_i_stval_q_reg[20],DFFR_X1,5
csr_regfile_i_stval_q_reg[21],DFFR_X1,5
csr_regfile_i_stval_q_reg[22],DFFR_X1,5
csr_regfile_i_stval_q_reg[23],DFFR_X1,5
csr_regfile_i_stval_q_reg[24],DFFR_X1,5
csr_regfile_i_stval_q_reg[25],DFFR_X1,5
csr_regfile_i_stval_q_reg[26],DFFR_X1,5
csr_regfile_i_stval_q_reg[27],DFFR_X1,5
csr_regfile_i_stval_q_reg[28],DFFR_X1,5
csr_regfile_i_stval_q_reg[29],DFFR_X1,5
csr_regfile_i_stval_q_reg[30],DFFR_X1,5
csr_regfile_i_stval_q_reg[31],DFFR_X1,5
csr_regfile_i_stval_q_reg[32],DFFR_X1,5
csr_regfile_i_stval_q_reg[33],DFFR_X1,5
csr_regfile_i_stval_q_reg[34],DFFR_X1,5
csr_regfile_i_stval_q_reg[35],DFFR_X1,5
csr_regfile_i_stval_q_reg[36],DFFR_X1,5
csr_regfile_i_stval_q_reg[37],DFFR_X1,5
csr_regfile_i_stval_q_reg[38],DFFR_X1,5
csr_regfile_i_stval_q_reg[39],DFFR_X1,5
csr_regfile_i_stval_q_reg[40],DFFR_X1,5
csr_regfile_i_stval_q_reg[41],DFFR_X1,5
csr_regfile_i_stval_q_reg[42],DFFR_X1,5
csr_regfile_i_stval_q_reg[43],DFFR_X1,5
csr_regfile_i_stval_q_reg[44],DFFR_X1,5
csr_regfile_i_stval_q_reg[45],DFFR_X1,5
csr_regfile_i_stval_q_reg[46],DFFR_X1,5
csr_regfile_i_stval_q_reg[47],DFFR_X1,5
csr_regfile_i_stval_q_reg[48],DFFR_X1,5
csr_regfile_i_stval_q_reg[49],DFFR_X1,5
csr_regfile_i_stval_q_reg[50],DFFR_X1,5
csr_regfile_i_stval_q_reg[51],DFFR_X1,5
csr_regfile_i_stval_q_reg[52],DFFR_X1,5
csr_regfile_i_stval_q_reg[53],DFFR_X1,5
csr_regfile_i_stval_q_reg[54],DFFR_X1,5
csr_regfile_i_stval_q_reg[55],DFFR_X1,5
csr_regfile_i_stval_q_reg[56],DFFR_X1,5
csr_regfile_i_stval_q_reg[57],DFFR_X1,5
csr_regfile_i_stval_q_reg[58],DFFR_X1,5
csr_regfile_i_stval_q_reg[59],DFFR_X1,5
csr_regfile_i_stval_q_reg[60],DFFR_X1,5
csr_regfile_i_stval_q_reg[61],DFFR_X1,5
csr_regfile_i_stval_q_reg[62],DFFR_X1,5
csr_regfile_i_stval_q_reg[63],DFFR_X1,5
csr_regfile_i_stvec_q_reg[0],SDFFR_X1,6
csr_regfile_i_stvec_q_reg[2],SDFFR_X1,6
csr_regfile_i_stvec_q_reg[3],SDFFR_X1,6
csr_regfile_i_stvec_q_reg[4],SDFFR_X1,6
csr_regfile_i_stvec_q_reg[5],SDFFR_X1,6
csr_regfile_i_stvec_q_reg[6],SDFFR_X1,6
csr_regfile_i_stvec_q_reg[7],SDFFR_X1,6
csr_regfile_i_stvec_q_reg[8],SDFFR_X1,6
csr_regfile_i_stvec_q_reg[9],SDFFR_X1,6
csr_regfile_i_stvec_q_reg[10],SDFFR_X1,6
csr_regfile_i_stvec_q_reg[11],SDFFR_X1,6
csr_regfile_i_stvec_q_reg[12],SDFFR_X1,6
csr_regfile_i_stvec_q_reg[13],SDFFR_X1,6
csr_regfile_i_stvec_q_reg[14],SDFFR_X1,6
csr_regfile_i_stvec_q_reg[15],SDFFR_X1,6
csr_regfile_i_stvec_q_reg[16],SDFFR_X1,6
csr_regfile_i_stvec_q_reg[17],SDFFR_X1,6
csr_regfile_i_stvec_q_reg[18],SDFFR_X1,6
csr_regfile_i_stvec_q_reg[19],SDFFR_X1,6
csr_regfile_i_stvec_q_reg[20],SDFFR_X1,6
csr_regfile_i_stvec_q_reg[21],SDFFR_X1,6
csr_regfile_i_stvec_q_reg[22],SDFFR_X1,6
csr_regfile_i_stvec_q_reg[23],SDFFR_X1,6
csr_regfile_i_stvec_q_reg[24],SDFFR_X1,6
csr_regfile_i_stvec_q_reg[25],SDFFR_X1,6
csr_regfile_i_stvec_q_reg[26],SDFFR_X1,6
csr_regfile_i_stvec_q_reg[27],SDFFR_X1,6
csr_regfile_i_stvec_q_reg[28],SDFFR_X1,6
csr_regfile_i_stvec_q_reg[29],SDFFR_X1,6
csr_regfile_i_stvec_q_reg[30],SDFFR_X1,6
csr_regfile_i_stvec_q_reg[31],SDFFR_X1,6
csr_regfile_i_stvec_q_reg[32],SDFFR_X1,6
csr_regfile_i_stvec_q_reg[33],SDFFR_X1,6
csr_regfile_i_stvec_q_reg[34],SDFFR_X1,6
csr_regfile_i_stvec_q_reg[35],SDFFR_X1,6
csr_regfile_i_stvec_q_reg[36],SDFFR_X1,6
csr_regfile_i_stvec_q_reg[37],SDFFR_X1,6
csr_regfile_i_stvec_q_reg[38],SDFFR_X1,6
csr_regfile_i_stvec_q_reg[39],SDFFR_X1,6
csr_regfile_i_stvec_q_reg[40],SDFFR_X1,6
csr_regfile_i_stvec_q_reg[41],SDFFR_X1,6
csr_regfile_i_stvec_q_reg[42],SDFFR_X1,6
csr_regfile_i_stvec_q_reg[43],SDFFR_X1,6
csr_regfile_i_stvec_q_reg[44],SDFFR_X1,6
csr_regfile_i_stvec_q_reg[45],SDFFR_X1,6
csr_regfile_i_stvec_q_reg[46],SDFFR_X1,6
csr_regfile_i_stvec_q_reg[47],SDFFR_X1,6
csr_regfile_i_stvec_q_reg[48],SDFFR_X1,6
csr_regfile_i_stvec_q_reg[49],SDFFR_X1,6
csr_regfile_i_stvec_q_reg[50],SDFFR_X1,6
csr_regfile_i_stvec_q_reg[51],SDFFR_X1,6
csr_regfile_i_stvec_q_reg[52],SDFFR_X1,6
csr_regfile_i_stvec_q_reg[53],SDFFR_X1,6
csr_regfile_i_stvec_q_reg[54],SDFFR_X1,6
csr_regfile_i_stvec_q_reg[55],SDFFR_X1,6
csr_regfile_i_stvec_q_reg[56],SDFFR_X1,6
csr_regfile_i_stvec_q_reg[57],SDFFR_X1,6
csr_regfile_i_stvec_q_reg[58],SDFFR_X1,6
csr_regfile_i_stvec_q_reg[59],SDFFR_X1,6
csr_regfile_i_stvec_q_reg[60],SDFFR_X1,6
csr_regfile_i_stvec_q_reg[61],SDFFR_X1,6
csr_regfile_i_stvec_q_reg[62],SDFFR_X1,6
csr_regfile_i_stvec_q_reg[63],SDFFR_X1,6
csr_regfile_i_sum_o_reg,DFFR_X1,5
csr_regfile_i_tsr_o_reg,SDFFR_X1,6
csr_regfile_i_tvm_o_reg,DFFR_X1,5
csr_regfile_i_tw_o_reg,SDFFR_X1,6
i_cache_subsystem_i_fifo_w_channel_mem_q_reg[0],SDFFR_X1,6
i_cache_subsystem_i_fifo_w_channel_mem_q_reg[1],SDFFR_X1,6
i_cache_subsystem_i_fifo_w_channel_mem_q_reg[2],SDFFR_X1,6
i_cache_subsystem_i_fifo_w_channel_mem_q_reg[3],SDFFR_X1,6
i_cache_subsystem_i_fifo_w_channel_mem_q_reg[4],SDFFR_X1,6
i_cache_subsystem_i_fifo_w_channel_mem_q_reg[5],SDFFR_X1,6
i_cache_subsystem_i_fifo_w_channel_mem_q_reg[6],SDFFR_X1,6
i_cache_subsystem_i_fifo_w_channel_mem_q_reg[7],SDFFR_X1,6
i_cache_subsystem_i_fifo_w_channel_read_pointer_q_reg[0],DFFR_X1,5
i_cache_subsystem_i_fifo_w_channel_read_pointer_q_reg[1],DFFR_X1,5
i_cache_subsystem_i_fifo_w_channel_status_cnt_q_reg[2],DFFR_X1,5
i_cache_subsystem_i_fifo_w_channel_usage_o_reg[0],SDFFR_X1,5
i_cache_subsystem_i_fifo_w_channel_usage_o_reg[1],DFFR_X1,5
i_cache_subsystem_i_fifo_w_channel_write_pointer_q_reg[0],DFFR_X1,5
i_cache_subsystem_i_fifo_w_channel_write_pointer_q_reg[1],DFFR_X1,5
i_cache_subsystem_i_icache_N1016_reg,DFFR_X1,5
i_cache_subsystem_i_icache_cnt_q_reg[0],SDFFR_X1,6
i_cache_subsystem_i_icache_cnt_q_reg[1],SDFFR_X1,6
i_cache_subsystem_i_icache_cnt_q_reg[2],SDFFR_X1,6
i_cache_subsystem_i_icache_cnt_q_reg[3],SDFFR_X1,6
i_cache_subsystem_i_icache_cnt_q_reg[4],SDFFR_X1,6
i_cache_subsystem_i_icache_cnt_q_reg[5],SDFFR_X1,6
i_cache_subsystem_i_icache_cnt_q_reg[6],SDFFR_X1,6
i_cache_subsystem_i_icache_cnt_q_reg[7],SDFFR_X1,6
i_cache_subsystem_i_icache_dreq_o_reg[129],SDFFR_X1,6
i_cache_subsystem_i_icache_dreq_o_reg[130],SDFFR_X1,6
i_cache_subsystem_i_icache_dreq_o_reg[131],SDFFR_X1,6
i_cache_subsystem_i_icache_dreq_o_reg[132],SDFFR_X1,6
i_cache_subsystem_i_icache_dreq_o_reg[133],DFFR_X1,5
i_cache_subsystem_i_icache_dreq_o_reg[134],DFFR_X1,5
i_cache_subsystem_i_icache_dreq_o_reg[135],DFFR_X1,5
i_cache_subsystem_i_icache_dreq_o_reg[136],DFFR_X1,5
i_cache_subsystem_i_icache_dreq_o_reg[137],DFFR_X1,5
i_cache_subsystem_i_icache_dreq_o_reg[138],DFFR_X1,5
i_cache_subsystem_i_icache_dreq_o_reg[139],DFFR_X1,5
i_cache_subsystem_i_icache_dreq_o_reg[140],DFFR_X1,5
i_cache_subsystem_i_icache_dreq_o_reg[141],DFFR_X1,5
i_cache_subsystem_i_icache_dreq_o_reg[142],DFFR_X1,5
i_cache_subsystem_i_icache_dreq_o_reg[143],DFFR_X1,5
i_cache_subsystem_i_icache_dreq_o_reg[144],DFFR_X1,5
i_cache_subsystem_i_icache_dreq_o_reg[145],DFFR_X1,5
i_cache_subsystem_i_icache_dreq_o_reg[146],DFFR_X1,5
i_cache_subsystem_i_icache_dreq_o_reg[147],DFFR_X1,5
i_cache_subsystem_i_icache_dreq_o_reg[148],DFFR_X1,5
i_cache_subsystem_i_icache_dreq_o_reg[149],DFFR_X1,5
i_cache_subsystem_i_icache_dreq_o_reg[150],DFFR_X1,5
i_cache_subsystem_i_icache_dreq_o_reg[151],DFFR_X1,5
i_cache_subsystem_i_icache_dreq_o_reg[152],DFFR_X1,5
i_cache_subsystem_i_icache_dreq_o_reg[153],DFFR_X1,5
i_cache_subsystem_i_icache_dreq_o_reg[154],DFFR_X1,5
i_cache_subsystem_i_icache_dreq_o_reg[155],DFFR_X1,5
i_cache_subsystem_i_icache_dreq_o_reg[156],DFFR_X1,5
i_cache_subsystem_i_icache_dreq_o_reg[157],DFFR_X1,5
i_cache_subsystem_i_icache_dreq_o_reg[158],DFFR_X1,5
i_cache_subsystem_i_icache_dreq_o_reg[159],DFFR_X1,5
i_cache_subsystem_i_icache_dreq_o_reg[160],DFFR_X1,5
i_cache_subsystem_i_icache_dreq_o_reg[161],DFFR_X1,5
i_cache_subsystem_i_icache_dreq_o_reg[162],DFFR_X1,5
i_cache_subsystem_i_icache_dreq_o_reg[163],DFFR_X1,5
i_cache_subsystem_i_icache_dreq_o_reg[164],DFFR_X1,5
i_cache_subsystem_i_icache_dreq_o_reg[165],DFFR_X1,5
i_cache_subsystem_i_icache_dreq_o_reg[166],DFFR_X1,5
i_cache_subsystem_i_icache_dreq_o_reg[167],DFFR_X1,5
i_cache_subsystem_i_icache_dreq_o_reg[168],SDFFR_X1,6
i_cache_subsystem_i_icache_dreq_o_reg[169],SDFFR_X2,6
i_cache_subsystem_i_icache_dreq_o_reg[170],SDFFR_X2,6
i_cache_subsystem_i_icache_dreq_o_reg[171],DFFR_X1,5
i_cache_subsystem_i_icache_dreq_o_reg[172],SDFFR_X2,6
i_cache_subsystem_i_icache_dreq_o_reg[173],DFFR_X1,5
i_cache_subsystem_i_icache_dreq_o_reg[174],DFFR_X1,5
i_cache_subsystem_i_icache_dreq_o_reg[175],SDFFR_X2,6
i_cache_subsystem_i_icache_dreq_o_reg[176],DFFR_X1,5
i_cache_subsystem_i_icache_dreq_o_reg[177],SDFFR_X1,6
i_cache_subsystem_i_icache_dreq_o_reg[178],SDFFR_X2,6
i_cache_subsystem_i_icache_dreq_o_reg[179],SDFFR_X2,6
i_cache_subsystem_i_icache_dreq_o_reg[180],SDFFR_X2,6
i_cache_subsystem_i_icache_dreq_o_reg[181],SDFFR_X2,6
i_cache_subsystem_i_icache_dreq_o_reg[182],SDFFR_X2,6
i_cache_subsystem_i_icache_dreq_o_reg[183],SDFFR_X2,6
i_cache_subsystem_i_icache_dreq_o_reg[184],DFFR_X1,5
i_cache_subsystem_i_icache_dreq_o_reg[185],SDFFR_X1,6
i_cache_subsystem_i_icache_dreq_o_reg[186],SDFFR_X1,6
i_cache_subsystem_i_icache_dreq_o_reg[187],SDFFR_X1,6
i_cache_subsystem_i_icache_dreq_o_reg[188],SDFFR_X1,6
i_cache_subsystem_i_icache_dreq_o_reg[189],SDFFR_X1,6
i_cache_subsystem_i_icache_dreq_o_reg[190],SDFFR_X1,6
i_cache_subsystem_i_icache_dreq_o_reg[191],SDFFR_X1,6
i_cache_subsystem_i_icache_dreq_o_reg[192],SDFFR_X1,6
i_cache_subsystem_i_icache_evict_way_q_reg[0],DFFR_X1,5
i_cache_subsystem_i_icache_evict_way_q_reg[1],DFFR_X1,5
i_cache_subsystem_i_icache_evict_way_q_reg[2],DFFR_X1,5
i_cache_subsystem_i_icache_evict_way_q_reg[3],DFFR_X1,5
i_cache_subsystem_i_icache_flushing_q_reg,DFFR_X1,5
i_cache_subsystem_i_icache_i_lfsr_refill_way_bin_reg[0],SDFFR_X1,6
i_cache_subsystem_i_icache_i_lfsr_refill_way_bin_reg[1],DFFR_X1,5
i_cache_subsystem_i_icache_i_lfsr_shift_q_reg[2],DFFR_X1,5
i_cache_subsystem_i_icache_i_lfsr_shift_q_reg[3],SDFFR_X1,6
i_cache_subsystem_i_icache_i_lfsr_shift_q_reg[4],SDFFR_X1,6
i_cache_subsystem_i_icache_i_lfsr_shift_q_reg[5],SDFFR_X1,6
i_cache_subsystem_i_icache_i_lfsr_shift_q_reg[6],SDFFR_X1,6
i_cache_subsystem_i_icache_i_lfsr_shift_q_reg[7],SDFFR_X1,6
i_cache_subsystem_i_icache_state_q_reg[0],DFFR_X1,5
i_cache_subsystem_i_icache_state_q_reg[1],DFFR_X1,5
i_cache_subsystem_i_icache_state_q_reg[2],DFFR_X1,5
i_cache_subsystem_i_icache_state_q_reg[3],DFFR_X1,5
i_cache_subsystem_i_icache_tag_q_reg[0],SDFFR_X1,6
i_cache_subsystem_i_icache_tag_q_reg[1],SDFFR_X1,6
i_cache_subsystem_i_icache_tag_q_reg[2],SDFFR_X1,6
i_cache_subsystem_i_icache_tag_q_reg[3],SDFFR_X1,6
i_cache_subsystem_i_icache_tag_q_reg[4],SDFFR_X1,6
i_cache_subsystem_i_icache_tag_q_reg[5],SDFFR_X1,6
i_cache_subsystem_i_icache_tag_q_reg[6],SDFFR_X1,6
i_cache_subsystem_i_icache_tag_q_reg[7],SDFFR_X1,6
i_cache_subsystem_i_icache_tag_q_reg[8],SDFFR_X1,6
i_cache_subsystem_i_icache_tag_q_reg[9],SDFFR_X1,6
i_cache_subsystem_i_icache_tag_q_reg[10],SDFFR_X1,6
i_cache_subsystem_i_icache_tag_q_reg[11],SDFFR_X1,6
i_cache_subsystem_i_icache_tag_q_reg[12],SDFFR_X1,6
i_cache_subsystem_i_icache_tag_q_reg[13],SDFFR_X1,6
i_cache_subsystem_i_icache_tag_q_reg[14],SDFFR_X1,6
i_cache_subsystem_i_icache_tag_q_reg[15],SDFFR_X1,6
i_cache_subsystem_i_icache_tag_q_reg[16],SDFFR_X1,6
i_cache_subsystem_i_icache_tag_q_reg[17],SDFFR_X1,6
i_cache_subsystem_i_icache_tag_q_reg[18],SDFFR_X1,6
i_cache_subsystem_i_icache_tag_q_reg[19],SDFFR_X1,6
i_cache_subsystem_i_icache_tag_q_reg[20],SDFFR_X1,6
i_cache_subsystem_i_icache_tag_q_reg[21],SDFFR_X1,6
i_cache_subsystem_i_icache_tag_q_reg[22],SDFFR_X1,6
i_cache_subsystem_i_icache_tag_q_reg[23],SDFFR_X1,6
i_cache_subsystem_i_icache_tag_q_reg[24],SDFFR_X1,6
i_cache_subsystem_i_icache_tag_q_reg[25],SDFFR_X1,6
i_cache_subsystem_i_icache_tag_q_reg[26],SDFFR_X1,6
i_cache_subsystem_i_icache_tag_q_reg[27],SDFFR_X1,6
i_cache_subsystem_i_icache_tag_q_reg[28],SDFFR_X1,6
i_cache_subsystem_i_icache_tag_q_reg[29],SDFFR_X1,6
i_cache_subsystem_i_icache_tag_q_reg[30],SDFFR_X1,6
i_cache_subsystem_i_icache_tag_q_reg[31],SDFFR_X1,6
i_cache_subsystem_i_icache_tag_q_reg[32],SDFFR_X1,6
i_cache_subsystem_i_icache_tag_q_reg[33],SDFFR_X1,6
i_cache_subsystem_i_icache_tag_q_reg[34],SDFFR_X1,6
i_cache_subsystem_i_icache_tag_q_reg[35],SDFFR_X1,6
i_cache_subsystem_i_icache_tag_q_reg[36],SDFFR_X1,6
i_cache_subsystem_i_icache_tag_q_reg[37],SDFFR_X1,6
i_cache_subsystem_i_icache_tag_q_reg[38],SDFFR_X1,6
i_cache_subsystem_i_icache_tag_q_reg[39],SDFFR_X1,6
i_cache_subsystem_i_icache_tag_q_reg[40],SDFFR_X1,6
i_cache_subsystem_i_icache_tag_q_reg[41],SDFFR_X1,6
i_cache_subsystem_i_icache_tag_q_reg[42],SDFFR_X1,6
i_cache_subsystem_i_icache_tag_q_reg[43],SDFFR_X1,6
i_cache_subsystem_i_nbdcache_i_miss_handler_N1881_reg,DFFR_X1,5
i_cache_subsystem_i_nbdcache_i_miss_handler_cnt_q_reg[4],DFFR_X1,5
i_cache_subsystem_i_nbdcache_i_miss_handler_cnt_q_reg[5],DFFR_X1,5
i_cache_subsystem_i_nbdcache_i_miss_handler_cnt_q_reg[6],SDFFR_X1,6
i_cache_subsystem_i_nbdcache_i_miss_handler_cnt_q_reg[7],DFFR_X1,5
i_cache_subsystem_i_nbdcache_i_miss_handler_cnt_q_reg[8],DFFR_X1,5
i_cache_subsystem_i_nbdcache_i_miss_handler_cnt_q_reg[9],SDFFR_X1,6
i_cache_subsystem_i_nbdcache_i_miss_handler_cnt_q_reg[10],DFFR_X1,5
i_cache_subsystem_i_nbdcache_i_miss_handler_cnt_q_reg[11],DFFR_X1,5
i_cache_subsystem_i_nbdcache_i_miss_handler_evict_way_q_reg[0],DFFR_X1,5
i_cache_subsystem_i_nbdcache_i_miss_handler_i_bypass_arbiter_req_q_reg[0],DFFR_X1,5
i_cache_subsystem_i_nbdcache_i_miss_handler_i_bypass_arbiter_req_q_reg[1],DFFR_X1,5
i_cache_subsystem_i_nbdcache_i_miss_handler_i_bypass_arbiter_req_q_reg[2],DFFR_X1,5
i_cache_subsystem_i_nbdcache_i_miss_handler_i_bypass_arbiter_req_q_reg[3],DFFR_X1,5
i_cache_subsystem_i_nbdcache_i_miss_handler_i_bypass_arbiter_req_q_reg[4],DFFR_X1,5
i_cache_subsystem_i_nbdcache_i_miss_handler_i_bypass_arbiter_req_q_reg[5],DFFR_X1,5
i_cache_subsystem_i_nbdcache_i_miss_handler_i_bypass_arbiter_req_q_reg[6],DFFR_X1,5
i_cache_subsystem_i_nbdcache_i_miss_handler_i_bypass_arbiter_req_q_reg[7],DFFR_X1,5
i_cache_subsystem_i_nbdcache_i_miss_handler_i_bypass_arbiter_req_q_reg[8],DFFR_X1,5
i_cache_subsystem_i_nbdcache_i_miss_handler_i_bypass_arbiter_req_q_reg[9],DFFR_X1,5
i_cache_subsystem_i_nbdcache_i_miss_handler_i_bypass_arbiter_req_q_reg[10],DFFR_X1,5
i_cache_subsystem_i_nbdcache_i_miss_handler_i_bypass_arbiter_req_q_reg[11],DFFR_X1,5
i_cache_subsystem_i_nbdcache_i_miss_handler_i_bypass_arbiter_req_q_reg[12],DFFR_X1,5
i_cache_subsystem_i_nbdcache_i_miss_handler_i_bypass_arbiter_req_q_reg[13],DFFR_X1,5
i_cache_subsystem_i_nbdcache_i_miss_handler_i_bypass_arbiter_req_q_reg[14],DFFR_X1,5
i_cache_subsystem_i_nbdcache_i_miss_handler_i_bypass_arbiter_req_q_reg[15],DFFR_X1,5
i_cache_subsystem_i_nbdcache_i_miss_handler_i_bypass_arbiter_req_q_reg[16],DFFR_X1,5
i_cache_subsystem_i_nbdcache_i_miss_handler_i_bypass_arbiter_req_q_reg[17],DFFR_X1,5
i_cache_subsystem_i_nbdcache_i_miss_handler_i_bypass_arbiter_req_q_reg[18],DFFR_X1,5
i_cache_subsystem_i_nbdcache_i_miss_handler_i_bypass_arbiter_req_q_reg[19],DFFR_X1,5
i_cache_subsystem_i_nbdcache_i_miss_handler_i_bypass_arbiter_req_q_reg[20],DFFR_X1,5
i_cache_subsystem_i_nbdcache_i_miss_handler_i_bypass_arbiter_req_q_reg[21],DFFR_X1,5
i_cache_subsystem_i_nbdcache_i_miss_handler_i_bypass_arbiter_req_q_reg[22],DFFR_X1,5
i_cache_subsystem_i_nbdcache_i_miss_handler_i_bypass_arbiter_req_q_reg[23],DFFR_X1,5
i_cache_subsystem_i_nbdcache_i_miss_handler_i_bypass_arbiter_req_q_reg[24],DFFR_X1,5
i_cache_subsystem_i_nbdcache_i_miss_handler_i_bypass_arbiter_req_q_reg[25],DFFR_X1,5
i_cache_subsystem_i_nbdcache_i_miss_handler_i_bypass_arbiter_req_q_reg[26],DFFR_X1,5
i_cache_subsystem_i_nbdcache_i_miss_handler_i_bypass_arbiter_req_q_reg[27],DFFR_X1,5
i_cache_subsystem_i_nbdcache_i_miss_handler_i_bypass_arbiter_req_q_reg[28],DFFR_X1,5
i_cache_subsystem_i_nbdcache_i_miss_handler_i_bypass_arbiter_req_q_reg[29],DFFR_X1,5
i_cache_subsystem_i_nbdcache_i_miss_handler_i_bypass_arbiter_req_q_reg[30],DFFR_X1,5
i_cache_subsystem_i_nbdcache_i_miss_handler_i_bypass_arbiter_req_q_reg[31],DFFR_X1,5
i_cache_subsystem_i_nbdcache_i_miss_handler_i_bypass_arbiter_req_q_reg[32],DFFR_X1,5
i_cache_subsystem_i_nbdcache_i_miss_handler_i_bypass_arbiter_req_q_reg[33],DFFR_X1,5
i_cache_subsystem_i_nbdcache_i_miss_handler_i_bypass_arbiter_req_q_reg[34],DFFR_X1,5
i_cache_subsystem_i_nbdcache_i_miss_handler_i_bypass_arbiter_req_q_reg[35],DFFR_X1,5
i_cache_subsystem_i_nbdcache_i_miss_handler_i_bypass_arbiter_req_q_reg[36],DFFR_X1,5
i_cache_subsystem_i_nbdcache_i_miss_handler_i_bypass_arbiter_req_q_reg[37],DFFR_X1,5
i_cache_subsystem_i_nbdcache_i_miss_handler_i_bypass_arbiter_req_q_reg[38],DFFR_X1,5
i_cache_subsystem_i_nbdcache_i_miss_handler_i_bypass_arbiter_req_q_reg[39],DFFR_X1,5
i_cache_subsystem_i_nbdcache_i_miss_handler_i_bypass_arbiter_req_q_reg[40],DFFR_X1,5
i_cache_subsystem_i_nbdcache_i_miss_handler_i_bypass_arbiter_req_q_reg[41],DFFR_X1,5
i_cache_subsystem_i_nbdcache_i_miss_handler_i_bypass_arbiter_req_q_reg[42],DFFR_X1,5
i_cache_subsystem_i_nbdcache_i_miss_handler_i_bypass_arbiter_req_q_reg[43],DFFR_X1,5
i_cache_subsystem_i_nbdcache_i_miss_handler_i_bypass_arbiter_req_q_reg[44],DFFR_X1,5
i_cache_subsystem_i_nbdcache_i_miss_handler_i_bypass_arbiter_req_q_reg[45],DFFR_X1,5
i_cache_subsystem_i_nbdcache_i_miss_handler_i_bypass_arbiter_req_q_reg[46],DFFR_X1,5
i_cache_subsystem_i_nbdcache_i_miss_handler_i_bypass_arbiter_req_q_reg[47],DFFR_X1,5
i_cache_subsystem_i_nbdcache_i_miss_handler_i_bypass_arbiter_req_q_reg[48],DFFR_X1,5
i_cache_subsystem_i_nbdcache_i_miss_handler_i_bypass_arbiter_req_q_reg[49],DFFR_X1,5
i_cache_subsystem_i_nbdcache_i_miss_handler_i_bypass_arbiter_req_q_reg[50],DFFR_X1,5
i_cache_subsystem_i_nbdcache_i_miss_handler_i_bypass_arbiter_req_q_reg[51],DFFR_X1,5
i_cache_subsystem_i_nbdcache_i_miss_handler_i_bypass_arbiter_req_q_reg[52],DFFR_X1,5
i_cache_subsystem_i_nbdcache_i_miss_handler_i_bypass_arbiter_req_q_reg[53],DFFR_X1,5
i_cache_subsystem_i_nbdcache_i_miss_handler_i_bypass_arbiter_req_q_reg[54],DFFR_X1,5
i_cache_subsystem_i_nbdcache_i_miss_handler_i_bypass_arbiter_req_q_reg[55],DFFR_X1,5
i_cache_subsystem_i_nbdcache_i_miss_handler_i_bypass_arbiter_req_q_reg[56],DFFR_X1,5
i_cache_subsystem_i_nbdcache_i_miss_handler_i_bypass_arbiter_req_q_reg[57],DFFR_X1,5
i_cache_subsystem_i_nbdcache_i_miss_handler_i_bypass_arbiter_req_q_reg[58],DFFR_X1,5
i_cache_subsystem_i_nbdcache_i_miss_handler_i_bypass_arbiter_req_q_reg[59],DFFR_X1,5
i_cache_subsystem_i_nbdcache_i_miss_handler_i_bypass_arbiter_req_q_reg[60],DFFR_X1,5
i_cache_subsystem_i_nbdcache_i_miss_handler_i_bypass_arbiter_req_q_reg[61],DFFR_X1,5
i_cache_subsystem_i_nbdcache_i_miss_handler_i_bypass_arbiter_req_q_reg[62],DFFR_X1,5
i_cache_subsystem_i_nbdcache_i_miss_handler_i_bypass_arbiter_req_q_reg[63],DFFR_X1,5
i_cache_subsystem_i_nbdcache_i_miss_handler_i_bypass_arbiter_req_q_reg[64],DFFR_X1,5
i_cache_subsystem_i_nbdcache_i_miss_handler_i_bypass_arbiter_req_q_reg[65],DFFR_X1,5
i_cache_subsystem_i_nbdcache_i_miss_handler_i_bypass_arbiter_req_q_reg[66],DFFR_X1,5
i_cache_subsystem_i_nbdcache_i_miss_handler_i_bypass_arbiter_req_q_reg[67],DFFR_X1,5
i_cache_subsystem_i_nbdcache_i_miss_handler_i_bypass_arbiter_req_q_reg[68],DFFR_X1,5
i_cache_subsystem_i_nbdcache_i_miss_handler_i_bypass_arbiter_req_q_reg[69],DFFR_X1,5
i_cache_subsystem_i_nbdcache_i_miss_handler_i_bypass_arbiter_req_q_reg[70],DFFR_X1,5
i_cache_subsystem_i_nbdcache_i_miss_handler_i_bypass_arbiter_req_q_reg[71],DFFR_X1,5
i_cache_subsystem_i_nbdcache_i_miss_handler_i_bypass_arbiter_req_q_reg[72],DFFR_X1,5
i_cache_subsystem_i_nbdcache_i_miss_handler_i_bypass_arbiter_req_q_reg[73],DFFR_X1,5
i_cache_subsystem_i_nbdcache_i_miss_handler_i_bypass_arbiter_req_q_reg[74],DFFR_X1,5
i_cache_subsystem_i_nbdcache_i_miss_handler_i_bypass_arbiter_req_q_reg[75],DFFR_X1,5
i_cache_subsystem_i_nbdcache_i_miss_handler_i_bypass_arbiter_req_q_reg[76],DFFR_X1,5
i_cache_subsystem_i_nbdcache_i_miss_handler_i_bypass_arbiter_req_q_reg[77],DFFR_X1,5
i_cache_subsystem_i_nbdcache_i_miss_handler_i_bypass_arbiter_req_q_reg[78],DFFR_X1,5
i_cache_subsystem_i_nbdcache_i_miss_handler_i_bypass_arbiter_req_q_reg[79],DFFR_X1,5
i_cache_subsystem_i_nbdcache_i_miss_handler_i_bypass_arbiter_req_q_reg[80],DFFR_X1,5
i_cache_subsystem_i_nbdcache_i_miss_handler_i_bypass_arbiter_req_q_reg[81],DFFR_X1,5
i_cache_subsystem_i_nbdcache_i_miss_handler_i_bypass_arbiter_req_q_reg[82],DFFR_X1,5
i_cache_subsystem_i_nbdcache_i_miss_handler_i_bypass_arbiter_req_q_reg[83],DFFR_X1,5
i_cache_subsystem_i_nbdcache_i_miss_handler_i_bypass_arbiter_req_q_reg[84],DFFR_X1,5
i_cache_subsystem_i_nbdcache_i_miss_handler_i_bypass_arbiter_req_q_reg[85],DFFR_X1,5
i_cache_subsystem_i_nbdcache_i_miss_handler_i_bypass_arbiter_req_q_reg[86],DFFR_X1,5
i_cache_subsystem_i_nbdcache_i_miss_handler_i_bypass_arbiter_req_q_reg[87],DFFR_X1,5
i_cache_subsystem_i_nbdcache_i_miss_handler_i_bypass_arbiter_req_q_reg[88],DFFR_X1,5
i_cache_subsystem_i_nbdcache_i_miss_handler_i_bypass_arbiter_req_q_reg[89],DFFR_X1,5
i_cache_subsystem_i_nbdcache_i_miss_handler_i_bypass_arbiter_req_q_reg[90],DFFR_X1,5
i_cache_subsystem_i_nbdcache_i_miss_handler_i_bypass_arbiter_req_q_reg[91],DFFR_X1,5
i_cache_subsystem_i_nbdcache_i_miss_handler_i_bypass_arbiter_req_q_reg[92],DFFR_X1,5
i_cache_subsystem_i_nbdcache_i_miss_handler_i_bypass_arbiter_req_q_reg[93],DFFR_X1,5
i_cache_subsystem_i_nbdcache_i_miss_handler_i_bypass_arbiter_req_q_reg[94],DFFR_X1,5
i_cache_subsystem_i_nbdcache_i_miss_handler_i_bypass_arbiter_req_q_reg[95],DFFR_X1,5
i_cache_subsystem_i_nbdcache_i_miss_handler_i_bypass_arbiter_req_q_reg[96],DFFR_X1,5
i_cache_subsystem_i_nbdcache_i_miss_handler_i_bypass_arbiter_req_q_reg[97],DFFR_X1,5
i_cache_subsystem_i_nbdcache_i_miss_handler_i_bypass_arbiter_req_q_reg[98],DFFR_X1,5
i_cache_subsystem_i_nbdcache_i_miss_handler_i_bypass_arbiter_req_q_reg[99],DFFR_X1,5
i_cache_subsystem_i_nbdcache_i_miss_handler_i_bypass_arbiter_req_q_reg[100],DFFR_X1,5
i_cache_subsystem_i_nbdcache_i_miss_handler_i_bypass_arbiter_req_q_reg[101],DFFR_X1,5
i_cache_subsystem_i_nbdcache_i_miss_handler_i_bypass_arbiter_req_q_reg[102],DFFR_X1,5
i_cache_subsystem_i_nbdcache_i_miss_handler_i_bypass_arbiter_req_q_reg[103],DFFR_X1,5
i_cache_subsystem_i_nbdcache_i_miss_handler_i_bypass_arbiter_req_q_reg[104],DFFR_X1,5
i_cache_subsystem_i_nbdcache_i_miss_handler_i_bypass_arbiter_req_q_reg[105],DFFR_X1,5
i_cache_subsystem_i_nbdcache_i_miss_handler_i_bypass_arbiter_req_q_reg[106],DFFR_X1,5
i_cache_subsystem_i_nbdcache_i_miss_handler_i_bypass_arbiter_req_q_reg[107],DFFR_X1,5
i_cache_subsystem_i_nbdcache_i_miss_handler_i_bypass_arbiter_req_q_reg[108],DFFR_X1,5
i_cache_subsystem_i_nbdcache_i_miss_handler_i_bypass_arbiter_req_q_reg[109],DFFR_X1,5
i_cache_subsystem_i_nbdcache_i_miss_handler_i_bypass_arbiter_req_q_reg[110],DFFR_X1,5
i_cache_subsystem_i_nbdcache_i_miss_handler_i_bypass_arbiter_req_q_reg[111],DFFR_X1,5
i_cache_subsystem_i_nbdcache_i_miss_handler_i_bypass_arbiter_req_q_reg[112],DFFR_X1,5
i_cache_subsystem_i_nbdcache_i_miss_handler_i_bypass_arbiter_req_q_reg[113],DFFR_X1,5
i_cache_subsystem_i_nbdcache_i_miss_handler_i_bypass_arbiter_req_q_reg[114],DFFR_X1,5
i_cache_subsystem_i_nbdcache_i_miss_handler_i_bypass_arbiter_req_q_reg[115],DFFR_X1,5
i_cache_subsystem_i_nbdcache_i_miss_handler_i_bypass_arbiter_req_q_reg[116],DFFR_X1,5
i_cache_subsystem_i_nbdcache_i_miss_handler_i_bypass_arbiter_req_q_reg[117],DFFR_X1,5
i_cache_subsystem_i_nbdcache_i_miss_handler_i_bypass_arbiter_req_q_reg[118],DFFR_X1,5
i_cache_subsystem_i_nbdcache_i_miss_handler_i_bypass_arbiter_req_q_reg[119],DFFR_X1,5
i_cache_subsystem_i_nbdcache_i_miss_handler_i_bypass_arbiter_req_q_reg[120],DFFR_X1,5
i_cache_subsystem_i_nbdcache_i_miss_handler_i_bypass_arbiter_req_q_reg[121],DFFR_X1,5
i_cache_subsystem_i_nbdcache_i_miss_handler_i_bypass_arbiter_req_q_reg[122],DFFR_X1,5
i_cache_subsystem_i_nbdcache_i_miss_handler_i_bypass_arbiter_req_q_reg[123],DFFR_X1,5
i_cache_subsystem_i_nbdcache_i_miss_handler_i_bypass_arbiter_req_q_reg[124],DFFR_X1,5
i_cache_subsystem_i_nbdcache_i_miss_handler_i_bypass_arbiter_req_q_reg[125],DFFR_X1,5
i_cache_subsystem_i_nbdcache_i_miss_handler_i_bypass_arbiter_req_q_reg[126],DFFR_X1,5
i_cache_subsystem_i_nbdcache_i_miss_handler_i_bypass_arbiter_req_q_reg[127],DFFR_X1,5
i_cache_subsystem_i_nbdcache_i_miss_handler_i_bypass_arbiter_req_q_reg[128],DFFR_X1,5
i_cache_subsystem_i_nbdcache_i_miss_handler_i_bypass_arbiter_req_q_reg[129],DFFR_X1,5
i_cache_subsystem_i_nbdcache_i_miss_handler_i_bypass_arbiter_req_q_reg[130],DFFR_X1,5
i_cache_subsystem_i_nbdcache_i_miss_handler_i_bypass_arbiter_req_q_reg[139],DFFR_X1,5
i_cache_subsystem_i_nbdcache_i_miss_handler_i_bypass_arbiter_req_q_reg[140],DFFR_X1,5
i_cache_subsystem_i_nbdcache_i_miss_handler_i_bypass_arbiter_state_q_reg[1],DFFR_X1,5
i_cache_subsystem_i_nbdcache_i_miss_handler_i_bypass_axi_adapter_cnt_q_reg[0],SDFFR_X1,6
i_cache_subsystem_i_nbdcache_i_miss_handler_i_bypass_axi_adapter_rdata_o_reg[0],SDFFR_X1,6
i_cache_subsystem_i_nbdcache_i_miss_handler_i_bypass_axi_adapter_rdata_o_reg[1],SDFFR_X1,6
i_cache_subsystem_i_nbdcache_i_miss_handler_i_bypass_axi_adapter_rdata_o_reg[2],SDFFR_X1,6
i_cache_subsystem_i_nbdcache_i_miss_handler_i_bypass_axi_adapter_rdata_o_reg[3],SDFFR_X1,6
i_cache_subsystem_i_nbdcache_i_miss_handler_i_bypass_axi_adapter_rdata_o_reg[4],SDFFR_X1,6
i_cache_subsystem_i_nbdcache_i_miss_handler_i_bypass_axi_adapter_rdata_o_reg[5],SDFFR_X1,6
i_cache_subsystem_i_nbdcache_i_miss_handler_i_bypass_axi_adapter_rdata_o_reg[6],SDFFR_X1,6
i_cache_subsystem_i_nbdcache_i_miss_handler_i_bypass_axi_adapter_rdata_o_reg[7],SDFFR_X1,6
i_cache_subsystem_i_nbdcache_i_miss_handler_i_bypass_axi_adapter_rdata_o_reg[8],SDFFR_X1,6
i_cache_subsystem_i_nbdcache_i_miss_handler_i_bypass_axi_adapter_rdata_o_reg[9],SDFFR_X1,6
i_cache_subsystem_i_nbdcache_i_miss_handler_i_bypass_axi_adapter_rdata_o_reg[10],SDFFR_X1,6
i_cache_subsystem_i_nbdcache_i_miss_handler_i_bypass_axi_adapter_rdata_o_reg[11],SDFFR_X1,6
i_cache_subsystem_i_nbdcache_i_miss_handler_i_bypass_axi_adapter_rdata_o_reg[12],SDFFR_X1,6
i_cache_subsystem_i_nbdcache_i_miss_handler_i_bypass_axi_adapter_rdata_o_reg[13],SDFFR_X1,6
i_cache_subsystem_i_nbdcache_i_miss_handler_i_bypass_axi_adapter_rdata_o_reg[14],SDFFR_X1,6
i_cache_subsystem_i_nbdcache_i_miss_handler_i_bypass_axi_adapter_rdata_o_reg[15],SDFFR_X1,6
i_cache_subsystem_i_nbdcache_i_miss_handler_i_bypass_axi_adapter_rdata_o_reg[16],SDFFR_X1,6
i_cache_subsystem_i_nbdcache_i_miss_handler_i_bypass_axi_adapter_rdata_o_reg[17],SDFFR_X1,6
i_cache_subsystem_i_nbdcache_i_miss_handler_i_bypass_axi_adapter_rdata_o_reg[18],SDFFR_X1,6
i_cache_subsystem_i_nbdcache_i_miss_handler_i_bypass_axi_adapter_rdata_o_reg[19],SDFFR_X1,6
i_cache_subsystem_i_nbdcache_i_miss_handler_i_bypass_axi_adapter_rdata_o_reg[20],SDFFR_X1,6
i_cache_subsystem_i_nbdcache_i_miss_handler_i_bypass_axi_adapter_rdata_o_reg[21],SDFFR_X1,6
i_cache_subsystem_i_nbdcache_i_miss_handler_i_bypass_axi_adapter_rdata_o_reg[22],SDFFR_X1,6
i_cache_subsystem_i_nbdcache_i_miss_handler_i_bypass_axi_adapter_rdata_o_reg[23],SDFFR_X1,6
i_cache_subsystem_i_nbdcache_i_miss_handler_i_bypass_axi_adapter_rdata_o_reg[24],SDFFR_X1,6
i_cache_subsystem_i_nbdcache_i_miss_handler_i_bypass_axi_adapter_rdata_o_reg[25],SDFFR_X1,6
i_cache_subsystem_i_nbdcache_i_miss_handler_i_bypass_axi_adapter_rdata_o_reg[26],SDFFR_X1,6
i_cache_subsystem_i_nbdcache_i_miss_handler_i_bypass_axi_adapter_rdata_o_reg[27],SDFFR_X1,6
i_cache_subsystem_i_nbdcache_i_miss_handler_i_bypass_axi_adapter_rdata_o_reg[28],SDFFR_X1,6
i_cache_subsystem_i_nbdcache_i_miss_handler_i_bypass_axi_adapter_rdata_o_reg[29],SDFFR_X1,6
i_cache_subsystem_i_nbdcache_i_miss_handler_i_bypass_axi_adapter_rdata_o_reg[30],SDFFR_X1,6
i_cache_subsystem_i_nbdcache_i_miss_handler_i_bypass_axi_adapter_rdata_o_reg[31],SDFFR_X1,6
i_cache_subsystem_i_nbdcache_i_miss_handler_i_bypass_axi_adapter_rdata_o_reg[32],SDFFR_X1,6
i_cache_subsystem_i_nbdcache_i_miss_handler_i_bypass_axi_adapter_rdata_o_reg[33],SDFFR_X1,6
i_cache_subsystem_i_nbdcache_i_miss_handler_i_bypass_axi_adapter_rdata_o_reg[34],SDFFR_X1,6
i_cache_subsystem_i_nbdcache_i_miss_handler_i_bypass_axi_adapter_rdata_o_reg[35],SDFFR_X1,6
i_cache_subsystem_i_nbdcache_i_miss_handler_i_bypass_axi_adapter_rdata_o_reg[36],SDFFR_X1,6
i_cache_subsystem_i_nbdcache_i_miss_handler_i_bypass_axi_adapter_rdata_o_reg[37],SDFFR_X1,6
i_cache_subsystem_i_nbdcache_i_miss_handler_i_bypass_axi_adapter_rdata_o_reg[38],SDFFR_X1,6
i_cache_subsystem_i_nbdcache_i_miss_handler_i_bypass_axi_adapter_rdata_o_reg[39],SDFFR_X1,6
i_cache_subsystem_i_nbdcache_i_miss_handler_i_bypass_axi_adapter_rdata_o_reg[40],SDFFR_X1,6
i_cache_subsystem_i_nbdcache_i_miss_handler_i_bypass_axi_adapter_rdata_o_reg[41],SDFFR_X1,6
i_cache_subsystem_i_nbdcache_i_miss_handler_i_bypass_axi_adapter_rdata_o_reg[42],SDFFR_X1,6
i_cache_subsystem_i_nbdcache_i_miss_handler_i_bypass_axi_adapter_rdata_o_reg[43],SDFFR_X1,6
i_cache_subsystem_i_nbdcache_i_miss_handler_i_bypass_axi_adapter_rdata_o_reg[44],SDFFR_X1,6
i_cache_subsystem_i_nbdcache_i_miss_handler_i_bypass_axi_adapter_rdata_o_reg[45],SDFFR_X1,6
i_cache_subsystem_i_nbdcache_i_miss_handler_i_bypass_axi_adapter_rdata_o_reg[46],SDFFR_X1,6
i_cache_subsystem_i_nbdcache_i_miss_handler_i_bypass_axi_adapter_rdata_o_reg[47],SDFFR_X1,6
i_cache_subsystem_i_nbdcache_i_miss_handler_i_bypass_axi_adapter_rdata_o_reg[48],SDFFR_X1,6
i_cache_subsystem_i_nbdcache_i_miss_handler_i_bypass_axi_adapter_rdata_o_reg[49],SDFFR_X1,6
i_cache_subsystem_i_nbdcache_i_miss_handler_i_bypass_axi_adapter_rdata_o_reg[50],SDFFR_X1,6
i_cache_subsystem_i_nbdcache_i_miss_handler_i_bypass_axi_adapter_rdata_o_reg[51],SDFFR_X1,6
i_cache_subsystem_i_nbdcache_i_miss_handler_i_bypass_axi_adapter_rdata_o_reg[52],SDFFR_X1,6
i_cache_subsystem_i_nbdcache_i_miss_handler_i_bypass_axi_adapter_rdata_o_reg[53],SDFFR_X1,6
i_cache_subsystem_i_nbdcache_i_miss_handler_i_bypass_axi_adapter_rdata_o_reg[54],SDFFR_X1,6
i_cache_subsystem_i_nbdcache_i_miss_handler_i_bypass_axi_adapter_rdata_o_reg[55],SDFFR_X1,6
i_cache_subsystem_i_nbdcache_i_miss_handler_i_bypass_axi_adapter_rdata_o_reg[56],SDFFR_X1,6
i_cache_subsystem_i_nbdcache_i_miss_handler_i_bypass_axi_adapter_rdata_o_reg[57],SDFFR_X1,6
i_cache_subsystem_i_nbdcache_i_miss_handler_i_bypass_axi_adapter_rdata_o_reg[58],SDFFR_X1,6
i_cache_subsystem_i_nbdcache_i_miss_handler_i_bypass_axi_adapter_rdata_o_reg[59],SDFFR_X1,6
i_cache_subsystem_i_nbdcache_i_miss_handler_i_bypass_axi_adapter_rdata_o_reg[60],SDFFR_X1,6
i_cache_subsystem_i_nbdcache_i_miss_handler_i_bypass_axi_adapter_rdata_o_reg[61],SDFFR_X1,6
i_cache_subsystem_i_nbdcache_i_miss_handler_i_bypass_axi_adapter_rdata_o_reg[62],SDFFR_X1,6
i_cache_subsystem_i_nbdcache_i_miss_handler_i_bypass_axi_adapter_rdata_o_reg[63],SDFFR_X1,6
i_cache_subsystem_i_nbdcache_i_miss_handler_i_bypass_axi_adapter_state_q_reg[0],DFFR_X1,5
i_cache_subsystem_i_nbdcache_i_miss_handler_i_bypass_axi_adapter_state_q_reg[1],DFFR_X1,5
i_cache_subsystem_i_nbdcache_i_miss_handler_i_bypass_axi_adapter_state_q_reg[2],DFFR_X1,5
i_cache_subsystem_i_nbdcache_i_miss_handler_i_bypass_axi_adapter_state_q_reg[3],DFFR_X1,5
i_cache_subsystem_i_nbdcache_i_miss_handler_i_miss_axi_adapter_N317_reg,DFFR_X1,5
i_cache_subsystem_i_nbdcache_i_miss_handler_i_miss_axi_adapter_addr_offset_q_reg[0],SDFFR_X1,6
i_cache_subsystem_i_nbdcache_i_miss_handler_i_miss_axi_adapter_rdata_o_reg[0],SDFFR_X1,6
i_cache_subsystem_i_nbdcache_i_miss_handler_i_miss_axi_adapter_rdata_o_reg[1],SDFFR_X1,6
i_cache_subsystem_i_nbdcache_i_miss_handler_i_miss_axi_adapter_rdata_o_reg[2],SDFFR_X1,6
i_cache_subsystem_i_nbdcache_i_miss_handler_i_miss_axi_adapter_rdata_o_reg[3],SDFFR_X1,6
i_cache_subsystem_i_nbdcache_i_miss_handler_i_miss_axi_adapter_rdata_o_reg[4],SDFFR_X1,6
i_cache_subsystem_i_nbdcache_i_miss_handler_i_miss_axi_adapter_rdata_o_reg[5],SDFFR_X1,6
i_cache_subsystem_i_nbdcache_i_miss_handler_i_miss_axi_adapter_rdata_o_reg[6],SDFFR_X1,6
i_cache_subsystem_i_nbdcache_i_miss_handler_i_miss_axi_adapter_rdata_o_reg[7],SDFFR_X1,6
i_cache_subsystem_i_nbdcache_i_miss_handler_i_miss_axi_adapter_rdata_o_reg[8],SDFFR_X1,6
i_cache_subsystem_i_nbdcache_i_miss_handler_i_miss_axi_adapter_rdata_o_reg[9],SDFFR_X1,6
i_cache_subsystem_i_nbdcache_i_miss_handler_i_miss_axi_adapter_rdata_o_reg[10],SDFFR_X1,6
i_cache_subsystem_i_nbdcache_i_miss_handler_i_miss_axi_adapter_rdata_o_reg[11],SDFFR_X1,6
i_cache_subsystem_i_nbdcache_i_miss_handler_i_miss_axi_adapter_rdata_o_reg[12],SDFFR_X1,6
i_cache_subsystem_i_nbdcache_i_miss_handler_i_miss_axi_adapter_rdata_o_reg[13],SDFFR_X1,6
i_cache_subsystem_i_nbdcache_i_miss_handler_i_miss_axi_adapter_rdata_o_reg[14],SDFFR_X1,6
i_cache_subsystem_i_nbdcache_i_miss_handler_i_miss_axi_adapter_rdata_o_reg[15],SDFFR_X1,6
i_cache_subsystem_i_nbdcache_i_miss_handler_i_miss_axi_adapter_rdata_o_reg[16],SDFFR_X1,6
i_cache_subsystem_i_nbdcache_i_miss_handler_i_miss_axi_adapter_rdata_o_reg[17],SDFFR_X1,6
i_cache_subsystem_i_nbdcache_i_miss_handler_i_miss_axi_adapter_rdata_o_reg[18],SDFFR_X1,6
i_cache_subsystem_i_nbdcache_i_miss_handler_i_miss_axi_adapter_rdata_o_reg[19],SDFFR_X1,6
i_cache_subsystem_i_nbdcache_i_miss_handler_i_miss_axi_adapter_rdata_o_reg[20],SDFFR_X1,6
i_cache_subsystem_i_nbdcache_i_miss_handler_i_miss_axi_adapter_rdata_o_reg[21],SDFFR_X1,6
i_cache_subsystem_i_nbdcache_i_miss_handler_i_miss_axi_adapter_rdata_o_reg[22],SDFFR_X1,6
i_cache_subsystem_i_nbdcache_i_miss_handler_i_miss_axi_adapter_rdata_o_reg[23],SDFFR_X1,6
i_cache_subsystem_i_nbdcache_i_miss_handler_i_miss_axi_adapter_rdata_o_reg[24],SDFFR_X1,6
i_cache_subsystem_i_nbdcache_i_miss_handler_i_miss_axi_adapter_rdata_o_reg[25],SDFFR_X1,6
i_cache_subsystem_i_nbdcache_i_miss_handler_i_miss_axi_adapter_rdata_o_reg[26],SDFFR_X1,6
i_cache_subsystem_i_nbdcache_i_miss_handler_i_miss_axi_adapter_rdata_o_reg[27],SDFFR_X1,6
i_cache_subsystem_i_nbdcache_i_miss_handler_i_miss_axi_adapter_rdata_o_reg[28],SDFFR_X1,6
i_cache_subsystem_i_nbdcache_i_miss_handler_i_miss_axi_adapter_rdata_o_reg[29],SDFFR_X1,6
i_cache_subsystem_i_nbdcache_i_miss_handler_i_miss_axi_adapter_rdata_o_reg[30],SDFFR_X1,6
i_cache_subsystem_i_nbdcache_i_miss_handler_i_miss_axi_adapter_rdata_o_reg[31],SDFFR_X1,6
i_cache_subsystem_i_nbdcache_i_miss_handler_i_miss_axi_adapter_rdata_o_reg[32],SDFFR_X1,6
i_cache_subsystem_i_nbdcache_i_miss_handler_i_miss_axi_adapter_rdata_o_reg[33],SDFFR_X1,6
i_cache_subsystem_i_nbdcache_i_miss_handler_i_miss_axi_adapter_rdata_o_reg[34],SDFFR_X1,6
i_cache_subsystem_i_nbdcache_i_miss_handler_i_miss_axi_adapter_rdata_o_reg[35],SDFFR_X1,6
i_cache_subsystem_i_nbdcache_i_miss_handler_i_miss_axi_adapter_rdata_o_reg[36],SDFFR_X1,6
i_cache_subsystem_i_nbdcache_i_miss_handler_i_miss_axi_adapter_rdata_o_reg[37],SDFFR_X1,6
i_cache_subsystem_i_nbdcache_i_miss_handler_i_miss_axi_adapter_rdata_o_reg[38],SDFFR_X1,6
i_cache_subsystem_i_nbdcache_i_miss_handler_i_miss_axi_adapter_rdata_o_reg[39],SDFFR_X1,6
i_cache_subsystem_i_nbdcache_i_miss_handler_i_miss_axi_adapter_rdata_o_reg[40],SDFFR_X1,6
i_cache_subsystem_i_nbdcache_i_miss_handler_i_miss_axi_adapter_rdata_o_reg[41],SDFFR_X1,6
i_cache_subsystem_i_nbdcache_i_miss_handler_i_miss_axi_adapter_rdata_o_reg[42],SDFFR_X1,6
i_cache_subsystem_i_nbdcache_i_miss_handler_i_miss_axi_adapter_rdata_o_reg[43],SDFFR_X1,6
i_cache_subsystem_i_nbdcache_i_miss_handler_i_miss_axi_adapter_rdata_o_reg[44],SDFFR_X1,6
i_cache_subsystem_i_nbdcache_i_miss_handler_i_miss_axi_adapter_rdata_o_reg[45],SDFFR_X1,6
i_cache_subsystem_i_nbdcache_i_miss_handler_i_miss_axi_adapter_rdata_o_reg[46],SDFFR_X1,6
i_cache_subsystem_i_nbdcache_i_miss_handler_i_miss_axi_adapter_rdata_o_reg[47],SDFFR_X1,6
i_cache_subsystem_i_nbdcache_i_miss_handler_i_miss_axi_adapter_rdata_o_reg[48],SDFFR_X1,6
i_cache_subsystem_i_nbdcache_i_miss_handler_i_miss_axi_adapter_rdata_o_reg[49],SDFFR_X1,6
i_cache_subsystem_i_nbdcache_i_miss_handler_i_miss_axi_adapter_rdata_o_reg[50],SDFFR_X1,6
i_cache_subsystem_i_nbdcache_i_miss_handler_i_miss_axi_adapter_rdata_o_reg[51],SDFFR_X1,6
i_cache_subsystem_i_nbdcache_i_miss_handler_i_miss_axi_adapter_rdata_o_reg[52],SDFFR_X1,6
i_cache_subsystem_i_nbdcache_i_miss_handler_i_miss_axi_adapter_rdata_o_reg[53],SDFFR_X1,6
i_cache_subsystem_i_nbdcache_i_miss_handler_i_miss_axi_adapter_rdata_o_reg[54],SDFFR_X1,6
i_cache_subsystem_i_nbdcache_i_miss_handler_i_miss_axi_adapter_rdata_o_reg[55],SDFFR_X1,6
i_cache_subsystem_i_nbdcache_i_miss_handler_i_miss_axi_adapter_rdata_o_reg[56],SDFFR_X1,6
i_cache_subsystem_i_nbdcache_i_miss_handler_i_miss_axi_adapter_rdata_o_reg[57],SDFFR_X1,6
i_cache_subsystem_i_nbdcache_i_miss_handler_i_miss_axi_adapter_rdata_o_reg[58],SDFFR_X1,6
i_cache_subsystem_i_nbdcache_i_miss_handler_i_miss_axi_adapter_rdata_o_reg[59],SDFFR_X1,6
i_cache_subsystem_i_nbdcache_i_miss_handler_i_miss_axi_adapter_rdata_o_reg[60],SDFFR_X1,6
i_cache_subsystem_i_nbdcache_i_miss_handler_i_miss_axi_adapter_rdata_o_reg[61],SDFFR_X1,6
i_cache_subsystem_i_nbdcache_i_miss_handler_i_miss_axi_adapter_rdata_o_reg[62],SDFFR_X1,6
i_cache_subsystem_i_nbdcache_i_miss_handler_i_miss_axi_adapter_rdata_o_reg[63],SDFFR_X1,6
i_cache_subsystem_i_nbdcache_i_miss_handler_i_miss_axi_adapter_state_q_reg[0],DFFR_X1,5
i_cache_subsystem_i_nbdcache_i_miss_handler_i_miss_axi_adapter_state_q_reg[1],DFFR_X1,5
i_cache_subsystem_i_nbdcache_i_miss_handler_i_miss_axi_adapter_state_q_reg[2],DFFR_X1,5
i_cache_subsystem_i_nbdcache_i_miss_handler_i_miss_axi_adapter_state_q_reg[3],DFFR_X1,5
i_cache_subsystem_i_nbdcache_i_miss_handler_mshr_q_addr__0__reg,DFFR_X1,5
i_cache_subsystem_i_nbdcache_i_miss_handler_mshr_q_addr__1__reg,DFFR_X1,5
i_cache_subsystem_i_nbdcache_i_miss_handler_mshr_q_addr__2__reg,DFFR_X1,5
i_cache_subsystem_i_nbdcache_i_miss_handler_mshr_q_addr__4__reg,DFFR_X1,5
i_cache_subsystem_i_nbdcache_i_miss_handler_mshr_q_addr__5__reg,DFFR_X1,5
i_cache_subsystem_i_nbdcache_i_miss_handler_mshr_q_addr__6__reg,DFFR_X1,5
i_cache_subsystem_i_nbdcache_i_miss_handler_mshr_q_addr__7__reg,DFFR_X1,5
i_cache_subsystem_i_nbdcache_i_miss_handler_mshr_q_addr__8__reg,DFFR_X1,5
i_cache_subsystem_i_nbdcache_i_miss_handler_mshr_q_addr__9__reg,DFFR_X1,5
i_cache_subsystem_i_nbdcache_i_miss_handler_mshr_q_addr__10__reg,DFFR_X1,5
i_cache_subsystem_i_nbdcache_i_miss_handler_mshr_q_addr__11__reg,DFFR_X1,5
i_cache_subsystem_i_nbdcache_i_miss_handler_mshr_q_addr__12__reg,DFFR_X1,5
i_cache_subsystem_i_nbdcache_i_miss_handler_mshr_q_addr__13__reg,DFFR_X1,5
i_cache_subsystem_i_nbdcache_i_miss_handler_mshr_q_addr__14__reg,DFFR_X1,5
i_cache_subsystem_i_nbdcache_i_miss_handler_mshr_q_addr__15__reg,DFFR_X1,5
i_cache_subsystem_i_nbdcache_i_miss_handler_mshr_q_addr__16__reg,DFFR_X1,5
i_cache_subsystem_i_nbdcache_i_miss_handler_mshr_q_addr__17__reg,DFFR_X1,5
i_cache_subsystem_i_nbdcache_i_miss_handler_mshr_q_addr__18__reg,DFFR_X1,5
i_cache_subsystem_i_nbdcache_i_miss_handler_mshr_q_addr__19__reg,DFFR_X1,5
i_cache_subsystem_i_nbdcache_i_miss_handler_mshr_q_addr__20__reg,DFFR_X1,5
i_cache_subsystem_i_nbdcache_i_miss_handler_mshr_q_addr__21__reg,DFFR_X1,5
i_cache_subsystem_i_nbdcache_i_miss_handler_mshr_q_addr__22__reg,DFFR_X1,5
i_cache_subsystem_i_nbdcache_i_miss_handler_mshr_q_addr__23__reg,DFFR_X1,5
i_cache_subsystem_i_nbdcache_i_miss_handler_mshr_q_addr__24__reg,DFFR_X1,5
i_cache_subsystem_i_nbdcache_i_miss_handler_mshr_q_addr__25__reg,DFFR_X1,5
i_cache_subsystem_i_nbdcache_i_miss_handler_mshr_q_addr__26__reg,DFFR_X1,5
i_cache_subsystem_i_nbdcache_i_miss_handler_mshr_q_addr__27__reg,DFFR_X1,5
i_cache_subsystem_i_nbdcache_i_miss_handler_mshr_q_addr__28__reg,DFFR_X1,5
i_cache_subsystem_i_nbdcache_i_miss_handler_mshr_q_addr__29__reg,DFFR_X1,5
i_cache_subsystem_i_nbdcache_i_miss_handler_mshr_q_addr__30__reg,DFFR_X1,5
i_cache_subsystem_i_nbdcache_i_miss_handler_mshr_q_addr__31__reg,DFFR_X1,5
i_cache_subsystem_i_nbdcache_i_miss_handler_mshr_q_addr__32__reg,DFFR_X1,5
i_cache_subsystem_i_nbdcache_i_miss_handler_mshr_q_addr__33__reg,DFFR_X1,5
i_cache_subsystem_i_nbdcache_i_miss_handler_mshr_q_addr__34__reg,DFFR_X1,5
i_cache_subsystem_i_nbdcache_i_miss_handler_mshr_q_addr__35__reg,DFFR_X1,5
i_cache_subsystem_i_nbdcache_i_miss_handler_mshr_q_addr__36__reg,DFFR_X1,5
i_cache_subsystem_i_nbdcache_i_miss_handler_mshr_q_addr__37__reg,DFFR_X1,5
i_cache_subsystem_i_nbdcache_i_miss_handler_mshr_q_addr__38__reg,DFFR_X1,5
i_cache_subsystem_i_nbdcache_i_miss_handler_mshr_q_addr__39__reg,DFFR_X1,5
i_cache_subsystem_i_nbdcache_i_miss_handler_mshr_q_addr__40__reg,DFFR_X1,5
i_cache_subsystem_i_nbdcache_i_miss_handler_mshr_q_addr__41__reg,DFFR_X1,5
i_cache_subsystem_i_nbdcache_i_miss_handler_mshr_q_addr__42__reg,DFFR_X1,5
i_cache_subsystem_i_nbdcache_i_miss_handler_mshr_q_addr__43__reg,DFFR_X1,5
i_cache_subsystem_i_nbdcache_i_miss_handler_mshr_q_addr__44__reg,DFFR_X1,5
i_cache_subsystem_i_nbdcache_i_miss_handler_mshr_q_addr__45__reg,DFFR_X1,5
i_cache_subsystem_i_nbdcache_i_miss_handler_mshr_q_addr__46__reg,DFFR_X1,5
i_cache_subsystem_i_nbdcache_i_miss_handler_mshr_q_addr__47__reg,DFFR_X1,5
i_cache_subsystem_i_nbdcache_i_miss_handler_mshr_q_addr__48__reg,DFFR_X1,5
i_cache_subsystem_i_nbdcache_i_miss_handler_mshr_q_addr__49__reg,DFFR_X1,5
i_cache_subsystem_i_nbdcache_i_miss_handler_mshr_q_addr__50__reg,DFFR_X1,5
i_cache_subsystem_i_nbdcache_i_miss_handler_mshr_q_addr__51__reg,DFFR_X1,5
i_cache_subsystem_i_nbdcache_i_miss_handler_mshr_q_addr__52__reg,DFFR_X1,5
i_cache_subsystem_i_nbdcache_i_miss_handler_mshr_q_addr__53__reg,DFFR_X1,5
i_cache_subsystem_i_nbdcache_i_miss_handler_mshr_q_addr__54__reg,DFFR_X1,5
i_cache_subsystem_i_nbdcache_i_miss_handler_mshr_q_addr__55__reg,DFFR_X1,5
i_cache_subsystem_i_nbdcache_i_miss_handler_mshr_q_id__0__reg,DFFR_X1,5
i_cache_subsystem_i_nbdcache_i_miss_handler_mshr_q_id__1__reg,DFFR_X1,5
i_cache_subsystem_i_nbdcache_i_miss_handler_mshr_q_valid__reg,DFFR_X1,5
i_cache_subsystem_i_nbdcache_i_miss_handler_mshr_q_wdata__0__0__reg,DFFR_X1,5
i_cache_subsystem_i_nbdcache_i_miss_handler_mshr_q_wdata__0__1__reg,DFFR_X1,5
i_cache_subsystem_i_nbdcache_i_miss_handler_mshr_q_wdata__0__2__reg,DFFR_X1,5
i_cache_subsystem_i_nbdcache_i_miss_handler_mshr_q_wdata__0__3__reg,DFFR_X1,5
i_cache_subsystem_i_nbdcache_i_miss_handler_mshr_q_wdata__0__4__reg,DFFR_X1,5
i_cache_subsystem_i_nbdcache_i_miss_handler_mshr_q_wdata__0__5__reg,DFFR_X1,5
i_cache_subsystem_i_nbdcache_i_miss_handler_mshr_q_wdata__0__6__reg,DFFR_X1,5
i_cache_subsystem_i_nbdcache_i_miss_handler_mshr_q_wdata__0__7__reg,DFFR_X1,5
i_cache_subsystem_i_nbdcache_i_miss_handler_mshr_q_wdata__1__0__reg,DFFR_X1,5
i_cache_subsystem_i_nbdcache_i_miss_handler_mshr_q_wdata__1__1__reg,DFFR_X1,5
i_cache_subsystem_i_nbdcache_i_miss_handler_mshr_q_wdata__1__2__reg,DFFR_X1,5
i_cache_subsystem_i_nbdcache_i_miss_handler_mshr_q_wdata__1__3__reg,DFFR_X1,5
i_cache_subsystem_i_nbdcache_i_miss_handler_mshr_q_wdata__1__4__reg,DFFR_X1,5
i_cache_subsystem_i_nbdcache_i_miss_handler_mshr_q_wdata__1__5__reg,DFFR_X1,5
i_cache_subsystem_i_nbdcache_i_miss_handler_mshr_q_wdata__1__6__reg,DFFR_X1,5
i_cache_subsystem_i_nbdcache_i_miss_handler_mshr_q_wdata__1__7__reg,DFFR_X1,5
i_cache_subsystem_i_nbdcache_i_miss_handler_mshr_q_wdata__2__0__reg,DFFR_X1,5
i_cache_subsystem_i_nbdcache_i_miss_handler_mshr_q_wdata__2__1__reg,DFFR_X1,5
i_cache_subsystem_i_nbdcache_i_miss_handler_mshr_q_wdata__2__2__reg,DFFR_X1,5
i_cache_subsystem_i_nbdcache_i_miss_handler_mshr_q_wdata__2__3__reg,DFFR_X1,5
i_cache_subsystem_i_nbdcache_i_miss_handler_mshr_q_wdata__2__4__reg,DFFR_X1,5
i_cache_subsystem_i_nbdcache_i_miss_handler_mshr_q_wdata__2__5__reg,DFFR_X1,5
i_cache_subsystem_i_nbdcache_i_miss_handler_mshr_q_wdata__2__6__reg,DFFR_X1,5
i_cache_subsystem_i_nbdcache_i_miss_handler_mshr_q_wdata__2__7__reg,DFFR_X1,5
i_cache_subsystem_i_nbdcache_i_miss_handler_mshr_q_wdata__3__0__reg,DFFR_X1,5
i_cache_subsystem_i_nbdcache_i_miss_handler_mshr_q_wdata__3__1__reg,DFFR_X1,5
i_cache_subsystem_i_nbdcache_i_miss_handler_mshr_q_wdata__3__2__reg,DFFR_X1,5
i_cache_subsystem_i_nbdcache_i_miss_handler_mshr_q_wdata__3__3__reg,DFFR_X1,5
i_cache_subsystem_i_nbdcache_i_miss_handler_mshr_q_wdata__3__4__reg,DFFR_X1,5
i_cache_subsystem_i_nbdcache_i_miss_handler_mshr_q_wdata__3__5__reg,DFFR_X1,5
i_cache_subsystem_i_nbdcache_i_miss_handler_mshr_q_wdata__3__6__reg,DFFR_X1,5
i_cache_subsystem_i_nbdcache_i_miss_handler_mshr_q_wdata__3__7__reg,DFFR_X1,5
i_cache_subsystem_i_nbdcache_i_miss_handler_mshr_q_wdata__4__0__reg,DFFR_X1,5
i_cache_subsystem_i_nbdcache_i_miss_handler_mshr_q_wdata__4__1__reg,DFFR_X1,5
i_cache_subsystem_i_nbdcache_i_miss_handler_mshr_q_wdata__4__2__reg,DFFR_X1,5
i_cache_subsystem_i_nbdcache_i_miss_handler_mshr_q_wdata__4__3__reg,DFFR_X1,5
i_cache_subsystem_i_nbdcache_i_miss_handler_mshr_q_wdata__4__4__reg,DFFR_X1,5
i_cache_subsystem_i_nbdcache_i_miss_handler_mshr_q_wdata__4__5__reg,DFFR_X1,5
i_cache_subsystem_i_nbdcache_i_miss_handler_mshr_q_wdata__4__6__reg,DFFR_X1,5
i_cache_subsystem_i_nbdcache_i_miss_handler_mshr_q_wdata__4__7__reg,DFFR_X1,5
i_cache_subsystem_i_nbdcache_i_miss_handler_mshr_q_wdata__5__0__reg,DFFR_X1,5
i_cache_subsystem_i_nbdcache_i_miss_handler_mshr_q_wdata__5__1__reg,DFFR_X1,5
i_cache_subsystem_i_nbdcache_i_miss_handler_mshr_q_wdata__5__2__reg,DFFR_X1,5
i_cache_subsystem_i_nbdcache_i_miss_handler_mshr_q_wdata__5__3__reg,DFFR_X1,5
i_cache_subsystem_i_nbdcache_i_miss_handler_mshr_q_wdata__5__4__reg,DFFR_X1,5
i_cache_subsystem_i_nbdcache_i_miss_handler_mshr_q_wdata__5__5__reg,DFFR_X1,5
i_cache_subsystem_i_nbdcache_i_miss_handler_mshr_q_wdata__5__6__reg,DFFR_X1,5
i_cache_subsystem_i_nbdcache_i_miss_handler_mshr_q_wdata__5__7__reg,DFFR_X1,5
i_cache_subsystem_i_nbdcache_i_miss_handler_mshr_q_wdata__6__0__reg,DFFR_X1,5
i_cache_subsystem_i_nbdcache_i_miss_handler_mshr_q_wdata__6__1__reg,DFFR_X1,5
i_cache_subsystem_i_nbdcache_i_miss_handler_mshr_q_wdata__6__2__reg,DFFR_X1,5
i_cache_subsystem_i_nbdcache_i_miss_handler_mshr_q_wdata__6__3__reg,DFFR_X1,5
i_cache_subsystem_i_nbdcache_i_miss_handler_mshr_q_wdata__6__4__reg,DFFR_X1,5
i_cache_subsystem_i_nbdcache_i_miss_handler_mshr_q_wdata__6__5__reg,DFFR_X1,5
i_cache_subsystem_i_nbdcache_i_miss_handler_mshr_q_wdata__6__6__reg,DFFR_X1,5
i_cache_subsystem_i_nbdcache_i_miss_handler_mshr_q_wdata__6__7__reg,DFFR_X1,5
i_cache_subsystem_i_nbdcache_i_miss_handler_mshr_q_wdata__7__0__reg,DFFR_X1,5
i_cache_subsystem_i_nbdcache_i_miss_handler_mshr_q_wdata__7__1__reg,DFFR_X1,5
i_cache_subsystem_i_nbdcache_i_miss_handler_mshr_q_wdata__7__2__reg,DFFR_X1,5
i_cache_subsystem_i_nbdcache_i_miss_handler_mshr_q_wdata__7__3__reg,DFFR_X1,5
i_cache_subsystem_i_nbdcache_i_miss_handler_mshr_q_wdata__7__4__reg,DFFR_X1,5
i_cache_subsystem_i_nbdcache_i_miss_handler_mshr_q_wdata__7__5__reg,DFFR_X1,5
i_cache_subsystem_i_nbdcache_i_miss_handler_mshr_q_wdata__7__6__reg,DFFR_X1,5
i_cache_subsystem_i_nbdcache_i_miss_handler_mshr_q_wdata__7__7__reg,DFFR_X1,5
i_cache_subsystem_i_nbdcache_i_miss_handler_reservation_q_reg[0],DFFR_X1,5
i_cache_subsystem_i_nbdcache_i_miss_handler_reservation_q_reg[1],DFFR_X1,5
i_cache_subsystem_i_nbdcache_i_miss_handler_reservation_q_reg[2],DFFR_X1,5
i_cache_subsystem_i_nbdcache_i_miss_handler_reservation_q_reg[3],DFFR_X1,5
i_cache_subsystem_i_nbdcache_i_miss_handler_reservation_q_reg[4],DFFR_X1,5
i_cache_subsystem_i_nbdcache_i_miss_handler_reservation_q_reg[5],DFFR_X1,5
i_cache_subsystem_i_nbdcache_i_miss_handler_reservation_q_reg[6],DFFR_X1,5
i_cache_subsystem_i_nbdcache_i_miss_handler_reservation_q_reg[7],DFFR_X1,5
i_cache_subsystem_i_nbdcache_i_miss_handler_reservation_q_reg[8],DFFR_X1,5
i_cache_subsystem_i_nbdcache_i_miss_handler_reservation_q_reg[9],DFFR_X1,5
i_cache_subsystem_i_nbdcache_i_miss_handler_reservation_q_reg[10],DFFR_X1,5
i_cache_subsystem_i_nbdcache_i_miss_handler_reservation_q_reg[11],DFFR_X1,5
i_cache_subsystem_i_nbdcache_i_miss_handler_reservation_q_reg[12],DFFR_X1,5
i_cache_subsystem_i_nbdcache_i_miss_handler_reservation_q_reg[13],DFFR_X1,5
i_cache_subsystem_i_nbdcache_i_miss_handler_reservation_q_reg[14],DFFR_X1,5
i_cache_subsystem_i_nbdcache_i_miss_handler_reservation_q_reg[15],DFFR_X1,5
i_cache_subsystem_i_nbdcache_i_miss_handler_reservation_q_reg[16],DFFR_X1,5
i_cache_subsystem_i_nbdcache_i_miss_handler_reservation_q_reg[17],DFFR_X1,5
i_cache_subsystem_i_nbdcache_i_miss_handler_reservation_q_reg[18],DFFR_X1,5
i_cache_subsystem_i_nbdcache_i_miss_handler_reservation_q_reg[19],DFFR_X1,5
i_cache_subsystem_i_nbdcache_i_miss_handler_reservation_q_reg[20],DFFR_X1,5
i_cache_subsystem_i_nbdcache_i_miss_handler_reservation_q_reg[21],DFFR_X1,5
i_cache_subsystem_i_nbdcache_i_miss_handler_reservation_q_reg[22],DFFR_X1,5
i_cache_subsystem_i_nbdcache_i_miss_handler_reservation_q_reg[23],DFFR_X1,5
i_cache_subsystem_i_nbdcache_i_miss_handler_reservation_q_reg[24],DFFR_X1,5
i_cache_subsystem_i_nbdcache_i_miss_handler_reservation_q_reg[25],DFFR_X1,5
i_cache_subsystem_i_nbdcache_i_miss_handler_reservation_q_reg[26],DFFR_X1,5
i_cache_subsystem_i_nbdcache_i_miss_handler_reservation_q_reg[27],DFFR_X1,5
i_cache_subsystem_i_nbdcache_i_miss_handler_reservation_q_reg[28],DFFR_X1,5
i_cache_subsystem_i_nbdcache_i_miss_handler_reservation_q_reg[29],DFFR_X1,5
i_cache_subsystem_i_nbdcache_i_miss_handler_reservation_q_reg[30],DFFR_X1,5
i_cache_subsystem_i_nbdcache_i_miss_handler_reservation_q_reg[31],DFFR_X1,5
i_cache_subsystem_i_nbdcache_i_miss_handler_reservation_q_reg[32],DFFR_X1,5
i_cache_subsystem_i_nbdcache_i_miss_handler_reservation_q_reg[33],DFFR_X1,5
i_cache_subsystem_i_nbdcache_i_miss_handler_reservation_q_reg[34],DFFR_X1,5
i_cache_subsystem_i_nbdcache_i_miss_handler_reservation_q_reg[35],DFFR_X1,5
i_cache_subsystem_i_nbdcache_i_miss_handler_reservation_q_reg[36],DFFR_X1,5
i_cache_subsystem_i_nbdcache_i_miss_handler_reservation_q_reg[37],DFFR_X1,5
i_cache_subsystem_i_nbdcache_i_miss_handler_reservation_q_reg[38],DFFR_X1,5
i_cache_subsystem_i_nbdcache_i_miss_handler_reservation_q_reg[39],DFFR_X1,5
i_cache_subsystem_i_nbdcache_i_miss_handler_reservation_q_reg[40],DFFR_X1,5
i_cache_subsystem_i_nbdcache_i_miss_handler_reservation_q_reg[41],DFFR_X1,5
i_cache_subsystem_i_nbdcache_i_miss_handler_reservation_q_reg[42],DFFR_X1,5
i_cache_subsystem_i_nbdcache_i_miss_handler_reservation_q_reg[43],DFFR_X1,5
i_cache_subsystem_i_nbdcache_i_miss_handler_reservation_q_reg[44],DFFR_X1,5
i_cache_subsystem_i_nbdcache_i_miss_handler_reservation_q_reg[45],DFFR_X1,5
i_cache_subsystem_i_nbdcache_i_miss_handler_reservation_q_reg[46],DFFR_X1,5
i_cache_subsystem_i_nbdcache_i_miss_handler_reservation_q_reg[47],DFFR_X1,5
i_cache_subsystem_i_nbdcache_i_miss_handler_reservation_q_reg[48],DFFR_X1,5
i_cache_subsystem_i_nbdcache_i_miss_handler_reservation_q_reg[49],DFFR_X1,5
i_cache_subsystem_i_nbdcache_i_miss_handler_reservation_q_reg[50],DFFR_X1,5
i_cache_subsystem_i_nbdcache_i_miss_handler_reservation_q_reg[51],DFFR_X1,5
i_cache_subsystem_i_nbdcache_i_miss_handler_reservation_q_reg[52],DFFR_X1,5
i_cache_subsystem_i_nbdcache_i_miss_handler_reservation_q_reg[53],DFFR_X1,5
i_cache_subsystem_i_nbdcache_i_miss_handler_reservation_q_reg[54],DFFR_X1,5
i_cache_subsystem_i_nbdcache_i_miss_handler_reservation_q_reg[55],DFFR_X1,5
i_cache_subsystem_i_nbdcache_i_miss_handler_reservation_q_reg[56],DFFR_X1,5
i_cache_subsystem_i_nbdcache_i_miss_handler_reservation_q_reg[57],DFFR_X1,5
i_cache_subsystem_i_nbdcache_i_miss_handler_reservation_q_reg[58],DFFR_X1,5
i_cache_subsystem_i_nbdcache_i_miss_handler_reservation_q_reg[59],DFFR_X1,5
i_cache_subsystem_i_nbdcache_i_miss_handler_reservation_q_reg[60],DFFR_X1,5
i_cache_subsystem_i_nbdcache_i_miss_handler_reservation_q_reg[61],DFFR_X1,5
i_cache_subsystem_i_nbdcache_i_miss_handler_serve_amo_q_reg,DFFR_X1,5
i_cache_subsystem_i_nbdcache_i_miss_handler_state_q_reg[0],DFFS_X1,5
i_cache_subsystem_i_nbdcache_i_miss_handler_state_q_reg[1],DFFS_X1,5
i_cache_subsystem_i_nbdcache_i_miss_handler_state_q_reg[2],DFFR_X1,5
i_cache_subsystem_i_nbdcache_i_miss_handler_state_q_reg[3],DFFS_X1,5
i_cache_subsystem_i_nbdcache_master_ports_0__i_cache_ctrl_N1558_reg,SDFFR_X1,6
i_cache_subsystem_i_nbdcache_master_ports_0__i_cache_ctrl_mem_req_q_be__0__reg,DFFR_X1,5
i_cache_subsystem_i_nbdcache_master_ports_0__i_cache_ctrl_mem_req_q_be__1__reg,DFFR_X1,5
i_cache_subsystem_i_nbdcache_master_ports_0__i_cache_ctrl_mem_req_q_be__2__reg,DFFR_X1,5
i_cache_subsystem_i_nbdcache_master_ports_0__i_cache_ctrl_mem_req_q_be__3__reg,DFFR_X1,5
i_cache_subsystem_i_nbdcache_master_ports_0__i_cache_ctrl_mem_req_q_be__4__reg,DFFR_X1,5
i_cache_subsystem_i_nbdcache_master_ports_0__i_cache_ctrl_mem_req_q_be__5__reg,DFFR_X1,5
i_cache_subsystem_i_nbdcache_master_ports_0__i_cache_ctrl_mem_req_q_be__6__reg,DFFR_X1,5
i_cache_subsystem_i_nbdcache_master_ports_0__i_cache_ctrl_mem_req_q_be__7__reg,DFFR_X1,5
i_cache_subsystem_i_nbdcache_master_ports_0__i_cache_ctrl_mem_req_q_bypass__reg,DFFR_X1,5
i_cache_subsystem_i_nbdcache_master_ports_0__i_cache_ctrl_mem_req_q_index__4__reg,SDFFR_X1,6
i_cache_subsystem_i_nbdcache_master_ports_0__i_cache_ctrl_mem_req_q_index__5__reg,SDFFR_X1,6
i_cache_subsystem_i_nbdcache_master_ports_0__i_cache_ctrl_mem_req_q_index__6__reg,SDFFR_X1,6
i_cache_subsystem_i_nbdcache_master_ports_0__i_cache_ctrl_mem_req_q_index__7__reg,SDFFR_X1,6
i_cache_subsystem_i_nbdcache_master_ports_0__i_cache_ctrl_mem_req_q_index__8__reg,SDFFR_X1,6
i_cache_subsystem_i_nbdcache_master_ports_0__i_cache_ctrl_mem_req_q_index__9__reg,SDFFR_X1,6
i_cache_subsystem_i_nbdcache_master_ports_0__i_cache_ctrl_mem_req_q_index__10__reg,SDFFR_X1,6
i_cache_subsystem_i_nbdcache_master_ports_0__i_cache_ctrl_mem_req_q_index__11__reg,SDFFR_X1,6
i_cache_subsystem_i_nbdcache_master_ports_0__i_cache_ctrl_mem_req_q_size__0__reg,DFFR_X1,5
i_cache_subsystem_i_nbdcache_master_ports_0__i_cache_ctrl_mem_req_q_size__1__reg,DFFR_X1,5
i_cache_subsystem_i_nbdcache_master_ports_0__i_cache_ctrl_mem_req_q_tag__0__reg,SDFFR_X1,6
i_cache_subsystem_i_nbdcache_master_ports_0__i_cache_ctrl_mem_req_q_tag__1__reg,SDFFR_X1,6
i_cache_subsystem_i_nbdcache_master_ports_0__i_cache_ctrl_mem_req_q_tag__2__reg,SDFFR_X1,6
i_cache_subsystem_i_nbdcache_master_ports_0__i_cache_ctrl_mem_req_q_tag__3__reg,SDFFR_X1,6
i_cache_subsystem_i_nbdcache_master_ports_0__i_cache_ctrl_mem_req_q_tag__4__reg,SDFFR_X1,6
i_cache_subsystem_i_nbdcache_master_ports_0__i_cache_ctrl_mem_req_q_tag__5__reg,SDFFR_X1,6
i_cache_subsystem_i_nbdcache_master_ports_0__i_cache_ctrl_mem_req_q_tag__6__reg,SDFFR_X1,6
i_cache_subsystem_i_nbdcache_master_ports_0__i_cache_ctrl_mem_req_q_tag__7__reg,SDFFR_X1,6
i_cache_subsystem_i_nbdcache_master_ports_0__i_cache_ctrl_mem_req_q_tag__8__reg,SDFFR_X1,6
i_cache_subsystem_i_nbdcache_master_ports_0__i_cache_ctrl_mem_req_q_tag__9__reg,SDFFR_X1,6
i_cache_subsystem_i_nbdcache_master_ports_0__i_cache_ctrl_mem_req_q_tag__10__reg,SDFFR_X1,6
i_cache_subsystem_i_nbdcache_master_ports_0__i_cache_ctrl_mem_req_q_tag__11__reg,SDFFR_X1,6
i_cache_subsystem_i_nbdcache_master_ports_0__i_cache_ctrl_mem_req_q_tag__12__reg,SDFFR_X1,6
i_cache_subsystem_i_nbdcache_master_ports_0__i_cache_ctrl_mem_req_q_tag__13__reg,SDFFR_X1,6
i_cache_subsystem_i_nbdcache_master_ports_0__i_cache_ctrl_mem_req_q_tag__14__reg,SDFFR_X1,6
i_cache_subsystem_i_nbdcache_master_ports_0__i_cache_ctrl_mem_req_q_tag__15__reg,SDFFR_X1,6
i_cache_subsystem_i_nbdcache_master_ports_0__i_cache_ctrl_mem_req_q_tag__16__reg,SDFFR_X1,6
i_cache_subsystem_i_nbdcache_master_ports_0__i_cache_ctrl_mem_req_q_tag__17__reg,SDFFR_X1,6
i_cache_subsystem_i_nbdcache_master_ports_0__i_cache_ctrl_mem_req_q_tag__18__reg,SDFFR_X1,6
i_cache_subsystem_i_nbdcache_master_ports_0__i_cache_ctrl_mem_req_q_tag__19__reg,SDFFR_X1,6
i_cache_subsystem_i_nbdcache_master_ports_0__i_cache_ctrl_mem_req_q_tag__20__reg,SDFFR_X1,6
i_cache_subsystem_i_nbdcache_master_ports_0__i_cache_ctrl_mem_req_q_tag__21__reg,SDFFR_X1,6
i_cache_subsystem_i_nbdcache_master_ports_0__i_cache_ctrl_mem_req_q_tag__22__reg,SDFFR_X1,6
i_cache_subsystem_i_nbdcache_master_ports_0__i_cache_ctrl_mem_req_q_tag__23__reg,SDFFR_X1,6
i_cache_subsystem_i_nbdcache_master_ports_0__i_cache_ctrl_mem_req_q_tag__24__reg,SDFFR_X1,6
i_cache_subsystem_i_nbdcache_master_ports_0__i_cache_ctrl_mem_req_q_tag__25__reg,SDFFR_X1,6
i_cache_subsystem_i_nbdcache_master_ports_0__i_cache_ctrl_mem_req_q_tag__26__reg,SDFFR_X1,6
i_cache_subsystem_i_nbdcache_master_ports_0__i_cache_ctrl_mem_req_q_tag__27__reg,SDFFR_X1,6
i_cache_subsystem_i_nbdcache_master_ports_0__i_cache_ctrl_mem_req_q_tag__28__reg,SDFFR_X1,6
i_cache_subsystem_i_nbdcache_master_ports_0__i_cache_ctrl_mem_req_q_tag__29__reg,SDFFR_X1,6
i_cache_subsystem_i_nbdcache_master_ports_0__i_cache_ctrl_mem_req_q_tag__30__reg,SDFFR_X1,6
i_cache_subsystem_i_nbdcache_master_ports_0__i_cache_ctrl_mem_req_q_tag__31__reg,SDFFR_X1,6
i_cache_subsystem_i_nbdcache_master_ports_0__i_cache_ctrl_mem_req_q_tag__32__reg,SDFFR_X1,6
i_cache_subsystem_i_nbdcache_master_ports_0__i_cache_ctrl_mem_req_q_tag__33__reg,SDFFR_X1,6
i_cache_subsystem_i_nbdcache_master_ports_0__i_cache_ctrl_mem_req_q_tag__34__reg,SDFFR_X1,6
i_cache_subsystem_i_nbdcache_master_ports_0__i_cache_ctrl_mem_req_q_tag__35__reg,SDFFR_X1,6
i_cache_subsystem_i_nbdcache_master_ports_0__i_cache_ctrl_mem_req_q_tag__36__reg,SDFFR_X1,6
i_cache_subsystem_i_nbdcache_master_ports_0__i_cache_ctrl_mem_req_q_tag__37__reg,SDFFR_X1,6
i_cache_subsystem_i_nbdcache_master_ports_0__i_cache_ctrl_mem_req_q_tag__38__reg,SDFFR_X1,6
i_cache_subsystem_i_nbdcache_master_ports_0__i_cache_ctrl_mem_req_q_tag__39__reg,SDFFR_X1,6
i_cache_subsystem_i_nbdcache_master_ports_0__i_cache_ctrl_mem_req_q_tag__40__reg,SDFFR_X1,6
i_cache_subsystem_i_nbdcache_master_ports_0__i_cache_ctrl_mem_req_q_tag__41__reg,SDFFR_X1,6
i_cache_subsystem_i_nbdcache_master_ports_0__i_cache_ctrl_mem_req_q_tag__42__reg,SDFFR_X1,6
i_cache_subsystem_i_nbdcache_master_ports_0__i_cache_ctrl_mem_req_q_tag__43__reg,SDFFR_X1,6
i_cache_subsystem_i_nbdcache_master_ports_0__i_cache_ctrl_state_q_reg[0],DFFR_X1,5
i_cache_subsystem_i_nbdcache_master_ports_0__i_cache_ctrl_state_q_reg[1],DFFR_X1,5
i_cache_subsystem_i_nbdcache_master_ports_0__i_cache_ctrl_state_q_reg[2],DFFR_X1,5
i_cache_subsystem_i_nbdcache_master_ports_0__i_cache_ctrl_state_q_reg[3],DFFR_X1,5
i_cache_subsystem_i_nbdcache_master_ports_1__i_cache_ctrl_N1558_reg,SDFFR_X1,6
i_cache_subsystem_i_nbdcache_master_ports_1__i_cache_ctrl_mem_req_q_be__0__reg,SDFFR_X1,6
i_cache_subsystem_i_nbdcache_master_ports_1__i_cache_ctrl_mem_req_q_be__1__reg,SDFFR_X1,6
i_cache_subsystem_i_nbdcache_master_ports_1__i_cache_ctrl_mem_req_q_be__2__reg,SDFFR_X1,6
i_cache_subsystem_i_nbdcache_master_ports_1__i_cache_ctrl_mem_req_q_be__3__reg,SDFFR_X1,6
i_cache_subsystem_i_nbdcache_master_ports_1__i_cache_ctrl_mem_req_q_be__4__reg,SDFFR_X1,6
i_cache_subsystem_i_nbdcache_master_ports_1__i_cache_ctrl_mem_req_q_be__5__reg,SDFFR_X1,6
i_cache_subsystem_i_nbdcache_master_ports_1__i_cache_ctrl_mem_req_q_be__6__reg,SDFFR_X1,6
i_cache_subsystem_i_nbdcache_master_ports_1__i_cache_ctrl_mem_req_q_be__7__reg,SDFFR_X1,6
i_cache_subsystem_i_nbdcache_master_ports_1__i_cache_ctrl_mem_req_q_bypass__reg,DFFR_X1,5
i_cache_subsystem_i_nbdcache_master_ports_1__i_cache_ctrl_mem_req_q_index__0__reg,SDFFR_X1,6
i_cache_subsystem_i_nbdcache_master_ports_1__i_cache_ctrl_mem_req_q_index__1__reg,SDFFR_X1,6
i_cache_subsystem_i_nbdcache_master_ports_1__i_cache_ctrl_mem_req_q_index__2__reg,SDFFR_X1,6
i_cache_subsystem_i_nbdcache_master_ports_1__i_cache_ctrl_mem_req_q_index__4__reg,SDFFR_X1,6
i_cache_subsystem_i_nbdcache_master_ports_1__i_cache_ctrl_mem_req_q_index__5__reg,SDFFR_X1,6
i_cache_subsystem_i_nbdcache_master_ports_1__i_cache_ctrl_mem_req_q_index__6__reg,SDFFR_X1,6
i_cache_subsystem_i_nbdcache_master_ports_1__i_cache_ctrl_mem_req_q_index__7__reg,SDFFR_X1,6
i_cache_subsystem_i_nbdcache_master_ports_1__i_cache_ctrl_mem_req_q_index__8__reg,SDFFR_X1,6
i_cache_subsystem_i_nbdcache_master_ports_1__i_cache_ctrl_mem_req_q_index__9__reg,SDFFR_X1,6
i_cache_subsystem_i_nbdcache_master_ports_1__i_cache_ctrl_mem_req_q_index__10__reg,SDFFR_X1,6
i_cache_subsystem_i_nbdcache_master_ports_1__i_cache_ctrl_mem_req_q_index__11__reg,SDFFR_X1,6
i_cache_subsystem_i_nbdcache_master_ports_1__i_cache_ctrl_mem_req_q_size__0__reg,SDFFR_X1,6
i_cache_subsystem_i_nbdcache_master_ports_1__i_cache_ctrl_mem_req_q_size__1__reg,SDFFR_X1,6
i_cache_subsystem_i_nbdcache_master_ports_1__i_cache_ctrl_mem_req_q_tag__0__reg,SDFFR_X1,6
i_cache_subsystem_i_nbdcache_master_ports_1__i_cache_ctrl_mem_req_q_tag__1__reg,SDFFR_X1,6
i_cache_subsystem_i_nbdcache_master_ports_1__i_cache_ctrl_mem_req_q_tag__2__reg,SDFFR_X1,6
i_cache_subsystem_i_nbdcache_master_ports_1__i_cache_ctrl_mem_req_q_tag__3__reg,SDFFR_X1,6
i_cache_subsystem_i_nbdcache_master_ports_1__i_cache_ctrl_mem_req_q_tag__4__reg,SDFFR_X1,6
i_cache_subsystem_i_nbdcache_master_ports_1__i_cache_ctrl_mem_req_q_tag__5__reg,SDFFR_X1,6
i_cache_subsystem_i_nbdcache_master_ports_1__i_cache_ctrl_mem_req_q_tag__6__reg,SDFFR_X1,6
i_cache_subsystem_i_nbdcache_master_ports_1__i_cache_ctrl_mem_req_q_tag__7__reg,SDFFR_X1,6
i_cache_subsystem_i_nbdcache_master_ports_1__i_cache_ctrl_mem_req_q_tag__8__reg,SDFFR_X1,6
i_cache_subsystem_i_nbdcache_master_ports_1__i_cache_ctrl_mem_req_q_tag__9__reg,SDFFR_X1,6
i_cache_subsystem_i_nbdcache_master_ports_1__i_cache_ctrl_mem_req_q_tag__10__reg,SDFFR_X1,6
i_cache_subsystem_i_nbdcache_master_ports_1__i_cache_ctrl_mem_req_q_tag__11__reg,SDFFR_X1,6
i_cache_subsystem_i_nbdcache_master_ports_1__i_cache_ctrl_mem_req_q_tag__12__reg,SDFFR_X1,6
i_cache_subsystem_i_nbdcache_master_ports_1__i_cache_ctrl_mem_req_q_tag__13__reg,SDFFR_X1,6
i_cache_subsystem_i_nbdcache_master_ports_1__i_cache_ctrl_mem_req_q_tag__14__reg,SDFFR_X1,6
i_cache_subsystem_i_nbdcache_master_ports_1__i_cache_ctrl_mem_req_q_tag__15__reg,SDFFR_X1,6
i_cache_subsystem_i_nbdcache_master_ports_1__i_cache_ctrl_mem_req_q_tag__16__reg,SDFFR_X1,6
i_cache_subsystem_i_nbdcache_master_ports_1__i_cache_ctrl_mem_req_q_tag__17__reg,SDFFR_X1,6
i_cache_subsystem_i_nbdcache_master_ports_1__i_cache_ctrl_mem_req_q_tag__18__reg,SDFFR_X1,6
i_cache_subsystem_i_nbdcache_master_ports_1__i_cache_ctrl_mem_req_q_tag__19__reg,SDFFR_X1,6
i_cache_subsystem_i_nbdcache_master_ports_1__i_cache_ctrl_mem_req_q_tag__20__reg,SDFFR_X1,6
i_cache_subsystem_i_nbdcache_master_ports_1__i_cache_ctrl_mem_req_q_tag__21__reg,SDFFR_X1,6
i_cache_subsystem_i_nbdcache_master_ports_1__i_cache_ctrl_mem_req_q_tag__22__reg,SDFFR_X1,6
i_cache_subsystem_i_nbdcache_master_ports_1__i_cache_ctrl_mem_req_q_tag__23__reg,SDFFR_X1,6
i_cache_subsystem_i_nbdcache_master_ports_1__i_cache_ctrl_mem_req_q_tag__24__reg,SDFFR_X1,6
i_cache_subsystem_i_nbdcache_master_ports_1__i_cache_ctrl_mem_req_q_tag__25__reg,SDFFR_X1,6
i_cache_subsystem_i_nbdcache_master_ports_1__i_cache_ctrl_mem_req_q_tag__26__reg,SDFFR_X1,6
i_cache_subsystem_i_nbdcache_master_ports_1__i_cache_ctrl_mem_req_q_tag__27__reg,SDFFR_X1,6
i_cache_subsystem_i_nbdcache_master_ports_1__i_cache_ctrl_mem_req_q_tag__28__reg,SDFFR_X1,6
i_cache_subsystem_i_nbdcache_master_ports_1__i_cache_ctrl_mem_req_q_tag__29__reg,SDFFR_X1,6
i_cache_subsystem_i_nbdcache_master_ports_1__i_cache_ctrl_mem_req_q_tag__30__reg,SDFFR_X1,6
i_cache_subsystem_i_nbdcache_master_ports_1__i_cache_ctrl_mem_req_q_tag__31__reg,SDFFR_X1,6
i_cache_subsystem_i_nbdcache_master_ports_1__i_cache_ctrl_mem_req_q_tag__32__reg,SDFFR_X1,6
i_cache_subsystem_i_nbdcache_master_ports_1__i_cache_ctrl_mem_req_q_tag__33__reg,SDFFR_X1,6
i_cache_subsystem_i_nbdcache_master_ports_1__i_cache_ctrl_mem_req_q_tag__34__reg,SDFFR_X1,6
i_cache_subsystem_i_nbdcache_master_ports_1__i_cache_ctrl_mem_req_q_tag__35__reg,SDFFR_X1,6
i_cache_subsystem_i_nbdcache_master_ports_1__i_cache_ctrl_mem_req_q_tag__36__reg,SDFFR_X1,6
i_cache_subsystem_i_nbdcache_master_ports_1__i_cache_ctrl_mem_req_q_tag__37__reg,SDFFR_X1,6
i_cache_subsystem_i_nbdcache_master_ports_1__i_cache_ctrl_mem_req_q_tag__38__reg,SDFFR_X1,6
i_cache_subsystem_i_nbdcache_master_ports_1__i_cache_ctrl_mem_req_q_tag__39__reg,SDFFR_X1,6
i_cache_subsystem_i_nbdcache_master_ports_1__i_cache_ctrl_mem_req_q_tag__40__reg,SDFFR_X1,6
i_cache_subsystem_i_nbdcache_master_ports_1__i_cache_ctrl_mem_req_q_tag__41__reg,SDFFR_X1,6
i_cache_subsystem_i_nbdcache_master_ports_1__i_cache_ctrl_mem_req_q_tag__42__reg,SDFFR_X1,6
i_cache_subsystem_i_nbdcache_master_ports_1__i_cache_ctrl_mem_req_q_tag__43__reg,SDFFR_X1,6
i_cache_subsystem_i_nbdcache_master_ports_1__i_cache_ctrl_state_q_reg[0],DFFR_X1,5
i_cache_subsystem_i_nbdcache_master_ports_1__i_cache_ctrl_state_q_reg[1],DFFR_X1,5
i_cache_subsystem_i_nbdcache_master_ports_1__i_cache_ctrl_state_q_reg[2],DFFR_X1,5
i_cache_subsystem_i_nbdcache_master_ports_1__i_cache_ctrl_state_q_reg[3],DFFR_X1,5
i_cache_subsystem_i_nbdcache_master_ports_2__i_cache_ctrl_N1558_reg,SDFFR_X1,6
i_cache_subsystem_i_nbdcache_master_ports_2__i_cache_ctrl_mem_req_q_be__0__reg,SDFFR_X1,6
i_cache_subsystem_i_nbdcache_master_ports_2__i_cache_ctrl_mem_req_q_be__1__reg,SDFFR_X1,6
i_cache_subsystem_i_nbdcache_master_ports_2__i_cache_ctrl_mem_req_q_be__2__reg,SDFFR_X1,6
i_cache_subsystem_i_nbdcache_master_ports_2__i_cache_ctrl_mem_req_q_be__3__reg,SDFFR_X1,6
i_cache_subsystem_i_nbdcache_master_ports_2__i_cache_ctrl_mem_req_q_be__4__reg,SDFFR_X1,6
i_cache_subsystem_i_nbdcache_master_ports_2__i_cache_ctrl_mem_req_q_be__5__reg,SDFFR_X1,6
i_cache_subsystem_i_nbdcache_master_ports_2__i_cache_ctrl_mem_req_q_be__6__reg,SDFFR_X1,6
i_cache_subsystem_i_nbdcache_master_ports_2__i_cache_ctrl_mem_req_q_be__7__reg,SDFFR_X1,6
i_cache_subsystem_i_nbdcache_master_ports_2__i_cache_ctrl_mem_req_q_bypass__reg,DFFR_X1,5
i_cache_subsystem_i_nbdcache_master_ports_2__i_cache_ctrl_mem_req_q_index__0__reg,SDFFR_X1,6
i_cache_subsystem_i_nbdcache_master_ports_2__i_cache_ctrl_mem_req_q_index__1__reg,SDFFR_X1,6
i_cache_subsystem_i_nbdcache_master_ports_2__i_cache_ctrl_mem_req_q_index__2__reg,SDFFR_X1,6
i_cache_subsystem_i_nbdcache_master_ports_2__i_cache_ctrl_mem_req_q_index__4__reg,SDFFR_X1,6
i_cache_subsystem_i_nbdcache_master_ports_2__i_cache_ctrl_mem_req_q_index__5__reg,SDFFR_X1,6
i_cache_subsystem_i_nbdcache_master_ports_2__i_cache_ctrl_mem_req_q_index__6__reg,SDFFR_X1,6
i_cache_subsystem_i_nbdcache_master_ports_2__i_cache_ctrl_mem_req_q_index__7__reg,SDFFR_X1,6
i_cache_subsystem_i_nbdcache_master_ports_2__i_cache_ctrl_mem_req_q_index__8__reg,SDFFR_X1,6
i_cache_subsystem_i_nbdcache_master_ports_2__i_cache_ctrl_mem_req_q_index__9__reg,SDFFR_X1,6
i_cache_subsystem_i_nbdcache_master_ports_2__i_cache_ctrl_mem_req_q_index__10__reg,SDFFR_X1,6
i_cache_subsystem_i_nbdcache_master_ports_2__i_cache_ctrl_mem_req_q_index__11__reg,SDFFR_X1,6
i_cache_subsystem_i_nbdcache_master_ports_2__i_cache_ctrl_mem_req_q_size__0__reg,SDFFR_X1,6
i_cache_subsystem_i_nbdcache_master_ports_2__i_cache_ctrl_mem_req_q_size__1__reg,SDFFR_X1,6
i_cache_subsystem_i_nbdcache_master_ports_2__i_cache_ctrl_mem_req_q_tag__0__reg,SDFFR_X1,6
i_cache_subsystem_i_nbdcache_master_ports_2__i_cache_ctrl_mem_req_q_tag__1__reg,SDFFR_X1,6
i_cache_subsystem_i_nbdcache_master_ports_2__i_cache_ctrl_mem_req_q_tag__2__reg,SDFFR_X1,6
i_cache_subsystem_i_nbdcache_master_ports_2__i_cache_ctrl_mem_req_q_tag__3__reg,SDFFR_X1,6
i_cache_subsystem_i_nbdcache_master_ports_2__i_cache_ctrl_mem_req_q_tag__4__reg,SDFFR_X1,6
i_cache_subsystem_i_nbdcache_master_ports_2__i_cache_ctrl_mem_req_q_tag__5__reg,SDFFR_X1,6
i_cache_subsystem_i_nbdcache_master_ports_2__i_cache_ctrl_mem_req_q_tag__6__reg,SDFFR_X1,6
i_cache_subsystem_i_nbdcache_master_ports_2__i_cache_ctrl_mem_req_q_tag__7__reg,SDFFR_X1,6
i_cache_subsystem_i_nbdcache_master_ports_2__i_cache_ctrl_mem_req_q_tag__8__reg,SDFFR_X1,6
i_cache_subsystem_i_nbdcache_master_ports_2__i_cache_ctrl_mem_req_q_tag__9__reg,SDFFR_X1,6
i_cache_subsystem_i_nbdcache_master_ports_2__i_cache_ctrl_mem_req_q_tag__10__reg,SDFFR_X1,6
i_cache_subsystem_i_nbdcache_master_ports_2__i_cache_ctrl_mem_req_q_tag__11__reg,SDFFR_X1,6
i_cache_subsystem_i_nbdcache_master_ports_2__i_cache_ctrl_mem_req_q_tag__12__reg,SDFFR_X1,6
i_cache_subsystem_i_nbdcache_master_ports_2__i_cache_ctrl_mem_req_q_tag__13__reg,SDFFR_X1,6
i_cache_subsystem_i_nbdcache_master_ports_2__i_cache_ctrl_mem_req_q_tag__14__reg,SDFFR_X1,6
i_cache_subsystem_i_nbdcache_master_ports_2__i_cache_ctrl_mem_req_q_tag__15__reg,SDFFR_X1,6
i_cache_subsystem_i_nbdcache_master_ports_2__i_cache_ctrl_mem_req_q_tag__16__reg,SDFFR_X1,6
i_cache_subsystem_i_nbdcache_master_ports_2__i_cache_ctrl_mem_req_q_tag__17__reg,SDFFR_X1,6
i_cache_subsystem_i_nbdcache_master_ports_2__i_cache_ctrl_mem_req_q_tag__18__reg,SDFFR_X1,6
i_cache_subsystem_i_nbdcache_master_ports_2__i_cache_ctrl_mem_req_q_tag__19__reg,SDFFR_X1,6
i_cache_subsystem_i_nbdcache_master_ports_2__i_cache_ctrl_mem_req_q_tag__20__reg,SDFFR_X1,6
i_cache_subsystem_i_nbdcache_master_ports_2__i_cache_ctrl_mem_req_q_tag__21__reg,SDFFR_X1,6
i_cache_subsystem_i_nbdcache_master_ports_2__i_cache_ctrl_mem_req_q_tag__22__reg,SDFFR_X1,6
i_cache_subsystem_i_nbdcache_master_ports_2__i_cache_ctrl_mem_req_q_tag__23__reg,SDFFR_X1,6
i_cache_subsystem_i_nbdcache_master_ports_2__i_cache_ctrl_mem_req_q_tag__24__reg,SDFFR_X1,6
i_cache_subsystem_i_nbdcache_master_ports_2__i_cache_ctrl_mem_req_q_tag__25__reg,SDFFR_X1,6
i_cache_subsystem_i_nbdcache_master_ports_2__i_cache_ctrl_mem_req_q_tag__26__reg,SDFFR_X1,6
i_cache_subsystem_i_nbdcache_master_ports_2__i_cache_ctrl_mem_req_q_tag__27__reg,SDFFR_X1,6
i_cache_subsystem_i_nbdcache_master_ports_2__i_cache_ctrl_mem_req_q_tag__28__reg,SDFFR_X1,6
i_cache_subsystem_i_nbdcache_master_ports_2__i_cache_ctrl_mem_req_q_tag__29__reg,SDFFR_X1,6
i_cache_subsystem_i_nbdcache_master_ports_2__i_cache_ctrl_mem_req_q_tag__30__reg,SDFFR_X1,6
i_cache_subsystem_i_nbdcache_master_ports_2__i_cache_ctrl_mem_req_q_tag__31__reg,SDFFR_X1,6
i_cache_subsystem_i_nbdcache_master_ports_2__i_cache_ctrl_mem_req_q_tag__32__reg,SDFFR_X1,6
i_cache_subsystem_i_nbdcache_master_ports_2__i_cache_ctrl_mem_req_q_tag__33__reg,SDFFR_X1,6
i_cache_subsystem_i_nbdcache_master_ports_2__i_cache_ctrl_mem_req_q_tag__34__reg,SDFFR_X1,6
i_cache_subsystem_i_nbdcache_master_ports_2__i_cache_ctrl_mem_req_q_tag__35__reg,SDFFR_X1,6
i_cache_subsystem_i_nbdcache_master_ports_2__i_cache_ctrl_mem_req_q_tag__36__reg,SDFFR_X1,6
i_cache_subsystem_i_nbdcache_master_ports_2__i_cache_ctrl_mem_req_q_tag__37__reg,SDFFR_X1,6
i_cache_subsystem_i_nbdcache_master_ports_2__i_cache_ctrl_mem_req_q_tag__38__reg,SDFFR_X1,6
i_cache_subsystem_i_nbdcache_master_ports_2__i_cache_ctrl_mem_req_q_tag__39__reg,SDFFR_X1,6
i_cache_subsystem_i_nbdcache_master_ports_2__i_cache_ctrl_mem_req_q_tag__40__reg,SDFFR_X1,6
i_cache_subsystem_i_nbdcache_master_ports_2__i_cache_ctrl_mem_req_q_tag__41__reg,SDFFR_X1,6
i_cache_subsystem_i_nbdcache_master_ports_2__i_cache_ctrl_mem_req_q_tag__42__reg,SDFFR_X1,6
i_cache_subsystem_i_nbdcache_master_ports_2__i_cache_ctrl_mem_req_q_tag__43__reg,SDFFR_X1,6
i_cache_subsystem_i_nbdcache_master_ports_2__i_cache_ctrl_mem_req_q_wdata__0__reg,SDFFR_X1,6
i_cache_subsystem_i_nbdcache_master_ports_2__i_cache_ctrl_mem_req_q_wdata__1__reg,SDFFR_X1,6
i_cache_subsystem_i_nbdcache_master_ports_2__i_cache_ctrl_mem_req_q_wdata__2__reg,SDFFR_X1,6
i_cache_subsystem_i_nbdcache_master_ports_2__i_cache_ctrl_mem_req_q_wdata__3__reg,SDFFR_X1,6
i_cache_subsystem_i_nbdcache_master_ports_2__i_cache_ctrl_mem_req_q_wdata__4__reg,SDFFR_X1,6
i_cache_subsystem_i_nbdcache_master_ports_2__i_cache_ctrl_mem_req_q_wdata__5__reg,SDFFR_X1,6
i_cache_subsystem_i_nbdcache_master_ports_2__i_cache_ctrl_mem_req_q_wdata__6__reg,SDFFR_X1,6
i_cache_subsystem_i_nbdcache_master_ports_2__i_cache_ctrl_mem_req_q_wdata__7__reg,SDFFR_X1,6
i_cache_subsystem_i_nbdcache_master_ports_2__i_cache_ctrl_mem_req_q_wdata__8__reg,SDFFR_X1,6
i_cache_subsystem_i_nbdcache_master_ports_2__i_cache_ctrl_mem_req_q_wdata__9__reg,SDFFR_X1,6
i_cache_subsystem_i_nbdcache_master_ports_2__i_cache_ctrl_mem_req_q_wdata__10__reg,SDFFR_X1,6
i_cache_subsystem_i_nbdcache_master_ports_2__i_cache_ctrl_mem_req_q_wdata__11__reg,SDFFR_X1,6
i_cache_subsystem_i_nbdcache_master_ports_2__i_cache_ctrl_mem_req_q_wdata__12__reg,SDFFR_X1,6
i_cache_subsystem_i_nbdcache_master_ports_2__i_cache_ctrl_mem_req_q_wdata__13__reg,SDFFR_X1,6
i_cache_subsystem_i_nbdcache_master_ports_2__i_cache_ctrl_mem_req_q_wdata__14__reg,SDFFR_X1,6
i_cache_subsystem_i_nbdcache_master_ports_2__i_cache_ctrl_mem_req_q_wdata__15__reg,SDFFR_X1,6
i_cache_subsystem_i_nbdcache_master_ports_2__i_cache_ctrl_mem_req_q_wdata__16__reg,SDFFR_X1,6
i_cache_subsystem_i_nbdcache_master_ports_2__i_cache_ctrl_mem_req_q_wdata__17__reg,SDFFR_X1,6
i_cache_subsystem_i_nbdcache_master_ports_2__i_cache_ctrl_mem_req_q_wdata__18__reg,SDFFR_X1,6
i_cache_subsystem_i_nbdcache_master_ports_2__i_cache_ctrl_mem_req_q_wdata__19__reg,SDFFR_X1,6
i_cache_subsystem_i_nbdcache_master_ports_2__i_cache_ctrl_mem_req_q_wdata__20__reg,SDFFR_X1,6
i_cache_subsystem_i_nbdcache_master_ports_2__i_cache_ctrl_mem_req_q_wdata__21__reg,SDFFR_X1,6
i_cache_subsystem_i_nbdcache_master_ports_2__i_cache_ctrl_mem_req_q_wdata__22__reg,SDFFR_X1,6
i_cache_subsystem_i_nbdcache_master_ports_2__i_cache_ctrl_mem_req_q_wdata__23__reg,SDFFR_X1,6
i_cache_subsystem_i_nbdcache_master_ports_2__i_cache_ctrl_mem_req_q_wdata__24__reg,SDFFR_X1,6
i_cache_subsystem_i_nbdcache_master_ports_2__i_cache_ctrl_mem_req_q_wdata__25__reg,SDFFR_X1,6
i_cache_subsystem_i_nbdcache_master_ports_2__i_cache_ctrl_mem_req_q_wdata__26__reg,SDFFR_X1,6
i_cache_subsystem_i_nbdcache_master_ports_2__i_cache_ctrl_mem_req_q_wdata__27__reg,SDFFR_X1,6
i_cache_subsystem_i_nbdcache_master_ports_2__i_cache_ctrl_mem_req_q_wdata__28__reg,SDFFR_X1,6
i_cache_subsystem_i_nbdcache_master_ports_2__i_cache_ctrl_mem_req_q_wdata__29__reg,SDFFR_X1,6
i_cache_subsystem_i_nbdcache_master_ports_2__i_cache_ctrl_mem_req_q_wdata__30__reg,SDFFR_X1,6
i_cache_subsystem_i_nbdcache_master_ports_2__i_cache_ctrl_mem_req_q_wdata__31__reg,SDFFR_X1,6
i_cache_subsystem_i_nbdcache_master_ports_2__i_cache_ctrl_mem_req_q_wdata__32__reg,SDFFR_X1,6
i_cache_subsystem_i_nbdcache_master_ports_2__i_cache_ctrl_mem_req_q_wdata__33__reg,SDFFR_X1,6
i_cache_subsystem_i_nbdcache_master_ports_2__i_cache_ctrl_mem_req_q_wdata__34__reg,SDFFR_X1,6
i_cache_subsystem_i_nbdcache_master_ports_2__i_cache_ctrl_mem_req_q_wdata__35__reg,SDFFR_X1,6
i_cache_subsystem_i_nbdcache_master_ports_2__i_cache_ctrl_mem_req_q_wdata__36__reg,SDFFR_X1,6
i_cache_subsystem_i_nbdcache_master_ports_2__i_cache_ctrl_mem_req_q_wdata__37__reg,SDFFR_X1,6
i_cache_subsystem_i_nbdcache_master_ports_2__i_cache_ctrl_mem_req_q_wdata__38__reg,SDFFR_X1,6
i_cache_subsystem_i_nbdcache_master_ports_2__i_cache_ctrl_mem_req_q_wdata__39__reg,SDFFR_X1,6
i_cache_subsystem_i_nbdcache_master_ports_2__i_cache_ctrl_mem_req_q_wdata__40__reg,SDFFR_X1,6
i_cache_subsystem_i_nbdcache_master_ports_2__i_cache_ctrl_mem_req_q_wdata__41__reg,SDFFR_X1,6
i_cache_subsystem_i_nbdcache_master_ports_2__i_cache_ctrl_mem_req_q_wdata__42__reg,SDFFR_X1,6
i_cache_subsystem_i_nbdcache_master_ports_2__i_cache_ctrl_mem_req_q_wdata__43__reg,SDFFR_X1,6
i_cache_subsystem_i_nbdcache_master_ports_2__i_cache_ctrl_mem_req_q_wdata__44__reg,SDFFR_X1,6
i_cache_subsystem_i_nbdcache_master_ports_2__i_cache_ctrl_mem_req_q_wdata__45__reg,SDFFR_X1,6
i_cache_subsystem_i_nbdcache_master_ports_2__i_cache_ctrl_mem_req_q_wdata__46__reg,SDFFR_X1,6
i_cache_subsystem_i_nbdcache_master_ports_2__i_cache_ctrl_mem_req_q_wdata__47__reg,SDFFR_X1,6
i_cache_subsystem_i_nbdcache_master_ports_2__i_cache_ctrl_mem_req_q_wdata__48__reg,SDFFR_X1,6
i_cache_subsystem_i_nbdcache_master_ports_2__i_cache_ctrl_mem_req_q_wdata__49__reg,SDFFR_X1,6
i_cache_subsystem_i_nbdcache_master_ports_2__i_cache_ctrl_mem_req_q_wdata__50__reg,SDFFR_X1,6
i_cache_subsystem_i_nbdcache_master_ports_2__i_cache_ctrl_mem_req_q_wdata__51__reg,SDFFR_X1,6
i_cache_subsystem_i_nbdcache_master_ports_2__i_cache_ctrl_mem_req_q_wdata__52__reg,SDFFR_X1,6
i_cache_subsystem_i_nbdcache_master_ports_2__i_cache_ctrl_mem_req_q_wdata__53__reg,SDFFR_X1,6
i_cache_subsystem_i_nbdcache_master_ports_2__i_cache_ctrl_mem_req_q_wdata__54__reg,SDFFR_X1,6
i_cache_subsystem_i_nbdcache_master_ports_2__i_cache_ctrl_mem_req_q_wdata__55__reg,SDFFR_X1,6
i_cache_subsystem_i_nbdcache_master_ports_2__i_cache_ctrl_mem_req_q_wdata__56__reg,SDFFR_X1,6
i_cache_subsystem_i_nbdcache_master_ports_2__i_cache_ctrl_mem_req_q_wdata__57__reg,SDFFR_X1,6
i_cache_subsystem_i_nbdcache_master_ports_2__i_cache_ctrl_mem_req_q_wdata__58__reg,SDFFR_X1,6
i_cache_subsystem_i_nbdcache_master_ports_2__i_cache_ctrl_mem_req_q_wdata__59__reg,SDFFR_X1,6
i_cache_subsystem_i_nbdcache_master_ports_2__i_cache_ctrl_mem_req_q_wdata__60__reg,SDFFR_X1,6
i_cache_subsystem_i_nbdcache_master_ports_2__i_cache_ctrl_mem_req_q_wdata__61__reg,SDFFR_X1,6
i_cache_subsystem_i_nbdcache_master_ports_2__i_cache_ctrl_mem_req_q_wdata__62__reg,SDFFR_X1,6
i_cache_subsystem_i_nbdcache_master_ports_2__i_cache_ctrl_mem_req_q_wdata__63__reg,SDFFR_X1,6
i_cache_subsystem_i_nbdcache_master_ports_2__i_cache_ctrl_mem_req_q_we__reg,DFFR_X1,5
i_cache_subsystem_i_nbdcache_master_ports_2__i_cache_ctrl_state_q_reg[0],DFFR_X1,5
i_cache_subsystem_i_nbdcache_master_ports_2__i_cache_ctrl_state_q_reg[1],DFFR_X1,5
i_cache_subsystem_i_nbdcache_master_ports_2__i_cache_ctrl_state_q_reg[2],DFFR_X1,5
i_cache_subsystem_i_nbdcache_master_ports_2__i_cache_ctrl_state_q_reg[3],DFFR_X1,5
i_cache_subsystem_i_stream_arbiter_ar_i_arbiter_arb_sel_lock_q_reg[0],DFFR_X1,5
i_cache_subsystem_i_stream_arbiter_ar_i_arbiter_arb_sel_lock_q_reg[1],DFFR_X1,5
i_cache_subsystem_i_stream_arbiter_ar_i_arbiter_arb_sel_q_reg[0],SDFFR_X1,6
i_cache_subsystem_i_stream_arbiter_ar_i_arbiter_arb_sel_q_reg[1],SDFFR_X1,6
i_cache_subsystem_i_stream_arbiter_aw_i_arbiter_arb_sel_lock_q_reg[0],DFFR_X1,5
i_cache_subsystem_i_stream_arbiter_aw_i_arbiter_arb_sel_lock_q_reg[1],DFFR_X1,5
i_cache_subsystem_i_stream_arbiter_aw_i_arbiter_arb_sel_q_reg[0],SDFFR_X1,6
i_cache_subsystem_i_stream_arbiter_aw_i_arbiter_arb_sel_q_reg[1],SDFFR_X1,6
i_frontend_addr_1__4__reg,DFFR_X1,5
i_frontend_addr_1__5__reg,DFFR_X1,5
i_frontend_addr_1__6__reg,DFFR_X1,5
i_frontend_addr_1__7__reg,DFFR_X1,5
i_frontend_addr_1__8__reg,DFFR_X1,5
i_frontend_addr_1__9__reg,DFFR_X1,5
i_frontend_addr_1__10__reg,DFFR_X1,5
i_frontend_addr_1__11__reg,DFFR_X1,5
i_frontend_addr_1__57__reg,DFFR_X1,5
i_frontend_addr_1__58__reg,DFFR_X1,5
i_frontend_addr_1__60__reg,DFFR_X1,5
i_frontend_addr_1__61__reg,DFFR_X1,5
i_frontend_addr_1__62__reg,DFFR_X1,5
i_frontend_addr_1__63__reg,DFFR_X1,5
i_frontend_fifo_credits_q_reg[0],DFFR_X1,5
i_frontend_fifo_credits_q_reg[1],DFFR_X1,5
i_frontend_fifo_credits_q_reg[2],DFFR_X1,5
i_frontend_fifo_credits_q_reg[3],DFFS_X1,5
i_frontend_fifo_valid_reg,DFFR_X1,5
i_frontend_i_bht_bht_q_reg[0],DFFR_X1,5
i_frontend_i_bht_bht_q_reg[1],DFFR_X1,5
i_frontend_i_bht_bht_q_reg[2],DFFR_X1,5
i_frontend_i_bht_bht_q_reg[3],DFFR_X1,5
i_frontend_i_bht_bht_q_reg[4],DFFR_X1,5
i_frontend_i_bht_bht_q_reg[5],DFFR_X1,5
i_frontend_i_bht_bht_q_reg[6],DFFR_X1,5
i_frontend_i_bht_bht_q_reg[7],DFFR_X1,5
i_frontend_i_bht_bht_q_reg[8],DFFR_X1,5
i_frontend_i_bht_bht_q_reg[9],DFFR_X1,5
i_frontend_i_bht_bht_q_reg[10],DFFR_X1,5
i_frontend_i_bht_bht_q_reg[11],DFFR_X1,5
i_frontend_i_bht_bht_q_reg[12],DFFR_X1,5
i_frontend_i_bht_bht_q_reg[13],DFFR_X1,5
i_frontend_i_bht_bht_q_reg[14],DFFR_X1,5
i_frontend_i_bht_bht_q_reg[15],DFFR_X1,5
i_frontend_i_bht_bht_q_reg[16],DFFR_X1,5
i_frontend_i_bht_bht_q_reg[17],DFFR_X1,5
i_frontend_i_bht_bht_q_reg[18],DFFR_X1,5
i_frontend_i_bht_bht_q_reg[19],DFFR_X1,5
i_frontend_i_bht_bht_q_reg[20],DFFR_X1,5
i_frontend_i_bht_bht_q_reg[21],DFFR_X1,5
i_frontend_i_bht_bht_q_reg[22],DFFR_X1,5
i_frontend_i_bht_bht_q_reg[23],DFFR_X1,5
i_frontend_i_bht_bht_q_reg[24],DFFR_X1,5
i_frontend_i_bht_bht_q_reg[25],DFFR_X1,5
i_frontend_i_bht_bht_q_reg[26],DFFR_X1,5
i_frontend_i_bht_bht_q_reg[27],DFFR_X1,5
i_frontend_i_bht_bht_q_reg[28],DFFR_X1,5
i_frontend_i_bht_bht_q_reg[29],DFFR_X1,5
i_frontend_i_bht_bht_q_reg[30],DFFR_X1,5
i_frontend_i_bht_bht_q_reg[31],DFFR_X1,5
i_frontend_i_bht_bht_q_reg[32],DFFR_X1,5
i_frontend_i_bht_bht_q_reg[33],DFFR_X1,5
i_frontend_i_bht_bht_q_reg[34],DFFR_X1,5
i_frontend_i_bht_bht_q_reg[35],DFFR_X1,5
i_frontend_i_bht_bht_q_reg[36],DFFR_X1,5
i_frontend_i_bht_bht_q_reg[37],DFFR_X1,5
i_frontend_i_bht_bht_q_reg[38],DFFR_X1,5
i_frontend_i_bht_bht_q_reg[39],DFFR_X1,5
i_frontend_i_bht_bht_q_reg[40],DFFR_X1,5
i_frontend_i_bht_bht_q_reg[41],DFFR_X1,5
i_frontend_i_bht_bht_q_reg[42],DFFR_X1,5
i_frontend_i_bht_bht_q_reg[43],DFFR_X1,5
i_frontend_i_bht_bht_q_reg[44],DFFR_X1,5
i_frontend_i_bht_bht_q_reg[45],DFFR_X1,5
i_frontend_i_bht_bht_q_reg[46],DFFR_X1,5
i_frontend_i_bht_bht_q_reg[47],DFFR_X1,5
i_frontend_i_bht_bht_q_reg[48],DFFR_X1,5
i_frontend_i_bht_bht_q_reg[49],DFFR_X1,5
i_frontend_i_bht_bht_q_reg[50],DFFR_X1,5
i_frontend_i_bht_bht_q_reg[51],DFFR_X1,5
i_frontend_i_bht_bht_q_reg[52],DFFR_X1,5
i_frontend_i_bht_bht_q_reg[53],DFFR_X1,5
i_frontend_i_bht_bht_q_reg[54],DFFR_X1,5
i_frontend_i_bht_bht_q_reg[55],DFFR_X1,5
i_frontend_i_bht_bht_q_reg[56],DFFR_X1,5
i_frontend_i_bht_bht_q_reg[57],DFFR_X1,5
i_frontend_i_bht_bht_q_reg[58],DFFR_X1,5
i_frontend_i_bht_bht_q_reg[59],DFFR_X1,5
i_frontend_i_bht_bht_q_reg[60],DFFR_X1,5
i_frontend_i_bht_bht_q_reg[61],DFFR_X1,5
i_frontend_i_bht_bht_q_reg[62],DFFR_X1,5
i_frontend_i_bht_bht_q_reg[63],DFFR_X1,5
i_frontend_i_bht_bht_q_reg[64],DFFR_X1,5
i_frontend_i_bht_bht_q_reg[65],DFFR_X1,5
i_frontend_i_bht_bht_q_reg[66],DFFR_X1,5
i_frontend_i_bht_bht_q_reg[67],DFFR_X1,5
i_frontend_i_bht_bht_q_reg[68],DFFR_X1,5
i_frontend_i_bht_bht_q_reg[69],DFFR_X1,5
i_frontend_i_bht_bht_q_reg[70],DFFR_X1,5
i_frontend_i_bht_bht_q_reg[71],DFFR_X1,5
i_frontend_i_bht_bht_q_reg[72],DFFR_X1,5
i_frontend_i_bht_bht_q_reg[73],DFFR_X1,5
i_frontend_i_bht_bht_q_reg[74],DFFR_X1,5
i_frontend_i_bht_bht_q_reg[75],DFFR_X1,5
i_frontend_i_bht_bht_q_reg[76],DFFR_X1,5
i_frontend_i_bht_bht_q_reg[77],DFFR_X1,5
i_frontend_i_bht_bht_q_reg[78],DFFR_X1,5
i_frontend_i_bht_bht_q_reg[79],DFFR_X1,5
i_frontend_i_bht_bht_q_reg[80],DFFR_X1,5
i_frontend_i_bht_bht_q_reg[81],DFFR_X1,5
i_frontend_i_bht_bht_q_reg[82],DFFR_X1,5
i_frontend_i_bht_bht_q_reg[83],DFFR_X1,5
i_frontend_i_bht_bht_q_reg[84],DFFR_X1,5
i_frontend_i_bht_bht_q_reg[85],DFFR_X1,5
i_frontend_i_bht_bht_q_reg[86],DFFR_X1,5
i_frontend_i_bht_bht_q_reg[87],DFFR_X1,5
i_frontend_i_bht_bht_q_reg[88],DFFR_X1,5
i_frontend_i_bht_bht_q_reg[89],DFFR_X1,5
i_frontend_i_bht_bht_q_reg[90],DFFR_X1,5
i_frontend_i_bht_bht_q_reg[91],DFFR_X1,5
i_frontend_i_bht_bht_q_reg[92],DFFR_X1,5
i_frontend_i_bht_bht_q_reg[93],DFFR_X1,5
i_frontend_i_bht_bht_q_reg[94],DFFR_X1,5
i_frontend_i_bht_bht_q_reg[95],DFFR_X1,5
i_frontend_i_bht_bht_q_reg[96],DFFR_X1,5
i_frontend_i_bht_bht_q_reg[97],DFFR_X1,5
i_frontend_i_bht_bht_q_reg[98],DFFR_X1,5
i_frontend_i_bht_bht_q_reg[99],DFFR_X1,5
i_frontend_i_bht_bht_q_reg[100],DFFR_X1,5
i_frontend_i_bht_bht_q_reg[101],DFFR_X1,5
i_frontend_i_bht_bht_q_reg[102],DFFR_X1,5
i_frontend_i_bht_bht_q_reg[103],DFFR_X1,5
i_frontend_i_bht_bht_q_reg[104],DFFR_X1,5
i_frontend_i_bht_bht_q_reg[105],DFFR_X1,5
i_frontend_i_bht_bht_q_reg[106],DFFR_X1,5
i_frontend_i_bht_bht_q_reg[107],DFFR_X1,5
i_frontend_i_bht_bht_q_reg[108],DFFR_X1,5
i_frontend_i_bht_bht_q_reg[109],DFFR_X1,5
i_frontend_i_bht_bht_q_reg[110],DFFR_X1,5
i_frontend_i_bht_bht_q_reg[111],DFFR_X1,5
i_frontend_i_bht_bht_q_reg[112],DFFR_X1,5
i_frontend_i_bht_bht_q_reg[113],DFFR_X1,5
i_frontend_i_bht_bht_q_reg[114],DFFR_X1,5
i_frontend_i_bht_bht_q_reg[115],DFFR_X1,5
i_frontend_i_bht_bht_q_reg[116],DFFR_X1,5
i_frontend_i_bht_bht_q_reg[117],DFFR_X1,5
i_frontend_i_bht_bht_q_reg[118],DFFR_X1,5
i_frontend_i_bht_bht_q_reg[119],DFFR_X1,5
i_frontend_i_bht_bht_q_reg[120],DFFR_X1,5
i_frontend_i_bht_bht_q_reg[121],DFFR_X1,5
i_frontend_i_bht_bht_q_reg[122],DFFR_X1,5
i_frontend_i_bht_bht_q_reg[123],DFFR_X1,5
i_frontend_i_bht_bht_q_reg[124],DFFR_X1,5
i_frontend_i_bht_bht_q_reg[125],DFFR_X1,5
i_frontend_i_bht_bht_q_reg[126],DFFR_X1,5
i_frontend_i_bht_bht_q_reg[127],DFFR_X1,5
i_frontend_i_bht_bht_q_reg[128],DFFR_X1,5
i_frontend_i_bht_bht_q_reg[129],DFFR_X1,5
i_frontend_i_bht_bht_q_reg[130],DFFR_X1,5
i_frontend_i_bht_bht_q_reg[131],DFFR_X1,5
i_frontend_i_bht_bht_q_reg[132],DFFR_X1,5
i_frontend_i_bht_bht_q_reg[133],DFFR_X1,5
i_frontend_i_bht_bht_q_reg[134],DFFR_X1,5
i_frontend_i_bht_bht_q_reg[135],DFFR_X1,5
i_frontend_i_bht_bht_q_reg[136],DFFR_X1,5
i_frontend_i_bht_bht_q_reg[137],DFFR_X1,5
i_frontend_i_bht_bht_q_reg[138],DFFR_X1,5
i_frontend_i_bht_bht_q_reg[139],DFFR_X1,5
i_frontend_i_bht_bht_q_reg[140],DFFR_X1,5
i_frontend_i_bht_bht_q_reg[141],DFFR_X1,5
i_frontend_i_bht_bht_q_reg[142],DFFR_X1,5
i_frontend_i_bht_bht_q_reg[143],DFFR_X1,5
i_frontend_i_bht_bht_q_reg[144],DFFR_X1,5
i_frontend_i_bht_bht_q_reg[145],DFFR_X1,5
i_frontend_i_bht_bht_q_reg[146],DFFR_X1,5
i_frontend_i_bht_bht_q_reg[147],DFFR_X1,5
i_frontend_i_bht_bht_q_reg[148],DFFR_X1,5
i_frontend_i_bht_bht_q_reg[149],DFFR_X1,5
i_frontend_i_bht_bht_q_reg[150],DFFR_X1,5
i_frontend_i_bht_bht_q_reg[151],DFFR_X1,5
i_frontend_i_bht_bht_q_reg[152],DFFR_X1,5
i_frontend_i_bht_bht_q_reg[153],DFFR_X1,5
i_frontend_i_bht_bht_q_reg[154],DFFR_X1,5
i_frontend_i_bht_bht_q_reg[155],DFFR_X1,5
i_frontend_i_bht_bht_q_reg[156],DFFR_X1,5
i_frontend_i_bht_bht_q_reg[157],DFFR_X1,5
i_frontend_i_bht_bht_q_reg[158],DFFR_X1,5
i_frontend_i_bht_bht_q_reg[159],DFFR_X1,5
i_frontend_i_bht_bht_q_reg[160],DFFR_X1,5
i_frontend_i_bht_bht_q_reg[161],DFFR_X1,5
i_frontend_i_bht_bht_q_reg[162],DFFR_X1,5
i_frontend_i_bht_bht_q_reg[163],DFFR_X1,5
i_frontend_i_bht_bht_q_reg[164],DFFR_X1,5
i_frontend_i_bht_bht_q_reg[165],DFFR_X1,5
i_frontend_i_bht_bht_q_reg[166],DFFR_X1,5
i_frontend_i_bht_bht_q_reg[167],DFFR_X1,5
i_frontend_i_bht_bht_q_reg[168],DFFR_X1,5
i_frontend_i_bht_bht_q_reg[169],DFFR_X1,5
i_frontend_i_bht_bht_q_reg[170],DFFR_X1,5
i_frontend_i_bht_bht_q_reg[171],DFFR_X1,5
i_frontend_i_bht_bht_q_reg[172],DFFR_X1,5
i_frontend_i_bht_bht_q_reg[173],DFFR_X1,5
i_frontend_i_bht_bht_q_reg[174],DFFR_X1,5
i_frontend_i_bht_bht_q_reg[175],DFFR_X1,5
i_frontend_i_bht_bht_q_reg[176],DFFR_X1,5
i_frontend_i_bht_bht_q_reg[177],DFFR_X1,5
i_frontend_i_bht_bht_q_reg[178],DFFR_X1,5
i_frontend_i_bht_bht_q_reg[179],DFFR_X1,5
i_frontend_i_bht_bht_q_reg[180],DFFR_X1,5
i_frontend_i_bht_bht_q_reg[181],DFFR_X1,5
i_frontend_i_bht_bht_q_reg[182],DFFR_X1,5
i_frontend_i_bht_bht_q_reg[183],DFFR_X1,5
i_frontend_i_bht_bht_q_reg[184],DFFR_X1,5
i_frontend_i_bht_bht_q_reg[185],DFFR_X1,5
i_frontend_i_bht_bht_q_reg[186],DFFR_X1,5
i_frontend_i_bht_bht_q_reg[187],DFFR_X1,5
i_frontend_i_bht_bht_q_reg[188],DFFR_X1,5
i_frontend_i_bht_bht_q_reg[189],DFFR_X1,5
i_frontend_i_bht_bht_q_reg[190],DFFR_X1,5
i_frontend_i_bht_bht_q_reg[191],DFFR_X1,5
i_frontend_i_bht_bht_q_reg[192],DFFR_X1,5
i_frontend_i_bht_bht_q_reg[193],DFFR_X1,5
i_frontend_i_bht_bht_q_reg[194],DFFR_X1,5
i_frontend_i_bht_bht_q_reg[195],DFFR_X1,5
i_frontend_i_bht_bht_q_reg[196],DFFR_X1,5
i_frontend_i_bht_bht_q_reg[197],DFFR_X1,5
i_frontend_i_bht_bht_q_reg[198],DFFR_X1,5
i_frontend_i_bht_bht_q_reg[199],DFFR_X1,5
i_frontend_i_bht_bht_q_reg[200],DFFR_X1,5
i_frontend_i_bht_bht_q_reg[201],DFFR_X1,5
i_frontend_i_bht_bht_q_reg[202],DFFR_X1,5
i_frontend_i_bht_bht_q_reg[203],DFFR_X1,5
i_frontend_i_bht_bht_q_reg[204],DFFR_X1,5
i_frontend_i_bht_bht_q_reg[205],DFFR_X1,5
i_frontend_i_bht_bht_q_reg[206],DFFR_X1,5
i_frontend_i_bht_bht_q_reg[207],DFFR_X1,5
i_frontend_i_bht_bht_q_reg[208],DFFR_X1,5
i_frontend_i_bht_bht_q_reg[209],DFFR_X1,5
i_frontend_i_bht_bht_q_reg[210],DFFR_X1,5
i_frontend_i_bht_bht_q_reg[211],DFFR_X1,5
i_frontend_i_bht_bht_q_reg[212],DFFR_X1,5
i_frontend_i_bht_bht_q_reg[213],DFFR_X1,5
i_frontend_i_bht_bht_q_reg[214],DFFR_X1,5
i_frontend_i_bht_bht_q_reg[215],DFFR_X1,5
i_frontend_i_bht_bht_q_reg[216],DFFR_X1,5
i_frontend_i_bht_bht_q_reg[217],DFFR_X1,5
i_frontend_i_bht_bht_q_reg[218],DFFR_X1,5
i_frontend_i_bht_bht_q_reg[219],DFFR_X1,5
i_frontend_i_bht_bht_q_reg[220],DFFR_X1,5
i_frontend_i_bht_bht_q_reg[221],DFFR_X1,5
i_frontend_i_bht_bht_q_reg[222],DFFR_X1,5
i_frontend_i_bht_bht_q_reg[223],DFFR_X1,5
i_frontend_i_bht_bht_q_reg[224],DFFR_X1,5
i_frontend_i_bht_bht_q_reg[225],DFFR_X1,5
i_frontend_i_bht_bht_q_reg[226],DFFR_X1,5
i_frontend_i_bht_bht_q_reg[227],DFFR_X1,5
i_frontend_i_bht_bht_q_reg[228],DFFR_X1,5
i_frontend_i_bht_bht_q_reg[229],DFFR_X1,5
i_frontend_i_bht_bht_q_reg[230],DFFR_X1,5
i_frontend_i_bht_bht_q_reg[231],DFFR_X1,5
i_frontend_i_bht_bht_q_reg[232],DFFR_X1,5
i_frontend_i_bht_bht_q_reg[233],DFFR_X1,5
i_frontend_i_bht_bht_q_reg[234],DFFR_X1,5
i_frontend_i_bht_bht_q_reg[235],DFFR_X1,5
i_frontend_i_bht_bht_q_reg[236],DFFR_X1,5
i_frontend_i_bht_bht_q_reg[237],DFFR_X1,5
i_frontend_i_bht_bht_q_reg[238],DFFR_X1,5
i_frontend_i_bht_bht_q_reg[239],DFFR_X1,5
i_frontend_i_bht_bht_q_reg[240],DFFR_X1,5
i_frontend_i_bht_bht_q_reg[241],DFFR_X1,5
i_frontend_i_bht_bht_q_reg[242],DFFR_X1,5
i_frontend_i_bht_bht_q_reg[243],DFFR_X1,5
i_frontend_i_bht_bht_q_reg[244],DFFR_X1,5
i_frontend_i_bht_bht_q_reg[245],DFFR_X1,5
i_frontend_i_bht_bht_q_reg[246],DFFR_X1,5
i_frontend_i_bht_bht_q_reg[247],DFFR_X1,5
i_frontend_i_bht_bht_q_reg[248],DFFR_X1,5
i_frontend_i_bht_bht_q_reg[249],DFFR_X1,5
i_frontend_i_bht_bht_q_reg[250],DFFR_X1,5
i_frontend_i_bht_bht_q_reg[251],DFFR_X1,5
i_frontend_i_bht_bht_q_reg[252],DFFR_X1,5
i_frontend_i_bht_bht_q_reg[253],DFFR_X1,5
i_frontend_i_bht_bht_q_reg[254],DFFR_X1,5
i_frontend_i_bht_bht_q_reg[255],DFFR_X1,5
i_frontend_i_bht_bht_q_reg[256],DFFR_X1,5
i_frontend_i_bht_bht_q_reg[257],DFFR_X1,5
i_frontend_i_bht_bht_q_reg[258],DFFR_X1,5
i_frontend_i_bht_bht_q_reg[259],DFFR_X1,5
i_frontend_i_bht_bht_q_reg[260],DFFR_X1,5
i_frontend_i_bht_bht_q_reg[261],DFFR_X1,5
i_frontend_i_bht_bht_q_reg[262],DFFR_X1,5
i_frontend_i_bht_bht_q_reg[263],DFFR_X1,5
i_frontend_i_bht_bht_q_reg[264],DFFR_X1,5
i_frontend_i_bht_bht_q_reg[265],DFFR_X1,5
i_frontend_i_bht_bht_q_reg[266],DFFR_X1,5
i_frontend_i_bht_bht_q_reg[267],DFFR_X1,5
i_frontend_i_bht_bht_q_reg[268],DFFR_X1,5
i_frontend_i_bht_bht_q_reg[269],DFFR_X1,5
i_frontend_i_bht_bht_q_reg[270],DFFR_X1,5
i_frontend_i_bht_bht_q_reg[271],DFFR_X1,5
i_frontend_i_bht_bht_q_reg[272],DFFR_X1,5
i_frontend_i_bht_bht_q_reg[273],DFFR_X1,5
i_frontend_i_bht_bht_q_reg[274],DFFR_X1,5
i_frontend_i_bht_bht_q_reg[275],DFFR_X1,5
i_frontend_i_bht_bht_q_reg[276],DFFR_X1,5
i_frontend_i_bht_bht_q_reg[277],DFFR_X1,5
i_frontend_i_bht_bht_q_reg[278],DFFR_X1,5
i_frontend_i_bht_bht_q_reg[279],DFFR_X1,5
i_frontend_i_bht_bht_q_reg[280],DFFR_X1,5
i_frontend_i_bht_bht_q_reg[281],DFFR_X1,5
i_frontend_i_bht_bht_q_reg[282],DFFR_X1,5
i_frontend_i_bht_bht_q_reg[283],DFFR_X1,5
i_frontend_i_bht_bht_q_reg[284],DFFR_X1,5
i_frontend_i_bht_bht_q_reg[285],DFFR_X1,5
i_frontend_i_bht_bht_q_reg[286],DFFR_X1,5
i_frontend_i_bht_bht_q_reg[287],DFFR_X1,5
i_frontend_i_bht_bht_q_reg[288],DFFR_X1,5
i_frontend_i_bht_bht_q_reg[289],DFFR_X1,5
i_frontend_i_bht_bht_q_reg[290],DFFR_X1,5
i_frontend_i_bht_bht_q_reg[291],DFFR_X1,5
i_frontend_i_bht_bht_q_reg[292],DFFR_X1,5
i_frontend_i_bht_bht_q_reg[293],DFFR_X1,5
i_frontend_i_bht_bht_q_reg[294],DFFR_X1,5
i_frontend_i_bht_bht_q_reg[295],DFFR_X1,5
i_frontend_i_bht_bht_q_reg[296],DFFR_X1,5
i_frontend_i_bht_bht_q_reg[297],DFFR_X1,5
i_frontend_i_bht_bht_q_reg[298],DFFR_X1,5
i_frontend_i_bht_bht_q_reg[299],DFFR_X1,5
i_frontend_i_bht_bht_q_reg[300],DFFR_X1,5
i_frontend_i_bht_bht_q_reg[301],DFFR_X1,5
i_frontend_i_bht_bht_q_reg[302],DFFR_X1,5
i_frontend_i_bht_bht_q_reg[303],DFFR_X1,5
i_frontend_i_bht_bht_q_reg[304],DFFR_X1,5
i_frontend_i_bht_bht_q_reg[305],DFFR_X1,5
i_frontend_i_bht_bht_q_reg[306],DFFR_X1,5
i_frontend_i_bht_bht_q_reg[307],DFFR_X1,5
i_frontend_i_bht_bht_q_reg[308],DFFR_X1,5
i_frontend_i_bht_bht_q_reg[309],DFFR_X1,5
i_frontend_i_bht_bht_q_reg[310],DFFR_X1,5
i_frontend_i_bht_bht_q_reg[311],DFFR_X1,5
i_frontend_i_bht_bht_q_reg[312],DFFR_X1,5
i_frontend_i_bht_bht_q_reg[313],DFFR_X1,5
i_frontend_i_bht_bht_q_reg[314],DFFR_X1,5
i_frontend_i_bht_bht_q_reg[315],DFFR_X1,5
i_frontend_i_bht_bht_q_reg[316],DFFR_X1,5
i_frontend_i_bht_bht_q_reg[317],DFFR_X1,5
i_frontend_i_bht_bht_q_reg[318],DFFR_X1,5
i_frontend_i_bht_bht_q_reg[319],DFFR_X1,5
i_frontend_i_bht_bht_q_reg[320],DFFR_X1,5
i_frontend_i_bht_bht_q_reg[321],DFFR_X1,5
i_frontend_i_bht_bht_q_reg[322],DFFR_X1,5
i_frontend_i_bht_bht_q_reg[323],DFFR_X1,5
i_frontend_i_bht_bht_q_reg[324],DFFR_X1,5
i_frontend_i_bht_bht_q_reg[325],DFFR_X1,5
i_frontend_i_bht_bht_q_reg[326],DFFR_X1,5
i_frontend_i_bht_bht_q_reg[327],DFFR_X1,5
i_frontend_i_bht_bht_q_reg[328],DFFR_X1,5
i_frontend_i_bht_bht_q_reg[329],DFFR_X1,5
i_frontend_i_bht_bht_q_reg[330],DFFR_X1,5
i_frontend_i_bht_bht_q_reg[331],DFFR_X1,5
i_frontend_i_bht_bht_q_reg[332],DFFR_X1,5
i_frontend_i_bht_bht_q_reg[333],DFFR_X1,5
i_frontend_i_bht_bht_q_reg[334],DFFR_X1,5
i_frontend_i_bht_bht_q_reg[335],DFFR_X1,5
i_frontend_i_bht_bht_q_reg[336],DFFR_X1,5
i_frontend_i_bht_bht_q_reg[337],DFFR_X1,5
i_frontend_i_bht_bht_q_reg[338],DFFR_X1,5
i_frontend_i_bht_bht_q_reg[339],DFFR_X1,5
i_frontend_i_bht_bht_q_reg[340],DFFR_X1,5
i_frontend_i_bht_bht_q_reg[341],DFFR_X1,5
i_frontend_i_bht_bht_q_reg[342],DFFR_X1,5
i_frontend_i_bht_bht_q_reg[343],DFFR_X1,5
i_frontend_i_bht_bht_q_reg[344],DFFR_X1,5
i_frontend_i_bht_bht_q_reg[345],DFFR_X1,5
i_frontend_i_bht_bht_q_reg[346],DFFR_X1,5
i_frontend_i_bht_bht_q_reg[347],DFFR_X1,5
i_frontend_i_bht_bht_q_reg[348],DFFR_X1,5
i_frontend_i_bht_bht_q_reg[349],DFFR_X1,5
i_frontend_i_bht_bht_q_reg[350],DFFR_X1,5
i_frontend_i_bht_bht_q_reg[351],DFFR_X1,5
i_frontend_i_bht_bht_q_reg[352],DFFR_X1,5
i_frontend_i_bht_bht_q_reg[353],DFFR_X1,5
i_frontend_i_bht_bht_q_reg[354],DFFR_X1,5
i_frontend_i_bht_bht_q_reg[355],DFFR_X1,5
i_frontend_i_bht_bht_q_reg[356],DFFR_X1,5
i_frontend_i_bht_bht_q_reg[357],DFFR_X1,5
i_frontend_i_bht_bht_q_reg[358],DFFR_X1,5
i_frontend_i_bht_bht_q_reg[359],DFFR_X1,5
i_frontend_i_bht_bht_q_reg[360],DFFR_X1,5
i_frontend_i_bht_bht_q_reg[361],DFFR_X1,5
i_frontend_i_bht_bht_q_reg[362],DFFR_X1,5
i_frontend_i_bht_bht_q_reg[363],DFFR_X1,5
i_frontend_i_bht_bht_q_reg[364],DFFR_X1,5
i_frontend_i_bht_bht_q_reg[365],DFFR_X1,5
i_frontend_i_bht_bht_q_reg[366],DFFR_X1,5
i_frontend_i_bht_bht_q_reg[367],DFFR_X1,5
i_frontend_i_bht_bht_q_reg[368],DFFR_X1,5
i_frontend_i_bht_bht_q_reg[369],DFFR_X1,5
i_frontend_i_bht_bht_q_reg[370],DFFR_X1,5
i_frontend_i_bht_bht_q_reg[371],DFFR_X1,5
i_frontend_i_bht_bht_q_reg[372],DFFR_X1,5
i_frontend_i_bht_bht_q_reg[373],DFFR_X1,5
i_frontend_i_bht_bht_q_reg[374],DFFR_X1,5
i_frontend_i_bht_bht_q_reg[375],DFFR_X1,5
i_frontend_i_bht_bht_q_reg[376],DFFR_X1,5
i_frontend_i_bht_bht_q_reg[377],DFFR_X1,5
i_frontend_i_bht_bht_q_reg[378],DFFR_X1,5
i_frontend_i_bht_bht_q_reg[379],DFFR_X1,5
i_frontend_i_bht_bht_q_reg[380],DFFR_X1,5
i_frontend_i_bht_bht_q_reg[381],DFFR_X1,5
i_frontend_i_bht_bht_q_reg[382],DFFR_X1,5
i_frontend_i_bht_bht_q_reg[383],DFFR_X1,5
i_frontend_i_btb_btb_q_reg[0],SDFFR_X1,6
i_frontend_i_btb_btb_q_reg[1],SDFFR_X1,6
i_frontend_i_btb_btb_q_reg[2],SDFFR_X1,6
i_frontend_i_btb_btb_q_reg[3],SDFFR_X1,6
i_frontend_i_btb_btb_q_reg[4],SDFFR_X1,6
i_frontend_i_btb_btb_q_reg[5],SDFFR_X1,6
i_frontend_i_btb_btb_q_reg[6],SDFFR_X1,6
i_frontend_i_btb_btb_q_reg[7],SDFFR_X1,6
i_frontend_i_btb_btb_q_reg[8],SDFFR_X1,6
i_frontend_i_btb_btb_q_reg[9],SDFFR_X1,6
i_frontend_i_btb_btb_q_reg[10],SDFFR_X1,6
i_frontend_i_btb_btb_q_reg[11],SDFFR_X1,6
i_frontend_i_btb_btb_q_reg[12],SDFFR_X1,6
i_frontend_i_btb_btb_q_reg[13],SDFFR_X1,6
i_frontend_i_btb_btb_q_reg[14],SDFFR_X1,6
i_frontend_i_btb_btb_q_reg[15],SDFFR_X1,6
i_frontend_i_btb_btb_q_reg[16],SDFFR_X1,6
i_frontend_i_btb_btb_q_reg[17],SDFFR_X1,6
i_frontend_i_btb_btb_q_reg[18],SDFFR_X1,6
i_frontend_i_btb_btb_q_reg[19],SDFFR_X1,6
i_frontend_i_btb_btb_q_reg[20],SDFFR_X1,6
i_frontend_i_btb_btb_q_reg[21],SDFFR_X1,6
i_frontend_i_btb_btb_q_reg[22],SDFFR_X1,6
i_frontend_i_btb_btb_q_reg[23],SDFFR_X1,6
i_frontend_i_btb_btb_q_reg[24],SDFFR_X1,6
i_frontend_i_btb_btb_q_reg[25],SDFFR_X1,6
i_frontend_i_btb_btb_q_reg[26],SDFFR_X1,6
i_frontend_i_btb_btb_q_reg[27],SDFFR_X1,6
i_frontend_i_btb_btb_q_reg[28],SDFFR_X1,6
i_frontend_i_btb_btb_q_reg[29],SDFFR_X1,6
i_frontend_i_btb_btb_q_reg[30],SDFFR_X1,6
i_frontend_i_btb_btb_q_reg[31],SDFFR_X1,6
i_frontend_i_btb_btb_q_reg[32],SDFFR_X1,6
i_frontend_i_btb_btb_q_reg[33],SDFFR_X1,6
i_frontend_i_btb_btb_q_reg[34],SDFFR_X1,6
i_frontend_i_btb_btb_q_reg[35],SDFFR_X1,6
i_frontend_i_btb_btb_q_reg[36],SDFFR_X1,6
i_frontend_i_btb_btb_q_reg[37],SDFFR_X1,6
i_frontend_i_btb_btb_q_reg[38],SDFFR_X1,6
i_frontend_i_btb_btb_q_reg[39],SDFFR_X1,6
i_frontend_i_btb_btb_q_reg[40],SDFFR_X1,6
i_frontend_i_btb_btb_q_reg[41],SDFFR_X1,6
i_frontend_i_btb_btb_q_reg[42],SDFFR_X1,6
i_frontend_i_btb_btb_q_reg[43],SDFFR_X1,6
i_frontend_i_btb_btb_q_reg[44],SDFFR_X1,6
i_frontend_i_btb_btb_q_reg[45],SDFFR_X1,6
i_frontend_i_btb_btb_q_reg[46],SDFFR_X1,6
i_frontend_i_btb_btb_q_reg[47],SDFFR_X1,6
i_frontend_i_btb_btb_q_reg[48],SDFFR_X1,6
i_frontend_i_btb_btb_q_reg[49],SDFFR_X1,6
i_frontend_i_btb_btb_q_reg[50],SDFFR_X1,6
i_frontend_i_btb_btb_q_reg[51],SDFFR_X1,6
i_frontend_i_btb_btb_q_reg[52],SDFFR_X1,6
i_frontend_i_btb_btb_q_reg[53],SDFFR_X1,6
i_frontend_i_btb_btb_q_reg[54],SDFFR_X1,6
i_frontend_i_btb_btb_q_reg[55],SDFFR_X1,6
i_frontend_i_btb_btb_q_reg[56],SDFFR_X1,6
i_frontend_i_btb_btb_q_reg[57],SDFFR_X1,6
i_frontend_i_btb_btb_q_reg[58],SDFFR_X1,6
i_frontend_i_btb_btb_q_reg[59],SDFFR_X1,6
i_frontend_i_btb_btb_q_reg[60],SDFFR_X1,6
i_frontend_i_btb_btb_q_reg[61],SDFFR_X1,6
i_frontend_i_btb_btb_q_reg[62],SDFFR_X1,6
i_frontend_i_btb_btb_q_reg[63],SDFFR_X1,6
i_frontend_i_btb_btb_q_reg[64],DFFR_X1,5
i_frontend_i_btb_btb_q_reg[65],SDFFR_X1,6
i_frontend_i_btb_btb_q_reg[66],SDFFR_X1,6
i_frontend_i_btb_btb_q_reg[67],SDFFR_X1,6
i_frontend_i_btb_btb_q_reg[68],SDFFR_X1,6
i_frontend_i_btb_btb_q_reg[69],SDFFR_X1,6
i_frontend_i_btb_btb_q_reg[70],SDFFR_X1,6
i_frontend_i_btb_btb_q_reg[71],SDFFR_X1,6
i_frontend_i_btb_btb_q_reg[72],SDFFR_X1,6
i_frontend_i_btb_btb_q_reg[73],SDFFR_X1,6
i_frontend_i_btb_btb_q_reg[74],SDFFR_X1,6
i_frontend_i_btb_btb_q_reg[75],SDFFR_X1,6
i_frontend_i_btb_btb_q_reg[76],SDFFR_X1,6
i_frontend_i_btb_btb_q_reg[77],SDFFR_X1,6
i_frontend_i_btb_btb_q_reg[78],SDFFR_X1,6
i_frontend_i_btb_btb_q_reg[79],SDFFR_X1,6
i_frontend_i_btb_btb_q_reg[80],SDFFR_X1,6
i_frontend_i_btb_btb_q_reg[81],SDFFR_X1,6
i_frontend_i_btb_btb_q_reg[82],SDFFR_X1,6
i_frontend_i_btb_btb_q_reg[83],SDFFR_X1,6
i_frontend_i_btb_btb_q_reg[84],SDFFR_X1,6
i_frontend_i_btb_btb_q_reg[85],SDFFR_X1,6
i_frontend_i_btb_btb_q_reg[86],SDFFR_X1,6
i_frontend_i_btb_btb_q_reg[87],SDFFR_X1,6
i_frontend_i_btb_btb_q_reg[88],SDFFR_X1,6
i_frontend_i_btb_btb_q_reg[89],SDFFR_X1,6
i_frontend_i_btb_btb_q_reg[90],SDFFR_X1,6
i_frontend_i_btb_btb_q_reg[91],SDFFR_X1,6
i_frontend_i_btb_btb_q_reg[92],SDFFR_X1,6
i_frontend_i_btb_btb_q_reg[93],SDFFR_X1,6
i_frontend_i_btb_btb_q_reg[94],SDFFR_X1,6
i_frontend_i_btb_btb_q_reg[95],SDFFR_X1,6
i_frontend_i_btb_btb_q_reg[96],SDFFR_X1,6
i_frontend_i_btb_btb_q_reg[97],SDFFR_X1,6
i_frontend_i_btb_btb_q_reg[98],SDFFR_X1,6
i_frontend_i_btb_btb_q_reg[99],SDFFR_X1,6
i_frontend_i_btb_btb_q_reg[100],SDFFR_X1,6
i_frontend_i_btb_btb_q_reg[101],SDFFR_X1,6
i_frontend_i_btb_btb_q_reg[102],SDFFR_X1,6
i_frontend_i_btb_btb_q_reg[103],SDFFR_X1,6
i_frontend_i_btb_btb_q_reg[104],SDFFR_X1,6
i_frontend_i_btb_btb_q_reg[105],SDFFR_X1,6
i_frontend_i_btb_btb_q_reg[106],SDFFR_X1,6
i_frontend_i_btb_btb_q_reg[107],SDFFR_X1,6
i_frontend_i_btb_btb_q_reg[108],SDFFR_X1,6
i_frontend_i_btb_btb_q_reg[109],SDFFR_X1,6
i_frontend_i_btb_btb_q_reg[110],SDFFR_X1,6
i_frontend_i_btb_btb_q_reg[111],SDFFR_X1,6
i_frontend_i_btb_btb_q_reg[112],SDFFR_X1,6
i_frontend_i_btb_btb_q_reg[113],SDFFR_X1,6
i_frontend_i_btb_btb_q_reg[114],SDFFR_X1,6
i_frontend_i_btb_btb_q_reg[115],SDFFR_X1,6
i_frontend_i_btb_btb_q_reg[116],SDFFR_X1,6
i_frontend_i_btb_btb_q_reg[117],SDFFR_X1,6
i_frontend_i_btb_btb_q_reg[118],SDFFR_X1,6
i_frontend_i_btb_btb_q_reg[119],SDFFR_X1,6
i_frontend_i_btb_btb_q_reg[120],SDFFR_X1,6
i_frontend_i_btb_btb_q_reg[121],SDFFR_X1,6
i_frontend_i_btb_btb_q_reg[122],SDFFR_X1,6
i_frontend_i_btb_btb_q_reg[123],SDFFR_X1,6
i_frontend_i_btb_btb_q_reg[124],SDFFR_X1,6
i_frontend_i_btb_btb_q_reg[125],SDFFR_X1,6
i_frontend_i_btb_btb_q_reg[126],SDFFR_X1,6
i_frontend_i_btb_btb_q_reg[127],SDFFR_X1,6
i_frontend_i_btb_btb_q_reg[128],SDFFR_X1,6
i_frontend_i_btb_btb_q_reg[129],DFFR_X1,5
i_frontend_i_btb_btb_q_reg[130],SDFFR_X1,6
i_frontend_i_btb_btb_q_reg[131],SDFFR_X1,6
i_frontend_i_btb_btb_q_reg[132],SDFFR_X1,6
i_frontend_i_btb_btb_q_reg[133],SDFFR_X1,6
i_frontend_i_btb_btb_q_reg[134],SDFFR_X1,6
i_frontend_i_btb_btb_q_reg[135],SDFFR_X1,6
i_frontend_i_btb_btb_q_reg[136],SDFFR_X1,6
i_frontend_i_btb_btb_q_reg[137],SDFFR_X1,6
i_frontend_i_btb_btb_q_reg[138],SDFFR_X1,6
i_frontend_i_btb_btb_q_reg[139],SDFFR_X1,6
i_frontend_i_btb_btb_q_reg[140],SDFFR_X1,6
i_frontend_i_btb_btb_q_reg[141],SDFFR_X1,6
i_frontend_i_btb_btb_q_reg[142],SDFFR_X1,6
i_frontend_i_btb_btb_q_reg[143],SDFFR_X1,6
i_frontend_i_btb_btb_q_reg[144],SDFFR_X1,6
i_frontend_i_btb_btb_q_reg[145],SDFFR_X1,6
i_frontend_i_btb_btb_q_reg[146],SDFFR_X1,6
i_frontend_i_btb_btb_q_reg[147],SDFFR_X1,6
i_frontend_i_btb_btb_q_reg[148],SDFFR_X1,6
i_frontend_i_btb_btb_q_reg[149],SDFFR_X1,6
i_frontend_i_btb_btb_q_reg[150],SDFFR_X1,6
i_frontend_i_btb_btb_q_reg[151],SDFFR_X1,6
i_frontend_i_btb_btb_q_reg[152],SDFFR_X1,6
i_frontend_i_btb_btb_q_reg[153],SDFFR_X1,6
i_frontend_i_btb_btb_q_reg[154],SDFFR_X1,6
i_frontend_i_btb_btb_q_reg[155],SDFFR_X1,6
i_frontend_i_btb_btb_q_reg[156],SDFFR_X1,6
i_frontend_i_btb_btb_q_reg[157],SDFFR_X1,6
i_frontend_i_btb_btb_q_reg[158],SDFFR_X1,6
i_frontend_i_btb_btb_q_reg[159],SDFFR_X1,6
i_frontend_i_btb_btb_q_reg[160],SDFFR_X1,6
i_frontend_i_btb_btb_q_reg[161],SDFFR_X1,6
i_frontend_i_btb_btb_q_reg[162],SDFFR_X1,6
i_frontend_i_btb_btb_q_reg[163],SDFFR_X1,6
i_frontend_i_btb_btb_q_reg[164],SDFFR_X1,6
i_frontend_i_btb_btb_q_reg[165],SDFFR_X1,6
i_frontend_i_btb_btb_q_reg[166],SDFFR_X1,6
i_frontend_i_btb_btb_q_reg[167],SDFFR_X1,6
i_frontend_i_btb_btb_q_reg[168],SDFFR_X1,6
i_frontend_i_btb_btb_q_reg[169],SDFFR_X1,6
i_frontend_i_btb_btb_q_reg[170],SDFFR_X1,6
i_frontend_i_btb_btb_q_reg[171],SDFFR_X1,6
i_frontend_i_btb_btb_q_reg[172],SDFFR_X1,6
i_frontend_i_btb_btb_q_reg[173],SDFFR_X1,6
i_frontend_i_btb_btb_q_reg[174],SDFFR_X1,6
i_frontend_i_btb_btb_q_reg[175],SDFFR_X1,6
i_frontend_i_btb_btb_q_reg[176],SDFFR_X1,6
i_frontend_i_btb_btb_q_reg[177],SDFFR_X1,6
i_frontend_i_btb_btb_q_reg[178],SDFFR_X1,6
i_frontend_i_btb_btb_q_reg[179],SDFFR_X1,6
i_frontend_i_btb_btb_q_reg[180],SDFFR_X1,6
i_frontend_i_btb_btb_q_reg[181],SDFFR_X1,6
i_frontend_i_btb_btb_q_reg[182],SDFFR_X1,6
i_frontend_i_btb_btb_q_reg[183],SDFFR_X1,6
i_frontend_i_btb_btb_q_reg[184],SDFFR_X1,6
i_frontend_i_btb_btb_q_reg[185],SDFFR_X1,6
i_frontend_i_btb_btb_q_reg[186],SDFFR_X1,6
i_frontend_i_btb_btb_q_reg[187],SDFFR_X1,6
i_frontend_i_btb_btb_q_reg[188],SDFFR_X1,6
i_frontend_i_btb_btb_q_reg[189],SDFFR_X1,6
i_frontend_i_btb_btb_q_reg[190],SDFFR_X1,6
i_frontend_i_btb_btb_q_reg[191],SDFFR_X1,6
i_frontend_i_btb_btb_q_reg[192],SDFFR_X1,6
i_frontend_i_btb_btb_q_reg[193],SDFFR_X1,6
i_frontend_i_btb_btb_q_reg[194],DFFR_X1,5
i_frontend_i_btb_btb_q_reg[195],SDFFR_X1,6
i_frontend_i_btb_btb_q_reg[196],SDFFR_X1,6
i_frontend_i_btb_btb_q_reg[197],SDFFR_X1,6
i_frontend_i_btb_btb_q_reg[198],SDFFR_X1,6
i_frontend_i_btb_btb_q_reg[199],SDFFR_X1,6
i_frontend_i_btb_btb_q_reg[200],SDFFR_X1,6
i_frontend_i_btb_btb_q_reg[201],SDFFR_X1,6
i_frontend_i_btb_btb_q_reg[202],SDFFR_X1,6
i_frontend_i_btb_btb_q_reg[203],SDFFR_X1,6
i_frontend_i_btb_btb_q_reg[204],SDFFR_X1,6
i_frontend_i_btb_btb_q_reg[205],SDFFR_X1,6
i_frontend_i_btb_btb_q_reg[206],SDFFR_X1,6
i_frontend_i_btb_btb_q_reg[207],SDFFR_X1,6
i_frontend_i_btb_btb_q_reg[208],SDFFR_X1,6
i_frontend_i_btb_btb_q_reg[209],SDFFR_X1,6
i_frontend_i_btb_btb_q_reg[210],SDFFR_X1,6
i_frontend_i_btb_btb_q_reg[211],SDFFR_X1,6
i_frontend_i_btb_btb_q_reg[212],SDFFR_X1,6
i_frontend_i_btb_btb_q_reg[213],SDFFR_X1,6
i_frontend_i_btb_btb_q_reg[214],SDFFR_X1,6
i_frontend_i_btb_btb_q_reg[215],SDFFR_X1,6
i_frontend_i_btb_btb_q_reg[216],SDFFR_X1,6
i_frontend_i_btb_btb_q_reg[217],SDFFR_X1,6
i_frontend_i_btb_btb_q_reg[218],SDFFR_X1,6
i_frontend_i_btb_btb_q_reg[219],SDFFR_X1,6
i_frontend_i_btb_btb_q_reg[220],SDFFR_X1,6
i_frontend_i_btb_btb_q_reg[221],SDFFR_X1,6
i_frontend_i_btb_btb_q_reg[222],SDFFR_X1,6
i_frontend_i_btb_btb_q_reg[223],SDFFR_X1,6
i_frontend_i_btb_btb_q_reg[224],SDFFR_X1,6
i_frontend_i_btb_btb_q_reg[225],SDFFR_X1,6
i_frontend_i_btb_btb_q_reg[226],SDFFR_X1,6
i_frontend_i_btb_btb_q_reg[227],SDFFR_X1,6
i_frontend_i_btb_btb_q_reg[228],SDFFR_X1,6
i_frontend_i_btb_btb_q_reg[229],SDFFR_X1,6
i_frontend_i_btb_btb_q_reg[230],SDFFR_X1,6
i_frontend_i_btb_btb_q_reg[231],SDFFR_X1,6
i_frontend_i_btb_btb_q_reg[232],SDFFR_X1,6
i_frontend_i_btb_btb_q_reg[233],SDFFR_X1,6
i_frontend_i_btb_btb_q_reg[234],SDFFR_X1,6
i_frontend_i_btb_btb_q_reg[235],SDFFR_X1,6
i_frontend_i_btb_btb_q_reg[236],SDFFR_X1,6
i_frontend_i_btb_btb_q_reg[237],SDFFR_X1,6
i_frontend_i_btb_btb_q_reg[238],SDFFR_X1,6
i_frontend_i_btb_btb_q_reg[239],SDFFR_X1,6
i_frontend_i_btb_btb_q_reg[240],SDFFR_X1,6
i_frontend_i_btb_btb_q_reg[241],SDFFR_X1,6
i_frontend_i_btb_btb_q_reg[242],SDFFR_X1,6
i_frontend_i_btb_btb_q_reg[243],SDFFR_X1,6
i_frontend_i_btb_btb_q_reg[244],SDFFR_X1,6
i_frontend_i_btb_btb_q_reg[245],SDFFR_X1,6
i_frontend_i_btb_btb_q_reg[246],SDFFR_X1,6
i_frontend_i_btb_btb_q_reg[247],SDFFR_X1,6
i_frontend_i_btb_btb_q_reg[248],SDFFR_X1,6
i_frontend_i_btb_btb_q_reg[249],SDFFR_X1,6
i_frontend_i_btb_btb_q_reg[250],SDFFR_X1,6
i_frontend_i_btb_btb_q_reg[251],SDFFR_X1,6
i_frontend_i_btb_btb_q_reg[252],SDFFR_X1,6
i_frontend_i_btb_btb_q_reg[253],SDFFR_X1,6
i_frontend_i_btb_btb_q_reg[254],SDFFR_X1,6
i_frontend_i_btb_btb_q_reg[255],SDFFR_X1,6
i_frontend_i_btb_btb_q_reg[256],SDFFR_X1,6
i_frontend_i_btb_btb_q_reg[257],SDFFR_X1,6
i_frontend_i_btb_btb_q_reg[258],SDFFR_X1,6
i_frontend_i_btb_btb_q_reg[259],DFFR_X1,5
i_frontend_i_btb_btb_q_reg[260],SDFFR_X1,6
i_frontend_i_btb_btb_q_reg[261],SDFFR_X1,6
i_frontend_i_btb_btb_q_reg[262],SDFFR_X1,6
i_frontend_i_btb_btb_q_reg[263],SDFFR_X1,6
i_frontend_i_btb_btb_q_reg[264],SDFFR_X1,6
i_frontend_i_btb_btb_q_reg[265],SDFFR_X1,6
i_frontend_i_btb_btb_q_reg[266],SDFFR_X1,6
i_frontend_i_btb_btb_q_reg[267],SDFFR_X1,6
i_frontend_i_btb_btb_q_reg[268],SDFFR_X1,6
i_frontend_i_btb_btb_q_reg[269],SDFFR_X1,6
i_frontend_i_btb_btb_q_reg[270],SDFFR_X1,6
i_frontend_i_btb_btb_q_reg[271],SDFFR_X1,6
i_frontend_i_btb_btb_q_reg[272],SDFFR_X1,6
i_frontend_i_btb_btb_q_reg[273],SDFFR_X1,6
i_frontend_i_btb_btb_q_reg[274],SDFFR_X1,6
i_frontend_i_btb_btb_q_reg[275],SDFFR_X1,6
i_frontend_i_btb_btb_q_reg[276],SDFFR_X1,6
i_frontend_i_btb_btb_q_reg[277],SDFFR_X1,6
i_frontend_i_btb_btb_q_reg[278],SDFFR_X1,6
i_frontend_i_btb_btb_q_reg[279],SDFFR_X1,6
i_frontend_i_btb_btb_q_reg[280],SDFFR_X1,6
i_frontend_i_btb_btb_q_reg[281],SDFFR_X1,6
i_frontend_i_btb_btb_q_reg[282],SDFFR_X1,6
i_frontend_i_btb_btb_q_reg[283],SDFFR_X1,6
i_frontend_i_btb_btb_q_reg[284],SDFFR_X1,6
i_frontend_i_btb_btb_q_reg[285],SDFFR_X1,6
i_frontend_i_btb_btb_q_reg[286],SDFFR_X1,6
i_frontend_i_btb_btb_q_reg[287],SDFFR_X1,6
i_frontend_i_btb_btb_q_reg[288],SDFFR_X1,6
i_frontend_i_btb_btb_q_reg[289],SDFFR_X1,6
i_frontend_i_btb_btb_q_reg[290],SDFFR_X1,6
i_frontend_i_btb_btb_q_reg[291],SDFFR_X1,6
i_frontend_i_btb_btb_q_reg[292],SDFFR_X1,6
i_frontend_i_btb_btb_q_reg[293],SDFFR_X1,6
i_frontend_i_btb_btb_q_reg[294],SDFFR_X1,6
i_frontend_i_btb_btb_q_reg[295],SDFFR_X1,6
i_frontend_i_btb_btb_q_reg[296],SDFFR_X1,6
i_frontend_i_btb_btb_q_reg[297],SDFFR_X1,6
i_frontend_i_btb_btb_q_reg[298],SDFFR_X1,6
i_frontend_i_btb_btb_q_reg[299],SDFFR_X1,6
i_frontend_i_btb_btb_q_reg[300],SDFFR_X1,6
i_frontend_i_btb_btb_q_reg[301],SDFFR_X1,6
i_frontend_i_btb_btb_q_reg[302],SDFFR_X1,6
i_frontend_i_btb_btb_q_reg[303],SDFFR_X1,6
i_frontend_i_btb_btb_q_reg[304],SDFFR_X1,6
i_frontend_i_btb_btb_q_reg[305],SDFFR_X1,6
i_frontend_i_btb_btb_q_reg[306],SDFFR_X1,6
i_frontend_i_btb_btb_q_reg[307],SDFFR_X1,6
i_frontend_i_btb_btb_q_reg[308],SDFFR_X1,6
i_frontend_i_btb_btb_q_reg[309],SDFFR_X1,6
i_frontend_i_btb_btb_q_reg[310],SDFFR_X1,6
i_frontend_i_btb_btb_q_reg[311],SDFFR_X1,6
i_frontend_i_btb_btb_q_reg[312],SDFFR_X1,6
i_frontend_i_btb_btb_q_reg[313],SDFFR_X1,6
i_frontend_i_btb_btb_q_reg[314],SDFFR_X1,6
i_frontend_i_btb_btb_q_reg[315],SDFFR_X1,6
i_frontend_i_btb_btb_q_reg[316],SDFFR_X1,6
i_frontend_i_btb_btb_q_reg[317],SDFFR_X1,6
i_frontend_i_btb_btb_q_reg[318],SDFFR_X1,6
i_frontend_i_btb_btb_q_reg[319],SDFFR_X1,6
i_frontend_i_btb_btb_q_reg[320],SDFFR_X1,6
i_frontend_i_btb_btb_q_reg[321],SDFFR_X1,6
i_frontend_i_btb_btb_q_reg[322],SDFFR_X1,6
i_frontend_i_btb_btb_q_reg[323],SDFFR_X1,6
i_frontend_i_btb_btb_q_reg[324],DFFR_X1,5
i_frontend_i_btb_btb_q_reg[325],SDFFR_X1,6
i_frontend_i_btb_btb_q_reg[326],SDFFR_X1,6
i_frontend_i_btb_btb_q_reg[327],SDFFR_X1,6
i_frontend_i_btb_btb_q_reg[328],SDFFR_X1,6
i_frontend_i_btb_btb_q_reg[329],SDFFR_X1,6
i_frontend_i_btb_btb_q_reg[330],SDFFR_X1,6
i_frontend_i_btb_btb_q_reg[331],SDFFR_X1,6
i_frontend_i_btb_btb_q_reg[332],SDFFR_X1,6
i_frontend_i_btb_btb_q_reg[333],SDFFR_X1,6
i_frontend_i_btb_btb_q_reg[334],SDFFR_X1,6
i_frontend_i_btb_btb_q_reg[335],SDFFR_X1,6
i_frontend_i_btb_btb_q_reg[336],SDFFR_X1,6
i_frontend_i_btb_btb_q_reg[337],SDFFR_X1,6
i_frontend_i_btb_btb_q_reg[338],SDFFR_X1,6
i_frontend_i_btb_btb_q_reg[339],SDFFR_X1,6
i_frontend_i_btb_btb_q_reg[340],SDFFR_X1,6
i_frontend_i_btb_btb_q_reg[341],SDFFR_X1,6
i_frontend_i_btb_btb_q_reg[342],SDFFR_X1,6
i_frontend_i_btb_btb_q_reg[343],SDFFR_X1,6
i_frontend_i_btb_btb_q_reg[344],SDFFR_X1,6
i_frontend_i_btb_btb_q_reg[345],SDFFR_X1,6
i_frontend_i_btb_btb_q_reg[346],SDFFR_X1,6
i_frontend_i_btb_btb_q_reg[347],SDFFR_X1,6
i_frontend_i_btb_btb_q_reg[348],SDFFR_X1,6
i_frontend_i_btb_btb_q_reg[349],SDFFR_X1,6
i_frontend_i_btb_btb_q_reg[350],SDFFR_X1,6
i_frontend_i_btb_btb_q_reg[351],SDFFR_X1,6
i_frontend_i_btb_btb_q_reg[352],SDFFR_X1,6
i_frontend_i_btb_btb_q_reg[353],SDFFR_X1,6
i_frontend_i_btb_btb_q_reg[354],SDFFR_X1,6
i_frontend_i_btb_btb_q_reg[355],SDFFR_X1,6
i_frontend_i_btb_btb_q_reg[356],SDFFR_X1,6
i_frontend_i_btb_btb_q_reg[357],SDFFR_X1,6
i_frontend_i_btb_btb_q_reg[358],SDFFR_X1,6
i_frontend_i_btb_btb_q_reg[359],SDFFR_X1,6
i_frontend_i_btb_btb_q_reg[360],SDFFR_X1,6
i_frontend_i_btb_btb_q_reg[361],SDFFR_X1,6
i_frontend_i_btb_btb_q_reg[362],SDFFR_X1,6
i_frontend_i_btb_btb_q_reg[363],SDFFR_X1,6
i_frontend_i_btb_btb_q_reg[364],SDFFR_X1,6
i_frontend_i_btb_btb_q_reg[365],SDFFR_X1,6
i_frontend_i_btb_btb_q_reg[366],SDFFR_X1,6
i_frontend_i_btb_btb_q_reg[367],SDFFR_X1,6
i_frontend_i_btb_btb_q_reg[368],SDFFR_X1,6
i_frontend_i_btb_btb_q_reg[369],SDFFR_X1,6
i_frontend_i_btb_btb_q_reg[370],SDFFR_X1,6
i_frontend_i_btb_btb_q_reg[371],SDFFR_X1,6
i_frontend_i_btb_btb_q_reg[372],SDFFR_X1,6
i_frontend_i_btb_btb_q_reg[373],SDFFR_X1,6
i_frontend_i_btb_btb_q_reg[374],SDFFR_X1,6
i_frontend_i_btb_btb_q_reg[375],SDFFR_X1,6
i_frontend_i_btb_btb_q_reg[376],SDFFR_X1,6
i_frontend_i_btb_btb_q_reg[377],SDFFR_X1,6
i_frontend_i_btb_btb_q_reg[378],SDFFR_X1,6
i_frontend_i_btb_btb_q_reg[379],SDFFR_X1,6
i_frontend_i_btb_btb_q_reg[380],SDFFR_X1,6
i_frontend_i_btb_btb_q_reg[381],SDFFR_X1,6
i_frontend_i_btb_btb_q_reg[382],SDFFR_X1,6
i_frontend_i_btb_btb_q_reg[383],SDFFR_X1,6
i_frontend_i_btb_btb_q_reg[384],SDFFR_X1,6
i_frontend_i_btb_btb_q_reg[385],SDFFR_X1,6
i_frontend_i_btb_btb_q_reg[386],SDFFR_X1,6
i_frontend_i_btb_btb_q_reg[387],SDFFR_X1,6
i_frontend_i_btb_btb_q_reg[388],SDFFR_X1,6
i_frontend_i_btb_btb_q_reg[389],DFFR_X1,5
i_frontend_i_btb_btb_q_reg[390],SDFFR_X1,6
i_frontend_i_btb_btb_q_reg[391],SDFFR_X1,6
i_frontend_i_btb_btb_q_reg[392],SDFFR_X1,6
i_frontend_i_btb_btb_q_reg[393],SDFFR_X1,6
i_frontend_i_btb_btb_q_reg[394],SDFFR_X1,6
i_frontend_i_btb_btb_q_reg[395],SDFFR_X1,6
i_frontend_i_btb_btb_q_reg[396],SDFFR_X1,6
i_frontend_i_btb_btb_q_reg[397],SDFFR_X1,6
i_frontend_i_btb_btb_q_reg[398],SDFFR_X1,6
i_frontend_i_btb_btb_q_reg[399],SDFFR_X1,6
i_frontend_i_btb_btb_q_reg[400],SDFFR_X1,6
i_frontend_i_btb_btb_q_reg[401],SDFFR_X1,6
i_frontend_i_btb_btb_q_reg[402],SDFFR_X1,6
i_frontend_i_btb_btb_q_reg[403],SDFFR_X1,6
i_frontend_i_btb_btb_q_reg[404],SDFFR_X1,6
i_frontend_i_btb_btb_q_reg[405],SDFFR_X1,6
i_frontend_i_btb_btb_q_reg[406],SDFFR_X1,6
i_frontend_i_btb_btb_q_reg[407],SDFFR_X1,6
i_frontend_i_btb_btb_q_reg[408],SDFFR_X1,6
i_frontend_i_btb_btb_q_reg[409],SDFFR_X1,6
i_frontend_i_btb_btb_q_reg[410],SDFFR_X1,6
i_frontend_i_btb_btb_q_reg[411],SDFFR_X1,6
i_frontend_i_btb_btb_q_reg[412],SDFFR_X1,6
i_frontend_i_btb_btb_q_reg[413],SDFFR_X1,6
i_frontend_i_btb_btb_q_reg[414],SDFFR_X1,6
i_frontend_i_btb_btb_q_reg[415],SDFFR_X1,6
i_frontend_i_btb_btb_q_reg[416],SDFFR_X1,6
i_frontend_i_btb_btb_q_reg[417],SDFFR_X1,6
i_frontend_i_btb_btb_q_reg[418],SDFFR_X1,6
i_frontend_i_btb_btb_q_reg[419],SDFFR_X1,6
i_frontend_i_btb_btb_q_reg[420],SDFFR_X1,6
i_frontend_i_btb_btb_q_reg[421],SDFFR_X1,6
i_frontend_i_btb_btb_q_reg[422],SDFFR_X1,6
i_frontend_i_btb_btb_q_reg[423],SDFFR_X1,6
i_frontend_i_btb_btb_q_reg[424],SDFFR_X1,6
i_frontend_i_btb_btb_q_reg[425],SDFFR_X1,6
i_frontend_i_btb_btb_q_reg[426],SDFFR_X1,6
i_frontend_i_btb_btb_q_reg[427],SDFFR_X1,6
i_frontend_i_btb_btb_q_reg[428],SDFFR_X1,6
i_frontend_i_btb_btb_q_reg[429],SDFFR_X1,6
i_frontend_i_btb_btb_q_reg[430],SDFFR_X1,6
i_frontend_i_btb_btb_q_reg[431],SDFFR_X1,6
i_frontend_i_btb_btb_q_reg[432],SDFFR_X1,6
i_frontend_i_btb_btb_q_reg[433],SDFFR_X1,6
i_frontend_i_btb_btb_q_reg[434],SDFFR_X1,6
i_frontend_i_btb_btb_q_reg[435],SDFFR_X1,6
i_frontend_i_btb_btb_q_reg[436],SDFFR_X1,6
i_frontend_i_btb_btb_q_reg[437],SDFFR_X1,6
i_frontend_i_btb_btb_q_reg[438],SDFFR_X1,6
i_frontend_i_btb_btb_q_reg[439],SDFFR_X1,6
i_frontend_i_btb_btb_q_reg[440],SDFFR_X1,6
i_frontend_i_btb_btb_q_reg[441],SDFFR_X1,6
i_frontend_i_btb_btb_q_reg[442],SDFFR_X1,6
i_frontend_i_btb_btb_q_reg[443],SDFFR_X1,6
i_frontend_i_btb_btb_q_reg[444],SDFFR_X1,6
i_frontend_i_btb_btb_q_reg[445],SDFFR_X1,6
i_frontend_i_btb_btb_q_reg[446],SDFFR_X1,6
i_frontend_i_btb_btb_q_reg[447],SDFFR_X1,6
i_frontend_i_btb_btb_q_reg[448],SDFFR_X1,6
i_frontend_i_btb_btb_q_reg[449],SDFFR_X1,6
i_frontend_i_btb_btb_q_reg[450],SDFFR_X1,6
i_frontend_i_btb_btb_q_reg[451],SDFFR_X1,6
i_frontend_i_btb_btb_q_reg[452],SDFFR_X1,6
i_frontend_i_btb_btb_q_reg[453],SDFFR_X1,6
i_frontend_i_btb_btb_q_reg[454],DFFR_X1,5
i_frontend_i_btb_btb_q_reg[455],SDFFR_X1,6
i_frontend_i_btb_btb_q_reg[456],SDFFR_X1,6
i_frontend_i_btb_btb_q_reg[457],SDFFR_X1,6
i_frontend_i_btb_btb_q_reg[458],SDFFR_X1,6
i_frontend_i_btb_btb_q_reg[459],SDFFR_X1,6
i_frontend_i_btb_btb_q_reg[460],SDFFR_X1,6
i_frontend_i_btb_btb_q_reg[461],SDFFR_X1,6
i_frontend_i_btb_btb_q_reg[462],SDFFR_X1,6
i_frontend_i_btb_btb_q_reg[463],SDFFR_X1,6
i_frontend_i_btb_btb_q_reg[464],SDFFR_X1,6
i_frontend_i_btb_btb_q_reg[465],SDFFR_X1,6
i_frontend_i_btb_btb_q_reg[466],SDFFR_X1,6
i_frontend_i_btb_btb_q_reg[467],SDFFR_X1,6
i_frontend_i_btb_btb_q_reg[468],SDFFR_X1,6
i_frontend_i_btb_btb_q_reg[469],SDFFR_X1,6
i_frontend_i_btb_btb_q_reg[470],SDFFR_X1,6
i_frontend_i_btb_btb_q_reg[471],SDFFR_X1,6
i_frontend_i_btb_btb_q_reg[472],SDFFR_X1,6
i_frontend_i_btb_btb_q_reg[473],SDFFR_X1,6
i_frontend_i_btb_btb_q_reg[474],SDFFR_X1,6
i_frontend_i_btb_btb_q_reg[475],SDFFR_X1,6
i_frontend_i_btb_btb_q_reg[476],SDFFR_X1,6
i_frontend_i_btb_btb_q_reg[477],SDFFR_X1,6
i_frontend_i_btb_btb_q_reg[478],SDFFR_X1,6
i_frontend_i_btb_btb_q_reg[479],SDFFR_X1,6
i_frontend_i_btb_btb_q_reg[480],SDFFR_X1,6
i_frontend_i_btb_btb_q_reg[481],SDFFR_X1,6
i_frontend_i_btb_btb_q_reg[482],SDFFR_X1,6
i_frontend_i_btb_btb_q_reg[483],SDFFR_X1,6
i_frontend_i_btb_btb_q_reg[484],SDFFR_X1,6
i_frontend_i_btb_btb_q_reg[485],SDFFR_X1,6
i_frontend_i_btb_btb_q_reg[486],SDFFR_X1,6
i_frontend_i_btb_btb_q_reg[487],SDFFR_X1,6
i_frontend_i_btb_btb_q_reg[488],SDFFR_X1,6
i_frontend_i_btb_btb_q_reg[489],SDFFR_X1,6
i_frontend_i_btb_btb_q_reg[490],SDFFR_X1,6
i_frontend_i_btb_btb_q_reg[491],SDFFR_X1,6
i_frontend_i_btb_btb_q_reg[492],SDFFR_X1,6
i_frontend_i_btb_btb_q_reg[493],SDFFR_X1,6
i_frontend_i_btb_btb_q_reg[494],SDFFR_X1,6
i_frontend_i_btb_btb_q_reg[495],SDFFR_X1,6
i_frontend_i_btb_btb_q_reg[496],SDFFR_X1,6
i_frontend_i_btb_btb_q_reg[497],SDFFR_X1,6
i_frontend_i_btb_btb_q_reg[498],SDFFR_X1,6
i_frontend_i_btb_btb_q_reg[499],SDFFR_X1,6
i_frontend_i_btb_btb_q_reg[500],SDFFR_X1,6
i_frontend_i_btb_btb_q_reg[501],SDFFR_X1,6
i_frontend_i_btb_btb_q_reg[502],SDFFR_X1,6
i_frontend_i_btb_btb_q_reg[503],SDFFR_X1,6
i_frontend_i_btb_btb_q_reg[504],SDFFR_X1,6
i_frontend_i_btb_btb_q_reg[505],SDFFR_X1,6
i_frontend_i_btb_btb_q_reg[506],SDFFR_X1,6
i_frontend_i_btb_btb_q_reg[507],SDFFR_X1,6
i_frontend_i_btb_btb_q_reg[508],SDFFR_X1,6
i_frontend_i_btb_btb_q_reg[509],SDFFR_X1,6
i_frontend_i_btb_btb_q_reg[510],SDFFR_X1,6
i_frontend_i_btb_btb_q_reg[511],SDFFR_X1,6
i_frontend_i_btb_btb_q_reg[512],SDFFR_X1,6
i_frontend_i_btb_btb_q_reg[513],SDFFR_X1,6
i_frontend_i_btb_btb_q_reg[514],SDFFR_X1,6
i_frontend_i_btb_btb_q_reg[515],SDFFR_X1,6
i_frontend_i_btb_btb_q_reg[516],SDFFR_X1,6
i_frontend_i_btb_btb_q_reg[517],SDFFR_X1,6
i_frontend_i_btb_btb_q_reg[518],SDFFR_X1,6
i_frontend_i_btb_btb_q_reg[519],DFFR_X1,5
i_frontend_i_btb_btb_q_reg[520],SDFFR_X1,6
i_frontend_i_btb_btb_q_reg[521],SDFFR_X1,6
i_frontend_i_btb_btb_q_reg[522],SDFFR_X1,6
i_frontend_i_btb_btb_q_reg[523],SDFFR_X1,6
i_frontend_i_btb_btb_q_reg[524],SDFFR_X1,6
i_frontend_i_btb_btb_q_reg[525],SDFFR_X1,6
i_frontend_i_btb_btb_q_reg[526],SDFFR_X1,6
i_frontend_i_btb_btb_q_reg[527],SDFFR_X1,6
i_frontend_i_btb_btb_q_reg[528],SDFFR_X1,6
i_frontend_i_btb_btb_q_reg[529],SDFFR_X1,6
i_frontend_i_btb_btb_q_reg[530],SDFFR_X1,6
i_frontend_i_btb_btb_q_reg[531],SDFFR_X1,6
i_frontend_i_btb_btb_q_reg[532],SDFFR_X1,6
i_frontend_i_btb_btb_q_reg[533],SDFFR_X1,6
i_frontend_i_btb_btb_q_reg[534],SDFFR_X1,6
i_frontend_i_btb_btb_q_reg[535],SDFFR_X1,6
i_frontend_i_btb_btb_q_reg[536],SDFFR_X1,6
i_frontend_i_btb_btb_q_reg[537],SDFFR_X1,6
i_frontend_i_btb_btb_q_reg[538],SDFFR_X1,6
i_frontend_i_btb_btb_q_reg[539],SDFFR_X1,6
i_frontend_i_btb_btb_q_reg[540],SDFFR_X1,6
i_frontend_i_btb_btb_q_reg[541],SDFFR_X1,6
i_frontend_i_btb_btb_q_reg[542],SDFFR_X1,6
i_frontend_i_btb_btb_q_reg[543],SDFFR_X1,6
i_frontend_i_btb_btb_q_reg[544],SDFFR_X1,6
i_frontend_i_btb_btb_q_reg[545],SDFFR_X1,6
i_frontend_i_btb_btb_q_reg[546],SDFFR_X1,6
i_frontend_i_btb_btb_q_reg[547],SDFFR_X1,6
i_frontend_i_btb_btb_q_reg[548],SDFFR_X1,6
i_frontend_i_btb_btb_q_reg[549],SDFFR_X1,6
i_frontend_i_btb_btb_q_reg[550],SDFFR_X1,6
i_frontend_i_btb_btb_q_reg[551],SDFFR_X1,6
i_frontend_i_btb_btb_q_reg[552],SDFFR_X1,6
i_frontend_i_btb_btb_q_reg[553],SDFFR_X1,6
i_frontend_i_btb_btb_q_reg[554],SDFFR_X1,6
i_frontend_i_btb_btb_q_reg[555],SDFFR_X1,6
i_frontend_i_btb_btb_q_reg[556],SDFFR_X1,6
i_frontend_i_btb_btb_q_reg[557],SDFFR_X1,6
i_frontend_i_btb_btb_q_reg[558],SDFFR_X1,6
i_frontend_i_btb_btb_q_reg[559],SDFFR_X1,6
i_frontend_i_btb_btb_q_reg[560],SDFFR_X1,6
i_frontend_i_btb_btb_q_reg[561],SDFFR_X1,6
i_frontend_i_btb_btb_q_reg[562],SDFFR_X1,6
i_frontend_i_btb_btb_q_reg[563],SDFFR_X1,6
i_frontend_i_btb_btb_q_reg[564],SDFFR_X1,6
i_frontend_i_btb_btb_q_reg[565],SDFFR_X1,6
i_frontend_i_btb_btb_q_reg[566],SDFFR_X1,6
i_frontend_i_btb_btb_q_reg[567],SDFFR_X1,6
i_frontend_i_btb_btb_q_reg[568],SDFFR_X1,6
i_frontend_i_btb_btb_q_reg[569],SDFFR_X1,6
i_frontend_i_btb_btb_q_reg[570],SDFFR_X1,6
i_frontend_i_btb_btb_q_reg[571],SDFFR_X1,6
i_frontend_i_btb_btb_q_reg[572],SDFFR_X1,6
i_frontend_i_btb_btb_q_reg[573],SDFFR_X1,6
i_frontend_i_btb_btb_q_reg[574],SDFFR_X1,6
i_frontend_i_btb_btb_q_reg[575],SDFFR_X1,6
i_frontend_i_btb_btb_q_reg[576],SDFFR_X1,6
i_frontend_i_btb_btb_q_reg[577],SDFFR_X1,6
i_frontend_i_btb_btb_q_reg[578],SDFFR_X1,6
i_frontend_i_btb_btb_q_reg[579],SDFFR_X1,6
i_frontend_i_btb_btb_q_reg[580],SDFFR_X1,6
i_frontend_i_btb_btb_q_reg[581],SDFFR_X1,6
i_frontend_i_btb_btb_q_reg[582],SDFFR_X1,6
i_frontend_i_btb_btb_q_reg[583],SDFFR_X1,6
i_frontend_i_btb_btb_q_reg[584],DFFR_X1,5
i_frontend_i_btb_btb_q_reg[585],SDFFR_X1,6
i_frontend_i_btb_btb_q_reg[586],SDFFR_X1,6
i_frontend_i_btb_btb_q_reg[587],SDFFR_X1,6
i_frontend_i_btb_btb_q_reg[588],SDFFR_X1,6
i_frontend_i_btb_btb_q_reg[589],SDFFR_X1,6
i_frontend_i_btb_btb_q_reg[590],SDFFR_X1,6
i_frontend_i_btb_btb_q_reg[591],SDFFR_X1,6
i_frontend_i_btb_btb_q_reg[592],SDFFR_X1,6
i_frontend_i_btb_btb_q_reg[593],SDFFR_X1,6
i_frontend_i_btb_btb_q_reg[594],SDFFR_X1,6
i_frontend_i_btb_btb_q_reg[595],SDFFR_X1,6
i_frontend_i_btb_btb_q_reg[596],SDFFR_X1,6
i_frontend_i_btb_btb_q_reg[597],SDFFR_X1,6
i_frontend_i_btb_btb_q_reg[598],SDFFR_X1,6
i_frontend_i_btb_btb_q_reg[599],SDFFR_X1,6
i_frontend_i_btb_btb_q_reg[600],SDFFR_X1,6
i_frontend_i_btb_btb_q_reg[601],SDFFR_X1,6
i_frontend_i_btb_btb_q_reg[602],SDFFR_X1,6
i_frontend_i_btb_btb_q_reg[603],SDFFR_X1,6
i_frontend_i_btb_btb_q_reg[604],SDFFR_X1,6
i_frontend_i_btb_btb_q_reg[605],SDFFR_X1,6
i_frontend_i_btb_btb_q_reg[606],SDFFR_X1,6
i_frontend_i_btb_btb_q_reg[607],SDFFR_X1,6
i_frontend_i_btb_btb_q_reg[608],SDFFR_X1,6
i_frontend_i_btb_btb_q_reg[609],SDFFR_X1,6
i_frontend_i_btb_btb_q_reg[610],SDFFR_X1,6
i_frontend_i_btb_btb_q_reg[611],SDFFR_X1,6
i_frontend_i_btb_btb_q_reg[612],SDFFR_X1,6
i_frontend_i_btb_btb_q_reg[613],SDFFR_X1,6
i_frontend_i_btb_btb_q_reg[614],SDFFR_X1,6
i_frontend_i_btb_btb_q_reg[615],SDFFR_X1,6
i_frontend_i_btb_btb_q_reg[616],SDFFR_X1,6
i_frontend_i_btb_btb_q_reg[617],SDFFR_X1,6
i_frontend_i_btb_btb_q_reg[618],SDFFR_X1,6
i_frontend_i_btb_btb_q_reg[619],SDFFR_X1,6
i_frontend_i_btb_btb_q_reg[620],SDFFR_X1,6
i_frontend_i_btb_btb_q_reg[621],SDFFR_X1,6
i_frontend_i_btb_btb_q_reg[622],SDFFR_X1,6
i_frontend_i_btb_btb_q_reg[623],SDFFR_X1,6
i_frontend_i_btb_btb_q_reg[624],SDFFR_X1,6
i_frontend_i_btb_btb_q_reg[625],SDFFR_X1,6
i_frontend_i_btb_btb_q_reg[626],SDFFR_X1,6
i_frontend_i_btb_btb_q_reg[627],SDFFR_X1,6
i_frontend_i_btb_btb_q_reg[628],SDFFR_X1,6
i_frontend_i_btb_btb_q_reg[629],SDFFR_X1,6
i_frontend_i_btb_btb_q_reg[630],SDFFR_X1,6
i_frontend_i_btb_btb_q_reg[631],SDFFR_X1,6
i_frontend_i_btb_btb_q_reg[632],SDFFR_X1,6
i_frontend_i_btb_btb_q_reg[633],SDFFR_X1,6
i_frontend_i_btb_btb_q_reg[634],SDFFR_X1,6
i_frontend_i_btb_btb_q_reg[635],SDFFR_X1,6
i_frontend_i_btb_btb_q_reg[636],SDFFR_X1,6
i_frontend_i_btb_btb_q_reg[637],SDFFR_X1,6
i_frontend_i_btb_btb_q_reg[638],SDFFR_X1,6
i_frontend_i_btb_btb_q_reg[639],SDFFR_X1,6
i_frontend_i_btb_btb_q_reg[640],SDFFR_X1,6
i_frontend_i_btb_btb_q_reg[641],SDFFR_X1,6
i_frontend_i_btb_btb_q_reg[642],SDFFR_X1,6
i_frontend_i_btb_btb_q_reg[643],SDFFR_X1,6
i_frontend_i_btb_btb_q_reg[644],SDFFR_X1,6
i_frontend_i_btb_btb_q_reg[645],SDFFR_X1,6
i_frontend_i_btb_btb_q_reg[646],SDFFR_X1,6
i_frontend_i_btb_btb_q_reg[647],SDFFR_X1,6
i_frontend_i_btb_btb_q_reg[648],SDFFR_X1,6
i_frontend_i_btb_btb_q_reg[649],DFFR_X1,5
i_frontend_i_btb_btb_q_reg[650],SDFFR_X1,6
i_frontend_i_btb_btb_q_reg[651],SDFFR_X1,6
i_frontend_i_btb_btb_q_reg[652],SDFFR_X1,6
i_frontend_i_btb_btb_q_reg[653],SDFFR_X1,6
i_frontend_i_btb_btb_q_reg[654],SDFFR_X1,6
i_frontend_i_btb_btb_q_reg[655],SDFFR_X1,6
i_frontend_i_btb_btb_q_reg[656],SDFFR_X1,6
i_frontend_i_btb_btb_q_reg[657],SDFFR_X1,6
i_frontend_i_btb_btb_q_reg[658],SDFFR_X1,6
i_frontend_i_btb_btb_q_reg[659],SDFFR_X1,6
i_frontend_i_btb_btb_q_reg[660],SDFFR_X1,6
i_frontend_i_btb_btb_q_reg[661],SDFFR_X1,6
i_frontend_i_btb_btb_q_reg[662],SDFFR_X1,6
i_frontend_i_btb_btb_q_reg[663],SDFFR_X1,6
i_frontend_i_btb_btb_q_reg[664],SDFFR_X1,6
i_frontend_i_btb_btb_q_reg[665],SDFFR_X1,6
i_frontend_i_btb_btb_q_reg[666],SDFFR_X1,6
i_frontend_i_btb_btb_q_reg[667],SDFFR_X1,6
i_frontend_i_btb_btb_q_reg[668],SDFFR_X1,6
i_frontend_i_btb_btb_q_reg[669],SDFFR_X1,6
i_frontend_i_btb_btb_q_reg[670],SDFFR_X1,6
i_frontend_i_btb_btb_q_reg[671],SDFFR_X1,6
i_frontend_i_btb_btb_q_reg[672],SDFFR_X1,6
i_frontend_i_btb_btb_q_reg[673],SDFFR_X1,6
i_frontend_i_btb_btb_q_reg[674],SDFFR_X1,6
i_frontend_i_btb_btb_q_reg[675],SDFFR_X1,6
i_frontend_i_btb_btb_q_reg[676],SDFFR_X1,6
i_frontend_i_btb_btb_q_reg[677],SDFFR_X1,6
i_frontend_i_btb_btb_q_reg[678],SDFFR_X1,6
i_frontend_i_btb_btb_q_reg[679],SDFFR_X1,6
i_frontend_i_btb_btb_q_reg[680],SDFFR_X1,6
i_frontend_i_btb_btb_q_reg[681],SDFFR_X1,6
i_frontend_i_btb_btb_q_reg[682],SDFFR_X1,6
i_frontend_i_btb_btb_q_reg[683],SDFFR_X1,6
i_frontend_i_btb_btb_q_reg[684],SDFFR_X1,6
i_frontend_i_btb_btb_q_reg[685],SDFFR_X1,6
i_frontend_i_btb_btb_q_reg[686],SDFFR_X1,6
i_frontend_i_btb_btb_q_reg[687],SDFFR_X1,6
i_frontend_i_btb_btb_q_reg[688],SDFFR_X1,6
i_frontend_i_btb_btb_q_reg[689],SDFFR_X1,6
i_frontend_i_btb_btb_q_reg[690],SDFFR_X1,6
i_frontend_i_btb_btb_q_reg[691],SDFFR_X1,6
i_frontend_i_btb_btb_q_reg[692],SDFFR_X1,6
i_frontend_i_btb_btb_q_reg[693],SDFFR_X1,6
i_frontend_i_btb_btb_q_reg[694],SDFFR_X1,6
i_frontend_i_btb_btb_q_reg[695],SDFFR_X1,6
i_frontend_i_btb_btb_q_reg[696],SDFFR_X1,6
i_frontend_i_btb_btb_q_reg[697],SDFFR_X1,6
i_frontend_i_btb_btb_q_reg[698],SDFFR_X1,6
i_frontend_i_btb_btb_q_reg[699],SDFFR_X1,6
i_frontend_i_btb_btb_q_reg[700],SDFFR_X1,6
i_frontend_i_btb_btb_q_reg[701],SDFFR_X1,6
i_frontend_i_btb_btb_q_reg[702],SDFFR_X1,6
i_frontend_i_btb_btb_q_reg[703],SDFFR_X1,6
i_frontend_i_btb_btb_q_reg[704],SDFFR_X1,6
i_frontend_i_btb_btb_q_reg[705],SDFFR_X1,6
i_frontend_i_btb_btb_q_reg[706],SDFFR_X1,6
i_frontend_i_btb_btb_q_reg[707],SDFFR_X1,6
i_frontend_i_btb_btb_q_reg[708],SDFFR_X1,6
i_frontend_i_btb_btb_q_reg[709],SDFFR_X1,6
i_frontend_i_btb_btb_q_reg[710],SDFFR_X1,6
i_frontend_i_btb_btb_q_reg[711],SDFFR_X1,6
i_frontend_i_btb_btb_q_reg[712],SDFFR_X1,6
i_frontend_i_btb_btb_q_reg[713],SDFFR_X1,6
i_frontend_i_btb_btb_q_reg[714],DFFR_X1,5
i_frontend_i_btb_btb_q_reg[715],SDFFR_X1,6
i_frontend_i_btb_btb_q_reg[716],SDFFR_X1,6
i_frontend_i_btb_btb_q_reg[717],SDFFR_X1,6
i_frontend_i_btb_btb_q_reg[718],SDFFR_X1,6
i_frontend_i_btb_btb_q_reg[719],SDFFR_X1,6
i_frontend_i_btb_btb_q_reg[720],SDFFR_X1,6
i_frontend_i_btb_btb_q_reg[721],SDFFR_X1,6
i_frontend_i_btb_btb_q_reg[722],SDFFR_X1,6
i_frontend_i_btb_btb_q_reg[723],SDFFR_X1,6
i_frontend_i_btb_btb_q_reg[724],SDFFR_X1,6
i_frontend_i_btb_btb_q_reg[725],SDFFR_X1,6
i_frontend_i_btb_btb_q_reg[726],SDFFR_X1,6
i_frontend_i_btb_btb_q_reg[727],SDFFR_X1,6
i_frontend_i_btb_btb_q_reg[728],SDFFR_X1,6
i_frontend_i_btb_btb_q_reg[729],SDFFR_X1,6
i_frontend_i_btb_btb_q_reg[730],SDFFR_X1,6
i_frontend_i_btb_btb_q_reg[731],SDFFR_X1,6
i_frontend_i_btb_btb_q_reg[732],SDFFR_X1,6
i_frontend_i_btb_btb_q_reg[733],SDFFR_X1,6
i_frontend_i_btb_btb_q_reg[734],SDFFR_X1,6
i_frontend_i_btb_btb_q_reg[735],SDFFR_X1,6
i_frontend_i_btb_btb_q_reg[736],SDFFR_X1,6
i_frontend_i_btb_btb_q_reg[737],SDFFR_X1,6
i_frontend_i_btb_btb_q_reg[738],SDFFR_X1,6
i_frontend_i_btb_btb_q_reg[739],SDFFR_X1,6
i_frontend_i_btb_btb_q_reg[740],SDFFR_X1,6
i_frontend_i_btb_btb_q_reg[741],SDFFR_X1,6
i_frontend_i_btb_btb_q_reg[742],SDFFR_X1,6
i_frontend_i_btb_btb_q_reg[743],SDFFR_X1,6
i_frontend_i_btb_btb_q_reg[744],SDFFR_X1,6
i_frontend_i_btb_btb_q_reg[745],SDFFR_X1,6
i_frontend_i_btb_btb_q_reg[746],SDFFR_X1,6
i_frontend_i_btb_btb_q_reg[747],SDFFR_X1,6
i_frontend_i_btb_btb_q_reg[748],SDFFR_X1,6
i_frontend_i_btb_btb_q_reg[749],SDFFR_X1,6
i_frontend_i_btb_btb_q_reg[750],SDFFR_X1,6
i_frontend_i_btb_btb_q_reg[751],SDFFR_X1,6
i_frontend_i_btb_btb_q_reg[752],SDFFR_X1,6
i_frontend_i_btb_btb_q_reg[753],SDFFR_X1,6
i_frontend_i_btb_btb_q_reg[754],SDFFR_X1,6
i_frontend_i_btb_btb_q_reg[755],SDFFR_X1,6
i_frontend_i_btb_btb_q_reg[756],SDFFR_X1,6
i_frontend_i_btb_btb_q_reg[757],SDFFR_X1,6
i_frontend_i_btb_btb_q_reg[758],SDFFR_X1,6
i_frontend_i_btb_btb_q_reg[759],SDFFR_X1,6
i_frontend_i_btb_btb_q_reg[760],SDFFR_X1,6
i_frontend_i_btb_btb_q_reg[761],SDFFR_X1,6
i_frontend_i_btb_btb_q_reg[762],SDFFR_X1,6
i_frontend_i_btb_btb_q_reg[763],SDFFR_X1,6
i_frontend_i_btb_btb_q_reg[764],SDFFR_X1,6
i_frontend_i_btb_btb_q_reg[765],SDFFR_X1,6
i_frontend_i_btb_btb_q_reg[766],SDFFR_X1,6
i_frontend_i_btb_btb_q_reg[767],SDFFR_X1,6
i_frontend_i_btb_btb_q_reg[768],SDFFR_X1,6
i_frontend_i_btb_btb_q_reg[769],SDFFR_X1,6
i_frontend_i_btb_btb_q_reg[770],SDFFR_X1,6
i_frontend_i_btb_btb_q_reg[771],SDFFR_X1,6
i_frontend_i_btb_btb_q_reg[772],SDFFR_X1,6
i_frontend_i_btb_btb_q_reg[773],SDFFR_X1,6
i_frontend_i_btb_btb_q_reg[774],SDFFR_X1,6
i_frontend_i_btb_btb_q_reg[775],SDFFR_X1,6
i_frontend_i_btb_btb_q_reg[776],SDFFR_X1,6
i_frontend_i_btb_btb_q_reg[777],SDFFR_X1,6
i_frontend_i_btb_btb_q_reg[778],SDFFR_X1,6
i_frontend_i_btb_btb_q_reg[779],DFFR_X1,5
i_frontend_i_btb_btb_q_reg[780],SDFFR_X1,6
i_frontend_i_btb_btb_q_reg[781],SDFFR_X1,6
i_frontend_i_btb_btb_q_reg[782],SDFFR_X1,6
i_frontend_i_btb_btb_q_reg[783],SDFFR_X1,6
i_frontend_i_btb_btb_q_reg[784],SDFFR_X1,6
i_frontend_i_btb_btb_q_reg[785],SDFFR_X1,6
i_frontend_i_btb_btb_q_reg[786],SDFFR_X1,6
i_frontend_i_btb_btb_q_reg[787],SDFFR_X1,6
i_frontend_i_btb_btb_q_reg[788],SDFFR_X1,6
i_frontend_i_btb_btb_q_reg[789],SDFFR_X1,6
i_frontend_i_btb_btb_q_reg[790],SDFFR_X1,6
i_frontend_i_btb_btb_q_reg[791],SDFFR_X1,6
i_frontend_i_btb_btb_q_reg[792],SDFFR_X1,6
i_frontend_i_btb_btb_q_reg[793],SDFFR_X1,6
i_frontend_i_btb_btb_q_reg[794],SDFFR_X1,6
i_frontend_i_btb_btb_q_reg[795],SDFFR_X1,6
i_frontend_i_btb_btb_q_reg[796],SDFFR_X1,6
i_frontend_i_btb_btb_q_reg[797],SDFFR_X1,6
i_frontend_i_btb_btb_q_reg[798],SDFFR_X1,6
i_frontend_i_btb_btb_q_reg[799],SDFFR_X1,6
i_frontend_i_btb_btb_q_reg[800],SDFFR_X1,6
i_frontend_i_btb_btb_q_reg[801],SDFFR_X1,6
i_frontend_i_btb_btb_q_reg[802],SDFFR_X1,6
i_frontend_i_btb_btb_q_reg[803],SDFFR_X1,6
i_frontend_i_btb_btb_q_reg[804],SDFFR_X1,6
i_frontend_i_btb_btb_q_reg[805],SDFFR_X1,6
i_frontend_i_btb_btb_q_reg[806],SDFFR_X1,6
i_frontend_i_btb_btb_q_reg[807],SDFFR_X1,6
i_frontend_i_btb_btb_q_reg[808],SDFFR_X1,6
i_frontend_i_btb_btb_q_reg[809],SDFFR_X1,6
i_frontend_i_btb_btb_q_reg[810],SDFFR_X1,6
i_frontend_i_btb_btb_q_reg[811],SDFFR_X1,6
i_frontend_i_btb_btb_q_reg[812],SDFFR_X1,6
i_frontend_i_btb_btb_q_reg[813],SDFFR_X1,6
i_frontend_i_btb_btb_q_reg[814],SDFFR_X1,6
i_frontend_i_btb_btb_q_reg[815],SDFFR_X1,6
i_frontend_i_btb_btb_q_reg[816],SDFFR_X1,6
i_frontend_i_btb_btb_q_reg[817],SDFFR_X1,6
i_frontend_i_btb_btb_q_reg[818],SDFFR_X1,6
i_frontend_i_btb_btb_q_reg[819],SDFFR_X1,6
i_frontend_i_btb_btb_q_reg[820],SDFFR_X1,6
i_frontend_i_btb_btb_q_reg[821],SDFFR_X1,6
i_frontend_i_btb_btb_q_reg[822],SDFFR_X1,6
i_frontend_i_btb_btb_q_reg[823],SDFFR_X1,6
i_frontend_i_btb_btb_q_reg[824],SDFFR_X1,6
i_frontend_i_btb_btb_q_reg[825],SDFFR_X1,6
i_frontend_i_btb_btb_q_reg[826],SDFFR_X1,6
i_frontend_i_btb_btb_q_reg[827],SDFFR_X1,6
i_frontend_i_btb_btb_q_reg[828],SDFFR_X1,6
i_frontend_i_btb_btb_q_reg[829],SDFFR_X1,6
i_frontend_i_btb_btb_q_reg[830],SDFFR_X1,6
i_frontend_i_btb_btb_q_reg[831],SDFFR_X1,6
i_frontend_i_btb_btb_q_reg[832],SDFFR_X1,6
i_frontend_i_btb_btb_q_reg[833],SDFFR_X1,6
i_frontend_i_btb_btb_q_reg[834],SDFFR_X1,6
i_frontend_i_btb_btb_q_reg[835],SDFFR_X1,6
i_frontend_i_btb_btb_q_reg[836],SDFFR_X1,6
i_frontend_i_btb_btb_q_reg[837],SDFFR_X1,6
i_frontend_i_btb_btb_q_reg[838],SDFFR_X1,6
i_frontend_i_btb_btb_q_reg[839],SDFFR_X1,6
i_frontend_i_btb_btb_q_reg[840],SDFFR_X1,6
i_frontend_i_btb_btb_q_reg[841],SDFFR_X1,6
i_frontend_i_btb_btb_q_reg[842],SDFFR_X1,6
i_frontend_i_btb_btb_q_reg[843],SDFFR_X1,6
i_frontend_i_btb_btb_q_reg[844],DFFR_X1,5
i_frontend_i_btb_btb_q_reg[845],SDFFR_X1,6
i_frontend_i_btb_btb_q_reg[846],SDFFR_X1,6
i_frontend_i_btb_btb_q_reg[847],SDFFR_X1,6
i_frontend_i_btb_btb_q_reg[848],SDFFR_X1,6
i_frontend_i_btb_btb_q_reg[849],SDFFR_X1,6
i_frontend_i_btb_btb_q_reg[850],SDFFR_X1,6
i_frontend_i_btb_btb_q_reg[851],SDFFR_X1,6
i_frontend_i_btb_btb_q_reg[852],SDFFR_X1,6
i_frontend_i_btb_btb_q_reg[853],SDFFR_X1,6
i_frontend_i_btb_btb_q_reg[854],SDFFR_X1,6
i_frontend_i_btb_btb_q_reg[855],SDFFR_X1,6
i_frontend_i_btb_btb_q_reg[856],SDFFR_X1,6
i_frontend_i_btb_btb_q_reg[857],SDFFR_X1,6
i_frontend_i_btb_btb_q_reg[858],SDFFR_X1,6
i_frontend_i_btb_btb_q_reg[859],SDFFR_X1,6
i_frontend_i_btb_btb_q_reg[860],SDFFR_X1,6
i_frontend_i_btb_btb_q_reg[861],SDFFR_X1,6
i_frontend_i_btb_btb_q_reg[862],SDFFR_X1,6
i_frontend_i_btb_btb_q_reg[863],SDFFR_X1,6
i_frontend_i_btb_btb_q_reg[864],SDFFR_X1,6
i_frontend_i_btb_btb_q_reg[865],SDFFR_X1,6
i_frontend_i_btb_btb_q_reg[866],SDFFR_X1,6
i_frontend_i_btb_btb_q_reg[867],SDFFR_X1,6
i_frontend_i_btb_btb_q_reg[868],SDFFR_X1,6
i_frontend_i_btb_btb_q_reg[869],SDFFR_X1,6
i_frontend_i_btb_btb_q_reg[870],SDFFR_X1,6
i_frontend_i_btb_btb_q_reg[871],SDFFR_X1,6
i_frontend_i_btb_btb_q_reg[872],SDFFR_X1,6
i_frontend_i_btb_btb_q_reg[873],SDFFR_X1,6
i_frontend_i_btb_btb_q_reg[874],SDFFR_X1,6
i_frontend_i_btb_btb_q_reg[875],SDFFR_X1,6
i_frontend_i_btb_btb_q_reg[876],SDFFR_X1,6
i_frontend_i_btb_btb_q_reg[877],SDFFR_X1,6
i_frontend_i_btb_btb_q_reg[878],SDFFR_X1,6
i_frontend_i_btb_btb_q_reg[879],SDFFR_X1,6
i_frontend_i_btb_btb_q_reg[880],SDFFR_X1,6
i_frontend_i_btb_btb_q_reg[881],SDFFR_X1,6
i_frontend_i_btb_btb_q_reg[882],SDFFR_X1,6
i_frontend_i_btb_btb_q_reg[883],SDFFR_X1,6
i_frontend_i_btb_btb_q_reg[884],SDFFR_X1,6
i_frontend_i_btb_btb_q_reg[885],SDFFR_X1,6
i_frontend_i_btb_btb_q_reg[886],SDFFR_X1,6
i_frontend_i_btb_btb_q_reg[887],SDFFR_X1,6
i_frontend_i_btb_btb_q_reg[888],SDFFR_X1,6
i_frontend_i_btb_btb_q_reg[889],SDFFR_X1,6
i_frontend_i_btb_btb_q_reg[890],SDFFR_X1,6
i_frontend_i_btb_btb_q_reg[891],SDFFR_X1,6
i_frontend_i_btb_btb_q_reg[892],SDFFR_X1,6
i_frontend_i_btb_btb_q_reg[893],SDFFR_X1,6
i_frontend_i_btb_btb_q_reg[894],SDFFR_X1,6
i_frontend_i_btb_btb_q_reg[895],SDFFR_X1,6
i_frontend_i_btb_btb_q_reg[896],SDFFR_X1,6
i_frontend_i_btb_btb_q_reg[897],SDFFR_X1,6
i_frontend_i_btb_btb_q_reg[898],SDFFR_X1,6
i_frontend_i_btb_btb_q_reg[899],SDFFR_X1,6
i_frontend_i_btb_btb_q_reg[900],SDFFR_X1,6
i_frontend_i_btb_btb_q_reg[901],SDFFR_X1,6
i_frontend_i_btb_btb_q_reg[902],SDFFR_X1,6
i_frontend_i_btb_btb_q_reg[903],SDFFR_X1,6
i_frontend_i_btb_btb_q_reg[904],SDFFR_X1,6
i_frontend_i_btb_btb_q_reg[905],SDFFR_X1,6
i_frontend_i_btb_btb_q_reg[906],SDFFR_X1,6
i_frontend_i_btb_btb_q_reg[907],SDFFR_X1,6
i_frontend_i_btb_btb_q_reg[908],SDFFR_X1,6
i_frontend_i_btb_btb_q_reg[909],DFFR_X1,5
i_frontend_i_btb_btb_q_reg[910],SDFFR_X1,6
i_frontend_i_btb_btb_q_reg[911],SDFFR_X1,6
i_frontend_i_btb_btb_q_reg[912],SDFFR_X1,6
i_frontend_i_btb_btb_q_reg[913],SDFFR_X1,6
i_frontend_i_btb_btb_q_reg[914],SDFFR_X1,6
i_frontend_i_btb_btb_q_reg[915],SDFFR_X1,6
i_frontend_i_btb_btb_q_reg[916],SDFFR_X1,6
i_frontend_i_btb_btb_q_reg[917],SDFFR_X1,6
i_frontend_i_btb_btb_q_reg[918],SDFFR_X1,6
i_frontend_i_btb_btb_q_reg[919],SDFFR_X1,6
i_frontend_i_btb_btb_q_reg[920],SDFFR_X1,6
i_frontend_i_btb_btb_q_reg[921],SDFFR_X1,6
i_frontend_i_btb_btb_q_reg[922],SDFFR_X1,6
i_frontend_i_btb_btb_q_reg[923],SDFFR_X1,6
i_frontend_i_btb_btb_q_reg[924],SDFFR_X1,6
i_frontend_i_btb_btb_q_reg[925],SDFFR_X1,6
i_frontend_i_btb_btb_q_reg[926],SDFFR_X1,6
i_frontend_i_btb_btb_q_reg[927],SDFFR_X1,6
i_frontend_i_btb_btb_q_reg[928],SDFFR_X1,6
i_frontend_i_btb_btb_q_reg[929],SDFFR_X1,6
i_frontend_i_btb_btb_q_reg[930],SDFFR_X1,6
i_frontend_i_btb_btb_q_reg[931],SDFFR_X1,6
i_frontend_i_btb_btb_q_reg[932],SDFFR_X1,6
i_frontend_i_btb_btb_q_reg[933],SDFFR_X1,6
i_frontend_i_btb_btb_q_reg[934],SDFFR_X1,6
i_frontend_i_btb_btb_q_reg[935],SDFFR_X1,6
i_frontend_i_btb_btb_q_reg[936],SDFFR_X1,6
i_frontend_i_btb_btb_q_reg[937],SDFFR_X1,6
i_frontend_i_btb_btb_q_reg[938],SDFFR_X1,6
i_frontend_i_btb_btb_q_reg[939],SDFFR_X1,6
i_frontend_i_btb_btb_q_reg[940],SDFFR_X1,6
i_frontend_i_btb_btb_q_reg[941],SDFFR_X1,6
i_frontend_i_btb_btb_q_reg[942],SDFFR_X1,6
i_frontend_i_btb_btb_q_reg[943],SDFFR_X1,6
i_frontend_i_btb_btb_q_reg[944],SDFFR_X1,6
i_frontend_i_btb_btb_q_reg[945],SDFFR_X1,6
i_frontend_i_btb_btb_q_reg[946],SDFFR_X1,6
i_frontend_i_btb_btb_q_reg[947],SDFFR_X1,6
i_frontend_i_btb_btb_q_reg[948],SDFFR_X1,6
i_frontend_i_btb_btb_q_reg[949],SDFFR_X1,6
i_frontend_i_btb_btb_q_reg[950],SDFFR_X1,6
i_frontend_i_btb_btb_q_reg[951],SDFFR_X1,6
i_frontend_i_btb_btb_q_reg[952],SDFFR_X1,6
i_frontend_i_btb_btb_q_reg[953],SDFFR_X1,6
i_frontend_i_btb_btb_q_reg[954],SDFFR_X1,6
i_frontend_i_btb_btb_q_reg[955],SDFFR_X1,6
i_frontend_i_btb_btb_q_reg[956],SDFFR_X1,6
i_frontend_i_btb_btb_q_reg[957],SDFFR_X1,6
i_frontend_i_btb_btb_q_reg[958],SDFFR_X1,6
i_frontend_i_btb_btb_q_reg[959],SDFFR_X1,6
i_frontend_i_btb_btb_q_reg[960],SDFFR_X1,6
i_frontend_i_btb_btb_q_reg[961],SDFFR_X1,6
i_frontend_i_btb_btb_q_reg[962],SDFFR_X1,6
i_frontend_i_btb_btb_q_reg[963],SDFFR_X1,6
i_frontend_i_btb_btb_q_reg[964],SDFFR_X1,6
i_frontend_i_btb_btb_q_reg[965],SDFFR_X1,6
i_frontend_i_btb_btb_q_reg[966],SDFFR_X1,6
i_frontend_i_btb_btb_q_reg[967],SDFFR_X1,6
i_frontend_i_btb_btb_q_reg[968],SDFFR_X1,6
i_frontend_i_btb_btb_q_reg[969],SDFFR_X1,6
i_frontend_i_btb_btb_q_reg[970],SDFFR_X1,6
i_frontend_i_btb_btb_q_reg[971],SDFFR_X1,6
i_frontend_i_btb_btb_q_reg[972],SDFFR_X1,6
i_frontend_i_btb_btb_q_reg[973],SDFFR_X1,6
i_frontend_i_btb_btb_q_reg[974],DFFR_X1,5
i_frontend_i_btb_btb_q_reg[975],SDFFR_X1,6
i_frontend_i_btb_btb_q_reg[976],SDFFR_X1,6
i_frontend_i_btb_btb_q_reg[977],SDFFR_X1,6
i_frontend_i_btb_btb_q_reg[978],SDFFR_X1,6
i_frontend_i_btb_btb_q_reg[979],SDFFR_X1,6
i_frontend_i_btb_btb_q_reg[980],SDFFR_X1,6
i_frontend_i_btb_btb_q_reg[981],SDFFR_X1,6
i_frontend_i_btb_btb_q_reg[982],SDFFR_X1,6
i_frontend_i_btb_btb_q_reg[983],SDFFR_X1,6
i_frontend_i_btb_btb_q_reg[984],SDFFR_X1,6
i_frontend_i_btb_btb_q_reg[985],SDFFR_X1,6
i_frontend_i_btb_btb_q_reg[986],SDFFR_X1,6
i_frontend_i_btb_btb_q_reg[987],SDFFR_X1,6
i_frontend_i_btb_btb_q_reg[988],SDFFR_X1,6
i_frontend_i_btb_btb_q_reg[989],SDFFR_X1,6
i_frontend_i_btb_btb_q_reg[990],SDFFR_X1,6
i_frontend_i_btb_btb_q_reg[991],SDFFR_X1,6
i_frontend_i_btb_btb_q_reg[992],SDFFR_X1,6
i_frontend_i_btb_btb_q_reg[993],SDFFR_X1,6
i_frontend_i_btb_btb_q_reg[994],SDFFR_X1,6
i_frontend_i_btb_btb_q_reg[995],SDFFR_X1,6
i_frontend_i_btb_btb_q_reg[996],SDFFR_X1,6
i_frontend_i_btb_btb_q_reg[997],SDFFR_X1,6
i_frontend_i_btb_btb_q_reg[998],SDFFR_X1,6
i_frontend_i_btb_btb_q_reg[999],SDFFR_X1,6
i_frontend_i_btb_btb_q_reg[1000],SDFFR_X1,6
i_frontend_i_btb_btb_q_reg[1001],SDFFR_X1,6
i_frontend_i_btb_btb_q_reg[1002],SDFFR_X1,6
i_frontend_i_btb_btb_q_reg[1003],SDFFR_X1,6
i_frontend_i_btb_btb_q_reg[1004],SDFFR_X1,6
i_frontend_i_btb_btb_q_reg[1005],SDFFR_X1,6
i_frontend_i_btb_btb_q_reg[1006],SDFFR_X1,6
i_frontend_i_btb_btb_q_reg[1007],SDFFR_X1,6
i_frontend_i_btb_btb_q_reg[1008],SDFFR_X1,6
i_frontend_i_btb_btb_q_reg[1009],SDFFR_X1,6
i_frontend_i_btb_btb_q_reg[1010],SDFFR_X1,6
i_frontend_i_btb_btb_q_reg[1011],SDFFR_X1,6
i_frontend_i_btb_btb_q_reg[1012],SDFFR_X1,6
i_frontend_i_btb_btb_q_reg[1013],SDFFR_X1,6
i_frontend_i_btb_btb_q_reg[1014],SDFFR_X1,6
i_frontend_i_btb_btb_q_reg[1015],SDFFR_X1,6
i_frontend_i_btb_btb_q_reg[1016],SDFFR_X1,6
i_frontend_i_btb_btb_q_reg[1017],SDFFR_X1,6
i_frontend_i_btb_btb_q_reg[1018],SDFFR_X1,6
i_frontend_i_btb_btb_q_reg[1019],SDFFR_X1,6
i_frontend_i_btb_btb_q_reg[1020],SDFFR_X1,6
i_frontend_i_btb_btb_q_reg[1021],SDFFR_X1,6
i_frontend_i_btb_btb_q_reg[1022],SDFFR_X1,6
i_frontend_i_btb_btb_q_reg[1023],SDFFR_X1,6
i_frontend_i_btb_btb_q_reg[1024],SDFFR_X1,6
i_frontend_i_btb_btb_q_reg[1025],SDFFR_X1,6
i_frontend_i_btb_btb_q_reg[1026],SDFFR_X1,6
i_frontend_i_btb_btb_q_reg[1027],SDFFR_X1,6
i_frontend_i_btb_btb_q_reg[1028],SDFFR_X1,6
i_frontend_i_btb_btb_q_reg[1029],SDFFR_X1,6
i_frontend_i_btb_btb_q_reg[1030],SDFFR_X1,6
i_frontend_i_btb_btb_q_reg[1031],SDFFR_X1,6
i_frontend_i_btb_btb_q_reg[1032],SDFFR_X1,6
i_frontend_i_btb_btb_q_reg[1033],SDFFR_X1,6
i_frontend_i_btb_btb_q_reg[1034],SDFFR_X1,6
i_frontend_i_btb_btb_q_reg[1035],SDFFR_X1,6
i_frontend_i_btb_btb_q_reg[1036],SDFFR_X1,6
i_frontend_i_btb_btb_q_reg[1037],SDFFR_X1,6
i_frontend_i_btb_btb_q_reg[1038],SDFFR_X1,6
i_frontend_i_btb_btb_q_reg[1039],DFFR_X1,5
i_frontend_i_btb_btb_q_reg[1040],SDFFR_X1,6
i_frontend_i_btb_btb_q_reg[1041],SDFFR_X1,6
i_frontend_i_btb_btb_q_reg[1042],SDFFR_X1,6
i_frontend_i_btb_btb_q_reg[1043],SDFFR_X1,6
i_frontend_i_btb_btb_q_reg[1044],SDFFR_X1,6
i_frontend_i_btb_btb_q_reg[1045],SDFFR_X1,6
i_frontend_i_btb_btb_q_reg[1046],SDFFR_X1,6
i_frontend_i_btb_btb_q_reg[1047],SDFFR_X1,6
i_frontend_i_btb_btb_q_reg[1048],SDFFR_X1,6
i_frontend_i_btb_btb_q_reg[1049],SDFFR_X1,6
i_frontend_i_btb_btb_q_reg[1050],SDFFR_X1,6
i_frontend_i_btb_btb_q_reg[1051],SDFFR_X1,6
i_frontend_i_btb_btb_q_reg[1052],SDFFR_X1,6
i_frontend_i_btb_btb_q_reg[1053],SDFFR_X1,6
i_frontend_i_btb_btb_q_reg[1054],SDFFR_X1,6
i_frontend_i_btb_btb_q_reg[1055],SDFFR_X1,6
i_frontend_i_btb_btb_q_reg[1056],SDFFR_X1,6
i_frontend_i_btb_btb_q_reg[1057],SDFFR_X1,6
i_frontend_i_btb_btb_q_reg[1058],SDFFR_X1,6
i_frontend_i_btb_btb_q_reg[1059],SDFFR_X1,6
i_frontend_i_btb_btb_q_reg[1060],SDFFR_X1,6
i_frontend_i_btb_btb_q_reg[1061],SDFFR_X1,6
i_frontend_i_btb_btb_q_reg[1062],SDFFR_X1,6
i_frontend_i_btb_btb_q_reg[1063],SDFFR_X1,6
i_frontend_i_btb_btb_q_reg[1064],SDFFR_X1,6
i_frontend_i_btb_btb_q_reg[1065],SDFFR_X1,6
i_frontend_i_btb_btb_q_reg[1066],SDFFR_X1,6
i_frontend_i_btb_btb_q_reg[1067],SDFFR_X1,6
i_frontend_i_btb_btb_q_reg[1068],SDFFR_X1,6
i_frontend_i_btb_btb_q_reg[1069],SDFFR_X1,6
i_frontend_i_btb_btb_q_reg[1070],SDFFR_X1,6
i_frontend_i_btb_btb_q_reg[1071],SDFFR_X1,6
i_frontend_i_btb_btb_q_reg[1072],SDFFR_X1,6
i_frontend_i_btb_btb_q_reg[1073],SDFFR_X1,6
i_frontend_i_btb_btb_q_reg[1074],SDFFR_X1,6
i_frontend_i_btb_btb_q_reg[1075],SDFFR_X1,6
i_frontend_i_btb_btb_q_reg[1076],SDFFR_X1,6
i_frontend_i_btb_btb_q_reg[1077],SDFFR_X1,6
i_frontend_i_btb_btb_q_reg[1078],SDFFR_X1,6
i_frontend_i_btb_btb_q_reg[1079],SDFFR_X1,6
i_frontend_i_btb_btb_q_reg[1080],SDFFR_X1,6
i_frontend_i_btb_btb_q_reg[1081],SDFFR_X1,6
i_frontend_i_btb_btb_q_reg[1082],SDFFR_X1,6
i_frontend_i_btb_btb_q_reg[1083],SDFFR_X1,6
i_frontend_i_btb_btb_q_reg[1084],SDFFR_X1,6
i_frontend_i_btb_btb_q_reg[1085],SDFFR_X1,6
i_frontend_i_btb_btb_q_reg[1086],SDFFR_X1,6
i_frontend_i_btb_btb_q_reg[1087],SDFFR_X1,6
i_frontend_i_btb_btb_q_reg[1088],SDFFR_X1,6
i_frontend_i_btb_btb_q_reg[1089],SDFFR_X1,6
i_frontend_i_btb_btb_q_reg[1090],SDFFR_X1,6
i_frontend_i_btb_btb_q_reg[1091],SDFFR_X1,6
i_frontend_i_btb_btb_q_reg[1092],SDFFR_X1,6
i_frontend_i_btb_btb_q_reg[1093],SDFFR_X1,6
i_frontend_i_btb_btb_q_reg[1094],SDFFR_X1,6
i_frontend_i_btb_btb_q_reg[1095],SDFFR_X1,6
i_frontend_i_btb_btb_q_reg[1096],SDFFR_X1,6
i_frontend_i_btb_btb_q_reg[1097],SDFFR_X1,6
i_frontend_i_btb_btb_q_reg[1098],SDFFR_X1,6
i_frontend_i_btb_btb_q_reg[1099],SDFFR_X1,6
i_frontend_i_btb_btb_q_reg[1100],SDFFR_X1,6
i_frontend_i_btb_btb_q_reg[1101],SDFFR_X1,6
i_frontend_i_btb_btb_q_reg[1102],SDFFR_X1,6
i_frontend_i_btb_btb_q_reg[1103],SDFFR_X1,6
i_frontend_i_btb_btb_q_reg[1104],DFFR_X1,5
i_frontend_i_btb_btb_q_reg[1105],SDFFR_X1,6
i_frontend_i_btb_btb_q_reg[1106],SDFFR_X1,6
i_frontend_i_btb_btb_q_reg[1107],SDFFR_X1,6
i_frontend_i_btb_btb_q_reg[1108],SDFFR_X1,6
i_frontend_i_btb_btb_q_reg[1109],SDFFR_X1,6
i_frontend_i_btb_btb_q_reg[1110],SDFFR_X1,6
i_frontend_i_btb_btb_q_reg[1111],SDFFR_X1,6
i_frontend_i_btb_btb_q_reg[1112],SDFFR_X1,6
i_frontend_i_btb_btb_q_reg[1113],SDFFR_X1,6
i_frontend_i_btb_btb_q_reg[1114],SDFFR_X1,6
i_frontend_i_btb_btb_q_reg[1115],SDFFR_X1,6
i_frontend_i_btb_btb_q_reg[1116],SDFFR_X1,6
i_frontend_i_btb_btb_q_reg[1117],SDFFR_X1,6
i_frontend_i_btb_btb_q_reg[1118],SDFFR_X1,6
i_frontend_i_btb_btb_q_reg[1119],SDFFR_X1,6
i_frontend_i_btb_btb_q_reg[1120],SDFFR_X1,6
i_frontend_i_btb_btb_q_reg[1121],SDFFR_X1,6
i_frontend_i_btb_btb_q_reg[1122],SDFFR_X1,6
i_frontend_i_btb_btb_q_reg[1123],SDFFR_X1,6
i_frontend_i_btb_btb_q_reg[1124],SDFFR_X1,6
i_frontend_i_btb_btb_q_reg[1125],SDFFR_X1,6
i_frontend_i_btb_btb_q_reg[1126],SDFFR_X1,6
i_frontend_i_btb_btb_q_reg[1127],SDFFR_X1,6
i_frontend_i_btb_btb_q_reg[1128],SDFFR_X1,6
i_frontend_i_btb_btb_q_reg[1129],SDFFR_X1,6
i_frontend_i_btb_btb_q_reg[1130],SDFFR_X1,6
i_frontend_i_btb_btb_q_reg[1131],SDFFR_X1,6
i_frontend_i_btb_btb_q_reg[1132],SDFFR_X1,6
i_frontend_i_btb_btb_q_reg[1133],SDFFR_X1,6
i_frontend_i_btb_btb_q_reg[1134],SDFFR_X1,6
i_frontend_i_btb_btb_q_reg[1135],SDFFR_X1,6
i_frontend_i_btb_btb_q_reg[1136],SDFFR_X1,6
i_frontend_i_btb_btb_q_reg[1137],SDFFR_X1,6
i_frontend_i_btb_btb_q_reg[1138],SDFFR_X1,6
i_frontend_i_btb_btb_q_reg[1139],SDFFR_X1,6
i_frontend_i_btb_btb_q_reg[1140],SDFFR_X1,6
i_frontend_i_btb_btb_q_reg[1141],SDFFR_X1,6
i_frontend_i_btb_btb_q_reg[1142],SDFFR_X1,6
i_frontend_i_btb_btb_q_reg[1143],SDFFR_X1,6
i_frontend_i_btb_btb_q_reg[1144],SDFFR_X1,6
i_frontend_i_btb_btb_q_reg[1145],SDFFR_X1,6
i_frontend_i_btb_btb_q_reg[1146],SDFFR_X1,6
i_frontend_i_btb_btb_q_reg[1147],SDFFR_X1,6
i_frontend_i_btb_btb_q_reg[1148],SDFFR_X1,6
i_frontend_i_btb_btb_q_reg[1149],SDFFR_X1,6
i_frontend_i_btb_btb_q_reg[1150],SDFFR_X1,6
i_frontend_i_btb_btb_q_reg[1151],SDFFR_X1,6
i_frontend_i_btb_btb_q_reg[1152],SDFFR_X1,6
i_frontend_i_btb_btb_q_reg[1153],SDFFR_X1,6
i_frontend_i_btb_btb_q_reg[1154],SDFFR_X1,6
i_frontend_i_btb_btb_q_reg[1155],SDFFR_X1,6
i_frontend_i_btb_btb_q_reg[1156],SDFFR_X1,6
i_frontend_i_btb_btb_q_reg[1157],SDFFR_X1,6
i_frontend_i_btb_btb_q_reg[1158],SDFFR_X1,6
i_frontend_i_btb_btb_q_reg[1159],SDFFR_X1,6
i_frontend_i_btb_btb_q_reg[1160],SDFFR_X1,6
i_frontend_i_btb_btb_q_reg[1161],SDFFR_X1,6
i_frontend_i_btb_btb_q_reg[1162],SDFFR_X1,6
i_frontend_i_btb_btb_q_reg[1163],SDFFR_X1,6
i_frontend_i_btb_btb_q_reg[1164],SDFFR_X1,6
i_frontend_i_btb_btb_q_reg[1165],SDFFR_X1,6
i_frontend_i_btb_btb_q_reg[1166],SDFFR_X1,6
i_frontend_i_btb_btb_q_reg[1167],SDFFR_X1,6
i_frontend_i_btb_btb_q_reg[1168],SDFFR_X1,6
i_frontend_i_btb_btb_q_reg[1169],DFFR_X1,5
i_frontend_i_btb_btb_q_reg[1170],SDFFR_X1,6
i_frontend_i_btb_btb_q_reg[1171],SDFFR_X1,6
i_frontend_i_btb_btb_q_reg[1172],SDFFR_X1,6
i_frontend_i_btb_btb_q_reg[1173],SDFFR_X1,6
i_frontend_i_btb_btb_q_reg[1174],SDFFR_X1,6
i_frontend_i_btb_btb_q_reg[1175],SDFFR_X1,6
i_frontend_i_btb_btb_q_reg[1176],SDFFR_X1,6
i_frontend_i_btb_btb_q_reg[1177],SDFFR_X1,6
i_frontend_i_btb_btb_q_reg[1178],SDFFR_X1,6
i_frontend_i_btb_btb_q_reg[1179],SDFFR_X1,6
i_frontend_i_btb_btb_q_reg[1180],SDFFR_X1,6
i_frontend_i_btb_btb_q_reg[1181],SDFFR_X1,6
i_frontend_i_btb_btb_q_reg[1182],SDFFR_X1,6
i_frontend_i_btb_btb_q_reg[1183],SDFFR_X1,6
i_frontend_i_btb_btb_q_reg[1184],SDFFR_X1,6
i_frontend_i_btb_btb_q_reg[1185],SDFFR_X1,6
i_frontend_i_btb_btb_q_reg[1186],SDFFR_X1,6
i_frontend_i_btb_btb_q_reg[1187],SDFFR_X1,6
i_frontend_i_btb_btb_q_reg[1188],SDFFR_X1,6
i_frontend_i_btb_btb_q_reg[1189],SDFFR_X1,6
i_frontend_i_btb_btb_q_reg[1190],SDFFR_X1,6
i_frontend_i_btb_btb_q_reg[1191],SDFFR_X1,6
i_frontend_i_btb_btb_q_reg[1192],SDFFR_X1,6
i_frontend_i_btb_btb_q_reg[1193],SDFFR_X1,6
i_frontend_i_btb_btb_q_reg[1194],SDFFR_X1,6
i_frontend_i_btb_btb_q_reg[1195],SDFFR_X1,6
i_frontend_i_btb_btb_q_reg[1196],SDFFR_X1,6
i_frontend_i_btb_btb_q_reg[1197],SDFFR_X1,6
i_frontend_i_btb_btb_q_reg[1198],SDFFR_X1,6
i_frontend_i_btb_btb_q_reg[1199],SDFFR_X1,6
i_frontend_i_btb_btb_q_reg[1200],SDFFR_X1,6
i_frontend_i_btb_btb_q_reg[1201],SDFFR_X1,6
i_frontend_i_btb_btb_q_reg[1202],SDFFR_X1,6
i_frontend_i_btb_btb_q_reg[1203],SDFFR_X1,6
i_frontend_i_btb_btb_q_reg[1204],SDFFR_X1,6
i_frontend_i_btb_btb_q_reg[1205],SDFFR_X1,6
i_frontend_i_btb_btb_q_reg[1206],SDFFR_X1,6
i_frontend_i_btb_btb_q_reg[1207],SDFFR_X1,6
i_frontend_i_btb_btb_q_reg[1208],SDFFR_X1,6
i_frontend_i_btb_btb_q_reg[1209],SDFFR_X1,6
i_frontend_i_btb_btb_q_reg[1210],SDFFR_X1,6
i_frontend_i_btb_btb_q_reg[1211],SDFFR_X1,6
i_frontend_i_btb_btb_q_reg[1212],SDFFR_X1,6
i_frontend_i_btb_btb_q_reg[1213],SDFFR_X1,6
i_frontend_i_btb_btb_q_reg[1214],SDFFR_X1,6
i_frontend_i_btb_btb_q_reg[1215],SDFFR_X1,6
i_frontend_i_btb_btb_q_reg[1216],SDFFR_X1,6
i_frontend_i_btb_btb_q_reg[1217],SDFFR_X1,6
i_frontend_i_btb_btb_q_reg[1218],SDFFR_X1,6
i_frontend_i_btb_btb_q_reg[1219],SDFFR_X1,6
i_frontend_i_btb_btb_q_reg[1220],SDFFR_X1,6
i_frontend_i_btb_btb_q_reg[1221],SDFFR_X1,6
i_frontend_i_btb_btb_q_reg[1222],SDFFR_X1,6
i_frontend_i_btb_btb_q_reg[1223],SDFFR_X1,6
i_frontend_i_btb_btb_q_reg[1224],SDFFR_X1,6
i_frontend_i_btb_btb_q_reg[1225],SDFFR_X1,6
i_frontend_i_btb_btb_q_reg[1226],SDFFR_X1,6
i_frontend_i_btb_btb_q_reg[1227],SDFFR_X1,6
i_frontend_i_btb_btb_q_reg[1228],SDFFR_X1,6
i_frontend_i_btb_btb_q_reg[1229],SDFFR_X1,6
i_frontend_i_btb_btb_q_reg[1230],SDFFR_X1,6
i_frontend_i_btb_btb_q_reg[1231],SDFFR_X1,6
i_frontend_i_btb_btb_q_reg[1232],SDFFR_X1,6
i_frontend_i_btb_btb_q_reg[1233],SDFFR_X1,6
i_frontend_i_btb_btb_q_reg[1234],DFFR_X1,5
i_frontend_i_btb_btb_q_reg[1235],SDFFR_X1,6
i_frontend_i_btb_btb_q_reg[1236],SDFFR_X1,6
i_frontend_i_btb_btb_q_reg[1237],SDFFR_X1,6
i_frontend_i_btb_btb_q_reg[1238],SDFFR_X1,6
i_frontend_i_btb_btb_q_reg[1239],SDFFR_X1,6
i_frontend_i_btb_btb_q_reg[1240],SDFFR_X1,6
i_frontend_i_btb_btb_q_reg[1241],SDFFR_X1,6
i_frontend_i_btb_btb_q_reg[1242],SDFFR_X1,6
i_frontend_i_btb_btb_q_reg[1243],SDFFR_X1,6
i_frontend_i_btb_btb_q_reg[1244],SDFFR_X1,6
i_frontend_i_btb_btb_q_reg[1245],SDFFR_X1,6
i_frontend_i_btb_btb_q_reg[1246],SDFFR_X1,6
i_frontend_i_btb_btb_q_reg[1247],SDFFR_X1,6
i_frontend_i_btb_btb_q_reg[1248],SDFFR_X1,6
i_frontend_i_btb_btb_q_reg[1249],SDFFR_X1,6
i_frontend_i_btb_btb_q_reg[1250],SDFFR_X1,6
i_frontend_i_btb_btb_q_reg[1251],SDFFR_X1,6
i_frontend_i_btb_btb_q_reg[1252],SDFFR_X1,6
i_frontend_i_btb_btb_q_reg[1253],SDFFR_X1,6
i_frontend_i_btb_btb_q_reg[1254],SDFFR_X1,6
i_frontend_i_btb_btb_q_reg[1255],SDFFR_X1,6
i_frontend_i_btb_btb_q_reg[1256],SDFFR_X1,6
i_frontend_i_btb_btb_q_reg[1257],SDFFR_X1,6
i_frontend_i_btb_btb_q_reg[1258],SDFFR_X1,6
i_frontend_i_btb_btb_q_reg[1259],SDFFR_X1,6
i_frontend_i_btb_btb_q_reg[1260],SDFFR_X1,6
i_frontend_i_btb_btb_q_reg[1261],SDFFR_X1,6
i_frontend_i_btb_btb_q_reg[1262],SDFFR_X1,6
i_frontend_i_btb_btb_q_reg[1263],SDFFR_X1,6
i_frontend_i_btb_btb_q_reg[1264],SDFFR_X1,6
i_frontend_i_btb_btb_q_reg[1265],SDFFR_X1,6
i_frontend_i_btb_btb_q_reg[1266],SDFFR_X1,6
i_frontend_i_btb_btb_q_reg[1267],SDFFR_X1,6
i_frontend_i_btb_btb_q_reg[1268],SDFFR_X1,6
i_frontend_i_btb_btb_q_reg[1269],SDFFR_X1,6
i_frontend_i_btb_btb_q_reg[1270],SDFFR_X1,6
i_frontend_i_btb_btb_q_reg[1271],SDFFR_X1,6
i_frontend_i_btb_btb_q_reg[1272],SDFFR_X1,6
i_frontend_i_btb_btb_q_reg[1273],SDFFR_X1,6
i_frontend_i_btb_btb_q_reg[1274],SDFFR_X1,6
i_frontend_i_btb_btb_q_reg[1275],SDFFR_X1,6
i_frontend_i_btb_btb_q_reg[1276],SDFFR_X1,6
i_frontend_i_btb_btb_q_reg[1277],SDFFR_X1,6
i_frontend_i_btb_btb_q_reg[1278],SDFFR_X1,6
i_frontend_i_btb_btb_q_reg[1279],SDFFR_X1,6
i_frontend_i_btb_btb_q_reg[1280],SDFFR_X1,6
i_frontend_i_btb_btb_q_reg[1281],SDFFR_X1,6
i_frontend_i_btb_btb_q_reg[1282],SDFFR_X1,6
i_frontend_i_btb_btb_q_reg[1283],SDFFR_X1,6
i_frontend_i_btb_btb_q_reg[1284],SDFFR_X1,6
i_frontend_i_btb_btb_q_reg[1285],SDFFR_X1,6
i_frontend_i_btb_btb_q_reg[1286],SDFFR_X1,6
i_frontend_i_btb_btb_q_reg[1287],SDFFR_X1,6
i_frontend_i_btb_btb_q_reg[1288],SDFFR_X1,6
i_frontend_i_btb_btb_q_reg[1289],SDFFR_X1,6
i_frontend_i_btb_btb_q_reg[1290],SDFFR_X1,6
i_frontend_i_btb_btb_q_reg[1291],SDFFR_X1,6
i_frontend_i_btb_btb_q_reg[1292],SDFFR_X1,6
i_frontend_i_btb_btb_q_reg[1293],SDFFR_X1,6
i_frontend_i_btb_btb_q_reg[1294],SDFFR_X1,6
i_frontend_i_btb_btb_q_reg[1295],SDFFR_X1,6
i_frontend_i_btb_btb_q_reg[1296],SDFFR_X1,6
i_frontend_i_btb_btb_q_reg[1297],SDFFR_X1,6
i_frontend_i_btb_btb_q_reg[1298],SDFFR_X1,6
i_frontend_i_btb_btb_q_reg[1299],DFFR_X1,5
i_frontend_i_btb_btb_q_reg[1300],SDFFR_X1,6
i_frontend_i_btb_btb_q_reg[1301],SDFFR_X1,6
i_frontend_i_btb_btb_q_reg[1302],SDFFR_X1,6
i_frontend_i_btb_btb_q_reg[1303],SDFFR_X1,6
i_frontend_i_btb_btb_q_reg[1304],SDFFR_X1,6
i_frontend_i_btb_btb_q_reg[1305],SDFFR_X1,6
i_frontend_i_btb_btb_q_reg[1306],SDFFR_X1,6
i_frontend_i_btb_btb_q_reg[1307],SDFFR_X1,6
i_frontend_i_btb_btb_q_reg[1308],SDFFR_X1,6
i_frontend_i_btb_btb_q_reg[1309],SDFFR_X1,6
i_frontend_i_btb_btb_q_reg[1310],SDFFR_X1,6
i_frontend_i_btb_btb_q_reg[1311],SDFFR_X1,6
i_frontend_i_btb_btb_q_reg[1312],SDFFR_X1,6
i_frontend_i_btb_btb_q_reg[1313],SDFFR_X1,6
i_frontend_i_btb_btb_q_reg[1314],SDFFR_X1,6
i_frontend_i_btb_btb_q_reg[1315],SDFFR_X1,6
i_frontend_i_btb_btb_q_reg[1316],SDFFR_X1,6
i_frontend_i_btb_btb_q_reg[1317],SDFFR_X1,6
i_frontend_i_btb_btb_q_reg[1318],SDFFR_X1,6
i_frontend_i_btb_btb_q_reg[1319],SDFFR_X1,6
i_frontend_i_btb_btb_q_reg[1320],SDFFR_X1,6
i_frontend_i_btb_btb_q_reg[1321],SDFFR_X1,6
i_frontend_i_btb_btb_q_reg[1322],SDFFR_X1,6
i_frontend_i_btb_btb_q_reg[1323],SDFFR_X1,6
i_frontend_i_btb_btb_q_reg[1324],SDFFR_X1,6
i_frontend_i_btb_btb_q_reg[1325],SDFFR_X1,6
i_frontend_i_btb_btb_q_reg[1326],SDFFR_X1,6
i_frontend_i_btb_btb_q_reg[1327],SDFFR_X1,6
i_frontend_i_btb_btb_q_reg[1328],SDFFR_X1,6
i_frontend_i_btb_btb_q_reg[1329],SDFFR_X1,6
i_frontend_i_btb_btb_q_reg[1330],SDFFR_X1,6
i_frontend_i_btb_btb_q_reg[1331],SDFFR_X1,6
i_frontend_i_btb_btb_q_reg[1332],SDFFR_X1,6
i_frontend_i_btb_btb_q_reg[1333],SDFFR_X1,6
i_frontend_i_btb_btb_q_reg[1334],SDFFR_X1,6
i_frontend_i_btb_btb_q_reg[1335],SDFFR_X1,6
i_frontend_i_btb_btb_q_reg[1336],SDFFR_X1,6
i_frontend_i_btb_btb_q_reg[1337],SDFFR_X1,6
i_frontend_i_btb_btb_q_reg[1338],SDFFR_X1,6
i_frontend_i_btb_btb_q_reg[1339],SDFFR_X1,6
i_frontend_i_btb_btb_q_reg[1340],SDFFR_X1,6
i_frontend_i_btb_btb_q_reg[1341],SDFFR_X1,6
i_frontend_i_btb_btb_q_reg[1342],SDFFR_X1,6
i_frontend_i_btb_btb_q_reg[1343],SDFFR_X1,6
i_frontend_i_btb_btb_q_reg[1344],SDFFR_X1,6
i_frontend_i_btb_btb_q_reg[1345],SDFFR_X1,6
i_frontend_i_btb_btb_q_reg[1346],SDFFR_X1,6
i_frontend_i_btb_btb_q_reg[1347],SDFFR_X1,6
i_frontend_i_btb_btb_q_reg[1348],SDFFR_X1,6
i_frontend_i_btb_btb_q_reg[1349],SDFFR_X1,6
i_frontend_i_btb_btb_q_reg[1350],SDFFR_X1,6
i_frontend_i_btb_btb_q_reg[1351],SDFFR_X1,6
i_frontend_i_btb_btb_q_reg[1352],SDFFR_X1,6
i_frontend_i_btb_btb_q_reg[1353],SDFFR_X1,6
i_frontend_i_btb_btb_q_reg[1354],SDFFR_X1,6
i_frontend_i_btb_btb_q_reg[1355],SDFFR_X1,6
i_frontend_i_btb_btb_q_reg[1356],SDFFR_X1,6
i_frontend_i_btb_btb_q_reg[1357],SDFFR_X1,6
i_frontend_i_btb_btb_q_reg[1358],SDFFR_X1,6
i_frontend_i_btb_btb_q_reg[1359],SDFFR_X1,6
i_frontend_i_btb_btb_q_reg[1360],SDFFR_X1,6
i_frontend_i_btb_btb_q_reg[1361],SDFFR_X1,6
i_frontend_i_btb_btb_q_reg[1362],SDFFR_X1,6
i_frontend_i_btb_btb_q_reg[1363],SDFFR_X1,6
i_frontend_i_btb_btb_q_reg[1364],DFFR_X1,5
i_frontend_i_btb_btb_q_reg[1365],SDFFR_X1,6
i_frontend_i_btb_btb_q_reg[1366],SDFFR_X1,6
i_frontend_i_btb_btb_q_reg[1367],SDFFR_X1,6
i_frontend_i_btb_btb_q_reg[1368],SDFFR_X1,6
i_frontend_i_btb_btb_q_reg[1369],SDFFR_X1,6
i_frontend_i_btb_btb_q_reg[1370],SDFFR_X1,6
i_frontend_i_btb_btb_q_reg[1371],SDFFR_X1,6
i_frontend_i_btb_btb_q_reg[1372],SDFFR_X1,6
i_frontend_i_btb_btb_q_reg[1373],SDFFR_X1,6
i_frontend_i_btb_btb_q_reg[1374],SDFFR_X1,6
i_frontend_i_btb_btb_q_reg[1375],SDFFR_X1,6
i_frontend_i_btb_btb_q_reg[1376],SDFFR_X1,6
i_frontend_i_btb_btb_q_reg[1377],SDFFR_X1,6
i_frontend_i_btb_btb_q_reg[1378],SDFFR_X1,6
i_frontend_i_btb_btb_q_reg[1379],SDFFR_X1,6
i_frontend_i_btb_btb_q_reg[1380],SDFFR_X1,6
i_frontend_i_btb_btb_q_reg[1381],SDFFR_X1,6
i_frontend_i_btb_btb_q_reg[1382],SDFFR_X1,6
i_frontend_i_btb_btb_q_reg[1383],SDFFR_X1,6
i_frontend_i_btb_btb_q_reg[1384],SDFFR_X1,6
i_frontend_i_btb_btb_q_reg[1385],SDFFR_X1,6
i_frontend_i_btb_btb_q_reg[1386],SDFFR_X1,6
i_frontend_i_btb_btb_q_reg[1387],SDFFR_X1,6
i_frontend_i_btb_btb_q_reg[1388],SDFFR_X1,6
i_frontend_i_btb_btb_q_reg[1389],SDFFR_X1,6
i_frontend_i_btb_btb_q_reg[1390],SDFFR_X1,6
i_frontend_i_btb_btb_q_reg[1391],SDFFR_X1,6
i_frontend_i_btb_btb_q_reg[1392],SDFFR_X1,6
i_frontend_i_btb_btb_q_reg[1393],SDFFR_X1,6
i_frontend_i_btb_btb_q_reg[1394],SDFFR_X1,6
i_frontend_i_btb_btb_q_reg[1395],SDFFR_X1,6
i_frontend_i_btb_btb_q_reg[1396],SDFFR_X1,6
i_frontend_i_btb_btb_q_reg[1397],SDFFR_X1,6
i_frontend_i_btb_btb_q_reg[1398],SDFFR_X1,6
i_frontend_i_btb_btb_q_reg[1399],SDFFR_X1,6
i_frontend_i_btb_btb_q_reg[1400],SDFFR_X1,6
i_frontend_i_btb_btb_q_reg[1401],SDFFR_X1,6
i_frontend_i_btb_btb_q_reg[1402],SDFFR_X1,6
i_frontend_i_btb_btb_q_reg[1403],SDFFR_X1,6
i_frontend_i_btb_btb_q_reg[1404],SDFFR_X1,6
i_frontend_i_btb_btb_q_reg[1405],SDFFR_X1,6
i_frontend_i_btb_btb_q_reg[1406],SDFFR_X1,6
i_frontend_i_btb_btb_q_reg[1407],SDFFR_X1,6
i_frontend_i_btb_btb_q_reg[1408],SDFFR_X1,6
i_frontend_i_btb_btb_q_reg[1409],SDFFR_X1,6
i_frontend_i_btb_btb_q_reg[1410],SDFFR_X1,6
i_frontend_i_btb_btb_q_reg[1411],SDFFR_X1,6
i_frontend_i_btb_btb_q_reg[1412],SDFFR_X1,6
i_frontend_i_btb_btb_q_reg[1413],SDFFR_X1,6
i_frontend_i_btb_btb_q_reg[1414],SDFFR_X1,6
i_frontend_i_btb_btb_q_reg[1415],SDFFR_X1,6
i_frontend_i_btb_btb_q_reg[1416],SDFFR_X1,6
i_frontend_i_btb_btb_q_reg[1417],SDFFR_X1,6
i_frontend_i_btb_btb_q_reg[1418],SDFFR_X1,6
i_frontend_i_btb_btb_q_reg[1419],SDFFR_X1,6
i_frontend_i_btb_btb_q_reg[1420],SDFFR_X1,6
i_frontend_i_btb_btb_q_reg[1421],SDFFR_X1,6
i_frontend_i_btb_btb_q_reg[1422],SDFFR_X1,6
i_frontend_i_btb_btb_q_reg[1423],SDFFR_X1,6
i_frontend_i_btb_btb_q_reg[1424],SDFFR_X1,6
i_frontend_i_btb_btb_q_reg[1425],SDFFR_X1,6
i_frontend_i_btb_btb_q_reg[1426],SDFFR_X1,6
i_frontend_i_btb_btb_q_reg[1427],SDFFR_X1,6
i_frontend_i_btb_btb_q_reg[1428],SDFFR_X1,6
i_frontend_i_btb_btb_q_reg[1429],DFFR_X1,5
i_frontend_i_btb_btb_q_reg[1430],SDFFR_X1,6
i_frontend_i_btb_btb_q_reg[1431],SDFFR_X1,6
i_frontend_i_btb_btb_q_reg[1432],SDFFR_X1,6
i_frontend_i_btb_btb_q_reg[1433],SDFFR_X1,6
i_frontend_i_btb_btb_q_reg[1434],SDFFR_X1,6
i_frontend_i_btb_btb_q_reg[1435],SDFFR_X1,6
i_frontend_i_btb_btb_q_reg[1436],SDFFR_X1,6
i_frontend_i_btb_btb_q_reg[1437],SDFFR_X1,6
i_frontend_i_btb_btb_q_reg[1438],SDFFR_X1,6
i_frontend_i_btb_btb_q_reg[1439],SDFFR_X1,6
i_frontend_i_btb_btb_q_reg[1440],SDFFR_X1,6
i_frontend_i_btb_btb_q_reg[1441],SDFFR_X1,6
i_frontend_i_btb_btb_q_reg[1442],SDFFR_X1,6
i_frontend_i_btb_btb_q_reg[1443],SDFFR_X1,6
i_frontend_i_btb_btb_q_reg[1444],SDFFR_X1,6
i_frontend_i_btb_btb_q_reg[1445],SDFFR_X1,6
i_frontend_i_btb_btb_q_reg[1446],SDFFR_X1,6
i_frontend_i_btb_btb_q_reg[1447],SDFFR_X1,6
i_frontend_i_btb_btb_q_reg[1448],SDFFR_X1,6
i_frontend_i_btb_btb_q_reg[1449],SDFFR_X1,6
i_frontend_i_btb_btb_q_reg[1450],SDFFR_X1,6
i_frontend_i_btb_btb_q_reg[1451],SDFFR_X1,6
i_frontend_i_btb_btb_q_reg[1452],SDFFR_X1,6
i_frontend_i_btb_btb_q_reg[1453],SDFFR_X1,6
i_frontend_i_btb_btb_q_reg[1454],SDFFR_X1,6
i_frontend_i_btb_btb_q_reg[1455],SDFFR_X1,6
i_frontend_i_btb_btb_q_reg[1456],SDFFR_X1,6
i_frontend_i_btb_btb_q_reg[1457],SDFFR_X1,6
i_frontend_i_btb_btb_q_reg[1458],SDFFR_X1,6
i_frontend_i_btb_btb_q_reg[1459],SDFFR_X1,6
i_frontend_i_btb_btb_q_reg[1460],SDFFR_X1,6
i_frontend_i_btb_btb_q_reg[1461],SDFFR_X1,6
i_frontend_i_btb_btb_q_reg[1462],SDFFR_X1,6
i_frontend_i_btb_btb_q_reg[1463],SDFFR_X1,6
i_frontend_i_btb_btb_q_reg[1464],SDFFR_X1,6
i_frontend_i_btb_btb_q_reg[1465],SDFFR_X1,6
i_frontend_i_btb_btb_q_reg[1466],SDFFR_X1,6
i_frontend_i_btb_btb_q_reg[1467],SDFFR_X1,6
i_frontend_i_btb_btb_q_reg[1468],SDFFR_X1,6
i_frontend_i_btb_btb_q_reg[1469],SDFFR_X1,6
i_frontend_i_btb_btb_q_reg[1470],SDFFR_X1,6
i_frontend_i_btb_btb_q_reg[1471],SDFFR_X1,6
i_frontend_i_btb_btb_q_reg[1472],SDFFR_X1,6
i_frontend_i_btb_btb_q_reg[1473],SDFFR_X1,6
i_frontend_i_btb_btb_q_reg[1474],SDFFR_X1,6
i_frontend_i_btb_btb_q_reg[1475],SDFFR_X1,6
i_frontend_i_btb_btb_q_reg[1476],SDFFR_X1,6
i_frontend_i_btb_btb_q_reg[1477],SDFFR_X1,6
i_frontend_i_btb_btb_q_reg[1478],SDFFR_X1,6
i_frontend_i_btb_btb_q_reg[1479],SDFFR_X1,6
i_frontend_i_btb_btb_q_reg[1480],SDFFR_X1,6
i_frontend_i_btb_btb_q_reg[1481],SDFFR_X1,6
i_frontend_i_btb_btb_q_reg[1482],SDFFR_X1,6
i_frontend_i_btb_btb_q_reg[1483],SDFFR_X1,6
i_frontend_i_btb_btb_q_reg[1484],SDFFR_X1,6
i_frontend_i_btb_btb_q_reg[1485],SDFFR_X1,6
i_frontend_i_btb_btb_q_reg[1486],SDFFR_X1,6
i_frontend_i_btb_btb_q_reg[1487],SDFFR_X1,6
i_frontend_i_btb_btb_q_reg[1488],SDFFR_X1,6
i_frontend_i_btb_btb_q_reg[1489],SDFFR_X1,6
i_frontend_i_btb_btb_q_reg[1490],SDFFR_X1,6
i_frontend_i_btb_btb_q_reg[1491],SDFFR_X1,6
i_frontend_i_btb_btb_q_reg[1492],SDFFR_X1,6
i_frontend_i_btb_btb_q_reg[1493],SDFFR_X1,6
i_frontend_i_btb_btb_q_reg[1494],DFFR_X1,5
i_frontend_i_btb_btb_q_reg[1495],SDFFR_X1,6
i_frontend_i_btb_btb_q_reg[1496],SDFFR_X1,6
i_frontend_i_btb_btb_q_reg[1497],SDFFR_X1,6
i_frontend_i_btb_btb_q_reg[1498],SDFFR_X1,6
i_frontend_i_btb_btb_q_reg[1499],SDFFR_X1,6
i_frontend_i_btb_btb_q_reg[1500],SDFFR_X1,6
i_frontend_i_btb_btb_q_reg[1501],SDFFR_X1,6
i_frontend_i_btb_btb_q_reg[1502],SDFFR_X1,6
i_frontend_i_btb_btb_q_reg[1503],SDFFR_X1,6
i_frontend_i_btb_btb_q_reg[1504],SDFFR_X1,6
i_frontend_i_btb_btb_q_reg[1505],SDFFR_X1,6
i_frontend_i_btb_btb_q_reg[1506],SDFFR_X1,6
i_frontend_i_btb_btb_q_reg[1507],SDFFR_X1,6
i_frontend_i_btb_btb_q_reg[1508],SDFFR_X1,6
i_frontend_i_btb_btb_q_reg[1509],SDFFR_X1,6
i_frontend_i_btb_btb_q_reg[1510],SDFFR_X1,6
i_frontend_i_btb_btb_q_reg[1511],SDFFR_X1,6
i_frontend_i_btb_btb_q_reg[1512],SDFFR_X1,6
i_frontend_i_btb_btb_q_reg[1513],SDFFR_X1,6
i_frontend_i_btb_btb_q_reg[1514],SDFFR_X1,6
i_frontend_i_btb_btb_q_reg[1515],SDFFR_X1,6
i_frontend_i_btb_btb_q_reg[1516],SDFFR_X1,6
i_frontend_i_btb_btb_q_reg[1517],SDFFR_X1,6
i_frontend_i_btb_btb_q_reg[1518],SDFFR_X1,6
i_frontend_i_btb_btb_q_reg[1519],SDFFR_X1,6
i_frontend_i_btb_btb_q_reg[1520],SDFFR_X1,6
i_frontend_i_btb_btb_q_reg[1521],SDFFR_X1,6
i_frontend_i_btb_btb_q_reg[1522],SDFFR_X1,6
i_frontend_i_btb_btb_q_reg[1523],SDFFR_X1,6
i_frontend_i_btb_btb_q_reg[1524],SDFFR_X1,6
i_frontend_i_btb_btb_q_reg[1525],SDFFR_X1,6
i_frontend_i_btb_btb_q_reg[1526],SDFFR_X1,6
i_frontend_i_btb_btb_q_reg[1527],SDFFR_X1,6
i_frontend_i_btb_btb_q_reg[1528],SDFFR_X1,6
i_frontend_i_btb_btb_q_reg[1529],SDFFR_X1,6
i_frontend_i_btb_btb_q_reg[1530],SDFFR_X1,6
i_frontend_i_btb_btb_q_reg[1531],SDFFR_X1,6
i_frontend_i_btb_btb_q_reg[1532],SDFFR_X1,6
i_frontend_i_btb_btb_q_reg[1533],SDFFR_X1,6
i_frontend_i_btb_btb_q_reg[1534],SDFFR_X1,6
i_frontend_i_btb_btb_q_reg[1535],SDFFR_X1,6
i_frontend_i_btb_btb_q_reg[1536],SDFFR_X1,6
i_frontend_i_btb_btb_q_reg[1537],SDFFR_X1,6
i_frontend_i_btb_btb_q_reg[1538],SDFFR_X1,6
i_frontend_i_btb_btb_q_reg[1539],SDFFR_X1,6
i_frontend_i_btb_btb_q_reg[1540],SDFFR_X1,6
i_frontend_i_btb_btb_q_reg[1541],SDFFR_X1,6
i_frontend_i_btb_btb_q_reg[1542],SDFFR_X1,6
i_frontend_i_btb_btb_q_reg[1543],SDFFR_X1,6
i_frontend_i_btb_btb_q_reg[1544],SDFFR_X1,6
i_frontend_i_btb_btb_q_reg[1545],SDFFR_X1,6
i_frontend_i_btb_btb_q_reg[1546],SDFFR_X1,6
i_frontend_i_btb_btb_q_reg[1547],SDFFR_X1,6
i_frontend_i_btb_btb_q_reg[1548],SDFFR_X1,6
i_frontend_i_btb_btb_q_reg[1549],SDFFR_X1,6
i_frontend_i_btb_btb_q_reg[1550],SDFFR_X1,6
i_frontend_i_btb_btb_q_reg[1551],SDFFR_X1,6
i_frontend_i_btb_btb_q_reg[1552],SDFFR_X1,6
i_frontend_i_btb_btb_q_reg[1553],SDFFR_X1,6
i_frontend_i_btb_btb_q_reg[1554],SDFFR_X1,6
i_frontend_i_btb_btb_q_reg[1555],SDFFR_X1,6
i_frontend_i_btb_btb_q_reg[1556],SDFFR_X1,6
i_frontend_i_btb_btb_q_reg[1557],SDFFR_X1,6
i_frontend_i_btb_btb_q_reg[1558],SDFFR_X1,6
i_frontend_i_btb_btb_q_reg[1559],DFFR_X1,5
i_frontend_i_btb_btb_q_reg[1560],SDFFR_X1,6
i_frontend_i_btb_btb_q_reg[1561],SDFFR_X1,6
i_frontend_i_btb_btb_q_reg[1562],SDFFR_X1,6
i_frontend_i_btb_btb_q_reg[1563],SDFFR_X1,6
i_frontend_i_btb_btb_q_reg[1564],SDFFR_X1,6
i_frontend_i_btb_btb_q_reg[1565],SDFFR_X1,6
i_frontend_i_btb_btb_q_reg[1566],SDFFR_X1,6
i_frontend_i_btb_btb_q_reg[1567],SDFFR_X1,6
i_frontend_i_btb_btb_q_reg[1568],SDFFR_X1,6
i_frontend_i_btb_btb_q_reg[1569],SDFFR_X1,6
i_frontend_i_btb_btb_q_reg[1570],SDFFR_X1,6
i_frontend_i_btb_btb_q_reg[1571],SDFFR_X1,6
i_frontend_i_btb_btb_q_reg[1572],SDFFR_X1,6
i_frontend_i_btb_btb_q_reg[1573],SDFFR_X1,6
i_frontend_i_btb_btb_q_reg[1574],SDFFR_X1,6
i_frontend_i_btb_btb_q_reg[1575],SDFFR_X1,6
i_frontend_i_btb_btb_q_reg[1576],SDFFR_X1,6
i_frontend_i_btb_btb_q_reg[1577],SDFFR_X1,6
i_frontend_i_btb_btb_q_reg[1578],SDFFR_X1,6
i_frontend_i_btb_btb_q_reg[1579],SDFFR_X1,6
i_frontend_i_btb_btb_q_reg[1580],SDFFR_X1,6
i_frontend_i_btb_btb_q_reg[1581],SDFFR_X1,6
i_frontend_i_btb_btb_q_reg[1582],SDFFR_X1,6
i_frontend_i_btb_btb_q_reg[1583],SDFFR_X1,6
i_frontend_i_btb_btb_q_reg[1584],SDFFR_X1,6
i_frontend_i_btb_btb_q_reg[1585],SDFFR_X1,6
i_frontend_i_btb_btb_q_reg[1586],SDFFR_X1,6
i_frontend_i_btb_btb_q_reg[1587],SDFFR_X1,6
i_frontend_i_btb_btb_q_reg[1588],SDFFR_X1,6
i_frontend_i_btb_btb_q_reg[1589],SDFFR_X1,6
i_frontend_i_btb_btb_q_reg[1590],SDFFR_X1,6
i_frontend_i_btb_btb_q_reg[1591],SDFFR_X1,6
i_frontend_i_btb_btb_q_reg[1592],SDFFR_X1,6
i_frontend_i_btb_btb_q_reg[1593],SDFFR_X1,6
i_frontend_i_btb_btb_q_reg[1594],SDFFR_X1,6
i_frontend_i_btb_btb_q_reg[1595],SDFFR_X1,6
i_frontend_i_btb_btb_q_reg[1596],SDFFR_X1,6
i_frontend_i_btb_btb_q_reg[1597],SDFFR_X1,6
i_frontend_i_btb_btb_q_reg[1598],SDFFR_X1,6
i_frontend_i_btb_btb_q_reg[1599],SDFFR_X1,6
i_frontend_i_btb_btb_q_reg[1600],SDFFR_X1,6
i_frontend_i_btb_btb_q_reg[1601],SDFFR_X1,6
i_frontend_i_btb_btb_q_reg[1602],SDFFR_X1,6
i_frontend_i_btb_btb_q_reg[1603],SDFFR_X1,6
i_frontend_i_btb_btb_q_reg[1604],SDFFR_X1,6
i_frontend_i_btb_btb_q_reg[1605],SDFFR_X1,6
i_frontend_i_btb_btb_q_reg[1606],SDFFR_X1,6
i_frontend_i_btb_btb_q_reg[1607],SDFFR_X1,6
i_frontend_i_btb_btb_q_reg[1608],SDFFR_X1,6
i_frontend_i_btb_btb_q_reg[1609],SDFFR_X1,6
i_frontend_i_btb_btb_q_reg[1610],SDFFR_X1,6
i_frontend_i_btb_btb_q_reg[1611],SDFFR_X1,6
i_frontend_i_btb_btb_q_reg[1612],SDFFR_X1,6
i_frontend_i_btb_btb_q_reg[1613],SDFFR_X1,6
i_frontend_i_btb_btb_q_reg[1614],SDFFR_X1,6
i_frontend_i_btb_btb_q_reg[1615],SDFFR_X1,6
i_frontend_i_btb_btb_q_reg[1616],SDFFR_X1,6
i_frontend_i_btb_btb_q_reg[1617],SDFFR_X1,6
i_frontend_i_btb_btb_q_reg[1618],SDFFR_X1,6
i_frontend_i_btb_btb_q_reg[1619],SDFFR_X1,6
i_frontend_i_btb_btb_q_reg[1620],SDFFR_X1,6
i_frontend_i_btb_btb_q_reg[1621],SDFFR_X1,6
i_frontend_i_btb_btb_q_reg[1622],SDFFR_X1,6
i_frontend_i_btb_btb_q_reg[1623],SDFFR_X1,6
i_frontend_i_btb_btb_q_reg[1624],DFFR_X1,5
i_frontend_i_btb_btb_q_reg[1625],SDFFR_X1,6
i_frontend_i_btb_btb_q_reg[1626],SDFFR_X1,6
i_frontend_i_btb_btb_q_reg[1627],SDFFR_X1,6
i_frontend_i_btb_btb_q_reg[1628],SDFFR_X1,6
i_frontend_i_btb_btb_q_reg[1629],SDFFR_X1,6
i_frontend_i_btb_btb_q_reg[1630],SDFFR_X1,6
i_frontend_i_btb_btb_q_reg[1631],SDFFR_X1,6
i_frontend_i_btb_btb_q_reg[1632],SDFFR_X1,6
i_frontend_i_btb_btb_q_reg[1633],SDFFR_X1,6
i_frontend_i_btb_btb_q_reg[1634],SDFFR_X1,6
i_frontend_i_btb_btb_q_reg[1635],SDFFR_X1,6
i_frontend_i_btb_btb_q_reg[1636],SDFFR_X1,6
i_frontend_i_btb_btb_q_reg[1637],SDFFR_X1,6
i_frontend_i_btb_btb_q_reg[1638],SDFFR_X1,6
i_frontend_i_btb_btb_q_reg[1639],SDFFR_X1,6
i_frontend_i_btb_btb_q_reg[1640],SDFFR_X1,6
i_frontend_i_btb_btb_q_reg[1641],SDFFR_X1,6
i_frontend_i_btb_btb_q_reg[1642],SDFFR_X1,6
i_frontend_i_btb_btb_q_reg[1643],SDFFR_X1,6
i_frontend_i_btb_btb_q_reg[1644],SDFFR_X1,6
i_frontend_i_btb_btb_q_reg[1645],SDFFR_X1,6
i_frontend_i_btb_btb_q_reg[1646],SDFFR_X1,6
i_frontend_i_btb_btb_q_reg[1647],SDFFR_X1,6
i_frontend_i_btb_btb_q_reg[1648],SDFFR_X1,6
i_frontend_i_btb_btb_q_reg[1649],SDFFR_X1,6
i_frontend_i_btb_btb_q_reg[1650],SDFFR_X1,6
i_frontend_i_btb_btb_q_reg[1651],SDFFR_X1,6
i_frontend_i_btb_btb_q_reg[1652],SDFFR_X1,6
i_frontend_i_btb_btb_q_reg[1653],SDFFR_X1,6
i_frontend_i_btb_btb_q_reg[1654],SDFFR_X1,6
i_frontend_i_btb_btb_q_reg[1655],SDFFR_X1,6
i_frontend_i_btb_btb_q_reg[1656],SDFFR_X1,6
i_frontend_i_btb_btb_q_reg[1657],SDFFR_X1,6
i_frontend_i_btb_btb_q_reg[1658],SDFFR_X1,6
i_frontend_i_btb_btb_q_reg[1659],SDFFR_X1,6
i_frontend_i_btb_btb_q_reg[1660],SDFFR_X1,6
i_frontend_i_btb_btb_q_reg[1661],SDFFR_X1,6
i_frontend_i_btb_btb_q_reg[1662],SDFFR_X1,6
i_frontend_i_btb_btb_q_reg[1663],SDFFR_X1,6
i_frontend_i_btb_btb_q_reg[1664],SDFFR_X1,6
i_frontend_i_btb_btb_q_reg[1665],SDFFR_X1,6
i_frontend_i_btb_btb_q_reg[1666],SDFFR_X1,6
i_frontend_i_btb_btb_q_reg[1667],SDFFR_X1,6
i_frontend_i_btb_btb_q_reg[1668],SDFFR_X1,6
i_frontend_i_btb_btb_q_reg[1669],SDFFR_X1,6
i_frontend_i_btb_btb_q_reg[1670],SDFFR_X1,6
i_frontend_i_btb_btb_q_reg[1671],SDFFR_X1,6
i_frontend_i_btb_btb_q_reg[1672],SDFFR_X1,6
i_frontend_i_btb_btb_q_reg[1673],SDFFR_X1,6
i_frontend_i_btb_btb_q_reg[1674],SDFFR_X1,6
i_frontend_i_btb_btb_q_reg[1675],SDFFR_X1,6
i_frontend_i_btb_btb_q_reg[1676],SDFFR_X1,6
i_frontend_i_btb_btb_q_reg[1677],SDFFR_X1,6
i_frontend_i_btb_btb_q_reg[1678],SDFFR_X1,6
i_frontend_i_btb_btb_q_reg[1679],SDFFR_X1,6
i_frontend_i_btb_btb_q_reg[1680],SDFFR_X1,6
i_frontend_i_btb_btb_q_reg[1681],SDFFR_X1,6
i_frontend_i_btb_btb_q_reg[1682],SDFFR_X1,6
i_frontend_i_btb_btb_q_reg[1683],SDFFR_X1,6
i_frontend_i_btb_btb_q_reg[1684],SDFFR_X1,6
i_frontend_i_btb_btb_q_reg[1685],SDFFR_X1,6
i_frontend_i_btb_btb_q_reg[1686],SDFFR_X1,6
i_frontend_i_btb_btb_q_reg[1687],SDFFR_X1,6
i_frontend_i_btb_btb_q_reg[1688],SDFFR_X1,6
i_frontend_i_btb_btb_q_reg[1689],DFFR_X1,5
i_frontend_i_btb_btb_q_reg[1690],SDFFR_X1,6
i_frontend_i_btb_btb_q_reg[1691],SDFFR_X1,6
i_frontend_i_btb_btb_q_reg[1692],SDFFR_X1,6
i_frontend_i_btb_btb_q_reg[1693],SDFFR_X1,6
i_frontend_i_btb_btb_q_reg[1694],SDFFR_X1,6
i_frontend_i_btb_btb_q_reg[1695],SDFFR_X1,6
i_frontend_i_btb_btb_q_reg[1696],SDFFR_X1,6
i_frontend_i_btb_btb_q_reg[1697],SDFFR_X1,6
i_frontend_i_btb_btb_q_reg[1698],SDFFR_X1,6
i_frontend_i_btb_btb_q_reg[1699],SDFFR_X1,6
i_frontend_i_btb_btb_q_reg[1700],SDFFR_X1,6
i_frontend_i_btb_btb_q_reg[1701],SDFFR_X1,6
i_frontend_i_btb_btb_q_reg[1702],SDFFR_X1,6
i_frontend_i_btb_btb_q_reg[1703],SDFFR_X1,6
i_frontend_i_btb_btb_q_reg[1704],SDFFR_X1,6
i_frontend_i_btb_btb_q_reg[1705],SDFFR_X1,6
i_frontend_i_btb_btb_q_reg[1706],SDFFR_X1,6
i_frontend_i_btb_btb_q_reg[1707],SDFFR_X1,6
i_frontend_i_btb_btb_q_reg[1708],SDFFR_X1,6
i_frontend_i_btb_btb_q_reg[1709],SDFFR_X1,6
i_frontend_i_btb_btb_q_reg[1710],SDFFR_X1,6
i_frontend_i_btb_btb_q_reg[1711],SDFFR_X1,6
i_frontend_i_btb_btb_q_reg[1712],SDFFR_X1,6
i_frontend_i_btb_btb_q_reg[1713],SDFFR_X1,6
i_frontend_i_btb_btb_q_reg[1714],SDFFR_X1,6
i_frontend_i_btb_btb_q_reg[1715],SDFFR_X1,6
i_frontend_i_btb_btb_q_reg[1716],SDFFR_X1,6
i_frontend_i_btb_btb_q_reg[1717],SDFFR_X1,6
i_frontend_i_btb_btb_q_reg[1718],SDFFR_X1,6
i_frontend_i_btb_btb_q_reg[1719],SDFFR_X1,6
i_frontend_i_btb_btb_q_reg[1720],SDFFR_X1,6
i_frontend_i_btb_btb_q_reg[1721],SDFFR_X1,6
i_frontend_i_btb_btb_q_reg[1722],SDFFR_X1,6
i_frontend_i_btb_btb_q_reg[1723],SDFFR_X1,6
i_frontend_i_btb_btb_q_reg[1724],SDFFR_X1,6
i_frontend_i_btb_btb_q_reg[1725],SDFFR_X1,6
i_frontend_i_btb_btb_q_reg[1726],SDFFR_X1,6
i_frontend_i_btb_btb_q_reg[1727],SDFFR_X1,6
i_frontend_i_btb_btb_q_reg[1728],SDFFR_X1,6
i_frontend_i_btb_btb_q_reg[1729],SDFFR_X1,6
i_frontend_i_btb_btb_q_reg[1730],SDFFR_X1,6
i_frontend_i_btb_btb_q_reg[1731],SDFFR_X1,6
i_frontend_i_btb_btb_q_reg[1732],SDFFR_X1,6
i_frontend_i_btb_btb_q_reg[1733],SDFFR_X1,6
i_frontend_i_btb_btb_q_reg[1734],SDFFR_X1,6
i_frontend_i_btb_btb_q_reg[1735],SDFFR_X1,6
i_frontend_i_btb_btb_q_reg[1736],SDFFR_X1,6
i_frontend_i_btb_btb_q_reg[1737],SDFFR_X1,6
i_frontend_i_btb_btb_q_reg[1738],SDFFR_X1,6
i_frontend_i_btb_btb_q_reg[1739],SDFFR_X1,6
i_frontend_i_btb_btb_q_reg[1740],SDFFR_X1,6
i_frontend_i_btb_btb_q_reg[1741],SDFFR_X1,6
i_frontend_i_btb_btb_q_reg[1742],SDFFR_X1,6
i_frontend_i_btb_btb_q_reg[1743],SDFFR_X1,6
i_frontend_i_btb_btb_q_reg[1744],SDFFR_X1,6
i_frontend_i_btb_btb_q_reg[1745],SDFFR_X1,6
i_frontend_i_btb_btb_q_reg[1746],SDFFR_X1,6
i_frontend_i_btb_btb_q_reg[1747],SDFFR_X1,6
i_frontend_i_btb_btb_q_reg[1748],SDFFR_X1,6
i_frontend_i_btb_btb_q_reg[1749],SDFFR_X1,6
i_frontend_i_btb_btb_q_reg[1750],SDFFR_X1,6
i_frontend_i_btb_btb_q_reg[1751],SDFFR_X1,6
i_frontend_i_btb_btb_q_reg[1752],SDFFR_X1,6
i_frontend_i_btb_btb_q_reg[1753],SDFFR_X1,6
i_frontend_i_btb_btb_q_reg[1754],DFFR_X1,5
i_frontend_i_btb_btb_q_reg[1755],SDFFR_X1,6
i_frontend_i_btb_btb_q_reg[1756],SDFFR_X1,6
i_frontend_i_btb_btb_q_reg[1757],SDFFR_X1,6
i_frontend_i_btb_btb_q_reg[1758],SDFFR_X1,6
i_frontend_i_btb_btb_q_reg[1759],SDFFR_X1,6
i_frontend_i_btb_btb_q_reg[1760],SDFFR_X1,6
i_frontend_i_btb_btb_q_reg[1761],SDFFR_X1,6
i_frontend_i_btb_btb_q_reg[1762],SDFFR_X1,6
i_frontend_i_btb_btb_q_reg[1763],SDFFR_X1,6
i_frontend_i_btb_btb_q_reg[1764],SDFFR_X1,6
i_frontend_i_btb_btb_q_reg[1765],SDFFR_X1,6
i_frontend_i_btb_btb_q_reg[1766],SDFFR_X1,6
i_frontend_i_btb_btb_q_reg[1767],SDFFR_X1,6
i_frontend_i_btb_btb_q_reg[1768],SDFFR_X1,6
i_frontend_i_btb_btb_q_reg[1769],SDFFR_X1,6
i_frontend_i_btb_btb_q_reg[1770],SDFFR_X1,6
i_frontend_i_btb_btb_q_reg[1771],SDFFR_X1,6
i_frontend_i_btb_btb_q_reg[1772],SDFFR_X1,6
i_frontend_i_btb_btb_q_reg[1773],SDFFR_X1,6
i_frontend_i_btb_btb_q_reg[1774],SDFFR_X1,6
i_frontend_i_btb_btb_q_reg[1775],SDFFR_X1,6
i_frontend_i_btb_btb_q_reg[1776],SDFFR_X1,6
i_frontend_i_btb_btb_q_reg[1777],SDFFR_X1,6
i_frontend_i_btb_btb_q_reg[1778],SDFFR_X1,6
i_frontend_i_btb_btb_q_reg[1779],SDFFR_X1,6
i_frontend_i_btb_btb_q_reg[1780],SDFFR_X1,6
i_frontend_i_btb_btb_q_reg[1781],SDFFR_X1,6
i_frontend_i_btb_btb_q_reg[1782],SDFFR_X1,6
i_frontend_i_btb_btb_q_reg[1783],SDFFR_X1,6
i_frontend_i_btb_btb_q_reg[1784],SDFFR_X1,6
i_frontend_i_btb_btb_q_reg[1785],SDFFR_X1,6
i_frontend_i_btb_btb_q_reg[1786],SDFFR_X1,6
i_frontend_i_btb_btb_q_reg[1787],SDFFR_X1,6
i_frontend_i_btb_btb_q_reg[1788],SDFFR_X1,6
i_frontend_i_btb_btb_q_reg[1789],SDFFR_X1,6
i_frontend_i_btb_btb_q_reg[1790],SDFFR_X1,6
i_frontend_i_btb_btb_q_reg[1791],SDFFR_X1,6
i_frontend_i_btb_btb_q_reg[1792],SDFFR_X1,6
i_frontend_i_btb_btb_q_reg[1793],SDFFR_X1,6
i_frontend_i_btb_btb_q_reg[1794],SDFFR_X1,6
i_frontend_i_btb_btb_q_reg[1795],SDFFR_X1,6
i_frontend_i_btb_btb_q_reg[1796],SDFFR_X1,6
i_frontend_i_btb_btb_q_reg[1797],SDFFR_X1,6
i_frontend_i_btb_btb_q_reg[1798],SDFFR_X1,6
i_frontend_i_btb_btb_q_reg[1799],SDFFR_X1,6
i_frontend_i_btb_btb_q_reg[1800],SDFFR_X1,6
i_frontend_i_btb_btb_q_reg[1801],SDFFR_X1,6
i_frontend_i_btb_btb_q_reg[1802],SDFFR_X1,6
i_frontend_i_btb_btb_q_reg[1803],SDFFR_X1,6
i_frontend_i_btb_btb_q_reg[1804],SDFFR_X1,6
i_frontend_i_btb_btb_q_reg[1805],SDFFR_X1,6
i_frontend_i_btb_btb_q_reg[1806],SDFFR_X1,6
i_frontend_i_btb_btb_q_reg[1807],SDFFR_X1,6
i_frontend_i_btb_btb_q_reg[1808],SDFFR_X1,6
i_frontend_i_btb_btb_q_reg[1809],SDFFR_X1,6
i_frontend_i_btb_btb_q_reg[1810],SDFFR_X1,6
i_frontend_i_btb_btb_q_reg[1811],SDFFR_X1,6
i_frontend_i_btb_btb_q_reg[1812],SDFFR_X1,6
i_frontend_i_btb_btb_q_reg[1813],SDFFR_X1,6
i_frontend_i_btb_btb_q_reg[1814],SDFFR_X1,6
i_frontend_i_btb_btb_q_reg[1815],SDFFR_X1,6
i_frontend_i_btb_btb_q_reg[1816],SDFFR_X1,6
i_frontend_i_btb_btb_q_reg[1817],SDFFR_X1,6
i_frontend_i_btb_btb_q_reg[1818],SDFFR_X1,6
i_frontend_i_btb_btb_q_reg[1819],DFFR_X1,5
i_frontend_i_btb_btb_q_reg[1820],SDFFR_X1,6
i_frontend_i_btb_btb_q_reg[1821],SDFFR_X1,6
i_frontend_i_btb_btb_q_reg[1822],SDFFR_X1,6
i_frontend_i_btb_btb_q_reg[1823],SDFFR_X1,6
i_frontend_i_btb_btb_q_reg[1824],SDFFR_X1,6
i_frontend_i_btb_btb_q_reg[1825],SDFFR_X1,6
i_frontend_i_btb_btb_q_reg[1826],SDFFR_X1,6
i_frontend_i_btb_btb_q_reg[1827],SDFFR_X1,6
i_frontend_i_btb_btb_q_reg[1828],SDFFR_X1,6
i_frontend_i_btb_btb_q_reg[1829],SDFFR_X1,6
i_frontend_i_btb_btb_q_reg[1830],SDFFR_X1,6
i_frontend_i_btb_btb_q_reg[1831],SDFFR_X1,6
i_frontend_i_btb_btb_q_reg[1832],SDFFR_X1,6
i_frontend_i_btb_btb_q_reg[1833],SDFFR_X1,6
i_frontend_i_btb_btb_q_reg[1834],SDFFR_X1,6
i_frontend_i_btb_btb_q_reg[1835],SDFFR_X1,6
i_frontend_i_btb_btb_q_reg[1836],SDFFR_X1,6
i_frontend_i_btb_btb_q_reg[1837],SDFFR_X1,6
i_frontend_i_btb_btb_q_reg[1838],SDFFR_X1,6
i_frontend_i_btb_btb_q_reg[1839],SDFFR_X1,6
i_frontend_i_btb_btb_q_reg[1840],SDFFR_X1,6
i_frontend_i_btb_btb_q_reg[1841],SDFFR_X1,6
i_frontend_i_btb_btb_q_reg[1842],SDFFR_X1,6
i_frontend_i_btb_btb_q_reg[1843],SDFFR_X1,6
i_frontend_i_btb_btb_q_reg[1844],SDFFR_X1,6
i_frontend_i_btb_btb_q_reg[1845],SDFFR_X1,6
i_frontend_i_btb_btb_q_reg[1846],SDFFR_X1,6
i_frontend_i_btb_btb_q_reg[1847],SDFFR_X1,6
i_frontend_i_btb_btb_q_reg[1848],SDFFR_X1,6
i_frontend_i_btb_btb_q_reg[1849],SDFFR_X1,6
i_frontend_i_btb_btb_q_reg[1850],SDFFR_X1,6
i_frontend_i_btb_btb_q_reg[1851],SDFFR_X1,6
i_frontend_i_btb_btb_q_reg[1852],SDFFR_X1,6
i_frontend_i_btb_btb_q_reg[1853],SDFFR_X1,6
i_frontend_i_btb_btb_q_reg[1854],SDFFR_X1,6
i_frontend_i_btb_btb_q_reg[1855],SDFFR_X1,6
i_frontend_i_btb_btb_q_reg[1856],SDFFR_X1,6
i_frontend_i_btb_btb_q_reg[1857],SDFFR_X1,6
i_frontend_i_btb_btb_q_reg[1858],SDFFR_X1,6
i_frontend_i_btb_btb_q_reg[1859],SDFFR_X1,6
i_frontend_i_btb_btb_q_reg[1860],SDFFR_X1,6
i_frontend_i_btb_btb_q_reg[1861],SDFFR_X1,6
i_frontend_i_btb_btb_q_reg[1862],SDFFR_X1,6
i_frontend_i_btb_btb_q_reg[1863],SDFFR_X1,6
i_frontend_i_btb_btb_q_reg[1864],SDFFR_X1,6
i_frontend_i_btb_btb_q_reg[1865],SDFFR_X1,6
i_frontend_i_btb_btb_q_reg[1866],SDFFR_X1,6
i_frontend_i_btb_btb_q_reg[1867],SDFFR_X1,6
i_frontend_i_btb_btb_q_reg[1868],SDFFR_X1,6
i_frontend_i_btb_btb_q_reg[1869],SDFFR_X1,6
i_frontend_i_btb_btb_q_reg[1870],SDFFR_X1,6
i_frontend_i_btb_btb_q_reg[1871],SDFFR_X1,6
i_frontend_i_btb_btb_q_reg[1872],SDFFR_X1,6
i_frontend_i_btb_btb_q_reg[1873],SDFFR_X1,6
i_frontend_i_btb_btb_q_reg[1874],SDFFR_X1,6
i_frontend_i_btb_btb_q_reg[1875],SDFFR_X1,6
i_frontend_i_btb_btb_q_reg[1876],SDFFR_X1,6
i_frontend_i_btb_btb_q_reg[1877],SDFFR_X1,6
i_frontend_i_btb_btb_q_reg[1878],SDFFR_X1,6
i_frontend_i_btb_btb_q_reg[1879],SDFFR_X1,6
i_frontend_i_btb_btb_q_reg[1880],SDFFR_X1,6
i_frontend_i_btb_btb_q_reg[1881],SDFFR_X1,6
i_frontend_i_btb_btb_q_reg[1882],SDFFR_X1,6
i_frontend_i_btb_btb_q_reg[1883],SDFFR_X1,6
i_frontend_i_btb_btb_q_reg[1884],DFFR_X1,5
i_frontend_i_btb_btb_q_reg[1885],SDFFR_X1,6
i_frontend_i_btb_btb_q_reg[1886],SDFFR_X1,6
i_frontend_i_btb_btb_q_reg[1887],SDFFR_X1,6
i_frontend_i_btb_btb_q_reg[1888],SDFFR_X1,6
i_frontend_i_btb_btb_q_reg[1889],SDFFR_X1,6
i_frontend_i_btb_btb_q_reg[1890],SDFFR_X1,6
i_frontend_i_btb_btb_q_reg[1891],SDFFR_X1,6
i_frontend_i_btb_btb_q_reg[1892],SDFFR_X1,6
i_frontend_i_btb_btb_q_reg[1893],SDFFR_X1,6
i_frontend_i_btb_btb_q_reg[1894],SDFFR_X1,6
i_frontend_i_btb_btb_q_reg[1895],SDFFR_X1,6
i_frontend_i_btb_btb_q_reg[1896],SDFFR_X1,6
i_frontend_i_btb_btb_q_reg[1897],SDFFR_X1,6
i_frontend_i_btb_btb_q_reg[1898],SDFFR_X1,6
i_frontend_i_btb_btb_q_reg[1899],SDFFR_X1,6
i_frontend_i_btb_btb_q_reg[1900],SDFFR_X1,6
i_frontend_i_btb_btb_q_reg[1901],SDFFR_X1,6
i_frontend_i_btb_btb_q_reg[1902],SDFFR_X1,6
i_frontend_i_btb_btb_q_reg[1903],SDFFR_X1,6
i_frontend_i_btb_btb_q_reg[1904],SDFFR_X1,6
i_frontend_i_btb_btb_q_reg[1905],SDFFR_X1,6
i_frontend_i_btb_btb_q_reg[1906],SDFFR_X1,6
i_frontend_i_btb_btb_q_reg[1907],SDFFR_X1,6
i_frontend_i_btb_btb_q_reg[1908],SDFFR_X1,6
i_frontend_i_btb_btb_q_reg[1909],SDFFR_X1,6
i_frontend_i_btb_btb_q_reg[1910],SDFFR_X1,6
i_frontend_i_btb_btb_q_reg[1911],SDFFR_X1,6
i_frontend_i_btb_btb_q_reg[1912],SDFFR_X1,6
i_frontend_i_btb_btb_q_reg[1913],SDFFR_X1,6
i_frontend_i_btb_btb_q_reg[1914],SDFFR_X1,6
i_frontend_i_btb_btb_q_reg[1915],SDFFR_X1,6
i_frontend_i_btb_btb_q_reg[1916],SDFFR_X1,6
i_frontend_i_btb_btb_q_reg[1917],SDFFR_X1,6
i_frontend_i_btb_btb_q_reg[1918],SDFFR_X1,6
i_frontend_i_btb_btb_q_reg[1919],SDFFR_X1,6
i_frontend_i_btb_btb_q_reg[1920],SDFFR_X1,6
i_frontend_i_btb_btb_q_reg[1921],SDFFR_X1,6
i_frontend_i_btb_btb_q_reg[1922],SDFFR_X1,6
i_frontend_i_btb_btb_q_reg[1923],SDFFR_X1,6
i_frontend_i_btb_btb_q_reg[1924],SDFFR_X1,6
i_frontend_i_btb_btb_q_reg[1925],SDFFR_X1,6
i_frontend_i_btb_btb_q_reg[1926],SDFFR_X1,6
i_frontend_i_btb_btb_q_reg[1927],SDFFR_X1,6
i_frontend_i_btb_btb_q_reg[1928],SDFFR_X1,6
i_frontend_i_btb_btb_q_reg[1929],SDFFR_X1,6
i_frontend_i_btb_btb_q_reg[1930],SDFFR_X1,6
i_frontend_i_btb_btb_q_reg[1931],SDFFR_X1,6
i_frontend_i_btb_btb_q_reg[1932],SDFFR_X1,6
i_frontend_i_btb_btb_q_reg[1933],SDFFR_X1,6
i_frontend_i_btb_btb_q_reg[1934],SDFFR_X1,6
i_frontend_i_btb_btb_q_reg[1935],SDFFR_X1,6
i_frontend_i_btb_btb_q_reg[1936],SDFFR_X1,6
i_frontend_i_btb_btb_q_reg[1937],SDFFR_X1,6
i_frontend_i_btb_btb_q_reg[1938],SDFFR_X1,6
i_frontend_i_btb_btb_q_reg[1939],SDFFR_X1,6
i_frontend_i_btb_btb_q_reg[1940],SDFFR_X1,6
i_frontend_i_btb_btb_q_reg[1941],SDFFR_X1,6
i_frontend_i_btb_btb_q_reg[1942],SDFFR_X1,6
i_frontend_i_btb_btb_q_reg[1943],SDFFR_X1,6
i_frontend_i_btb_btb_q_reg[1944],SDFFR_X1,6
i_frontend_i_btb_btb_q_reg[1945],SDFFR_X1,6
i_frontend_i_btb_btb_q_reg[1946],SDFFR_X1,6
i_frontend_i_btb_btb_q_reg[1947],SDFFR_X1,6
i_frontend_i_btb_btb_q_reg[1948],SDFFR_X1,6
i_frontend_i_btb_btb_q_reg[1949],DFFR_X1,5
i_frontend_i_btb_btb_q_reg[1950],SDFFR_X1,6
i_frontend_i_btb_btb_q_reg[1951],SDFFR_X1,6
i_frontend_i_btb_btb_q_reg[1952],SDFFR_X1,6
i_frontend_i_btb_btb_q_reg[1953],SDFFR_X1,6
i_frontend_i_btb_btb_q_reg[1954],SDFFR_X1,6
i_frontend_i_btb_btb_q_reg[1955],SDFFR_X1,6
i_frontend_i_btb_btb_q_reg[1956],SDFFR_X1,6
i_frontend_i_btb_btb_q_reg[1957],SDFFR_X1,6
i_frontend_i_btb_btb_q_reg[1958],SDFFR_X1,6
i_frontend_i_btb_btb_q_reg[1959],SDFFR_X1,6
i_frontend_i_btb_btb_q_reg[1960],SDFFR_X1,6
i_frontend_i_btb_btb_q_reg[1961],SDFFR_X1,6
i_frontend_i_btb_btb_q_reg[1962],SDFFR_X1,6
i_frontend_i_btb_btb_q_reg[1963],SDFFR_X1,6
i_frontend_i_btb_btb_q_reg[1964],SDFFR_X1,6
i_frontend_i_btb_btb_q_reg[1965],SDFFR_X1,6
i_frontend_i_btb_btb_q_reg[1966],SDFFR_X1,6
i_frontend_i_btb_btb_q_reg[1967],SDFFR_X1,6
i_frontend_i_btb_btb_q_reg[1968],SDFFR_X1,6
i_frontend_i_btb_btb_q_reg[1969],SDFFR_X1,6
i_frontend_i_btb_btb_q_reg[1970],SDFFR_X1,6
i_frontend_i_btb_btb_q_reg[1971],SDFFR_X1,6
i_frontend_i_btb_btb_q_reg[1972],SDFFR_X1,6
i_frontend_i_btb_btb_q_reg[1973],SDFFR_X1,6
i_frontend_i_btb_btb_q_reg[1974],SDFFR_X1,6
i_frontend_i_btb_btb_q_reg[1975],SDFFR_X1,6
i_frontend_i_btb_btb_q_reg[1976],SDFFR_X1,6
i_frontend_i_btb_btb_q_reg[1977],SDFFR_X1,6
i_frontend_i_btb_btb_q_reg[1978],SDFFR_X1,6
i_frontend_i_btb_btb_q_reg[1979],SDFFR_X1,6
i_frontend_i_btb_btb_q_reg[1980],SDFFR_X1,6
i_frontend_i_btb_btb_q_reg[1981],SDFFR_X1,6
i_frontend_i_btb_btb_q_reg[1982],SDFFR_X1,6
i_frontend_i_btb_btb_q_reg[1983],SDFFR_X1,6
i_frontend_i_btb_btb_q_reg[1984],SDFFR_X1,6
i_frontend_i_btb_btb_q_reg[1985],SDFFR_X1,6
i_frontend_i_btb_btb_q_reg[1986],SDFFR_X1,6
i_frontend_i_btb_btb_q_reg[1987],SDFFR_X1,6
i_frontend_i_btb_btb_q_reg[1988],SDFFR_X1,6
i_frontend_i_btb_btb_q_reg[1989],SDFFR_X1,6
i_frontend_i_btb_btb_q_reg[1990],SDFFR_X1,6
i_frontend_i_btb_btb_q_reg[1991],SDFFR_X1,6
i_frontend_i_btb_btb_q_reg[1992],SDFFR_X1,6
i_frontend_i_btb_btb_q_reg[1993],SDFFR_X1,6
i_frontend_i_btb_btb_q_reg[1994],SDFFR_X1,6
i_frontend_i_btb_btb_q_reg[1995],SDFFR_X1,6
i_frontend_i_btb_btb_q_reg[1996],SDFFR_X1,6
i_frontend_i_btb_btb_q_reg[1997],SDFFR_X1,6
i_frontend_i_btb_btb_q_reg[1998],SDFFR_X1,6
i_frontend_i_btb_btb_q_reg[1999],SDFFR_X1,6
i_frontend_i_btb_btb_q_reg[2000],SDFFR_X1,6
i_frontend_i_btb_btb_q_reg[2001],SDFFR_X1,6
i_frontend_i_btb_btb_q_reg[2002],SDFFR_X1,6
i_frontend_i_btb_btb_q_reg[2003],SDFFR_X1,6
i_frontend_i_btb_btb_q_reg[2004],SDFFR_X1,6
i_frontend_i_btb_btb_q_reg[2005],SDFFR_X1,6
i_frontend_i_btb_btb_q_reg[2006],SDFFR_X1,6
i_frontend_i_btb_btb_q_reg[2007],SDFFR_X1,6
i_frontend_i_btb_btb_q_reg[2008],SDFFR_X1,6
i_frontend_i_btb_btb_q_reg[2009],SDFFR_X1,6
i_frontend_i_btb_btb_q_reg[2010],SDFFR_X1,6
i_frontend_i_btb_btb_q_reg[2011],SDFFR_X1,6
i_frontend_i_btb_btb_q_reg[2012],SDFFR_X1,6
i_frontend_i_btb_btb_q_reg[2013],SDFFR_X1,6
i_frontend_i_btb_btb_q_reg[2014],DFFR_X1,5
i_frontend_i_btb_btb_q_reg[2015],SDFFR_X1,6
i_frontend_i_btb_btb_q_reg[2016],SDFFR_X1,6
i_frontend_i_btb_btb_q_reg[2017],SDFFR_X1,6
i_frontend_i_btb_btb_q_reg[2018],SDFFR_X1,6
i_frontend_i_btb_btb_q_reg[2019],SDFFR_X1,6
i_frontend_i_btb_btb_q_reg[2020],SDFFR_X1,6
i_frontend_i_btb_btb_q_reg[2021],SDFFR_X1,6
i_frontend_i_btb_btb_q_reg[2022],SDFFR_X1,6
i_frontend_i_btb_btb_q_reg[2023],SDFFR_X1,6
i_frontend_i_btb_btb_q_reg[2024],SDFFR_X1,6
i_frontend_i_btb_btb_q_reg[2025],SDFFR_X1,6
i_frontend_i_btb_btb_q_reg[2026],SDFFR_X1,6
i_frontend_i_btb_btb_q_reg[2027],SDFFR_X1,6
i_frontend_i_btb_btb_q_reg[2028],SDFFR_X1,6
i_frontend_i_btb_btb_q_reg[2029],SDFFR_X1,6
i_frontend_i_btb_btb_q_reg[2030],SDFFR_X1,6
i_frontend_i_btb_btb_q_reg[2031],SDFFR_X1,6
i_frontend_i_btb_btb_q_reg[2032],SDFFR_X1,6
i_frontend_i_btb_btb_q_reg[2033],SDFFR_X1,6
i_frontend_i_btb_btb_q_reg[2034],SDFFR_X1,6
i_frontend_i_btb_btb_q_reg[2035],SDFFR_X1,6
i_frontend_i_btb_btb_q_reg[2036],SDFFR_X1,6
i_frontend_i_btb_btb_q_reg[2037],SDFFR_X1,6
i_frontend_i_btb_btb_q_reg[2038],SDFFR_X1,6
i_frontend_i_btb_btb_q_reg[2039],SDFFR_X1,6
i_frontend_i_btb_btb_q_reg[2040],SDFFR_X1,6
i_frontend_i_btb_btb_q_reg[2041],SDFFR_X1,6
i_frontend_i_btb_btb_q_reg[2042],SDFFR_X1,6
i_frontend_i_btb_btb_q_reg[2043],SDFFR_X1,6
i_frontend_i_btb_btb_q_reg[2044],SDFFR_X1,6
i_frontend_i_btb_btb_q_reg[2045],SDFFR_X1,6
i_frontend_i_btb_btb_q_reg[2046],SDFFR_X1,6
i_frontend_i_btb_btb_q_reg[2047],SDFFR_X1,6
i_frontend_i_btb_btb_q_reg[2048],SDFFR_X1,6
i_frontend_i_btb_btb_q_reg[2049],SDFFR_X1,6
i_frontend_i_btb_btb_q_reg[2050],SDFFR_X1,6
i_frontend_i_btb_btb_q_reg[2051],SDFFR_X1,6
i_frontend_i_btb_btb_q_reg[2052],SDFFR_X1,6
i_frontend_i_btb_btb_q_reg[2053],SDFFR_X1,6
i_frontend_i_btb_btb_q_reg[2054],SDFFR_X1,6
i_frontend_i_btb_btb_q_reg[2055],SDFFR_X1,6
i_frontend_i_btb_btb_q_reg[2056],SDFFR_X1,6
i_frontend_i_btb_btb_q_reg[2057],SDFFR_X1,6
i_frontend_i_btb_btb_q_reg[2058],SDFFR_X1,6
i_frontend_i_btb_btb_q_reg[2059],SDFFR_X1,6
i_frontend_i_btb_btb_q_reg[2060],SDFFR_X1,6
i_frontend_i_btb_btb_q_reg[2061],SDFFR_X1,6
i_frontend_i_btb_btb_q_reg[2062],SDFFR_X1,6
i_frontend_i_btb_btb_q_reg[2063],SDFFR_X1,6
i_frontend_i_btb_btb_q_reg[2064],SDFFR_X1,6
i_frontend_i_btb_btb_q_reg[2065],SDFFR_X1,6
i_frontend_i_btb_btb_q_reg[2066],SDFFR_X1,6
i_frontend_i_btb_btb_q_reg[2067],SDFFR_X1,6
i_frontend_i_btb_btb_q_reg[2068],SDFFR_X1,6
i_frontend_i_btb_btb_q_reg[2069],SDFFR_X1,6
i_frontend_i_btb_btb_q_reg[2070],SDFFR_X1,6
i_frontend_i_btb_btb_q_reg[2071],SDFFR_X1,6
i_frontend_i_btb_btb_q_reg[2072],SDFFR_X1,6
i_frontend_i_btb_btb_q_reg[2073],SDFFR_X1,6
i_frontend_i_btb_btb_q_reg[2074],SDFFR_X1,6
i_frontend_i_btb_btb_q_reg[2075],SDFFR_X1,6
i_frontend_i_btb_btb_q_reg[2076],SDFFR_X1,6
i_frontend_i_btb_btb_q_reg[2077],SDFFR_X1,6
i_frontend_i_btb_btb_q_reg[2078],SDFFR_X1,6
i_frontend_i_btb_btb_q_reg[2079],DFFR_X1,5
i_frontend_i_btb_btb_q_reg[2080],SDFFR_X1,6
i_frontend_i_btb_btb_q_reg[2081],SDFFR_X1,6
i_frontend_i_btb_btb_q_reg[2082],SDFFR_X1,6
i_frontend_i_btb_btb_q_reg[2083],SDFFR_X1,6
i_frontend_i_btb_btb_q_reg[2084],SDFFR_X1,6
i_frontend_i_btb_btb_q_reg[2085],SDFFR_X1,6
i_frontend_i_btb_btb_q_reg[2086],SDFFR_X1,6
i_frontend_i_btb_btb_q_reg[2087],SDFFR_X1,6
i_frontend_i_btb_btb_q_reg[2088],SDFFR_X1,6
i_frontend_i_btb_btb_q_reg[2089],SDFFR_X1,6
i_frontend_i_btb_btb_q_reg[2090],SDFFR_X1,6
i_frontend_i_btb_btb_q_reg[2091],SDFFR_X1,6
i_frontend_i_btb_btb_q_reg[2092],SDFFR_X1,6
i_frontend_i_btb_btb_q_reg[2093],SDFFR_X1,6
i_frontend_i_btb_btb_q_reg[2094],SDFFR_X1,6
i_frontend_i_btb_btb_q_reg[2095],SDFFR_X1,6
i_frontend_i_btb_btb_q_reg[2096],SDFFR_X1,6
i_frontend_i_btb_btb_q_reg[2097],SDFFR_X1,6
i_frontend_i_btb_btb_q_reg[2098],SDFFR_X1,6
i_frontend_i_btb_btb_q_reg[2099],SDFFR_X1,6
i_frontend_i_btb_btb_q_reg[2100],SDFFR_X1,6
i_frontend_i_btb_btb_q_reg[2101],SDFFR_X1,6
i_frontend_i_btb_btb_q_reg[2102],SDFFR_X1,6
i_frontend_i_btb_btb_q_reg[2103],SDFFR_X1,6
i_frontend_i_btb_btb_q_reg[2104],SDFFR_X1,6
i_frontend_i_btb_btb_q_reg[2105],SDFFR_X1,6
i_frontend_i_btb_btb_q_reg[2106],SDFFR_X1,6
i_frontend_i_btb_btb_q_reg[2107],SDFFR_X1,6
i_frontend_i_btb_btb_q_reg[2108],SDFFR_X1,6
i_frontend_i_btb_btb_q_reg[2109],SDFFR_X1,6
i_frontend_i_btb_btb_q_reg[2110],SDFFR_X1,6
i_frontend_i_btb_btb_q_reg[2111],SDFFR_X1,6
i_frontend_i_btb_btb_q_reg[2112],SDFFR_X1,6
i_frontend_i_btb_btb_q_reg[2113],SDFFR_X1,6
i_frontend_i_btb_btb_q_reg[2114],SDFFR_X1,6
i_frontend_i_btb_btb_q_reg[2115],SDFFR_X1,6
i_frontend_i_btb_btb_q_reg[2116],SDFFR_X1,6
i_frontend_i_btb_btb_q_reg[2117],SDFFR_X1,6
i_frontend_i_btb_btb_q_reg[2118],SDFFR_X1,6
i_frontend_i_btb_btb_q_reg[2119],SDFFR_X1,6
i_frontend_i_btb_btb_q_reg[2120],SDFFR_X1,6
i_frontend_i_btb_btb_q_reg[2121],SDFFR_X1,6
i_frontend_i_btb_btb_q_reg[2122],SDFFR_X1,6
i_frontend_i_btb_btb_q_reg[2123],SDFFR_X1,6
i_frontend_i_btb_btb_q_reg[2124],SDFFR_X1,6
i_frontend_i_btb_btb_q_reg[2125],SDFFR_X1,6
i_frontend_i_btb_btb_q_reg[2126],SDFFR_X1,6
i_frontend_i_btb_btb_q_reg[2127],SDFFR_X1,6
i_frontend_i_btb_btb_q_reg[2128],SDFFR_X1,6
i_frontend_i_btb_btb_q_reg[2129],SDFFR_X1,6
i_frontend_i_btb_btb_q_reg[2130],SDFFR_X1,6
i_frontend_i_btb_btb_q_reg[2131],SDFFR_X1,6
i_frontend_i_btb_btb_q_reg[2132],SDFFR_X1,6
i_frontend_i_btb_btb_q_reg[2133],SDFFR_X1,6
i_frontend_i_btb_btb_q_reg[2134],SDFFR_X1,6
i_frontend_i_btb_btb_q_reg[2135],SDFFR_X1,6
i_frontend_i_btb_btb_q_reg[2136],SDFFR_X1,6
i_frontend_i_btb_btb_q_reg[2137],SDFFR_X1,6
i_frontend_i_btb_btb_q_reg[2138],SDFFR_X1,6
i_frontend_i_btb_btb_q_reg[2139],SDFFR_X1,6
i_frontend_i_btb_btb_q_reg[2140],SDFFR_X1,6
i_frontend_i_btb_btb_q_reg[2141],SDFFR_X1,6
i_frontend_i_btb_btb_q_reg[2142],SDFFR_X1,6
i_frontend_i_btb_btb_q_reg[2143],SDFFR_X1,6
i_frontend_i_btb_btb_q_reg[2144],DFFR_X1,5
i_frontend_i_btb_btb_q_reg[2145],SDFFR_X1,6
i_frontend_i_btb_btb_q_reg[2146],SDFFR_X1,6
i_frontend_i_btb_btb_q_reg[2147],SDFFR_X1,6
i_frontend_i_btb_btb_q_reg[2148],SDFFR_X1,6
i_frontend_i_btb_btb_q_reg[2149],SDFFR_X1,6
i_frontend_i_btb_btb_q_reg[2150],SDFFR_X1,6
i_frontend_i_btb_btb_q_reg[2151],SDFFR_X1,6
i_frontend_i_btb_btb_q_reg[2152],SDFFR_X1,6
i_frontend_i_btb_btb_q_reg[2153],SDFFR_X1,6
i_frontend_i_btb_btb_q_reg[2154],SDFFR_X1,6
i_frontend_i_btb_btb_q_reg[2155],SDFFR_X1,6
i_frontend_i_btb_btb_q_reg[2156],SDFFR_X1,6
i_frontend_i_btb_btb_q_reg[2157],SDFFR_X1,6
i_frontend_i_btb_btb_q_reg[2158],SDFFR_X1,6
i_frontend_i_btb_btb_q_reg[2159],SDFFR_X1,6
i_frontend_i_btb_btb_q_reg[2160],SDFFR_X1,6
i_frontend_i_btb_btb_q_reg[2161],SDFFR_X1,6
i_frontend_i_btb_btb_q_reg[2162],SDFFR_X1,6
i_frontend_i_btb_btb_q_reg[2163],SDFFR_X1,6
i_frontend_i_btb_btb_q_reg[2164],SDFFR_X1,6
i_frontend_i_btb_btb_q_reg[2165],SDFFR_X1,6
i_frontend_i_btb_btb_q_reg[2166],SDFFR_X1,6
i_frontend_i_btb_btb_q_reg[2167],SDFFR_X1,6
i_frontend_i_btb_btb_q_reg[2168],SDFFR_X1,6
i_frontend_i_btb_btb_q_reg[2169],SDFFR_X1,6
i_frontend_i_btb_btb_q_reg[2170],SDFFR_X1,6
i_frontend_i_btb_btb_q_reg[2171],SDFFR_X1,6
i_frontend_i_btb_btb_q_reg[2172],SDFFR_X1,6
i_frontend_i_btb_btb_q_reg[2173],SDFFR_X1,6
i_frontend_i_btb_btb_q_reg[2174],SDFFR_X1,6
i_frontend_i_btb_btb_q_reg[2175],SDFFR_X1,6
i_frontend_i_btb_btb_q_reg[2176],SDFFR_X1,6
i_frontend_i_btb_btb_q_reg[2177],SDFFR_X1,6
i_frontend_i_btb_btb_q_reg[2178],SDFFR_X1,6
i_frontend_i_btb_btb_q_reg[2179],SDFFR_X1,6
i_frontend_i_btb_btb_q_reg[2180],SDFFR_X1,6
i_frontend_i_btb_btb_q_reg[2181],SDFFR_X1,6
i_frontend_i_btb_btb_q_reg[2182],SDFFR_X1,6
i_frontend_i_btb_btb_q_reg[2183],SDFFR_X1,6
i_frontend_i_btb_btb_q_reg[2184],SDFFR_X1,6
i_frontend_i_btb_btb_q_reg[2185],SDFFR_X1,6
i_frontend_i_btb_btb_q_reg[2186],SDFFR_X1,6
i_frontend_i_btb_btb_q_reg[2187],SDFFR_X1,6
i_frontend_i_btb_btb_q_reg[2188],SDFFR_X1,6
i_frontend_i_btb_btb_q_reg[2189],SDFFR_X1,6
i_frontend_i_btb_btb_q_reg[2190],SDFFR_X1,6
i_frontend_i_btb_btb_q_reg[2191],SDFFR_X1,6
i_frontend_i_btb_btb_q_reg[2192],SDFFR_X1,6
i_frontend_i_btb_btb_q_reg[2193],SDFFR_X1,6
i_frontend_i_btb_btb_q_reg[2194],SDFFR_X1,6
i_frontend_i_btb_btb_q_reg[2195],SDFFR_X1,6
i_frontend_i_btb_btb_q_reg[2196],SDFFR_X1,6
i_frontend_i_btb_btb_q_reg[2197],SDFFR_X1,6
i_frontend_i_btb_btb_q_reg[2198],SDFFR_X1,6
i_frontend_i_btb_btb_q_reg[2199],SDFFR_X1,6
i_frontend_i_btb_btb_q_reg[2200],SDFFR_X1,6
i_frontend_i_btb_btb_q_reg[2201],SDFFR_X1,6
i_frontend_i_btb_btb_q_reg[2202],SDFFR_X1,6
i_frontend_i_btb_btb_q_reg[2203],SDFFR_X1,6
i_frontend_i_btb_btb_q_reg[2204],SDFFR_X1,6
i_frontend_i_btb_btb_q_reg[2205],SDFFR_X1,6
i_frontend_i_btb_btb_q_reg[2206],SDFFR_X1,6
i_frontend_i_btb_btb_q_reg[2207],SDFFR_X1,6
i_frontend_i_btb_btb_q_reg[2208],SDFFR_X1,6
i_frontend_i_btb_btb_q_reg[2209],DFFR_X1,5
i_frontend_i_btb_btb_q_reg[2210],SDFFR_X1,6
i_frontend_i_btb_btb_q_reg[2211],SDFFR_X1,6
i_frontend_i_btb_btb_q_reg[2212],SDFFR_X1,6
i_frontend_i_btb_btb_q_reg[2213],SDFFR_X1,6
i_frontend_i_btb_btb_q_reg[2214],SDFFR_X1,6
i_frontend_i_btb_btb_q_reg[2215],SDFFR_X1,6
i_frontend_i_btb_btb_q_reg[2216],SDFFR_X1,6
i_frontend_i_btb_btb_q_reg[2217],SDFFR_X1,6
i_frontend_i_btb_btb_q_reg[2218],SDFFR_X1,6
i_frontend_i_btb_btb_q_reg[2219],SDFFR_X1,6
i_frontend_i_btb_btb_q_reg[2220],SDFFR_X1,6
i_frontend_i_btb_btb_q_reg[2221],SDFFR_X1,6
i_frontend_i_btb_btb_q_reg[2222],SDFFR_X1,6
i_frontend_i_btb_btb_q_reg[2223],SDFFR_X1,6
i_frontend_i_btb_btb_q_reg[2224],SDFFR_X1,6
i_frontend_i_btb_btb_q_reg[2225],SDFFR_X1,6
i_frontend_i_btb_btb_q_reg[2226],SDFFR_X1,6
i_frontend_i_btb_btb_q_reg[2227],SDFFR_X1,6
i_frontend_i_btb_btb_q_reg[2228],SDFFR_X1,6
i_frontend_i_btb_btb_q_reg[2229],SDFFR_X1,6
i_frontend_i_btb_btb_q_reg[2230],SDFFR_X1,6
i_frontend_i_btb_btb_q_reg[2231],SDFFR_X1,6
i_frontend_i_btb_btb_q_reg[2232],SDFFR_X1,6
i_frontend_i_btb_btb_q_reg[2233],SDFFR_X1,6
i_frontend_i_btb_btb_q_reg[2234],SDFFR_X1,6
i_frontend_i_btb_btb_q_reg[2235],SDFFR_X1,6
i_frontend_i_btb_btb_q_reg[2236],SDFFR_X1,6
i_frontend_i_btb_btb_q_reg[2237],SDFFR_X1,6
i_frontend_i_btb_btb_q_reg[2238],SDFFR_X1,6
i_frontend_i_btb_btb_q_reg[2239],SDFFR_X1,6
i_frontend_i_btb_btb_q_reg[2240],SDFFR_X1,6
i_frontend_i_btb_btb_q_reg[2241],SDFFR_X1,6
i_frontend_i_btb_btb_q_reg[2242],SDFFR_X1,6
i_frontend_i_btb_btb_q_reg[2243],SDFFR_X1,6
i_frontend_i_btb_btb_q_reg[2244],SDFFR_X1,6
i_frontend_i_btb_btb_q_reg[2245],SDFFR_X1,6
i_frontend_i_btb_btb_q_reg[2246],SDFFR_X1,6
i_frontend_i_btb_btb_q_reg[2247],SDFFR_X1,6
i_frontend_i_btb_btb_q_reg[2248],SDFFR_X1,6
i_frontend_i_btb_btb_q_reg[2249],SDFFR_X1,6
i_frontend_i_btb_btb_q_reg[2250],SDFFR_X1,6
i_frontend_i_btb_btb_q_reg[2251],SDFFR_X1,6
i_frontend_i_btb_btb_q_reg[2252],SDFFR_X1,6
i_frontend_i_btb_btb_q_reg[2253],SDFFR_X1,6
i_frontend_i_btb_btb_q_reg[2254],SDFFR_X1,6
i_frontend_i_btb_btb_q_reg[2255],SDFFR_X1,6
i_frontend_i_btb_btb_q_reg[2256],SDFFR_X1,6
i_frontend_i_btb_btb_q_reg[2257],SDFFR_X1,6
i_frontend_i_btb_btb_q_reg[2258],SDFFR_X1,6
i_frontend_i_btb_btb_q_reg[2259],SDFFR_X1,6
i_frontend_i_btb_btb_q_reg[2260],SDFFR_X1,6
i_frontend_i_btb_btb_q_reg[2261],SDFFR_X1,6
i_frontend_i_btb_btb_q_reg[2262],SDFFR_X1,6
i_frontend_i_btb_btb_q_reg[2263],SDFFR_X1,6
i_frontend_i_btb_btb_q_reg[2264],SDFFR_X1,6
i_frontend_i_btb_btb_q_reg[2265],SDFFR_X1,6
i_frontend_i_btb_btb_q_reg[2266],SDFFR_X1,6
i_frontend_i_btb_btb_q_reg[2267],SDFFR_X1,6
i_frontend_i_btb_btb_q_reg[2268],SDFFR_X1,6
i_frontend_i_btb_btb_q_reg[2269],SDFFR_X1,6
i_frontend_i_btb_btb_q_reg[2270],SDFFR_X1,6
i_frontend_i_btb_btb_q_reg[2271],SDFFR_X1,6
i_frontend_i_btb_btb_q_reg[2272],SDFFR_X1,6
i_frontend_i_btb_btb_q_reg[2273],SDFFR_X1,6
i_frontend_i_btb_btb_q_reg[2274],DFFR_X1,5
i_frontend_i_btb_btb_q_reg[2275],SDFFR_X1,6
i_frontend_i_btb_btb_q_reg[2276],SDFFR_X1,6
i_frontend_i_btb_btb_q_reg[2277],SDFFR_X1,6
i_frontend_i_btb_btb_q_reg[2278],SDFFR_X1,6
i_frontend_i_btb_btb_q_reg[2279],SDFFR_X1,6
i_frontend_i_btb_btb_q_reg[2280],SDFFR_X1,6
i_frontend_i_btb_btb_q_reg[2281],SDFFR_X1,6
i_frontend_i_btb_btb_q_reg[2282],SDFFR_X1,6
i_frontend_i_btb_btb_q_reg[2283],SDFFR_X1,6
i_frontend_i_btb_btb_q_reg[2284],SDFFR_X1,6
i_frontend_i_btb_btb_q_reg[2285],SDFFR_X1,6
i_frontend_i_btb_btb_q_reg[2286],SDFFR_X1,6
i_frontend_i_btb_btb_q_reg[2287],SDFFR_X1,6
i_frontend_i_btb_btb_q_reg[2288],SDFFR_X1,6
i_frontend_i_btb_btb_q_reg[2289],SDFFR_X1,6
i_frontend_i_btb_btb_q_reg[2290],SDFFR_X1,6
i_frontend_i_btb_btb_q_reg[2291],SDFFR_X1,6
i_frontend_i_btb_btb_q_reg[2292],SDFFR_X1,6
i_frontend_i_btb_btb_q_reg[2293],SDFFR_X1,6
i_frontend_i_btb_btb_q_reg[2294],SDFFR_X1,6
i_frontend_i_btb_btb_q_reg[2295],SDFFR_X1,6
i_frontend_i_btb_btb_q_reg[2296],SDFFR_X1,6
i_frontend_i_btb_btb_q_reg[2297],SDFFR_X1,6
i_frontend_i_btb_btb_q_reg[2298],SDFFR_X1,6
i_frontend_i_btb_btb_q_reg[2299],SDFFR_X1,6
i_frontend_i_btb_btb_q_reg[2300],SDFFR_X1,6
i_frontend_i_btb_btb_q_reg[2301],SDFFR_X1,6
i_frontend_i_btb_btb_q_reg[2302],SDFFR_X1,6
i_frontend_i_btb_btb_q_reg[2303],SDFFR_X1,6
i_frontend_i_btb_btb_q_reg[2304],SDFFR_X1,6
i_frontend_i_btb_btb_q_reg[2305],SDFFR_X1,6
i_frontend_i_btb_btb_q_reg[2306],SDFFR_X1,6
i_frontend_i_btb_btb_q_reg[2307],SDFFR_X1,6
i_frontend_i_btb_btb_q_reg[2308],SDFFR_X1,6
i_frontend_i_btb_btb_q_reg[2309],SDFFR_X1,6
i_frontend_i_btb_btb_q_reg[2310],SDFFR_X1,6
i_frontend_i_btb_btb_q_reg[2311],SDFFR_X1,6
i_frontend_i_btb_btb_q_reg[2312],SDFFR_X1,6
i_frontend_i_btb_btb_q_reg[2313],SDFFR_X1,6
i_frontend_i_btb_btb_q_reg[2314],SDFFR_X1,6
i_frontend_i_btb_btb_q_reg[2315],SDFFR_X1,6
i_frontend_i_btb_btb_q_reg[2316],SDFFR_X1,6
i_frontend_i_btb_btb_q_reg[2317],SDFFR_X1,6
i_frontend_i_btb_btb_q_reg[2318],SDFFR_X1,6
i_frontend_i_btb_btb_q_reg[2319],SDFFR_X1,6
i_frontend_i_btb_btb_q_reg[2320],SDFFR_X1,6
i_frontend_i_btb_btb_q_reg[2321],SDFFR_X1,6
i_frontend_i_btb_btb_q_reg[2322],SDFFR_X1,6
i_frontend_i_btb_btb_q_reg[2323],SDFFR_X1,6
i_frontend_i_btb_btb_q_reg[2324],SDFFR_X1,6
i_frontend_i_btb_btb_q_reg[2325],SDFFR_X1,6
i_frontend_i_btb_btb_q_reg[2326],SDFFR_X1,6
i_frontend_i_btb_btb_q_reg[2327],SDFFR_X1,6
i_frontend_i_btb_btb_q_reg[2328],SDFFR_X1,6
i_frontend_i_btb_btb_q_reg[2329],SDFFR_X1,6
i_frontend_i_btb_btb_q_reg[2330],SDFFR_X1,6
i_frontend_i_btb_btb_q_reg[2331],SDFFR_X1,6
i_frontend_i_btb_btb_q_reg[2332],SDFFR_X1,6
i_frontend_i_btb_btb_q_reg[2333],SDFFR_X1,6
i_frontend_i_btb_btb_q_reg[2334],SDFFR_X1,6
i_frontend_i_btb_btb_q_reg[2335],SDFFR_X1,6
i_frontend_i_btb_btb_q_reg[2336],SDFFR_X1,6
i_frontend_i_btb_btb_q_reg[2337],SDFFR_X1,6
i_frontend_i_btb_btb_q_reg[2338],SDFFR_X1,6
i_frontend_i_btb_btb_q_reg[2339],DFFR_X1,5
i_frontend_i_btb_btb_q_reg[2340],SDFFR_X1,6
i_frontend_i_btb_btb_q_reg[2341],SDFFR_X1,6
i_frontend_i_btb_btb_q_reg[2342],SDFFR_X1,6
i_frontend_i_btb_btb_q_reg[2343],SDFFR_X1,6
i_frontend_i_btb_btb_q_reg[2344],SDFFR_X1,6
i_frontend_i_btb_btb_q_reg[2345],SDFFR_X1,6
i_frontend_i_btb_btb_q_reg[2346],SDFFR_X1,6
i_frontend_i_btb_btb_q_reg[2347],SDFFR_X1,6
i_frontend_i_btb_btb_q_reg[2348],SDFFR_X1,6
i_frontend_i_btb_btb_q_reg[2349],SDFFR_X1,6
i_frontend_i_btb_btb_q_reg[2350],SDFFR_X1,6
i_frontend_i_btb_btb_q_reg[2351],SDFFR_X1,6
i_frontend_i_btb_btb_q_reg[2352],SDFFR_X1,6
i_frontend_i_btb_btb_q_reg[2353],SDFFR_X1,6
i_frontend_i_btb_btb_q_reg[2354],SDFFR_X1,6
i_frontend_i_btb_btb_q_reg[2355],SDFFR_X1,6
i_frontend_i_btb_btb_q_reg[2356],SDFFR_X1,6
i_frontend_i_btb_btb_q_reg[2357],SDFFR_X1,6
i_frontend_i_btb_btb_q_reg[2358],SDFFR_X1,6
i_frontend_i_btb_btb_q_reg[2359],SDFFR_X1,6
i_frontend_i_btb_btb_q_reg[2360],SDFFR_X1,6
i_frontend_i_btb_btb_q_reg[2361],SDFFR_X1,6
i_frontend_i_btb_btb_q_reg[2362],SDFFR_X1,6
i_frontend_i_btb_btb_q_reg[2363],SDFFR_X1,6
i_frontend_i_btb_btb_q_reg[2364],SDFFR_X1,6
i_frontend_i_btb_btb_q_reg[2365],SDFFR_X1,6
i_frontend_i_btb_btb_q_reg[2366],SDFFR_X1,6
i_frontend_i_btb_btb_q_reg[2367],SDFFR_X1,6
i_frontend_i_btb_btb_q_reg[2368],SDFFR_X1,6
i_frontend_i_btb_btb_q_reg[2369],SDFFR_X1,6
i_frontend_i_btb_btb_q_reg[2370],SDFFR_X1,6
i_frontend_i_btb_btb_q_reg[2371],SDFFR_X1,6
i_frontend_i_btb_btb_q_reg[2372],SDFFR_X1,6
i_frontend_i_btb_btb_q_reg[2373],SDFFR_X1,6
i_frontend_i_btb_btb_q_reg[2374],SDFFR_X1,6
i_frontend_i_btb_btb_q_reg[2375],SDFFR_X1,6
i_frontend_i_btb_btb_q_reg[2376],SDFFR_X1,6
i_frontend_i_btb_btb_q_reg[2377],SDFFR_X1,6
i_frontend_i_btb_btb_q_reg[2378],SDFFR_X1,6
i_frontend_i_btb_btb_q_reg[2379],SDFFR_X1,6
i_frontend_i_btb_btb_q_reg[2380],SDFFR_X1,6
i_frontend_i_btb_btb_q_reg[2381],SDFFR_X1,6
i_frontend_i_btb_btb_q_reg[2382],SDFFR_X1,6
i_frontend_i_btb_btb_q_reg[2383],SDFFR_X1,6
i_frontend_i_btb_btb_q_reg[2384],SDFFR_X1,6
i_frontend_i_btb_btb_q_reg[2385],SDFFR_X1,6
i_frontend_i_btb_btb_q_reg[2386],SDFFR_X1,6
i_frontend_i_btb_btb_q_reg[2387],SDFFR_X1,6
i_frontend_i_btb_btb_q_reg[2388],SDFFR_X1,6
i_frontend_i_btb_btb_q_reg[2389],SDFFR_X1,6
i_frontend_i_btb_btb_q_reg[2390],SDFFR_X1,6
i_frontend_i_btb_btb_q_reg[2391],SDFFR_X1,6
i_frontend_i_btb_btb_q_reg[2392],SDFFR_X1,6
i_frontend_i_btb_btb_q_reg[2393],SDFFR_X1,6
i_frontend_i_btb_btb_q_reg[2394],SDFFR_X1,6
i_frontend_i_btb_btb_q_reg[2395],SDFFR_X1,6
i_frontend_i_btb_btb_q_reg[2396],SDFFR_X1,6
i_frontend_i_btb_btb_q_reg[2397],SDFFR_X1,6
i_frontend_i_btb_btb_q_reg[2398],SDFFR_X1,6
i_frontend_i_btb_btb_q_reg[2399],SDFFR_X1,6
i_frontend_i_btb_btb_q_reg[2400],SDFFR_X1,6
i_frontend_i_btb_btb_q_reg[2401],SDFFR_X1,6
i_frontend_i_btb_btb_q_reg[2402],SDFFR_X1,6
i_frontend_i_btb_btb_q_reg[2403],SDFFR_X1,6
i_frontend_i_btb_btb_q_reg[2404],DFFR_X1,5
i_frontend_i_btb_btb_q_reg[2405],SDFFR_X1,6
i_frontend_i_btb_btb_q_reg[2406],SDFFR_X1,6
i_frontend_i_btb_btb_q_reg[2407],SDFFR_X1,6
i_frontend_i_btb_btb_q_reg[2408],SDFFR_X1,6
i_frontend_i_btb_btb_q_reg[2409],SDFFR_X1,6
i_frontend_i_btb_btb_q_reg[2410],SDFFR_X1,6
i_frontend_i_btb_btb_q_reg[2411],SDFFR_X1,6
i_frontend_i_btb_btb_q_reg[2412],SDFFR_X1,6
i_frontend_i_btb_btb_q_reg[2413],SDFFR_X1,6
i_frontend_i_btb_btb_q_reg[2414],SDFFR_X1,6
i_frontend_i_btb_btb_q_reg[2415],SDFFR_X1,6
i_frontend_i_btb_btb_q_reg[2416],SDFFR_X1,6
i_frontend_i_btb_btb_q_reg[2417],SDFFR_X1,6
i_frontend_i_btb_btb_q_reg[2418],SDFFR_X1,6
i_frontend_i_btb_btb_q_reg[2419],SDFFR_X1,6
i_frontend_i_btb_btb_q_reg[2420],SDFFR_X1,6
i_frontend_i_btb_btb_q_reg[2421],SDFFR_X1,6
i_frontend_i_btb_btb_q_reg[2422],SDFFR_X1,6
i_frontend_i_btb_btb_q_reg[2423],SDFFR_X1,6
i_frontend_i_btb_btb_q_reg[2424],SDFFR_X1,6
i_frontend_i_btb_btb_q_reg[2425],SDFFR_X1,6
i_frontend_i_btb_btb_q_reg[2426],SDFFR_X1,6
i_frontend_i_btb_btb_q_reg[2427],SDFFR_X1,6
i_frontend_i_btb_btb_q_reg[2428],SDFFR_X1,6
i_frontend_i_btb_btb_q_reg[2429],SDFFR_X1,6
i_frontend_i_btb_btb_q_reg[2430],SDFFR_X1,6
i_frontend_i_btb_btb_q_reg[2431],SDFFR_X1,6
i_frontend_i_btb_btb_q_reg[2432],SDFFR_X1,6
i_frontend_i_btb_btb_q_reg[2433],SDFFR_X1,6
i_frontend_i_btb_btb_q_reg[2434],SDFFR_X1,6
i_frontend_i_btb_btb_q_reg[2435],SDFFR_X1,6
i_frontend_i_btb_btb_q_reg[2436],SDFFR_X1,6
i_frontend_i_btb_btb_q_reg[2437],SDFFR_X1,6
i_frontend_i_btb_btb_q_reg[2438],SDFFR_X1,6
i_frontend_i_btb_btb_q_reg[2439],SDFFR_X1,6
i_frontend_i_btb_btb_q_reg[2440],SDFFR_X1,6
i_frontend_i_btb_btb_q_reg[2441],SDFFR_X1,6
i_frontend_i_btb_btb_q_reg[2442],SDFFR_X1,6
i_frontend_i_btb_btb_q_reg[2443],SDFFR_X1,6
i_frontend_i_btb_btb_q_reg[2444],SDFFR_X1,6
i_frontend_i_btb_btb_q_reg[2445],SDFFR_X1,6
i_frontend_i_btb_btb_q_reg[2446],SDFFR_X1,6
i_frontend_i_btb_btb_q_reg[2447],SDFFR_X1,6
i_frontend_i_btb_btb_q_reg[2448],SDFFR_X1,6
i_frontend_i_btb_btb_q_reg[2449],SDFFR_X1,6
i_frontend_i_btb_btb_q_reg[2450],SDFFR_X1,6
i_frontend_i_btb_btb_q_reg[2451],SDFFR_X1,6
i_frontend_i_btb_btb_q_reg[2452],SDFFR_X1,6
i_frontend_i_btb_btb_q_reg[2453],SDFFR_X1,6
i_frontend_i_btb_btb_q_reg[2454],SDFFR_X1,6
i_frontend_i_btb_btb_q_reg[2455],SDFFR_X1,6
i_frontend_i_btb_btb_q_reg[2456],SDFFR_X1,6
i_frontend_i_btb_btb_q_reg[2457],SDFFR_X1,6
i_frontend_i_btb_btb_q_reg[2458],SDFFR_X1,6
i_frontend_i_btb_btb_q_reg[2459],SDFFR_X1,6
i_frontend_i_btb_btb_q_reg[2460],SDFFR_X1,6
i_frontend_i_btb_btb_q_reg[2461],SDFFR_X1,6
i_frontend_i_btb_btb_q_reg[2462],SDFFR_X1,6
i_frontend_i_btb_btb_q_reg[2463],SDFFR_X1,6
i_frontend_i_btb_btb_q_reg[2464],SDFFR_X1,6
i_frontend_i_btb_btb_q_reg[2465],SDFFR_X1,6
i_frontend_i_btb_btb_q_reg[2466],SDFFR_X1,6
i_frontend_i_btb_btb_q_reg[2467],SDFFR_X1,6
i_frontend_i_btb_btb_q_reg[2468],SDFFR_X1,6
i_frontend_i_btb_btb_q_reg[2469],DFFR_X1,5
i_frontend_i_btb_btb_q_reg[2470],SDFFR_X1,6
i_frontend_i_btb_btb_q_reg[2471],SDFFR_X1,6
i_frontend_i_btb_btb_q_reg[2472],SDFFR_X1,6
i_frontend_i_btb_btb_q_reg[2473],SDFFR_X1,6
i_frontend_i_btb_btb_q_reg[2474],SDFFR_X1,6
i_frontend_i_btb_btb_q_reg[2475],SDFFR_X1,6
i_frontend_i_btb_btb_q_reg[2476],SDFFR_X1,6
i_frontend_i_btb_btb_q_reg[2477],SDFFR_X1,6
i_frontend_i_btb_btb_q_reg[2478],SDFFR_X1,6
i_frontend_i_btb_btb_q_reg[2479],SDFFR_X1,6
i_frontend_i_btb_btb_q_reg[2480],SDFFR_X1,6
i_frontend_i_btb_btb_q_reg[2481],SDFFR_X1,6
i_frontend_i_btb_btb_q_reg[2482],SDFFR_X1,6
i_frontend_i_btb_btb_q_reg[2483],SDFFR_X1,6
i_frontend_i_btb_btb_q_reg[2484],SDFFR_X1,6
i_frontend_i_btb_btb_q_reg[2485],SDFFR_X1,6
i_frontend_i_btb_btb_q_reg[2486],SDFFR_X1,6
i_frontend_i_btb_btb_q_reg[2487],SDFFR_X1,6
i_frontend_i_btb_btb_q_reg[2488],SDFFR_X1,6
i_frontend_i_btb_btb_q_reg[2489],SDFFR_X1,6
i_frontend_i_btb_btb_q_reg[2490],SDFFR_X1,6
i_frontend_i_btb_btb_q_reg[2491],SDFFR_X1,6
i_frontend_i_btb_btb_q_reg[2492],SDFFR_X1,6
i_frontend_i_btb_btb_q_reg[2493],SDFFR_X1,6
i_frontend_i_btb_btb_q_reg[2494],SDFFR_X1,6
i_frontend_i_btb_btb_q_reg[2495],SDFFR_X1,6
i_frontend_i_btb_btb_q_reg[2496],SDFFR_X1,6
i_frontend_i_btb_btb_q_reg[2497],SDFFR_X1,6
i_frontend_i_btb_btb_q_reg[2498],SDFFR_X1,6
i_frontend_i_btb_btb_q_reg[2499],SDFFR_X1,6
i_frontend_i_btb_btb_q_reg[2500],SDFFR_X1,6
i_frontend_i_btb_btb_q_reg[2501],SDFFR_X1,6
i_frontend_i_btb_btb_q_reg[2502],SDFFR_X1,6
i_frontend_i_btb_btb_q_reg[2503],SDFFR_X1,6
i_frontend_i_btb_btb_q_reg[2504],SDFFR_X1,6
i_frontend_i_btb_btb_q_reg[2505],SDFFR_X1,6
i_frontend_i_btb_btb_q_reg[2506],SDFFR_X1,6
i_frontend_i_btb_btb_q_reg[2507],SDFFR_X1,6
i_frontend_i_btb_btb_q_reg[2508],SDFFR_X1,6
i_frontend_i_btb_btb_q_reg[2509],SDFFR_X1,6
i_frontend_i_btb_btb_q_reg[2510],SDFFR_X1,6
i_frontend_i_btb_btb_q_reg[2511],SDFFR_X1,6
i_frontend_i_btb_btb_q_reg[2512],SDFFR_X1,6
i_frontend_i_btb_btb_q_reg[2513],SDFFR_X1,6
i_frontend_i_btb_btb_q_reg[2514],SDFFR_X1,6
i_frontend_i_btb_btb_q_reg[2515],SDFFR_X1,6
i_frontend_i_btb_btb_q_reg[2516],SDFFR_X1,6
i_frontend_i_btb_btb_q_reg[2517],SDFFR_X1,6
i_frontend_i_btb_btb_q_reg[2518],SDFFR_X1,6
i_frontend_i_btb_btb_q_reg[2519],SDFFR_X1,6
i_frontend_i_btb_btb_q_reg[2520],SDFFR_X1,6
i_frontend_i_btb_btb_q_reg[2521],SDFFR_X1,6
i_frontend_i_btb_btb_q_reg[2522],SDFFR_X1,6
i_frontend_i_btb_btb_q_reg[2523],SDFFR_X1,6
i_frontend_i_btb_btb_q_reg[2524],SDFFR_X1,6
i_frontend_i_btb_btb_q_reg[2525],SDFFR_X1,6
i_frontend_i_btb_btb_q_reg[2526],SDFFR_X1,6
i_frontend_i_btb_btb_q_reg[2527],SDFFR_X1,6
i_frontend_i_btb_btb_q_reg[2528],SDFFR_X1,6
i_frontend_i_btb_btb_q_reg[2529],SDFFR_X1,6
i_frontend_i_btb_btb_q_reg[2530],SDFFR_X1,6
i_frontend_i_btb_btb_q_reg[2531],SDFFR_X1,6
i_frontend_i_btb_btb_q_reg[2532],SDFFR_X1,6
i_frontend_i_btb_btb_q_reg[2533],SDFFR_X1,6
i_frontend_i_btb_btb_q_reg[2534],DFFR_X1,5
i_frontend_i_btb_btb_q_reg[2535],SDFFR_X1,6
i_frontend_i_btb_btb_q_reg[2536],SDFFR_X1,6
i_frontend_i_btb_btb_q_reg[2537],SDFFR_X1,6
i_frontend_i_btb_btb_q_reg[2538],SDFFR_X1,6
i_frontend_i_btb_btb_q_reg[2539],SDFFR_X1,6
i_frontend_i_btb_btb_q_reg[2540],SDFFR_X1,6
i_frontend_i_btb_btb_q_reg[2541],SDFFR_X1,6
i_frontend_i_btb_btb_q_reg[2542],SDFFR_X1,6
i_frontend_i_btb_btb_q_reg[2543],SDFFR_X1,6
i_frontend_i_btb_btb_q_reg[2544],SDFFR_X1,6
i_frontend_i_btb_btb_q_reg[2545],SDFFR_X1,6
i_frontend_i_btb_btb_q_reg[2546],SDFFR_X1,6
i_frontend_i_btb_btb_q_reg[2547],SDFFR_X1,6
i_frontend_i_btb_btb_q_reg[2548],SDFFR_X1,6
i_frontend_i_btb_btb_q_reg[2549],SDFFR_X1,6
i_frontend_i_btb_btb_q_reg[2550],SDFFR_X1,6
i_frontend_i_btb_btb_q_reg[2551],SDFFR_X1,6
i_frontend_i_btb_btb_q_reg[2552],SDFFR_X1,6
i_frontend_i_btb_btb_q_reg[2553],SDFFR_X1,6
i_frontend_i_btb_btb_q_reg[2554],SDFFR_X1,6
i_frontend_i_btb_btb_q_reg[2555],SDFFR_X1,6
i_frontend_i_btb_btb_q_reg[2556],SDFFR_X1,6
i_frontend_i_btb_btb_q_reg[2557],SDFFR_X1,6
i_frontend_i_btb_btb_q_reg[2558],SDFFR_X1,6
i_frontend_i_btb_btb_q_reg[2559],SDFFR_X1,6
i_frontend_i_btb_btb_q_reg[2560],SDFFR_X1,6
i_frontend_i_btb_btb_q_reg[2561],SDFFR_X1,6
i_frontend_i_btb_btb_q_reg[2562],SDFFR_X1,6
i_frontend_i_btb_btb_q_reg[2563],SDFFR_X1,6
i_frontend_i_btb_btb_q_reg[2564],SDFFR_X1,6
i_frontend_i_btb_btb_q_reg[2565],SDFFR_X1,6
i_frontend_i_btb_btb_q_reg[2566],SDFFR_X1,6
i_frontend_i_btb_btb_q_reg[2567],SDFFR_X1,6
i_frontend_i_btb_btb_q_reg[2568],SDFFR_X1,6
i_frontend_i_btb_btb_q_reg[2569],SDFFR_X1,6
i_frontend_i_btb_btb_q_reg[2570],SDFFR_X1,6
i_frontend_i_btb_btb_q_reg[2571],SDFFR_X1,6
i_frontend_i_btb_btb_q_reg[2572],SDFFR_X1,6
i_frontend_i_btb_btb_q_reg[2573],SDFFR_X1,6
i_frontend_i_btb_btb_q_reg[2574],SDFFR_X1,6
i_frontend_i_btb_btb_q_reg[2575],SDFFR_X1,6
i_frontend_i_btb_btb_q_reg[2576],SDFFR_X1,6
i_frontend_i_btb_btb_q_reg[2577],SDFFR_X1,6
i_frontend_i_btb_btb_q_reg[2578],SDFFR_X1,6
i_frontend_i_btb_btb_q_reg[2579],SDFFR_X1,6
i_frontend_i_btb_btb_q_reg[2580],SDFFR_X1,6
i_frontend_i_btb_btb_q_reg[2581],SDFFR_X1,6
i_frontend_i_btb_btb_q_reg[2582],SDFFR_X1,6
i_frontend_i_btb_btb_q_reg[2583],SDFFR_X1,6
i_frontend_i_btb_btb_q_reg[2584],SDFFR_X1,6
i_frontend_i_btb_btb_q_reg[2585],SDFFR_X1,6
i_frontend_i_btb_btb_q_reg[2586],SDFFR_X1,6
i_frontend_i_btb_btb_q_reg[2587],SDFFR_X1,6
i_frontend_i_btb_btb_q_reg[2588],SDFFR_X1,6
i_frontend_i_btb_btb_q_reg[2589],SDFFR_X1,6
i_frontend_i_btb_btb_q_reg[2590],SDFFR_X1,6
i_frontend_i_btb_btb_q_reg[2591],SDFFR_X1,6
i_frontend_i_btb_btb_q_reg[2592],SDFFR_X1,6
i_frontend_i_btb_btb_q_reg[2593],SDFFR_X1,6
i_frontend_i_btb_btb_q_reg[2594],SDFFR_X1,6
i_frontend_i_btb_btb_q_reg[2595],SDFFR_X1,6
i_frontend_i_btb_btb_q_reg[2596],SDFFR_X1,6
i_frontend_i_btb_btb_q_reg[2597],SDFFR_X1,6
i_frontend_i_btb_btb_q_reg[2598],SDFFR_X1,6
i_frontend_i_btb_btb_q_reg[2599],DFFR_X1,5
i_frontend_i_btb_btb_q_reg[2600],SDFFR_X1,6
i_frontend_i_btb_btb_q_reg[2601],SDFFR_X1,6
i_frontend_i_btb_btb_q_reg[2602],SDFFR_X1,6
i_frontend_i_btb_btb_q_reg[2603],SDFFR_X1,6
i_frontend_i_btb_btb_q_reg[2604],SDFFR_X1,6
i_frontend_i_btb_btb_q_reg[2605],SDFFR_X1,6
i_frontend_i_btb_btb_q_reg[2606],SDFFR_X1,6
i_frontend_i_btb_btb_q_reg[2607],SDFFR_X1,6
i_frontend_i_btb_btb_q_reg[2608],SDFFR_X1,6
i_frontend_i_btb_btb_q_reg[2609],SDFFR_X1,6
i_frontend_i_btb_btb_q_reg[2610],SDFFR_X1,6
i_frontend_i_btb_btb_q_reg[2611],SDFFR_X1,6
i_frontend_i_btb_btb_q_reg[2612],SDFFR_X1,6
i_frontend_i_btb_btb_q_reg[2613],SDFFR_X1,6
i_frontend_i_btb_btb_q_reg[2614],SDFFR_X1,6
i_frontend_i_btb_btb_q_reg[2615],SDFFR_X1,6
i_frontend_i_btb_btb_q_reg[2616],SDFFR_X1,6
i_frontend_i_btb_btb_q_reg[2617],SDFFR_X1,6
i_frontend_i_btb_btb_q_reg[2618],SDFFR_X1,6
i_frontend_i_btb_btb_q_reg[2619],SDFFR_X1,6
i_frontend_i_btb_btb_q_reg[2620],SDFFR_X1,6
i_frontend_i_btb_btb_q_reg[2621],SDFFR_X1,6
i_frontend_i_btb_btb_q_reg[2622],SDFFR_X1,6
i_frontend_i_btb_btb_q_reg[2623],SDFFR_X1,6
i_frontend_i_btb_btb_q_reg[2624],SDFFR_X1,6
i_frontend_i_btb_btb_q_reg[2625],SDFFR_X1,6
i_frontend_i_btb_btb_q_reg[2626],SDFFR_X1,6
i_frontend_i_btb_btb_q_reg[2627],SDFFR_X1,6
i_frontend_i_btb_btb_q_reg[2628],SDFFR_X1,6
i_frontend_i_btb_btb_q_reg[2629],SDFFR_X1,6
i_frontend_i_btb_btb_q_reg[2630],SDFFR_X1,6
i_frontend_i_btb_btb_q_reg[2631],SDFFR_X1,6
i_frontend_i_btb_btb_q_reg[2632],SDFFR_X1,6
i_frontend_i_btb_btb_q_reg[2633],SDFFR_X1,6
i_frontend_i_btb_btb_q_reg[2634],SDFFR_X1,6
i_frontend_i_btb_btb_q_reg[2635],SDFFR_X1,6
i_frontend_i_btb_btb_q_reg[2636],SDFFR_X1,6
i_frontend_i_btb_btb_q_reg[2637],SDFFR_X1,6
i_frontend_i_btb_btb_q_reg[2638],SDFFR_X1,6
i_frontend_i_btb_btb_q_reg[2639],SDFFR_X1,6
i_frontend_i_btb_btb_q_reg[2640],SDFFR_X1,6
i_frontend_i_btb_btb_q_reg[2641],SDFFR_X1,6
i_frontend_i_btb_btb_q_reg[2642],SDFFR_X1,6
i_frontend_i_btb_btb_q_reg[2643],SDFFR_X1,6
i_frontend_i_btb_btb_q_reg[2644],SDFFR_X1,6
i_frontend_i_btb_btb_q_reg[2645],SDFFR_X1,6
i_frontend_i_btb_btb_q_reg[2646],SDFFR_X1,6
i_frontend_i_btb_btb_q_reg[2647],SDFFR_X1,6
i_frontend_i_btb_btb_q_reg[2648],SDFFR_X1,6
i_frontend_i_btb_btb_q_reg[2649],SDFFR_X1,6
i_frontend_i_btb_btb_q_reg[2650],SDFFR_X1,6
i_frontend_i_btb_btb_q_reg[2651],SDFFR_X1,6
i_frontend_i_btb_btb_q_reg[2652],SDFFR_X1,6
i_frontend_i_btb_btb_q_reg[2653],SDFFR_X1,6
i_frontend_i_btb_btb_q_reg[2654],SDFFR_X1,6
i_frontend_i_btb_btb_q_reg[2655],SDFFR_X1,6
i_frontend_i_btb_btb_q_reg[2656],SDFFR_X1,6
i_frontend_i_btb_btb_q_reg[2657],SDFFR_X1,6
i_frontend_i_btb_btb_q_reg[2658],SDFFR_X1,6
i_frontend_i_btb_btb_q_reg[2659],SDFFR_X1,6
i_frontend_i_btb_btb_q_reg[2660],SDFFR_X1,6
i_frontend_i_btb_btb_q_reg[2661],SDFFR_X1,6
i_frontend_i_btb_btb_q_reg[2662],SDFFR_X1,6
i_frontend_i_btb_btb_q_reg[2663],SDFFR_X1,6
i_frontend_i_btb_btb_q_reg[2664],DFFR_X1,5
i_frontend_i_btb_btb_q_reg[2665],SDFFR_X1,6
i_frontend_i_btb_btb_q_reg[2666],SDFFR_X1,6
i_frontend_i_btb_btb_q_reg[2667],SDFFR_X1,6
i_frontend_i_btb_btb_q_reg[2668],SDFFR_X1,6
i_frontend_i_btb_btb_q_reg[2669],SDFFR_X1,6
i_frontend_i_btb_btb_q_reg[2670],SDFFR_X1,6
i_frontend_i_btb_btb_q_reg[2671],SDFFR_X1,6
i_frontend_i_btb_btb_q_reg[2672],SDFFR_X1,6
i_frontend_i_btb_btb_q_reg[2673],SDFFR_X1,6
i_frontend_i_btb_btb_q_reg[2674],SDFFR_X1,6
i_frontend_i_btb_btb_q_reg[2675],SDFFR_X1,6
i_frontend_i_btb_btb_q_reg[2676],SDFFR_X1,6
i_frontend_i_btb_btb_q_reg[2677],SDFFR_X1,6
i_frontend_i_btb_btb_q_reg[2678],SDFFR_X1,6
i_frontend_i_btb_btb_q_reg[2679],SDFFR_X1,6
i_frontend_i_btb_btb_q_reg[2680],SDFFR_X1,6
i_frontend_i_btb_btb_q_reg[2681],SDFFR_X1,6
i_frontend_i_btb_btb_q_reg[2682],SDFFR_X1,6
i_frontend_i_btb_btb_q_reg[2683],SDFFR_X1,6
i_frontend_i_btb_btb_q_reg[2684],SDFFR_X1,6
i_frontend_i_btb_btb_q_reg[2685],SDFFR_X1,6
i_frontend_i_btb_btb_q_reg[2686],SDFFR_X1,6
i_frontend_i_btb_btb_q_reg[2687],SDFFR_X1,6
i_frontend_i_btb_btb_q_reg[2688],SDFFR_X1,6
i_frontend_i_btb_btb_q_reg[2689],SDFFR_X1,6
i_frontend_i_btb_btb_q_reg[2690],SDFFR_X1,6
i_frontend_i_btb_btb_q_reg[2691],SDFFR_X1,6
i_frontend_i_btb_btb_q_reg[2692],SDFFR_X1,6
i_frontend_i_btb_btb_q_reg[2693],SDFFR_X1,6
i_frontend_i_btb_btb_q_reg[2694],SDFFR_X1,6
i_frontend_i_btb_btb_q_reg[2695],SDFFR_X1,6
i_frontend_i_btb_btb_q_reg[2696],SDFFR_X1,6
i_frontend_i_btb_btb_q_reg[2697],SDFFR_X1,6
i_frontend_i_btb_btb_q_reg[2698],SDFFR_X1,6
i_frontend_i_btb_btb_q_reg[2699],SDFFR_X1,6
i_frontend_i_btb_btb_q_reg[2700],SDFFR_X1,6
i_frontend_i_btb_btb_q_reg[2701],SDFFR_X1,6
i_frontend_i_btb_btb_q_reg[2702],SDFFR_X1,6
i_frontend_i_btb_btb_q_reg[2703],SDFFR_X1,6
i_frontend_i_btb_btb_q_reg[2704],SDFFR_X1,6
i_frontend_i_btb_btb_q_reg[2705],SDFFR_X1,6
i_frontend_i_btb_btb_q_reg[2706],SDFFR_X1,6
i_frontend_i_btb_btb_q_reg[2707],SDFFR_X1,6
i_frontend_i_btb_btb_q_reg[2708],SDFFR_X1,6
i_frontend_i_btb_btb_q_reg[2709],SDFFR_X1,6
i_frontend_i_btb_btb_q_reg[2710],SDFFR_X1,6
i_frontend_i_btb_btb_q_reg[2711],SDFFR_X1,6
i_frontend_i_btb_btb_q_reg[2712],SDFFR_X1,6
i_frontend_i_btb_btb_q_reg[2713],SDFFR_X1,6
i_frontend_i_btb_btb_q_reg[2714],SDFFR_X1,6
i_frontend_i_btb_btb_q_reg[2715],SDFFR_X1,6
i_frontend_i_btb_btb_q_reg[2716],SDFFR_X1,6
i_frontend_i_btb_btb_q_reg[2717],SDFFR_X1,6
i_frontend_i_btb_btb_q_reg[2718],SDFFR_X1,6
i_frontend_i_btb_btb_q_reg[2719],SDFFR_X1,6
i_frontend_i_btb_btb_q_reg[2720],SDFFR_X1,6
i_frontend_i_btb_btb_q_reg[2721],SDFFR_X1,6
i_frontend_i_btb_btb_q_reg[2722],SDFFR_X1,6
i_frontend_i_btb_btb_q_reg[2723],SDFFR_X1,6
i_frontend_i_btb_btb_q_reg[2724],SDFFR_X1,6
i_frontend_i_btb_btb_q_reg[2725],SDFFR_X1,6
i_frontend_i_btb_btb_q_reg[2726],SDFFR_X1,6
i_frontend_i_btb_btb_q_reg[2727],SDFFR_X1,6
i_frontend_i_btb_btb_q_reg[2728],SDFFR_X1,6
i_frontend_i_btb_btb_q_reg[2729],DFFR_X1,5
i_frontend_i_btb_btb_q_reg[2730],SDFFR_X1,6
i_frontend_i_btb_btb_q_reg[2731],SDFFR_X1,6
i_frontend_i_btb_btb_q_reg[2732],SDFFR_X1,6
i_frontend_i_btb_btb_q_reg[2733],SDFFR_X1,6
i_frontend_i_btb_btb_q_reg[2734],SDFFR_X1,6
i_frontend_i_btb_btb_q_reg[2735],SDFFR_X1,6
i_frontend_i_btb_btb_q_reg[2736],SDFFR_X1,6
i_frontend_i_btb_btb_q_reg[2737],SDFFR_X1,6
i_frontend_i_btb_btb_q_reg[2738],SDFFR_X1,6
i_frontend_i_btb_btb_q_reg[2739],SDFFR_X1,6
i_frontend_i_btb_btb_q_reg[2740],SDFFR_X1,6
i_frontend_i_btb_btb_q_reg[2741],SDFFR_X1,6
i_frontend_i_btb_btb_q_reg[2742],SDFFR_X1,6
i_frontend_i_btb_btb_q_reg[2743],SDFFR_X1,6
i_frontend_i_btb_btb_q_reg[2744],SDFFR_X1,6
i_frontend_i_btb_btb_q_reg[2745],SDFFR_X1,6
i_frontend_i_btb_btb_q_reg[2746],SDFFR_X1,6
i_frontend_i_btb_btb_q_reg[2747],SDFFR_X1,6
i_frontend_i_btb_btb_q_reg[2748],SDFFR_X1,6
i_frontend_i_btb_btb_q_reg[2749],SDFFR_X1,6
i_frontend_i_btb_btb_q_reg[2750],SDFFR_X1,6
i_frontend_i_btb_btb_q_reg[2751],SDFFR_X1,6
i_frontend_i_btb_btb_q_reg[2752],SDFFR_X1,6
i_frontend_i_btb_btb_q_reg[2753],SDFFR_X1,6
i_frontend_i_btb_btb_q_reg[2754],SDFFR_X1,6
i_frontend_i_btb_btb_q_reg[2755],SDFFR_X1,6
i_frontend_i_btb_btb_q_reg[2756],SDFFR_X1,6
i_frontend_i_btb_btb_q_reg[2757],SDFFR_X1,6
i_frontend_i_btb_btb_q_reg[2758],SDFFR_X1,6
i_frontend_i_btb_btb_q_reg[2759],SDFFR_X1,6
i_frontend_i_btb_btb_q_reg[2760],SDFFR_X1,6
i_frontend_i_btb_btb_q_reg[2761],SDFFR_X1,6
i_frontend_i_btb_btb_q_reg[2762],SDFFR_X1,6
i_frontend_i_btb_btb_q_reg[2763],SDFFR_X1,6
i_frontend_i_btb_btb_q_reg[2764],SDFFR_X1,6
i_frontend_i_btb_btb_q_reg[2765],SDFFR_X1,6
i_frontend_i_btb_btb_q_reg[2766],SDFFR_X1,6
i_frontend_i_btb_btb_q_reg[2767],SDFFR_X1,6
i_frontend_i_btb_btb_q_reg[2768],SDFFR_X1,6
i_frontend_i_btb_btb_q_reg[2769],SDFFR_X1,6
i_frontend_i_btb_btb_q_reg[2770],SDFFR_X1,6
i_frontend_i_btb_btb_q_reg[2771],SDFFR_X1,6
i_frontend_i_btb_btb_q_reg[2772],SDFFR_X1,6
i_frontend_i_btb_btb_q_reg[2773],SDFFR_X1,6
i_frontend_i_btb_btb_q_reg[2774],SDFFR_X1,6
i_frontend_i_btb_btb_q_reg[2775],SDFFR_X1,6
i_frontend_i_btb_btb_q_reg[2776],SDFFR_X1,6
i_frontend_i_btb_btb_q_reg[2777],SDFFR_X1,6
i_frontend_i_btb_btb_q_reg[2778],SDFFR_X1,6
i_frontend_i_btb_btb_q_reg[2779],SDFFR_X1,6
i_frontend_i_btb_btb_q_reg[2780],SDFFR_X1,6
i_frontend_i_btb_btb_q_reg[2781],SDFFR_X1,6
i_frontend_i_btb_btb_q_reg[2782],SDFFR_X1,6
i_frontend_i_btb_btb_q_reg[2783],SDFFR_X1,6
i_frontend_i_btb_btb_q_reg[2784],SDFFR_X1,6
i_frontend_i_btb_btb_q_reg[2785],SDFFR_X1,6
i_frontend_i_btb_btb_q_reg[2786],SDFFR_X1,6
i_frontend_i_btb_btb_q_reg[2787],SDFFR_X1,6
i_frontend_i_btb_btb_q_reg[2788],SDFFR_X1,6
i_frontend_i_btb_btb_q_reg[2789],SDFFR_X1,6
i_frontend_i_btb_btb_q_reg[2790],SDFFR_X1,6
i_frontend_i_btb_btb_q_reg[2791],SDFFR_X1,6
i_frontend_i_btb_btb_q_reg[2792],SDFFR_X1,6
i_frontend_i_btb_btb_q_reg[2793],SDFFR_X1,6
i_frontend_i_btb_btb_q_reg[2794],DFFR_X1,5
i_frontend_i_btb_btb_q_reg[2795],SDFFR_X1,6
i_frontend_i_btb_btb_q_reg[2796],SDFFR_X1,6
i_frontend_i_btb_btb_q_reg[2797],SDFFR_X1,6
i_frontend_i_btb_btb_q_reg[2798],SDFFR_X1,6
i_frontend_i_btb_btb_q_reg[2799],SDFFR_X1,6
i_frontend_i_btb_btb_q_reg[2800],SDFFR_X1,6
i_frontend_i_btb_btb_q_reg[2801],SDFFR_X1,6
i_frontend_i_btb_btb_q_reg[2802],SDFFR_X1,6
i_frontend_i_btb_btb_q_reg[2803],SDFFR_X1,6
i_frontend_i_btb_btb_q_reg[2804],SDFFR_X1,6
i_frontend_i_btb_btb_q_reg[2805],SDFFR_X1,6
i_frontend_i_btb_btb_q_reg[2806],SDFFR_X1,6
i_frontend_i_btb_btb_q_reg[2807],SDFFR_X1,6
i_frontend_i_btb_btb_q_reg[2808],SDFFR_X1,6
i_frontend_i_btb_btb_q_reg[2809],SDFFR_X1,6
i_frontend_i_btb_btb_q_reg[2810],SDFFR_X1,6
i_frontend_i_btb_btb_q_reg[2811],SDFFR_X1,6
i_frontend_i_btb_btb_q_reg[2812],SDFFR_X1,6
i_frontend_i_btb_btb_q_reg[2813],SDFFR_X1,6
i_frontend_i_btb_btb_q_reg[2814],SDFFR_X1,6
i_frontend_i_btb_btb_q_reg[2815],SDFFR_X1,6
i_frontend_i_btb_btb_q_reg[2816],SDFFR_X1,6
i_frontend_i_btb_btb_q_reg[2817],SDFFR_X1,6
i_frontend_i_btb_btb_q_reg[2818],SDFFR_X1,6
i_frontend_i_btb_btb_q_reg[2819],SDFFR_X1,6
i_frontend_i_btb_btb_q_reg[2820],SDFFR_X1,6
i_frontend_i_btb_btb_q_reg[2821],SDFFR_X1,6
i_frontend_i_btb_btb_q_reg[2822],SDFFR_X1,6
i_frontend_i_btb_btb_q_reg[2823],SDFFR_X1,6
i_frontend_i_btb_btb_q_reg[2824],SDFFR_X1,6
i_frontend_i_btb_btb_q_reg[2825],SDFFR_X1,6
i_frontend_i_btb_btb_q_reg[2826],SDFFR_X1,6
i_frontend_i_btb_btb_q_reg[2827],SDFFR_X1,6
i_frontend_i_btb_btb_q_reg[2828],SDFFR_X1,6
i_frontend_i_btb_btb_q_reg[2829],SDFFR_X1,6
i_frontend_i_btb_btb_q_reg[2830],SDFFR_X1,6
i_frontend_i_btb_btb_q_reg[2831],SDFFR_X1,6
i_frontend_i_btb_btb_q_reg[2832],SDFFR_X1,6
i_frontend_i_btb_btb_q_reg[2833],SDFFR_X1,6
i_frontend_i_btb_btb_q_reg[2834],SDFFR_X1,6
i_frontend_i_btb_btb_q_reg[2835],SDFFR_X1,6
i_frontend_i_btb_btb_q_reg[2836],SDFFR_X1,6
i_frontend_i_btb_btb_q_reg[2837],SDFFR_X1,6
i_frontend_i_btb_btb_q_reg[2838],SDFFR_X1,6
i_frontend_i_btb_btb_q_reg[2839],SDFFR_X1,6
i_frontend_i_btb_btb_q_reg[2840],SDFFR_X1,6
i_frontend_i_btb_btb_q_reg[2841],SDFFR_X1,6
i_frontend_i_btb_btb_q_reg[2842],SDFFR_X1,6
i_frontend_i_btb_btb_q_reg[2843],SDFFR_X1,6
i_frontend_i_btb_btb_q_reg[2844],SDFFR_X1,6
i_frontend_i_btb_btb_q_reg[2845],SDFFR_X1,6
i_frontend_i_btb_btb_q_reg[2846],SDFFR_X1,6
i_frontend_i_btb_btb_q_reg[2847],SDFFR_X1,6
i_frontend_i_btb_btb_q_reg[2848],SDFFR_X1,6
i_frontend_i_btb_btb_q_reg[2849],SDFFR_X1,6
i_frontend_i_btb_btb_q_reg[2850],SDFFR_X1,6
i_frontend_i_btb_btb_q_reg[2851],SDFFR_X1,6
i_frontend_i_btb_btb_q_reg[2852],SDFFR_X1,6
i_frontend_i_btb_btb_q_reg[2853],SDFFR_X1,6
i_frontend_i_btb_btb_q_reg[2854],SDFFR_X1,6
i_frontend_i_btb_btb_q_reg[2855],SDFFR_X1,6
i_frontend_i_btb_btb_q_reg[2856],SDFFR_X1,6
i_frontend_i_btb_btb_q_reg[2857],SDFFR_X1,6
i_frontend_i_btb_btb_q_reg[2858],SDFFR_X1,6
i_frontend_i_btb_btb_q_reg[2859],DFFR_X1,5
i_frontend_i_btb_btb_q_reg[2860],SDFFR_X1,6
i_frontend_i_btb_btb_q_reg[2861],SDFFR_X1,6
i_frontend_i_btb_btb_q_reg[2862],SDFFR_X1,6
i_frontend_i_btb_btb_q_reg[2863],SDFFR_X1,6
i_frontend_i_btb_btb_q_reg[2864],SDFFR_X1,6
i_frontend_i_btb_btb_q_reg[2865],SDFFR_X1,6
i_frontend_i_btb_btb_q_reg[2866],SDFFR_X1,6
i_frontend_i_btb_btb_q_reg[2867],SDFFR_X1,6
i_frontend_i_btb_btb_q_reg[2868],SDFFR_X1,6
i_frontend_i_btb_btb_q_reg[2869],SDFFR_X1,6
i_frontend_i_btb_btb_q_reg[2870],SDFFR_X1,6
i_frontend_i_btb_btb_q_reg[2871],SDFFR_X1,6
i_frontend_i_btb_btb_q_reg[2872],SDFFR_X1,6
i_frontend_i_btb_btb_q_reg[2873],SDFFR_X1,6
i_frontend_i_btb_btb_q_reg[2874],SDFFR_X1,6
i_frontend_i_btb_btb_q_reg[2875],SDFFR_X1,6
i_frontend_i_btb_btb_q_reg[2876],SDFFR_X1,6
i_frontend_i_btb_btb_q_reg[2877],SDFFR_X1,6
i_frontend_i_btb_btb_q_reg[2878],SDFFR_X1,6
i_frontend_i_btb_btb_q_reg[2879],SDFFR_X1,6
i_frontend_i_btb_btb_q_reg[2880],SDFFR_X1,6
i_frontend_i_btb_btb_q_reg[2881],SDFFR_X1,6
i_frontend_i_btb_btb_q_reg[2882],SDFFR_X1,6
i_frontend_i_btb_btb_q_reg[2883],SDFFR_X1,6
i_frontend_i_btb_btb_q_reg[2884],SDFFR_X1,6
i_frontend_i_btb_btb_q_reg[2885],SDFFR_X1,6
i_frontend_i_btb_btb_q_reg[2886],SDFFR_X1,6
i_frontend_i_btb_btb_q_reg[2887],SDFFR_X1,6
i_frontend_i_btb_btb_q_reg[2888],SDFFR_X1,6
i_frontend_i_btb_btb_q_reg[2889],SDFFR_X1,6
i_frontend_i_btb_btb_q_reg[2890],SDFFR_X1,6
i_frontend_i_btb_btb_q_reg[2891],SDFFR_X1,6
i_frontend_i_btb_btb_q_reg[2892],SDFFR_X1,6
i_frontend_i_btb_btb_q_reg[2893],SDFFR_X1,6
i_frontend_i_btb_btb_q_reg[2894],SDFFR_X1,6
i_frontend_i_btb_btb_q_reg[2895],SDFFR_X1,6
i_frontend_i_btb_btb_q_reg[2896],SDFFR_X1,6
i_frontend_i_btb_btb_q_reg[2897],SDFFR_X1,6
i_frontend_i_btb_btb_q_reg[2898],SDFFR_X1,6
i_frontend_i_btb_btb_q_reg[2899],SDFFR_X1,6
i_frontend_i_btb_btb_q_reg[2900],SDFFR_X1,6
i_frontend_i_btb_btb_q_reg[2901],SDFFR_X1,6
i_frontend_i_btb_btb_q_reg[2902],SDFFR_X1,6
i_frontend_i_btb_btb_q_reg[2903],SDFFR_X1,6
i_frontend_i_btb_btb_q_reg[2904],SDFFR_X1,6
i_frontend_i_btb_btb_q_reg[2905],SDFFR_X1,6
i_frontend_i_btb_btb_q_reg[2906],SDFFR_X1,6
i_frontend_i_btb_btb_q_reg[2907],SDFFR_X1,6
i_frontend_i_btb_btb_q_reg[2908],SDFFR_X1,6
i_frontend_i_btb_btb_q_reg[2909],SDFFR_X1,6
i_frontend_i_btb_btb_q_reg[2910],SDFFR_X1,6
i_frontend_i_btb_btb_q_reg[2911],SDFFR_X1,6
i_frontend_i_btb_btb_q_reg[2912],SDFFR_X1,6
i_frontend_i_btb_btb_q_reg[2913],SDFFR_X1,6
i_frontend_i_btb_btb_q_reg[2914],SDFFR_X1,6
i_frontend_i_btb_btb_q_reg[2915],SDFFR_X1,6
i_frontend_i_btb_btb_q_reg[2916],SDFFR_X1,6
i_frontend_i_btb_btb_q_reg[2917],SDFFR_X1,6
i_frontend_i_btb_btb_q_reg[2918],SDFFR_X1,6
i_frontend_i_btb_btb_q_reg[2919],SDFFR_X1,6
i_frontend_i_btb_btb_q_reg[2920],SDFFR_X1,6
i_frontend_i_btb_btb_q_reg[2921],SDFFR_X1,6
i_frontend_i_btb_btb_q_reg[2922],SDFFR_X1,6
i_frontend_i_btb_btb_q_reg[2923],SDFFR_X1,6
i_frontend_i_btb_btb_q_reg[2924],DFFR_X1,5
i_frontend_i_btb_btb_q_reg[2925],SDFFR_X1,6
i_frontend_i_btb_btb_q_reg[2926],SDFFR_X1,6
i_frontend_i_btb_btb_q_reg[2927],SDFFR_X1,6
i_frontend_i_btb_btb_q_reg[2928],SDFFR_X1,6
i_frontend_i_btb_btb_q_reg[2929],SDFFR_X1,6
i_frontend_i_btb_btb_q_reg[2930],SDFFR_X1,6
i_frontend_i_btb_btb_q_reg[2931],SDFFR_X1,6
i_frontend_i_btb_btb_q_reg[2932],SDFFR_X1,6
i_frontend_i_btb_btb_q_reg[2933],SDFFR_X1,6
i_frontend_i_btb_btb_q_reg[2934],SDFFR_X1,6
i_frontend_i_btb_btb_q_reg[2935],SDFFR_X1,6
i_frontend_i_btb_btb_q_reg[2936],SDFFR_X1,6
i_frontend_i_btb_btb_q_reg[2937],SDFFR_X1,6
i_frontend_i_btb_btb_q_reg[2938],SDFFR_X1,6
i_frontend_i_btb_btb_q_reg[2939],SDFFR_X1,6
i_frontend_i_btb_btb_q_reg[2940],SDFFR_X1,6
i_frontend_i_btb_btb_q_reg[2941],SDFFR_X1,6
i_frontend_i_btb_btb_q_reg[2942],SDFFR_X1,6
i_frontend_i_btb_btb_q_reg[2943],SDFFR_X1,6
i_frontend_i_btb_btb_q_reg[2944],SDFFR_X1,6
i_frontend_i_btb_btb_q_reg[2945],SDFFR_X1,6
i_frontend_i_btb_btb_q_reg[2946],SDFFR_X1,6
i_frontend_i_btb_btb_q_reg[2947],SDFFR_X1,6
i_frontend_i_btb_btb_q_reg[2948],SDFFR_X1,6
i_frontend_i_btb_btb_q_reg[2949],SDFFR_X1,6
i_frontend_i_btb_btb_q_reg[2950],SDFFR_X1,6
i_frontend_i_btb_btb_q_reg[2951],SDFFR_X1,6
i_frontend_i_btb_btb_q_reg[2952],SDFFR_X1,6
i_frontend_i_btb_btb_q_reg[2953],SDFFR_X1,6
i_frontend_i_btb_btb_q_reg[2954],SDFFR_X1,6
i_frontend_i_btb_btb_q_reg[2955],SDFFR_X1,6
i_frontend_i_btb_btb_q_reg[2956],SDFFR_X1,6
i_frontend_i_btb_btb_q_reg[2957],SDFFR_X1,6
i_frontend_i_btb_btb_q_reg[2958],SDFFR_X1,6
i_frontend_i_btb_btb_q_reg[2959],SDFFR_X1,6
i_frontend_i_btb_btb_q_reg[2960],SDFFR_X1,6
i_frontend_i_btb_btb_q_reg[2961],SDFFR_X1,6
i_frontend_i_btb_btb_q_reg[2962],SDFFR_X1,6
i_frontend_i_btb_btb_q_reg[2963],SDFFR_X1,6
i_frontend_i_btb_btb_q_reg[2964],SDFFR_X1,6
i_frontend_i_btb_btb_q_reg[2965],SDFFR_X1,6
i_frontend_i_btb_btb_q_reg[2966],SDFFR_X1,6
i_frontend_i_btb_btb_q_reg[2967],SDFFR_X1,6
i_frontend_i_btb_btb_q_reg[2968],SDFFR_X1,6
i_frontend_i_btb_btb_q_reg[2969],SDFFR_X1,6
i_frontend_i_btb_btb_q_reg[2970],SDFFR_X1,6
i_frontend_i_btb_btb_q_reg[2971],SDFFR_X1,6
i_frontend_i_btb_btb_q_reg[2972],SDFFR_X1,6
i_frontend_i_btb_btb_q_reg[2973],SDFFR_X1,6
i_frontend_i_btb_btb_q_reg[2974],SDFFR_X1,6
i_frontend_i_btb_btb_q_reg[2975],SDFFR_X1,6
i_frontend_i_btb_btb_q_reg[2976],SDFFR_X1,6
i_frontend_i_btb_btb_q_reg[2977],SDFFR_X1,6
i_frontend_i_btb_btb_q_reg[2978],SDFFR_X1,6
i_frontend_i_btb_btb_q_reg[2979],SDFFR_X1,6
i_frontend_i_btb_btb_q_reg[2980],SDFFR_X1,6
i_frontend_i_btb_btb_q_reg[2981],SDFFR_X1,6
i_frontend_i_btb_btb_q_reg[2982],SDFFR_X1,6
i_frontend_i_btb_btb_q_reg[2983],SDFFR_X1,6
i_frontend_i_btb_btb_q_reg[2984],SDFFR_X1,6
i_frontend_i_btb_btb_q_reg[2985],SDFFR_X1,6
i_frontend_i_btb_btb_q_reg[2986],SDFFR_X1,6
i_frontend_i_btb_btb_q_reg[2987],SDFFR_X1,6
i_frontend_i_btb_btb_q_reg[2988],SDFFR_X1,6
i_frontend_i_btb_btb_q_reg[2989],DFFR_X1,5
i_frontend_i_btb_btb_q_reg[2990],SDFFR_X1,6
i_frontend_i_btb_btb_q_reg[2991],SDFFR_X1,6
i_frontend_i_btb_btb_q_reg[2992],SDFFR_X1,6
i_frontend_i_btb_btb_q_reg[2993],SDFFR_X1,6
i_frontend_i_btb_btb_q_reg[2994],SDFFR_X1,6
i_frontend_i_btb_btb_q_reg[2995],SDFFR_X1,6
i_frontend_i_btb_btb_q_reg[2996],SDFFR_X1,6
i_frontend_i_btb_btb_q_reg[2997],SDFFR_X1,6
i_frontend_i_btb_btb_q_reg[2998],SDFFR_X1,6
i_frontend_i_btb_btb_q_reg[2999],SDFFR_X1,6
i_frontend_i_btb_btb_q_reg[3000],SDFFR_X1,6
i_frontend_i_btb_btb_q_reg[3001],SDFFR_X1,6
i_frontend_i_btb_btb_q_reg[3002],SDFFR_X1,6
i_frontend_i_btb_btb_q_reg[3003],SDFFR_X1,6
i_frontend_i_btb_btb_q_reg[3004],SDFFR_X1,6
i_frontend_i_btb_btb_q_reg[3005],SDFFR_X1,6
i_frontend_i_btb_btb_q_reg[3006],SDFFR_X1,6
i_frontend_i_btb_btb_q_reg[3007],SDFFR_X1,6
i_frontend_i_btb_btb_q_reg[3008],SDFFR_X1,6
i_frontend_i_btb_btb_q_reg[3009],SDFFR_X1,6
i_frontend_i_btb_btb_q_reg[3010],SDFFR_X1,6
i_frontend_i_btb_btb_q_reg[3011],SDFFR_X1,6
i_frontend_i_btb_btb_q_reg[3012],SDFFR_X1,6
i_frontend_i_btb_btb_q_reg[3013],SDFFR_X1,6
i_frontend_i_btb_btb_q_reg[3014],SDFFR_X1,6
i_frontend_i_btb_btb_q_reg[3015],SDFFR_X1,6
i_frontend_i_btb_btb_q_reg[3016],SDFFR_X1,6
i_frontend_i_btb_btb_q_reg[3017],SDFFR_X1,6
i_frontend_i_btb_btb_q_reg[3018],SDFFR_X1,6
i_frontend_i_btb_btb_q_reg[3019],SDFFR_X1,6
i_frontend_i_btb_btb_q_reg[3020],SDFFR_X1,6
i_frontend_i_btb_btb_q_reg[3021],SDFFR_X1,6
i_frontend_i_btb_btb_q_reg[3022],SDFFR_X1,6
i_frontend_i_btb_btb_q_reg[3023],SDFFR_X1,6
i_frontend_i_btb_btb_q_reg[3024],SDFFR_X1,6
i_frontend_i_btb_btb_q_reg[3025],SDFFR_X1,6
i_frontend_i_btb_btb_q_reg[3026],SDFFR_X1,6
i_frontend_i_btb_btb_q_reg[3027],SDFFR_X1,6
i_frontend_i_btb_btb_q_reg[3028],SDFFR_X1,6
i_frontend_i_btb_btb_q_reg[3029],SDFFR_X1,6
i_frontend_i_btb_btb_q_reg[3030],SDFFR_X1,6
i_frontend_i_btb_btb_q_reg[3031],SDFFR_X1,6
i_frontend_i_btb_btb_q_reg[3032],SDFFR_X1,6
i_frontend_i_btb_btb_q_reg[3033],SDFFR_X1,6
i_frontend_i_btb_btb_q_reg[3034],SDFFR_X1,6
i_frontend_i_btb_btb_q_reg[3035],SDFFR_X1,6
i_frontend_i_btb_btb_q_reg[3036],SDFFR_X1,6
i_frontend_i_btb_btb_q_reg[3037],SDFFR_X1,6
i_frontend_i_btb_btb_q_reg[3038],SDFFR_X1,6
i_frontend_i_btb_btb_q_reg[3039],SDFFR_X1,6
i_frontend_i_btb_btb_q_reg[3040],SDFFR_X1,6
i_frontend_i_btb_btb_q_reg[3041],SDFFR_X1,6
i_frontend_i_btb_btb_q_reg[3042],SDFFR_X1,6
i_frontend_i_btb_btb_q_reg[3043],SDFFR_X1,6
i_frontend_i_btb_btb_q_reg[3044],SDFFR_X1,6
i_frontend_i_btb_btb_q_reg[3045],SDFFR_X1,6
i_frontend_i_btb_btb_q_reg[3046],SDFFR_X1,6
i_frontend_i_btb_btb_q_reg[3047],SDFFR_X1,6
i_frontend_i_btb_btb_q_reg[3048],SDFFR_X1,6
i_frontend_i_btb_btb_q_reg[3049],SDFFR_X1,6
i_frontend_i_btb_btb_q_reg[3050],SDFFR_X1,6
i_frontend_i_btb_btb_q_reg[3051],SDFFR_X1,6
i_frontend_i_btb_btb_q_reg[3052],SDFFR_X1,6
i_frontend_i_btb_btb_q_reg[3053],SDFFR_X1,6
i_frontend_i_btb_btb_q_reg[3054],DFFR_X1,5
i_frontend_i_btb_btb_q_reg[3055],SDFFR_X1,6
i_frontend_i_btb_btb_q_reg[3056],SDFFR_X1,6
i_frontend_i_btb_btb_q_reg[3057],SDFFR_X1,6
i_frontend_i_btb_btb_q_reg[3058],SDFFR_X1,6
i_frontend_i_btb_btb_q_reg[3059],SDFFR_X1,6
i_frontend_i_btb_btb_q_reg[3060],SDFFR_X1,6
i_frontend_i_btb_btb_q_reg[3061],SDFFR_X1,6
i_frontend_i_btb_btb_q_reg[3062],SDFFR_X1,6
i_frontend_i_btb_btb_q_reg[3063],SDFFR_X1,6
i_frontend_i_btb_btb_q_reg[3064],SDFFR_X1,6
i_frontend_i_btb_btb_q_reg[3065],SDFFR_X1,6
i_frontend_i_btb_btb_q_reg[3066],SDFFR_X1,6
i_frontend_i_btb_btb_q_reg[3067],SDFFR_X1,6
i_frontend_i_btb_btb_q_reg[3068],SDFFR_X1,6
i_frontend_i_btb_btb_q_reg[3069],SDFFR_X1,6
i_frontend_i_btb_btb_q_reg[3070],SDFFR_X1,6
i_frontend_i_btb_btb_q_reg[3071],SDFFR_X1,6
i_frontend_i_btb_btb_q_reg[3072],SDFFR_X1,6
i_frontend_i_btb_btb_q_reg[3073],SDFFR_X1,6
i_frontend_i_btb_btb_q_reg[3074],SDFFR_X1,6
i_frontend_i_btb_btb_q_reg[3075],SDFFR_X1,6
i_frontend_i_btb_btb_q_reg[3076],SDFFR_X1,6
i_frontend_i_btb_btb_q_reg[3077],SDFFR_X1,6
i_frontend_i_btb_btb_q_reg[3078],SDFFR_X1,6
i_frontend_i_btb_btb_q_reg[3079],SDFFR_X1,6
i_frontend_i_btb_btb_q_reg[3080],SDFFR_X1,6
i_frontend_i_btb_btb_q_reg[3081],SDFFR_X1,6
i_frontend_i_btb_btb_q_reg[3082],SDFFR_X1,6
i_frontend_i_btb_btb_q_reg[3083],SDFFR_X1,6
i_frontend_i_btb_btb_q_reg[3084],SDFFR_X1,6
i_frontend_i_btb_btb_q_reg[3085],SDFFR_X1,6
i_frontend_i_btb_btb_q_reg[3086],SDFFR_X1,6
i_frontend_i_btb_btb_q_reg[3087],SDFFR_X1,6
i_frontend_i_btb_btb_q_reg[3088],SDFFR_X1,6
i_frontend_i_btb_btb_q_reg[3089],SDFFR_X1,6
i_frontend_i_btb_btb_q_reg[3090],SDFFR_X1,6
i_frontend_i_btb_btb_q_reg[3091],SDFFR_X1,6
i_frontend_i_btb_btb_q_reg[3092],SDFFR_X1,6
i_frontend_i_btb_btb_q_reg[3093],SDFFR_X1,6
i_frontend_i_btb_btb_q_reg[3094],SDFFR_X1,6
i_frontend_i_btb_btb_q_reg[3095],SDFFR_X1,6
i_frontend_i_btb_btb_q_reg[3096],SDFFR_X1,6
i_frontend_i_btb_btb_q_reg[3097],SDFFR_X1,6
i_frontend_i_btb_btb_q_reg[3098],SDFFR_X1,6
i_frontend_i_btb_btb_q_reg[3099],SDFFR_X1,6
i_frontend_i_btb_btb_q_reg[3100],SDFFR_X1,6
i_frontend_i_btb_btb_q_reg[3101],SDFFR_X1,6
i_frontend_i_btb_btb_q_reg[3102],SDFFR_X1,6
i_frontend_i_btb_btb_q_reg[3103],SDFFR_X1,6
i_frontend_i_btb_btb_q_reg[3104],SDFFR_X1,6
i_frontend_i_btb_btb_q_reg[3105],SDFFR_X1,6
i_frontend_i_btb_btb_q_reg[3106],SDFFR_X1,6
i_frontend_i_btb_btb_q_reg[3107],SDFFR_X1,6
i_frontend_i_btb_btb_q_reg[3108],SDFFR_X1,6
i_frontend_i_btb_btb_q_reg[3109],SDFFR_X1,6
i_frontend_i_btb_btb_q_reg[3110],SDFFR_X1,6
i_frontend_i_btb_btb_q_reg[3111],SDFFR_X1,6
i_frontend_i_btb_btb_q_reg[3112],SDFFR_X1,6
i_frontend_i_btb_btb_q_reg[3113],SDFFR_X1,6
i_frontend_i_btb_btb_q_reg[3114],SDFFR_X1,6
i_frontend_i_btb_btb_q_reg[3115],SDFFR_X1,6
i_frontend_i_btb_btb_q_reg[3116],SDFFR_X1,6
i_frontend_i_btb_btb_q_reg[3117],SDFFR_X1,6
i_frontend_i_btb_btb_q_reg[3118],SDFFR_X1,6
i_frontend_i_btb_btb_q_reg[3119],DFFR_X1,5
i_frontend_i_btb_btb_q_reg[3120],SDFFR_X1,6
i_frontend_i_btb_btb_q_reg[3121],SDFFR_X1,6
i_frontend_i_btb_btb_q_reg[3122],SDFFR_X1,6
i_frontend_i_btb_btb_q_reg[3123],SDFFR_X1,6
i_frontend_i_btb_btb_q_reg[3124],SDFFR_X1,6
i_frontend_i_btb_btb_q_reg[3125],SDFFR_X1,6
i_frontend_i_btb_btb_q_reg[3126],SDFFR_X1,6
i_frontend_i_btb_btb_q_reg[3127],SDFFR_X1,6
i_frontend_i_btb_btb_q_reg[3128],SDFFR_X1,6
i_frontend_i_btb_btb_q_reg[3129],SDFFR_X1,6
i_frontend_i_btb_btb_q_reg[3130],SDFFR_X1,6
i_frontend_i_btb_btb_q_reg[3131],SDFFR_X1,6
i_frontend_i_btb_btb_q_reg[3132],SDFFR_X1,6
i_frontend_i_btb_btb_q_reg[3133],SDFFR_X1,6
i_frontend_i_btb_btb_q_reg[3134],SDFFR_X1,6
i_frontend_i_btb_btb_q_reg[3135],SDFFR_X1,6
i_frontend_i_btb_btb_q_reg[3136],SDFFR_X1,6
i_frontend_i_btb_btb_q_reg[3137],SDFFR_X1,6
i_frontend_i_btb_btb_q_reg[3138],SDFFR_X1,6
i_frontend_i_btb_btb_q_reg[3139],SDFFR_X1,6
i_frontend_i_btb_btb_q_reg[3140],SDFFR_X1,6
i_frontend_i_btb_btb_q_reg[3141],SDFFR_X1,6
i_frontend_i_btb_btb_q_reg[3142],SDFFR_X1,6
i_frontend_i_btb_btb_q_reg[3143],SDFFR_X1,6
i_frontend_i_btb_btb_q_reg[3144],SDFFR_X1,6
i_frontend_i_btb_btb_q_reg[3145],SDFFR_X1,6
i_frontend_i_btb_btb_q_reg[3146],SDFFR_X1,6
i_frontend_i_btb_btb_q_reg[3147],SDFFR_X1,6
i_frontend_i_btb_btb_q_reg[3148],SDFFR_X1,6
i_frontend_i_btb_btb_q_reg[3149],SDFFR_X1,6
i_frontend_i_btb_btb_q_reg[3150],SDFFR_X1,6
i_frontend_i_btb_btb_q_reg[3151],SDFFR_X1,6
i_frontend_i_btb_btb_q_reg[3152],SDFFR_X1,6
i_frontend_i_btb_btb_q_reg[3153],SDFFR_X1,6
i_frontend_i_btb_btb_q_reg[3154],SDFFR_X1,6
i_frontend_i_btb_btb_q_reg[3155],SDFFR_X1,6
i_frontend_i_btb_btb_q_reg[3156],SDFFR_X1,6
i_frontend_i_btb_btb_q_reg[3157],SDFFR_X1,6
i_frontend_i_btb_btb_q_reg[3158],SDFFR_X1,6
i_frontend_i_btb_btb_q_reg[3159],SDFFR_X1,6
i_frontend_i_btb_btb_q_reg[3160],SDFFR_X1,6
i_frontend_i_btb_btb_q_reg[3161],SDFFR_X1,6
i_frontend_i_btb_btb_q_reg[3162],SDFFR_X1,6
i_frontend_i_btb_btb_q_reg[3163],SDFFR_X1,6
i_frontend_i_btb_btb_q_reg[3164],SDFFR_X1,6
i_frontend_i_btb_btb_q_reg[3165],SDFFR_X1,6
i_frontend_i_btb_btb_q_reg[3166],SDFFR_X1,6
i_frontend_i_btb_btb_q_reg[3167],SDFFR_X1,6
i_frontend_i_btb_btb_q_reg[3168],SDFFR_X1,6
i_frontend_i_btb_btb_q_reg[3169],SDFFR_X1,6
i_frontend_i_btb_btb_q_reg[3170],SDFFR_X1,6
i_frontend_i_btb_btb_q_reg[3171],SDFFR_X1,6
i_frontend_i_btb_btb_q_reg[3172],SDFFR_X1,6
i_frontend_i_btb_btb_q_reg[3173],SDFFR_X1,6
i_frontend_i_btb_btb_q_reg[3174],SDFFR_X1,6
i_frontend_i_btb_btb_q_reg[3175],SDFFR_X1,6
i_frontend_i_btb_btb_q_reg[3176],SDFFR_X1,6
i_frontend_i_btb_btb_q_reg[3177],SDFFR_X1,6
i_frontend_i_btb_btb_q_reg[3178],SDFFR_X1,6
i_frontend_i_btb_btb_q_reg[3179],SDFFR_X1,6
i_frontend_i_btb_btb_q_reg[3180],SDFFR_X1,6
i_frontend_i_btb_btb_q_reg[3181],SDFFR_X1,6
i_frontend_i_btb_btb_q_reg[3182],SDFFR_X1,6
i_frontend_i_btb_btb_q_reg[3183],SDFFR_X1,6
i_frontend_i_btb_btb_q_reg[3184],DFFR_X1,5
i_frontend_i_btb_btb_q_reg[3185],SDFFR_X1,6
i_frontend_i_btb_btb_q_reg[3186],SDFFR_X1,6
i_frontend_i_btb_btb_q_reg[3187],SDFFR_X1,6
i_frontend_i_btb_btb_q_reg[3188],SDFFR_X1,6
i_frontend_i_btb_btb_q_reg[3189],SDFFR_X1,6
i_frontend_i_btb_btb_q_reg[3190],SDFFR_X1,6
i_frontend_i_btb_btb_q_reg[3191],SDFFR_X1,6
i_frontend_i_btb_btb_q_reg[3192],SDFFR_X1,6
i_frontend_i_btb_btb_q_reg[3193],SDFFR_X1,6
i_frontend_i_btb_btb_q_reg[3194],SDFFR_X1,6
i_frontend_i_btb_btb_q_reg[3195],SDFFR_X1,6
i_frontend_i_btb_btb_q_reg[3196],SDFFR_X1,6
i_frontend_i_btb_btb_q_reg[3197],SDFFR_X1,6
i_frontend_i_btb_btb_q_reg[3198],SDFFR_X1,6
i_frontend_i_btb_btb_q_reg[3199],SDFFR_X1,6
i_frontend_i_btb_btb_q_reg[3200],SDFFR_X1,6
i_frontend_i_btb_btb_q_reg[3201],SDFFR_X1,6
i_frontend_i_btb_btb_q_reg[3202],SDFFR_X1,6
i_frontend_i_btb_btb_q_reg[3203],SDFFR_X1,6
i_frontend_i_btb_btb_q_reg[3204],SDFFR_X1,6
i_frontend_i_btb_btb_q_reg[3205],SDFFR_X1,6
i_frontend_i_btb_btb_q_reg[3206],SDFFR_X1,6
i_frontend_i_btb_btb_q_reg[3207],SDFFR_X1,6
i_frontend_i_btb_btb_q_reg[3208],SDFFR_X1,6
i_frontend_i_btb_btb_q_reg[3209],SDFFR_X1,6
i_frontend_i_btb_btb_q_reg[3210],SDFFR_X1,6
i_frontend_i_btb_btb_q_reg[3211],SDFFR_X1,6
i_frontend_i_btb_btb_q_reg[3212],SDFFR_X1,6
i_frontend_i_btb_btb_q_reg[3213],SDFFR_X1,6
i_frontend_i_btb_btb_q_reg[3214],SDFFR_X1,6
i_frontend_i_btb_btb_q_reg[3215],SDFFR_X1,6
i_frontend_i_btb_btb_q_reg[3216],SDFFR_X1,6
i_frontend_i_btb_btb_q_reg[3217],SDFFR_X1,6
i_frontend_i_btb_btb_q_reg[3218],SDFFR_X1,6
i_frontend_i_btb_btb_q_reg[3219],SDFFR_X1,6
i_frontend_i_btb_btb_q_reg[3220],SDFFR_X1,6
i_frontend_i_btb_btb_q_reg[3221],SDFFR_X1,6
i_frontend_i_btb_btb_q_reg[3222],SDFFR_X1,6
i_frontend_i_btb_btb_q_reg[3223],SDFFR_X1,6
i_frontend_i_btb_btb_q_reg[3224],SDFFR_X1,6
i_frontend_i_btb_btb_q_reg[3225],SDFFR_X1,6
i_frontend_i_btb_btb_q_reg[3226],SDFFR_X1,6
i_frontend_i_btb_btb_q_reg[3227],SDFFR_X1,6
i_frontend_i_btb_btb_q_reg[3228],SDFFR_X1,6
i_frontend_i_btb_btb_q_reg[3229],SDFFR_X1,6
i_frontend_i_btb_btb_q_reg[3230],SDFFR_X1,6
i_frontend_i_btb_btb_q_reg[3231],SDFFR_X1,6
i_frontend_i_btb_btb_q_reg[3232],SDFFR_X1,6
i_frontend_i_btb_btb_q_reg[3233],SDFFR_X1,6
i_frontend_i_btb_btb_q_reg[3234],SDFFR_X1,6
i_frontend_i_btb_btb_q_reg[3235],SDFFR_X1,6
i_frontend_i_btb_btb_q_reg[3236],SDFFR_X1,6
i_frontend_i_btb_btb_q_reg[3237],SDFFR_X1,6
i_frontend_i_btb_btb_q_reg[3238],SDFFR_X1,6
i_frontend_i_btb_btb_q_reg[3239],SDFFR_X1,6
i_frontend_i_btb_btb_q_reg[3240],SDFFR_X1,6
i_frontend_i_btb_btb_q_reg[3241],SDFFR_X1,6
i_frontend_i_btb_btb_q_reg[3242],SDFFR_X1,6
i_frontend_i_btb_btb_q_reg[3243],SDFFR_X1,6
i_frontend_i_btb_btb_q_reg[3244],SDFFR_X1,6
i_frontend_i_btb_btb_q_reg[3245],SDFFR_X1,6
i_frontend_i_btb_btb_q_reg[3246],SDFFR_X1,6
i_frontend_i_btb_btb_q_reg[3247],SDFFR_X1,6
i_frontend_i_btb_btb_q_reg[3248],SDFFR_X1,6
i_frontend_i_btb_btb_q_reg[3249],DFFR_X1,5
i_frontend_i_btb_btb_q_reg[3250],SDFFR_X1,6
i_frontend_i_btb_btb_q_reg[3251],SDFFR_X1,6
i_frontend_i_btb_btb_q_reg[3252],SDFFR_X1,6
i_frontend_i_btb_btb_q_reg[3253],SDFFR_X1,6
i_frontend_i_btb_btb_q_reg[3254],SDFFR_X1,6
i_frontend_i_btb_btb_q_reg[3255],SDFFR_X1,6
i_frontend_i_btb_btb_q_reg[3256],SDFFR_X1,6
i_frontend_i_btb_btb_q_reg[3257],SDFFR_X1,6
i_frontend_i_btb_btb_q_reg[3258],SDFFR_X1,6
i_frontend_i_btb_btb_q_reg[3259],SDFFR_X1,6
i_frontend_i_btb_btb_q_reg[3260],SDFFR_X1,6
i_frontend_i_btb_btb_q_reg[3261],SDFFR_X1,6
i_frontend_i_btb_btb_q_reg[3262],SDFFR_X1,6
i_frontend_i_btb_btb_q_reg[3263],SDFFR_X1,6
i_frontend_i_btb_btb_q_reg[3264],SDFFR_X1,6
i_frontend_i_btb_btb_q_reg[3265],SDFFR_X1,6
i_frontend_i_btb_btb_q_reg[3266],SDFFR_X1,6
i_frontend_i_btb_btb_q_reg[3267],SDFFR_X1,6
i_frontend_i_btb_btb_q_reg[3268],SDFFR_X1,6
i_frontend_i_btb_btb_q_reg[3269],SDFFR_X1,6
i_frontend_i_btb_btb_q_reg[3270],SDFFR_X1,6
i_frontend_i_btb_btb_q_reg[3271],SDFFR_X1,6
i_frontend_i_btb_btb_q_reg[3272],SDFFR_X1,6
i_frontend_i_btb_btb_q_reg[3273],SDFFR_X1,6
i_frontend_i_btb_btb_q_reg[3274],SDFFR_X1,6
i_frontend_i_btb_btb_q_reg[3275],SDFFR_X1,6
i_frontend_i_btb_btb_q_reg[3276],SDFFR_X1,6
i_frontend_i_btb_btb_q_reg[3277],SDFFR_X1,6
i_frontend_i_btb_btb_q_reg[3278],SDFFR_X1,6
i_frontend_i_btb_btb_q_reg[3279],SDFFR_X1,6
i_frontend_i_btb_btb_q_reg[3280],SDFFR_X1,6
i_frontend_i_btb_btb_q_reg[3281],SDFFR_X1,6
i_frontend_i_btb_btb_q_reg[3282],SDFFR_X1,6
i_frontend_i_btb_btb_q_reg[3283],SDFFR_X1,6
i_frontend_i_btb_btb_q_reg[3284],SDFFR_X1,6
i_frontend_i_btb_btb_q_reg[3285],SDFFR_X1,6
i_frontend_i_btb_btb_q_reg[3286],SDFFR_X1,6
i_frontend_i_btb_btb_q_reg[3287],SDFFR_X1,6
i_frontend_i_btb_btb_q_reg[3288],SDFFR_X1,6
i_frontend_i_btb_btb_q_reg[3289],SDFFR_X1,6
i_frontend_i_btb_btb_q_reg[3290],SDFFR_X1,6
i_frontend_i_btb_btb_q_reg[3291],SDFFR_X1,6
i_frontend_i_btb_btb_q_reg[3292],SDFFR_X1,6
i_frontend_i_btb_btb_q_reg[3293],SDFFR_X1,6
i_frontend_i_btb_btb_q_reg[3294],SDFFR_X1,6
i_frontend_i_btb_btb_q_reg[3295],SDFFR_X1,6
i_frontend_i_btb_btb_q_reg[3296],SDFFR_X1,6
i_frontend_i_btb_btb_q_reg[3297],SDFFR_X1,6
i_frontend_i_btb_btb_q_reg[3298],SDFFR_X1,6
i_frontend_i_btb_btb_q_reg[3299],SDFFR_X1,6
i_frontend_i_btb_btb_q_reg[3300],SDFFR_X1,6
i_frontend_i_btb_btb_q_reg[3301],SDFFR_X1,6
i_frontend_i_btb_btb_q_reg[3302],SDFFR_X1,6
i_frontend_i_btb_btb_q_reg[3303],SDFFR_X1,6
i_frontend_i_btb_btb_q_reg[3304],SDFFR_X1,6
i_frontend_i_btb_btb_q_reg[3305],SDFFR_X1,6
i_frontend_i_btb_btb_q_reg[3306],SDFFR_X1,6
i_frontend_i_btb_btb_q_reg[3307],SDFFR_X1,6
i_frontend_i_btb_btb_q_reg[3308],SDFFR_X1,6
i_frontend_i_btb_btb_q_reg[3309],SDFFR_X1,6
i_frontend_i_btb_btb_q_reg[3310],SDFFR_X1,6
i_frontend_i_btb_btb_q_reg[3311],SDFFR_X1,6
i_frontend_i_btb_btb_q_reg[3312],SDFFR_X1,6
i_frontend_i_btb_btb_q_reg[3313],SDFFR_X1,6
i_frontend_i_btb_btb_q_reg[3314],DFFR_X1,5
i_frontend_i_btb_btb_q_reg[3315],SDFFR_X1,6
i_frontend_i_btb_btb_q_reg[3316],SDFFR_X1,6
i_frontend_i_btb_btb_q_reg[3317],SDFFR_X1,6
i_frontend_i_btb_btb_q_reg[3318],SDFFR_X1,6
i_frontend_i_btb_btb_q_reg[3319],SDFFR_X1,6
i_frontend_i_btb_btb_q_reg[3320],SDFFR_X1,6
i_frontend_i_btb_btb_q_reg[3321],SDFFR_X1,6
i_frontend_i_btb_btb_q_reg[3322],SDFFR_X1,6
i_frontend_i_btb_btb_q_reg[3323],SDFFR_X1,6
i_frontend_i_btb_btb_q_reg[3324],SDFFR_X1,6
i_frontend_i_btb_btb_q_reg[3325],SDFFR_X1,6
i_frontend_i_btb_btb_q_reg[3326],SDFFR_X1,6
i_frontend_i_btb_btb_q_reg[3327],SDFFR_X1,6
i_frontend_i_btb_btb_q_reg[3328],SDFFR_X1,6
i_frontend_i_btb_btb_q_reg[3329],SDFFR_X1,6
i_frontend_i_btb_btb_q_reg[3330],SDFFR_X1,6
i_frontend_i_btb_btb_q_reg[3331],SDFFR_X1,6
i_frontend_i_btb_btb_q_reg[3332],SDFFR_X1,6
i_frontend_i_btb_btb_q_reg[3333],SDFFR_X1,6
i_frontend_i_btb_btb_q_reg[3334],SDFFR_X1,6
i_frontend_i_btb_btb_q_reg[3335],SDFFR_X1,6
i_frontend_i_btb_btb_q_reg[3336],SDFFR_X1,6
i_frontend_i_btb_btb_q_reg[3337],SDFFR_X1,6
i_frontend_i_btb_btb_q_reg[3338],SDFFR_X1,6
i_frontend_i_btb_btb_q_reg[3339],SDFFR_X1,6
i_frontend_i_btb_btb_q_reg[3340],SDFFR_X1,6
i_frontend_i_btb_btb_q_reg[3341],SDFFR_X1,6
i_frontend_i_btb_btb_q_reg[3342],SDFFR_X1,6
i_frontend_i_btb_btb_q_reg[3343],SDFFR_X1,6
i_frontend_i_btb_btb_q_reg[3344],SDFFR_X1,6
i_frontend_i_btb_btb_q_reg[3345],SDFFR_X1,6
i_frontend_i_btb_btb_q_reg[3346],SDFFR_X1,6
i_frontend_i_btb_btb_q_reg[3347],SDFFR_X1,6
i_frontend_i_btb_btb_q_reg[3348],SDFFR_X1,6
i_frontend_i_btb_btb_q_reg[3349],SDFFR_X1,6
i_frontend_i_btb_btb_q_reg[3350],SDFFR_X1,6
i_frontend_i_btb_btb_q_reg[3351],SDFFR_X1,6
i_frontend_i_btb_btb_q_reg[3352],SDFFR_X1,6
i_frontend_i_btb_btb_q_reg[3353],SDFFR_X1,6
i_frontend_i_btb_btb_q_reg[3354],SDFFR_X1,6
i_frontend_i_btb_btb_q_reg[3355],SDFFR_X1,6
i_frontend_i_btb_btb_q_reg[3356],SDFFR_X1,6
i_frontend_i_btb_btb_q_reg[3357],SDFFR_X1,6
i_frontend_i_btb_btb_q_reg[3358],SDFFR_X1,6
i_frontend_i_btb_btb_q_reg[3359],SDFFR_X1,6
i_frontend_i_btb_btb_q_reg[3360],SDFFR_X1,6
i_frontend_i_btb_btb_q_reg[3361],SDFFR_X1,6
i_frontend_i_btb_btb_q_reg[3362],SDFFR_X1,6
i_frontend_i_btb_btb_q_reg[3363],SDFFR_X1,6
i_frontend_i_btb_btb_q_reg[3364],SDFFR_X1,6
i_frontend_i_btb_btb_q_reg[3365],SDFFR_X1,6
i_frontend_i_btb_btb_q_reg[3366],SDFFR_X1,6
i_frontend_i_btb_btb_q_reg[3367],SDFFR_X1,6
i_frontend_i_btb_btb_q_reg[3368],SDFFR_X1,6
i_frontend_i_btb_btb_q_reg[3369],SDFFR_X1,6
i_frontend_i_btb_btb_q_reg[3370],SDFFR_X1,6
i_frontend_i_btb_btb_q_reg[3371],SDFFR_X1,6
i_frontend_i_btb_btb_q_reg[3372],SDFFR_X1,6
i_frontend_i_btb_btb_q_reg[3373],SDFFR_X1,6
i_frontend_i_btb_btb_q_reg[3374],SDFFR_X1,6
i_frontend_i_btb_btb_q_reg[3375],SDFFR_X1,6
i_frontend_i_btb_btb_q_reg[3376],SDFFR_X1,6
i_frontend_i_btb_btb_q_reg[3377],SDFFR_X1,6
i_frontend_i_btb_btb_q_reg[3378],SDFFR_X1,6
i_frontend_i_btb_btb_q_reg[3379],DFFR_X1,5
i_frontend_i_btb_btb_q_reg[3380],SDFFR_X1,6
i_frontend_i_btb_btb_q_reg[3381],SDFFR_X1,6
i_frontend_i_btb_btb_q_reg[3382],SDFFR_X1,6
i_frontend_i_btb_btb_q_reg[3383],SDFFR_X1,6
i_frontend_i_btb_btb_q_reg[3384],SDFFR_X1,6
i_frontend_i_btb_btb_q_reg[3385],SDFFR_X1,6
i_frontend_i_btb_btb_q_reg[3386],SDFFR_X1,6
i_frontend_i_btb_btb_q_reg[3387],SDFFR_X1,6
i_frontend_i_btb_btb_q_reg[3388],SDFFR_X1,6
i_frontend_i_btb_btb_q_reg[3389],SDFFR_X1,6
i_frontend_i_btb_btb_q_reg[3390],SDFFR_X1,6
i_frontend_i_btb_btb_q_reg[3391],SDFFR_X1,6
i_frontend_i_btb_btb_q_reg[3392],SDFFR_X1,6
i_frontend_i_btb_btb_q_reg[3393],SDFFR_X1,6
i_frontend_i_btb_btb_q_reg[3394],SDFFR_X1,6
i_frontend_i_btb_btb_q_reg[3395],SDFFR_X1,6
i_frontend_i_btb_btb_q_reg[3396],SDFFR_X1,6
i_frontend_i_btb_btb_q_reg[3397],SDFFR_X1,6
i_frontend_i_btb_btb_q_reg[3398],SDFFR_X1,6
i_frontend_i_btb_btb_q_reg[3399],SDFFR_X1,6
i_frontend_i_btb_btb_q_reg[3400],SDFFR_X1,6
i_frontend_i_btb_btb_q_reg[3401],SDFFR_X1,6
i_frontend_i_btb_btb_q_reg[3402],SDFFR_X1,6
i_frontend_i_btb_btb_q_reg[3403],SDFFR_X1,6
i_frontend_i_btb_btb_q_reg[3404],SDFFR_X1,6
i_frontend_i_btb_btb_q_reg[3405],SDFFR_X1,6
i_frontend_i_btb_btb_q_reg[3406],SDFFR_X1,6
i_frontend_i_btb_btb_q_reg[3407],SDFFR_X1,6
i_frontend_i_btb_btb_q_reg[3408],SDFFR_X1,6
i_frontend_i_btb_btb_q_reg[3409],SDFFR_X1,6
i_frontend_i_btb_btb_q_reg[3410],SDFFR_X1,6
i_frontend_i_btb_btb_q_reg[3411],SDFFR_X1,6
i_frontend_i_btb_btb_q_reg[3412],SDFFR_X1,6
i_frontend_i_btb_btb_q_reg[3413],SDFFR_X1,6
i_frontend_i_btb_btb_q_reg[3414],SDFFR_X1,6
i_frontend_i_btb_btb_q_reg[3415],SDFFR_X1,6
i_frontend_i_btb_btb_q_reg[3416],SDFFR_X1,6
i_frontend_i_btb_btb_q_reg[3417],SDFFR_X1,6
i_frontend_i_btb_btb_q_reg[3418],SDFFR_X1,6
i_frontend_i_btb_btb_q_reg[3419],SDFFR_X1,6
i_frontend_i_btb_btb_q_reg[3420],SDFFR_X1,6
i_frontend_i_btb_btb_q_reg[3421],SDFFR_X1,6
i_frontend_i_btb_btb_q_reg[3422],SDFFR_X1,6
i_frontend_i_btb_btb_q_reg[3423],SDFFR_X1,6
i_frontend_i_btb_btb_q_reg[3424],SDFFR_X1,6
i_frontend_i_btb_btb_q_reg[3425],SDFFR_X1,6
i_frontend_i_btb_btb_q_reg[3426],SDFFR_X1,6
i_frontend_i_btb_btb_q_reg[3427],SDFFR_X1,6
i_frontend_i_btb_btb_q_reg[3428],SDFFR_X1,6
i_frontend_i_btb_btb_q_reg[3429],SDFFR_X1,6
i_frontend_i_btb_btb_q_reg[3430],SDFFR_X1,6
i_frontend_i_btb_btb_q_reg[3431],SDFFR_X1,6
i_frontend_i_btb_btb_q_reg[3432],SDFFR_X1,6
i_frontend_i_btb_btb_q_reg[3433],SDFFR_X1,6
i_frontend_i_btb_btb_q_reg[3434],SDFFR_X1,6
i_frontend_i_btb_btb_q_reg[3435],SDFFR_X1,6
i_frontend_i_btb_btb_q_reg[3436],SDFFR_X1,6
i_frontend_i_btb_btb_q_reg[3437],SDFFR_X1,6
i_frontend_i_btb_btb_q_reg[3438],SDFFR_X1,6
i_frontend_i_btb_btb_q_reg[3439],SDFFR_X1,6
i_frontend_i_btb_btb_q_reg[3440],SDFFR_X1,6
i_frontend_i_btb_btb_q_reg[3441],SDFFR_X1,6
i_frontend_i_btb_btb_q_reg[3442],SDFFR_X1,6
i_frontend_i_btb_btb_q_reg[3443],SDFFR_X1,6
i_frontend_i_btb_btb_q_reg[3444],DFFR_X1,5
i_frontend_i_btb_btb_q_reg[3445],SDFFR_X1,6
i_frontend_i_btb_btb_q_reg[3446],SDFFR_X1,6
i_frontend_i_btb_btb_q_reg[3447],SDFFR_X1,6
i_frontend_i_btb_btb_q_reg[3448],SDFFR_X1,6
i_frontend_i_btb_btb_q_reg[3449],SDFFR_X1,6
i_frontend_i_btb_btb_q_reg[3450],SDFFR_X1,6
i_frontend_i_btb_btb_q_reg[3451],SDFFR_X1,6
i_frontend_i_btb_btb_q_reg[3452],SDFFR_X1,6
i_frontend_i_btb_btb_q_reg[3453],SDFFR_X1,6
i_frontend_i_btb_btb_q_reg[3454],SDFFR_X1,6
i_frontend_i_btb_btb_q_reg[3455],SDFFR_X1,6
i_frontend_i_btb_btb_q_reg[3456],SDFFR_X1,6
i_frontend_i_btb_btb_q_reg[3457],SDFFR_X1,6
i_frontend_i_btb_btb_q_reg[3458],SDFFR_X1,6
i_frontend_i_btb_btb_q_reg[3459],SDFFR_X1,6
i_frontend_i_btb_btb_q_reg[3460],SDFFR_X1,6
i_frontend_i_btb_btb_q_reg[3461],SDFFR_X1,6
i_frontend_i_btb_btb_q_reg[3462],SDFFR_X1,6
i_frontend_i_btb_btb_q_reg[3463],SDFFR_X1,6
i_frontend_i_btb_btb_q_reg[3464],SDFFR_X1,6
i_frontend_i_btb_btb_q_reg[3465],SDFFR_X1,6
i_frontend_i_btb_btb_q_reg[3466],SDFFR_X1,6
i_frontend_i_btb_btb_q_reg[3467],SDFFR_X1,6
i_frontend_i_btb_btb_q_reg[3468],SDFFR_X1,6
i_frontend_i_btb_btb_q_reg[3469],SDFFR_X1,6
i_frontend_i_btb_btb_q_reg[3470],SDFFR_X1,6
i_frontend_i_btb_btb_q_reg[3471],SDFFR_X1,6
i_frontend_i_btb_btb_q_reg[3472],SDFFR_X1,6
i_frontend_i_btb_btb_q_reg[3473],SDFFR_X1,6
i_frontend_i_btb_btb_q_reg[3474],SDFFR_X1,6
i_frontend_i_btb_btb_q_reg[3475],SDFFR_X1,6
i_frontend_i_btb_btb_q_reg[3476],SDFFR_X1,6
i_frontend_i_btb_btb_q_reg[3477],SDFFR_X1,6
i_frontend_i_btb_btb_q_reg[3478],SDFFR_X1,6
i_frontend_i_btb_btb_q_reg[3479],SDFFR_X1,6
i_frontend_i_btb_btb_q_reg[3480],SDFFR_X1,6
i_frontend_i_btb_btb_q_reg[3481],SDFFR_X1,6
i_frontend_i_btb_btb_q_reg[3482],SDFFR_X1,6
i_frontend_i_btb_btb_q_reg[3483],SDFFR_X1,6
i_frontend_i_btb_btb_q_reg[3484],SDFFR_X1,6
i_frontend_i_btb_btb_q_reg[3485],SDFFR_X1,6
i_frontend_i_btb_btb_q_reg[3486],SDFFR_X1,6
i_frontend_i_btb_btb_q_reg[3487],SDFFR_X1,6
i_frontend_i_btb_btb_q_reg[3488],SDFFR_X1,6
i_frontend_i_btb_btb_q_reg[3489],SDFFR_X1,6
i_frontend_i_btb_btb_q_reg[3490],SDFFR_X1,6
i_frontend_i_btb_btb_q_reg[3491],SDFFR_X1,6
i_frontend_i_btb_btb_q_reg[3492],SDFFR_X1,6
i_frontend_i_btb_btb_q_reg[3493],SDFFR_X1,6
i_frontend_i_btb_btb_q_reg[3494],SDFFR_X1,6
i_frontend_i_btb_btb_q_reg[3495],SDFFR_X1,6
i_frontend_i_btb_btb_q_reg[3496],SDFFR_X1,6
i_frontend_i_btb_btb_q_reg[3497],SDFFR_X1,6
i_frontend_i_btb_btb_q_reg[3498],SDFFR_X1,6
i_frontend_i_btb_btb_q_reg[3499],SDFFR_X1,6
i_frontend_i_btb_btb_q_reg[3500],SDFFR_X1,6
i_frontend_i_btb_btb_q_reg[3501],SDFFR_X1,6
i_frontend_i_btb_btb_q_reg[3502],SDFFR_X1,6
i_frontend_i_btb_btb_q_reg[3503],SDFFR_X1,6
i_frontend_i_btb_btb_q_reg[3504],SDFFR_X1,6
i_frontend_i_btb_btb_q_reg[3505],SDFFR_X1,6
i_frontend_i_btb_btb_q_reg[3506],SDFFR_X1,6
i_frontend_i_btb_btb_q_reg[3507],SDFFR_X1,6
i_frontend_i_btb_btb_q_reg[3508],SDFFR_X1,6
i_frontend_i_btb_btb_q_reg[3509],DFFR_X1,5
i_frontend_i_btb_btb_q_reg[3510],SDFFR_X1,6
i_frontend_i_btb_btb_q_reg[3511],SDFFR_X1,6
i_frontend_i_btb_btb_q_reg[3512],SDFFR_X1,6
i_frontend_i_btb_btb_q_reg[3513],SDFFR_X1,6
i_frontend_i_btb_btb_q_reg[3514],SDFFR_X1,6
i_frontend_i_btb_btb_q_reg[3515],SDFFR_X1,6
i_frontend_i_btb_btb_q_reg[3516],SDFFR_X1,6
i_frontend_i_btb_btb_q_reg[3517],SDFFR_X1,6
i_frontend_i_btb_btb_q_reg[3518],SDFFR_X1,6
i_frontend_i_btb_btb_q_reg[3519],SDFFR_X1,6
i_frontend_i_btb_btb_q_reg[3520],SDFFR_X1,6
i_frontend_i_btb_btb_q_reg[3521],SDFFR_X1,6
i_frontend_i_btb_btb_q_reg[3522],SDFFR_X1,6
i_frontend_i_btb_btb_q_reg[3523],SDFFR_X1,6
i_frontend_i_btb_btb_q_reg[3524],SDFFR_X1,6
i_frontend_i_btb_btb_q_reg[3525],SDFFR_X1,6
i_frontend_i_btb_btb_q_reg[3526],SDFFR_X1,6
i_frontend_i_btb_btb_q_reg[3527],SDFFR_X1,6
i_frontend_i_btb_btb_q_reg[3528],SDFFR_X1,6
i_frontend_i_btb_btb_q_reg[3529],SDFFR_X1,6
i_frontend_i_btb_btb_q_reg[3530],SDFFR_X1,6
i_frontend_i_btb_btb_q_reg[3531],SDFFR_X1,6
i_frontend_i_btb_btb_q_reg[3532],SDFFR_X1,6
i_frontend_i_btb_btb_q_reg[3533],SDFFR_X1,6
i_frontend_i_btb_btb_q_reg[3534],SDFFR_X1,6
i_frontend_i_btb_btb_q_reg[3535],SDFFR_X1,6
i_frontend_i_btb_btb_q_reg[3536],SDFFR_X1,6
i_frontend_i_btb_btb_q_reg[3537],SDFFR_X1,6
i_frontend_i_btb_btb_q_reg[3538],SDFFR_X1,6
i_frontend_i_btb_btb_q_reg[3539],SDFFR_X1,6
i_frontend_i_btb_btb_q_reg[3540],SDFFR_X1,6
i_frontend_i_btb_btb_q_reg[3541],SDFFR_X1,6
i_frontend_i_btb_btb_q_reg[3542],SDFFR_X1,6
i_frontend_i_btb_btb_q_reg[3543],SDFFR_X1,6
i_frontend_i_btb_btb_q_reg[3544],SDFFR_X1,6
i_frontend_i_btb_btb_q_reg[3545],SDFFR_X1,6
i_frontend_i_btb_btb_q_reg[3546],SDFFR_X1,6
i_frontend_i_btb_btb_q_reg[3547],SDFFR_X1,6
i_frontend_i_btb_btb_q_reg[3548],SDFFR_X1,6
i_frontend_i_btb_btb_q_reg[3549],SDFFR_X1,6
i_frontend_i_btb_btb_q_reg[3550],SDFFR_X1,6
i_frontend_i_btb_btb_q_reg[3551],SDFFR_X1,6
i_frontend_i_btb_btb_q_reg[3552],SDFFR_X1,6
i_frontend_i_btb_btb_q_reg[3553],SDFFR_X1,6
i_frontend_i_btb_btb_q_reg[3554],SDFFR_X1,6
i_frontend_i_btb_btb_q_reg[3555],SDFFR_X1,6
i_frontend_i_btb_btb_q_reg[3556],SDFFR_X1,6
i_frontend_i_btb_btb_q_reg[3557],SDFFR_X1,6
i_frontend_i_btb_btb_q_reg[3558],SDFFR_X1,6
i_frontend_i_btb_btb_q_reg[3559],SDFFR_X1,6
i_frontend_i_btb_btb_q_reg[3560],SDFFR_X1,6
i_frontend_i_btb_btb_q_reg[3561],SDFFR_X1,6
i_frontend_i_btb_btb_q_reg[3562],SDFFR_X1,6
i_frontend_i_btb_btb_q_reg[3563],SDFFR_X1,6
i_frontend_i_btb_btb_q_reg[3564],SDFFR_X1,6
i_frontend_i_btb_btb_q_reg[3565],SDFFR_X1,6
i_frontend_i_btb_btb_q_reg[3566],SDFFR_X1,6
i_frontend_i_btb_btb_q_reg[3567],SDFFR_X1,6
i_frontend_i_btb_btb_q_reg[3568],SDFFR_X1,6
i_frontend_i_btb_btb_q_reg[3569],SDFFR_X1,6
i_frontend_i_btb_btb_q_reg[3570],SDFFR_X1,6
i_frontend_i_btb_btb_q_reg[3571],SDFFR_X1,6
i_frontend_i_btb_btb_q_reg[3572],SDFFR_X1,6
i_frontend_i_btb_btb_q_reg[3573],SDFFR_X1,6
i_frontend_i_btb_btb_q_reg[3574],DFFR_X1,5
i_frontend_i_btb_btb_q_reg[3575],SDFFR_X1,6
i_frontend_i_btb_btb_q_reg[3576],SDFFR_X1,6
i_frontend_i_btb_btb_q_reg[3577],SDFFR_X1,6
i_frontend_i_btb_btb_q_reg[3578],SDFFR_X1,6
i_frontend_i_btb_btb_q_reg[3579],SDFFR_X1,6
i_frontend_i_btb_btb_q_reg[3580],SDFFR_X1,6
i_frontend_i_btb_btb_q_reg[3581],SDFFR_X1,6
i_frontend_i_btb_btb_q_reg[3582],SDFFR_X1,6
i_frontend_i_btb_btb_q_reg[3583],SDFFR_X1,6
i_frontend_i_btb_btb_q_reg[3584],SDFFR_X1,6
i_frontend_i_btb_btb_q_reg[3585],SDFFR_X1,6
i_frontend_i_btb_btb_q_reg[3586],SDFFR_X1,6
i_frontend_i_btb_btb_q_reg[3587],SDFFR_X1,6
i_frontend_i_btb_btb_q_reg[3588],SDFFR_X1,6
i_frontend_i_btb_btb_q_reg[3589],SDFFR_X1,6
i_frontend_i_btb_btb_q_reg[3590],SDFFR_X1,6
i_frontend_i_btb_btb_q_reg[3591],SDFFR_X1,6
i_frontend_i_btb_btb_q_reg[3592],SDFFR_X1,6
i_frontend_i_btb_btb_q_reg[3593],SDFFR_X1,6
i_frontend_i_btb_btb_q_reg[3594],SDFFR_X1,6
i_frontend_i_btb_btb_q_reg[3595],SDFFR_X1,6
i_frontend_i_btb_btb_q_reg[3596],SDFFR_X1,6
i_frontend_i_btb_btb_q_reg[3597],SDFFR_X1,6
i_frontend_i_btb_btb_q_reg[3598],SDFFR_X1,6
i_frontend_i_btb_btb_q_reg[3599],SDFFR_X1,6
i_frontend_i_btb_btb_q_reg[3600],SDFFR_X1,6
i_frontend_i_btb_btb_q_reg[3601],SDFFR_X1,6
i_frontend_i_btb_btb_q_reg[3602],SDFFR_X1,6
i_frontend_i_btb_btb_q_reg[3603],SDFFR_X1,6
i_frontend_i_btb_btb_q_reg[3604],SDFFR_X1,6
i_frontend_i_btb_btb_q_reg[3605],SDFFR_X1,6
i_frontend_i_btb_btb_q_reg[3606],SDFFR_X1,6
i_frontend_i_btb_btb_q_reg[3607],SDFFR_X1,6
i_frontend_i_btb_btb_q_reg[3608],SDFFR_X1,6
i_frontend_i_btb_btb_q_reg[3609],SDFFR_X1,6
i_frontend_i_btb_btb_q_reg[3610],SDFFR_X1,6
i_frontend_i_btb_btb_q_reg[3611],SDFFR_X1,6
i_frontend_i_btb_btb_q_reg[3612],SDFFR_X1,6
i_frontend_i_btb_btb_q_reg[3613],SDFFR_X1,6
i_frontend_i_btb_btb_q_reg[3614],SDFFR_X1,6
i_frontend_i_btb_btb_q_reg[3615],SDFFR_X1,6
i_frontend_i_btb_btb_q_reg[3616],SDFFR_X1,6
i_frontend_i_btb_btb_q_reg[3617],SDFFR_X1,6
i_frontend_i_btb_btb_q_reg[3618],SDFFR_X1,6
i_frontend_i_btb_btb_q_reg[3619],SDFFR_X1,6
i_frontend_i_btb_btb_q_reg[3620],SDFFR_X1,6
i_frontend_i_btb_btb_q_reg[3621],SDFFR_X1,6
i_frontend_i_btb_btb_q_reg[3622],SDFFR_X1,6
i_frontend_i_btb_btb_q_reg[3623],SDFFR_X1,6
i_frontend_i_btb_btb_q_reg[3624],SDFFR_X1,6
i_frontend_i_btb_btb_q_reg[3625],SDFFR_X1,6
i_frontend_i_btb_btb_q_reg[3626],SDFFR_X1,6
i_frontend_i_btb_btb_q_reg[3627],SDFFR_X1,6
i_frontend_i_btb_btb_q_reg[3628],SDFFR_X1,6
i_frontend_i_btb_btb_q_reg[3629],SDFFR_X1,6
i_frontend_i_btb_btb_q_reg[3630],SDFFR_X1,6
i_frontend_i_btb_btb_q_reg[3631],SDFFR_X1,6
i_frontend_i_btb_btb_q_reg[3632],SDFFR_X1,6
i_frontend_i_btb_btb_q_reg[3633],SDFFR_X1,6
i_frontend_i_btb_btb_q_reg[3634],SDFFR_X1,6
i_frontend_i_btb_btb_q_reg[3635],SDFFR_X1,6
i_frontend_i_btb_btb_q_reg[3636],SDFFR_X1,6
i_frontend_i_btb_btb_q_reg[3637],SDFFR_X1,6
i_frontend_i_btb_btb_q_reg[3638],SDFFR_X1,6
i_frontend_i_btb_btb_q_reg[3639],DFFR_X1,5
i_frontend_i_btb_btb_q_reg[3640],SDFFR_X1,6
i_frontend_i_btb_btb_q_reg[3641],SDFFR_X1,6
i_frontend_i_btb_btb_q_reg[3642],SDFFR_X1,6
i_frontend_i_btb_btb_q_reg[3643],SDFFR_X1,6
i_frontend_i_btb_btb_q_reg[3644],SDFFR_X1,6
i_frontend_i_btb_btb_q_reg[3645],SDFFR_X1,6
i_frontend_i_btb_btb_q_reg[3646],SDFFR_X1,6
i_frontend_i_btb_btb_q_reg[3647],SDFFR_X1,6
i_frontend_i_btb_btb_q_reg[3648],SDFFR_X1,6
i_frontend_i_btb_btb_q_reg[3649],SDFFR_X1,6
i_frontend_i_btb_btb_q_reg[3650],SDFFR_X1,6
i_frontend_i_btb_btb_q_reg[3651],SDFFR_X1,6
i_frontend_i_btb_btb_q_reg[3652],SDFFR_X1,6
i_frontend_i_btb_btb_q_reg[3653],SDFFR_X1,6
i_frontend_i_btb_btb_q_reg[3654],SDFFR_X1,6
i_frontend_i_btb_btb_q_reg[3655],SDFFR_X1,6
i_frontend_i_btb_btb_q_reg[3656],SDFFR_X1,6
i_frontend_i_btb_btb_q_reg[3657],SDFFR_X1,6
i_frontend_i_btb_btb_q_reg[3658],SDFFR_X1,6
i_frontend_i_btb_btb_q_reg[3659],SDFFR_X1,6
i_frontend_i_btb_btb_q_reg[3660],SDFFR_X1,6
i_frontend_i_btb_btb_q_reg[3661],SDFFR_X1,6
i_frontend_i_btb_btb_q_reg[3662],SDFFR_X1,6
i_frontend_i_btb_btb_q_reg[3663],SDFFR_X1,6
i_frontend_i_btb_btb_q_reg[3664],SDFFR_X1,6
i_frontend_i_btb_btb_q_reg[3665],SDFFR_X1,6
i_frontend_i_btb_btb_q_reg[3666],SDFFR_X1,6
i_frontend_i_btb_btb_q_reg[3667],SDFFR_X1,6
i_frontend_i_btb_btb_q_reg[3668],SDFFR_X1,6
i_frontend_i_btb_btb_q_reg[3669],SDFFR_X1,6
i_frontend_i_btb_btb_q_reg[3670],SDFFR_X1,6
i_frontend_i_btb_btb_q_reg[3671],SDFFR_X1,6
i_frontend_i_btb_btb_q_reg[3672],SDFFR_X1,6
i_frontend_i_btb_btb_q_reg[3673],SDFFR_X1,6
i_frontend_i_btb_btb_q_reg[3674],SDFFR_X1,6
i_frontend_i_btb_btb_q_reg[3675],SDFFR_X1,6
i_frontend_i_btb_btb_q_reg[3676],SDFFR_X1,6
i_frontend_i_btb_btb_q_reg[3677],SDFFR_X1,6
i_frontend_i_btb_btb_q_reg[3678],SDFFR_X1,6
i_frontend_i_btb_btb_q_reg[3679],SDFFR_X1,6
i_frontend_i_btb_btb_q_reg[3680],SDFFR_X1,6
i_frontend_i_btb_btb_q_reg[3681],SDFFR_X1,6
i_frontend_i_btb_btb_q_reg[3682],SDFFR_X1,6
i_frontend_i_btb_btb_q_reg[3683],SDFFR_X1,6
i_frontend_i_btb_btb_q_reg[3684],SDFFR_X1,6
i_frontend_i_btb_btb_q_reg[3685],SDFFR_X1,6
i_frontend_i_btb_btb_q_reg[3686],SDFFR_X1,6
i_frontend_i_btb_btb_q_reg[3687],SDFFR_X1,6
i_frontend_i_btb_btb_q_reg[3688],SDFFR_X1,6
i_frontend_i_btb_btb_q_reg[3689],SDFFR_X1,6
i_frontend_i_btb_btb_q_reg[3690],SDFFR_X1,6
i_frontend_i_btb_btb_q_reg[3691],SDFFR_X1,6
i_frontend_i_btb_btb_q_reg[3692],SDFFR_X1,6
i_frontend_i_btb_btb_q_reg[3693],SDFFR_X1,6
i_frontend_i_btb_btb_q_reg[3694],SDFFR_X1,6
i_frontend_i_btb_btb_q_reg[3695],SDFFR_X1,6
i_frontend_i_btb_btb_q_reg[3696],SDFFR_X1,6
i_frontend_i_btb_btb_q_reg[3697],SDFFR_X1,6
i_frontend_i_btb_btb_q_reg[3698],SDFFR_X1,6
i_frontend_i_btb_btb_q_reg[3699],SDFFR_X1,6
i_frontend_i_btb_btb_q_reg[3700],SDFFR_X1,6
i_frontend_i_btb_btb_q_reg[3701],SDFFR_X1,6
i_frontend_i_btb_btb_q_reg[3702],SDFFR_X1,6
i_frontend_i_btb_btb_q_reg[3703],SDFFR_X1,6
i_frontend_i_btb_btb_q_reg[3704],DFFR_X1,5
i_frontend_i_btb_btb_q_reg[3705],SDFFR_X1,6
i_frontend_i_btb_btb_q_reg[3706],SDFFR_X1,6
i_frontend_i_btb_btb_q_reg[3707],SDFFR_X1,6
i_frontend_i_btb_btb_q_reg[3708],SDFFR_X1,6
i_frontend_i_btb_btb_q_reg[3709],SDFFR_X1,6
i_frontend_i_btb_btb_q_reg[3710],SDFFR_X1,6
i_frontend_i_btb_btb_q_reg[3711],SDFFR_X1,6
i_frontend_i_btb_btb_q_reg[3712],SDFFR_X1,6
i_frontend_i_btb_btb_q_reg[3713],SDFFR_X1,6
i_frontend_i_btb_btb_q_reg[3714],SDFFR_X1,6
i_frontend_i_btb_btb_q_reg[3715],SDFFR_X1,6
i_frontend_i_btb_btb_q_reg[3716],SDFFR_X1,6
i_frontend_i_btb_btb_q_reg[3717],SDFFR_X1,6
i_frontend_i_btb_btb_q_reg[3718],SDFFR_X1,6
i_frontend_i_btb_btb_q_reg[3719],SDFFR_X1,6
i_frontend_i_btb_btb_q_reg[3720],SDFFR_X1,6
i_frontend_i_btb_btb_q_reg[3721],SDFFR_X1,6
i_frontend_i_btb_btb_q_reg[3722],SDFFR_X1,6
i_frontend_i_btb_btb_q_reg[3723],SDFFR_X1,6
i_frontend_i_btb_btb_q_reg[3724],SDFFR_X1,6
i_frontend_i_btb_btb_q_reg[3725],SDFFR_X1,6
i_frontend_i_btb_btb_q_reg[3726],SDFFR_X1,6
i_frontend_i_btb_btb_q_reg[3727],SDFFR_X1,6
i_frontend_i_btb_btb_q_reg[3728],SDFFR_X1,6
i_frontend_i_btb_btb_q_reg[3729],SDFFR_X1,6
i_frontend_i_btb_btb_q_reg[3730],SDFFR_X1,6
i_frontend_i_btb_btb_q_reg[3731],SDFFR_X1,6
i_frontend_i_btb_btb_q_reg[3732],SDFFR_X1,6
i_frontend_i_btb_btb_q_reg[3733],SDFFR_X1,6
i_frontend_i_btb_btb_q_reg[3734],SDFFR_X1,6
i_frontend_i_btb_btb_q_reg[3735],SDFFR_X1,6
i_frontend_i_btb_btb_q_reg[3736],SDFFR_X1,6
i_frontend_i_btb_btb_q_reg[3737],SDFFR_X1,6
i_frontend_i_btb_btb_q_reg[3738],SDFFR_X1,6
i_frontend_i_btb_btb_q_reg[3739],SDFFR_X1,6
i_frontend_i_btb_btb_q_reg[3740],SDFFR_X1,6
i_frontend_i_btb_btb_q_reg[3741],SDFFR_X1,6
i_frontend_i_btb_btb_q_reg[3742],SDFFR_X1,6
i_frontend_i_btb_btb_q_reg[3743],SDFFR_X1,6
i_frontend_i_btb_btb_q_reg[3744],SDFFR_X1,6
i_frontend_i_btb_btb_q_reg[3745],SDFFR_X1,6
i_frontend_i_btb_btb_q_reg[3746],SDFFR_X1,6
i_frontend_i_btb_btb_q_reg[3747],SDFFR_X1,6
i_frontend_i_btb_btb_q_reg[3748],SDFFR_X1,6
i_frontend_i_btb_btb_q_reg[3749],SDFFR_X1,6
i_frontend_i_btb_btb_q_reg[3750],SDFFR_X1,6
i_frontend_i_btb_btb_q_reg[3751],SDFFR_X1,6
i_frontend_i_btb_btb_q_reg[3752],SDFFR_X1,6
i_frontend_i_btb_btb_q_reg[3753],SDFFR_X1,6
i_frontend_i_btb_btb_q_reg[3754],SDFFR_X1,6
i_frontend_i_btb_btb_q_reg[3755],SDFFR_X1,6
i_frontend_i_btb_btb_q_reg[3756],SDFFR_X1,6
i_frontend_i_btb_btb_q_reg[3757],SDFFR_X1,6
i_frontend_i_btb_btb_q_reg[3758],SDFFR_X1,6
i_frontend_i_btb_btb_q_reg[3759],SDFFR_X1,6
i_frontend_i_btb_btb_q_reg[3760],SDFFR_X1,6
i_frontend_i_btb_btb_q_reg[3761],SDFFR_X1,6
i_frontend_i_btb_btb_q_reg[3762],SDFFR_X1,6
i_frontend_i_btb_btb_q_reg[3763],SDFFR_X1,6
i_frontend_i_btb_btb_q_reg[3764],SDFFR_X1,6
i_frontend_i_btb_btb_q_reg[3765],SDFFR_X1,6
i_frontend_i_btb_btb_q_reg[3766],SDFFR_X1,6
i_frontend_i_btb_btb_q_reg[3767],SDFFR_X1,6
i_frontend_i_btb_btb_q_reg[3768],SDFFR_X1,6
i_frontend_i_btb_btb_q_reg[3769],DFFR_X1,5
i_frontend_i_btb_btb_q_reg[3770],SDFFR_X1,6
i_frontend_i_btb_btb_q_reg[3771],SDFFR_X1,6
i_frontend_i_btb_btb_q_reg[3772],SDFFR_X1,6
i_frontend_i_btb_btb_q_reg[3773],SDFFR_X1,6
i_frontend_i_btb_btb_q_reg[3774],SDFFR_X1,6
i_frontend_i_btb_btb_q_reg[3775],SDFFR_X1,6
i_frontend_i_btb_btb_q_reg[3776],SDFFR_X1,6
i_frontend_i_btb_btb_q_reg[3777],SDFFR_X1,6
i_frontend_i_btb_btb_q_reg[3778],SDFFR_X1,6
i_frontend_i_btb_btb_q_reg[3779],SDFFR_X1,6
i_frontend_i_btb_btb_q_reg[3780],SDFFR_X1,6
i_frontend_i_btb_btb_q_reg[3781],SDFFR_X1,6
i_frontend_i_btb_btb_q_reg[3782],SDFFR_X1,6
i_frontend_i_btb_btb_q_reg[3783],SDFFR_X1,6
i_frontend_i_btb_btb_q_reg[3784],SDFFR_X1,6
i_frontend_i_btb_btb_q_reg[3785],SDFFR_X1,6
i_frontend_i_btb_btb_q_reg[3786],SDFFR_X1,6
i_frontend_i_btb_btb_q_reg[3787],SDFFR_X1,6
i_frontend_i_btb_btb_q_reg[3788],SDFFR_X1,6
i_frontend_i_btb_btb_q_reg[3789],SDFFR_X1,6
i_frontend_i_btb_btb_q_reg[3790],SDFFR_X1,6
i_frontend_i_btb_btb_q_reg[3791],SDFFR_X1,6
i_frontend_i_btb_btb_q_reg[3792],SDFFR_X1,6
i_frontend_i_btb_btb_q_reg[3793],SDFFR_X1,6
i_frontend_i_btb_btb_q_reg[3794],SDFFR_X1,6
i_frontend_i_btb_btb_q_reg[3795],SDFFR_X1,6
i_frontend_i_btb_btb_q_reg[3796],SDFFR_X1,6
i_frontend_i_btb_btb_q_reg[3797],SDFFR_X1,6
i_frontend_i_btb_btb_q_reg[3798],SDFFR_X1,6
i_frontend_i_btb_btb_q_reg[3799],SDFFR_X1,6
i_frontend_i_btb_btb_q_reg[3800],SDFFR_X1,6
i_frontend_i_btb_btb_q_reg[3801],SDFFR_X1,6
i_frontend_i_btb_btb_q_reg[3802],SDFFR_X1,6
i_frontend_i_btb_btb_q_reg[3803],SDFFR_X1,6
i_frontend_i_btb_btb_q_reg[3804],SDFFR_X1,6
i_frontend_i_btb_btb_q_reg[3805],SDFFR_X1,6
i_frontend_i_btb_btb_q_reg[3806],SDFFR_X1,6
i_frontend_i_btb_btb_q_reg[3807],SDFFR_X1,6
i_frontend_i_btb_btb_q_reg[3808],SDFFR_X1,6
i_frontend_i_btb_btb_q_reg[3809],SDFFR_X1,6
i_frontend_i_btb_btb_q_reg[3810],SDFFR_X1,6
i_frontend_i_btb_btb_q_reg[3811],SDFFR_X1,6
i_frontend_i_btb_btb_q_reg[3812],SDFFR_X1,6
i_frontend_i_btb_btb_q_reg[3813],SDFFR_X1,6
i_frontend_i_btb_btb_q_reg[3814],SDFFR_X1,6
i_frontend_i_btb_btb_q_reg[3815],SDFFR_X1,6
i_frontend_i_btb_btb_q_reg[3816],SDFFR_X1,6
i_frontend_i_btb_btb_q_reg[3817],SDFFR_X1,6
i_frontend_i_btb_btb_q_reg[3818],SDFFR_X1,6
i_frontend_i_btb_btb_q_reg[3819],SDFFR_X1,6
i_frontend_i_btb_btb_q_reg[3820],SDFFR_X1,6
i_frontend_i_btb_btb_q_reg[3821],SDFFR_X1,6
i_frontend_i_btb_btb_q_reg[3822],SDFFR_X1,6
i_frontend_i_btb_btb_q_reg[3823],SDFFR_X1,6
i_frontend_i_btb_btb_q_reg[3824],SDFFR_X1,6
i_frontend_i_btb_btb_q_reg[3825],SDFFR_X1,6
i_frontend_i_btb_btb_q_reg[3826],SDFFR_X1,6
i_frontend_i_btb_btb_q_reg[3827],SDFFR_X1,6
i_frontend_i_btb_btb_q_reg[3828],SDFFR_X1,6
i_frontend_i_btb_btb_q_reg[3829],SDFFR_X1,6
i_frontend_i_btb_btb_q_reg[3830],SDFFR_X1,6
i_frontend_i_btb_btb_q_reg[3831],SDFFR_X1,6
i_frontend_i_btb_btb_q_reg[3832],SDFFR_X1,6
i_frontend_i_btb_btb_q_reg[3833],SDFFR_X1,6
i_frontend_i_btb_btb_q_reg[3834],DFFR_X1,5
i_frontend_i_btb_btb_q_reg[3835],SDFFR_X1,6
i_frontend_i_btb_btb_q_reg[3836],SDFFR_X1,6
i_frontend_i_btb_btb_q_reg[3837],SDFFR_X1,6
i_frontend_i_btb_btb_q_reg[3838],SDFFR_X1,6
i_frontend_i_btb_btb_q_reg[3839],SDFFR_X1,6
i_frontend_i_btb_btb_q_reg[3840],SDFFR_X1,6
i_frontend_i_btb_btb_q_reg[3841],SDFFR_X1,6
i_frontend_i_btb_btb_q_reg[3842],SDFFR_X1,6
i_frontend_i_btb_btb_q_reg[3843],SDFFR_X1,6
i_frontend_i_btb_btb_q_reg[3844],SDFFR_X1,6
i_frontend_i_btb_btb_q_reg[3845],SDFFR_X1,6
i_frontend_i_btb_btb_q_reg[3846],SDFFR_X1,6
i_frontend_i_btb_btb_q_reg[3847],SDFFR_X1,6
i_frontend_i_btb_btb_q_reg[3848],SDFFR_X1,6
i_frontend_i_btb_btb_q_reg[3849],SDFFR_X1,6
i_frontend_i_btb_btb_q_reg[3850],SDFFR_X1,6
i_frontend_i_btb_btb_q_reg[3851],SDFFR_X1,6
i_frontend_i_btb_btb_q_reg[3852],SDFFR_X1,6
i_frontend_i_btb_btb_q_reg[3853],SDFFR_X1,6
i_frontend_i_btb_btb_q_reg[3854],SDFFR_X1,6
i_frontend_i_btb_btb_q_reg[3855],SDFFR_X1,6
i_frontend_i_btb_btb_q_reg[3856],SDFFR_X1,6
i_frontend_i_btb_btb_q_reg[3857],SDFFR_X1,6
i_frontend_i_btb_btb_q_reg[3858],SDFFR_X1,6
i_frontend_i_btb_btb_q_reg[3859],SDFFR_X1,6
i_frontend_i_btb_btb_q_reg[3860],SDFFR_X1,6
i_frontend_i_btb_btb_q_reg[3861],SDFFR_X1,6
i_frontend_i_btb_btb_q_reg[3862],SDFFR_X1,6
i_frontend_i_btb_btb_q_reg[3863],SDFFR_X1,6
i_frontend_i_btb_btb_q_reg[3864],SDFFR_X1,6
i_frontend_i_btb_btb_q_reg[3865],SDFFR_X1,6
i_frontend_i_btb_btb_q_reg[3866],SDFFR_X1,6
i_frontend_i_btb_btb_q_reg[3867],SDFFR_X1,6
i_frontend_i_btb_btb_q_reg[3868],SDFFR_X1,6
i_frontend_i_btb_btb_q_reg[3869],SDFFR_X1,6
i_frontend_i_btb_btb_q_reg[3870],SDFFR_X1,6
i_frontend_i_btb_btb_q_reg[3871],SDFFR_X1,6
i_frontend_i_btb_btb_q_reg[3872],SDFFR_X1,6
i_frontend_i_btb_btb_q_reg[3873],SDFFR_X1,6
i_frontend_i_btb_btb_q_reg[3874],SDFFR_X1,6
i_frontend_i_btb_btb_q_reg[3875],SDFFR_X1,6
i_frontend_i_btb_btb_q_reg[3876],SDFFR_X1,6
i_frontend_i_btb_btb_q_reg[3877],SDFFR_X1,6
i_frontend_i_btb_btb_q_reg[3878],SDFFR_X1,6
i_frontend_i_btb_btb_q_reg[3879],SDFFR_X1,6
i_frontend_i_btb_btb_q_reg[3880],SDFFR_X1,6
i_frontend_i_btb_btb_q_reg[3881],SDFFR_X1,6
i_frontend_i_btb_btb_q_reg[3882],SDFFR_X1,6
i_frontend_i_btb_btb_q_reg[3883],SDFFR_X1,6
i_frontend_i_btb_btb_q_reg[3884],SDFFR_X1,6
i_frontend_i_btb_btb_q_reg[3885],SDFFR_X1,6
i_frontend_i_btb_btb_q_reg[3886],SDFFR_X1,6
i_frontend_i_btb_btb_q_reg[3887],SDFFR_X1,6
i_frontend_i_btb_btb_q_reg[3888],SDFFR_X1,6
i_frontend_i_btb_btb_q_reg[3889],SDFFR_X1,6
i_frontend_i_btb_btb_q_reg[3890],SDFFR_X1,6
i_frontend_i_btb_btb_q_reg[3891],SDFFR_X1,6
i_frontend_i_btb_btb_q_reg[3892],SDFFR_X1,6
i_frontend_i_btb_btb_q_reg[3893],SDFFR_X1,6
i_frontend_i_btb_btb_q_reg[3894],SDFFR_X1,6
i_frontend_i_btb_btb_q_reg[3895],SDFFR_X1,6
i_frontend_i_btb_btb_q_reg[3896],SDFFR_X1,6
i_frontend_i_btb_btb_q_reg[3897],SDFFR_X1,6
i_frontend_i_btb_btb_q_reg[3898],SDFFR_X1,6
i_frontend_i_btb_btb_q_reg[3899],DFFR_X1,5
i_frontend_i_btb_btb_q_reg[3900],SDFFR_X1,6
i_frontend_i_btb_btb_q_reg[3901],SDFFR_X1,6
i_frontend_i_btb_btb_q_reg[3902],SDFFR_X1,6
i_frontend_i_btb_btb_q_reg[3903],SDFFR_X1,6
i_frontend_i_btb_btb_q_reg[3904],SDFFR_X1,6
i_frontend_i_btb_btb_q_reg[3905],SDFFR_X1,6
i_frontend_i_btb_btb_q_reg[3906],SDFFR_X1,6
i_frontend_i_btb_btb_q_reg[3907],SDFFR_X1,6
i_frontend_i_btb_btb_q_reg[3908],SDFFR_X1,6
i_frontend_i_btb_btb_q_reg[3909],SDFFR_X1,6
i_frontend_i_btb_btb_q_reg[3910],SDFFR_X1,6
i_frontend_i_btb_btb_q_reg[3911],SDFFR_X1,6
i_frontend_i_btb_btb_q_reg[3912],SDFFR_X1,6
i_frontend_i_btb_btb_q_reg[3913],SDFFR_X1,6
i_frontend_i_btb_btb_q_reg[3914],SDFFR_X1,6
i_frontend_i_btb_btb_q_reg[3915],SDFFR_X1,6
i_frontend_i_btb_btb_q_reg[3916],SDFFR_X1,6
i_frontend_i_btb_btb_q_reg[3917],SDFFR_X1,6
i_frontend_i_btb_btb_q_reg[3918],SDFFR_X1,6
i_frontend_i_btb_btb_q_reg[3919],SDFFR_X1,6
i_frontend_i_btb_btb_q_reg[3920],SDFFR_X1,6
i_frontend_i_btb_btb_q_reg[3921],SDFFR_X1,6
i_frontend_i_btb_btb_q_reg[3922],SDFFR_X1,6
i_frontend_i_btb_btb_q_reg[3923],SDFFR_X1,6
i_frontend_i_btb_btb_q_reg[3924],SDFFR_X1,6
i_frontend_i_btb_btb_q_reg[3925],SDFFR_X1,6
i_frontend_i_btb_btb_q_reg[3926],SDFFR_X1,6
i_frontend_i_btb_btb_q_reg[3927],SDFFR_X1,6
i_frontend_i_btb_btb_q_reg[3928],SDFFR_X1,6
i_frontend_i_btb_btb_q_reg[3929],SDFFR_X1,6
i_frontend_i_btb_btb_q_reg[3930],SDFFR_X1,6
i_frontend_i_btb_btb_q_reg[3931],SDFFR_X1,6
i_frontend_i_btb_btb_q_reg[3932],SDFFR_X1,6
i_frontend_i_btb_btb_q_reg[3933],SDFFR_X1,6
i_frontend_i_btb_btb_q_reg[3934],SDFFR_X1,6
i_frontend_i_btb_btb_q_reg[3935],SDFFR_X1,6
i_frontend_i_btb_btb_q_reg[3936],SDFFR_X1,6
i_frontend_i_btb_btb_q_reg[3937],SDFFR_X1,6
i_frontend_i_btb_btb_q_reg[3938],SDFFR_X1,6
i_frontend_i_btb_btb_q_reg[3939],SDFFR_X1,6
i_frontend_i_btb_btb_q_reg[3940],SDFFR_X1,6
i_frontend_i_btb_btb_q_reg[3941],SDFFR_X1,6
i_frontend_i_btb_btb_q_reg[3942],SDFFR_X1,6
i_frontend_i_btb_btb_q_reg[3943],SDFFR_X1,6
i_frontend_i_btb_btb_q_reg[3944],SDFFR_X1,6
i_frontend_i_btb_btb_q_reg[3945],SDFFR_X1,6
i_frontend_i_btb_btb_q_reg[3946],SDFFR_X1,6
i_frontend_i_btb_btb_q_reg[3947],SDFFR_X1,6
i_frontend_i_btb_btb_q_reg[3948],SDFFR_X1,6
i_frontend_i_btb_btb_q_reg[3949],SDFFR_X1,6
i_frontend_i_btb_btb_q_reg[3950],SDFFR_X1,6
i_frontend_i_btb_btb_q_reg[3951],SDFFR_X1,6
i_frontend_i_btb_btb_q_reg[3952],SDFFR_X1,6
i_frontend_i_btb_btb_q_reg[3953],SDFFR_X1,6
i_frontend_i_btb_btb_q_reg[3954],SDFFR_X1,6
i_frontend_i_btb_btb_q_reg[3955],SDFFR_X1,6
i_frontend_i_btb_btb_q_reg[3956],SDFFR_X1,6
i_frontend_i_btb_btb_q_reg[3957],SDFFR_X1,6
i_frontend_i_btb_btb_q_reg[3958],SDFFR_X1,6
i_frontend_i_btb_btb_q_reg[3959],SDFFR_X1,6
i_frontend_i_btb_btb_q_reg[3960],SDFFR_X1,6
i_frontend_i_btb_btb_q_reg[3961],SDFFR_X1,6
i_frontend_i_btb_btb_q_reg[3962],SDFFR_X1,6
i_frontend_i_btb_btb_q_reg[3963],SDFFR_X1,6
i_frontend_i_btb_btb_q_reg[3964],DFFR_X1,5
i_frontend_i_btb_btb_q_reg[3965],SDFFR_X1,6
i_frontend_i_btb_btb_q_reg[3966],SDFFR_X1,6
i_frontend_i_btb_btb_q_reg[3967],SDFFR_X1,6
i_frontend_i_btb_btb_q_reg[3968],SDFFR_X1,6
i_frontend_i_btb_btb_q_reg[3969],SDFFR_X1,6
i_frontend_i_btb_btb_q_reg[3970],SDFFR_X1,6
i_frontend_i_btb_btb_q_reg[3971],SDFFR_X1,6
i_frontend_i_btb_btb_q_reg[3972],SDFFR_X1,6
i_frontend_i_btb_btb_q_reg[3973],SDFFR_X1,6
i_frontend_i_btb_btb_q_reg[3974],SDFFR_X1,6
i_frontend_i_btb_btb_q_reg[3975],SDFFR_X1,6
i_frontend_i_btb_btb_q_reg[3976],SDFFR_X1,6
i_frontend_i_btb_btb_q_reg[3977],SDFFR_X1,6
i_frontend_i_btb_btb_q_reg[3978],SDFFR_X1,6
i_frontend_i_btb_btb_q_reg[3979],SDFFR_X1,6
i_frontend_i_btb_btb_q_reg[3980],SDFFR_X1,6
i_frontend_i_btb_btb_q_reg[3981],SDFFR_X1,6
i_frontend_i_btb_btb_q_reg[3982],SDFFR_X1,6
i_frontend_i_btb_btb_q_reg[3983],SDFFR_X1,6
i_frontend_i_btb_btb_q_reg[3984],SDFFR_X1,6
i_frontend_i_btb_btb_q_reg[3985],SDFFR_X1,6
i_frontend_i_btb_btb_q_reg[3986],SDFFR_X1,6
i_frontend_i_btb_btb_q_reg[3987],SDFFR_X1,6
i_frontend_i_btb_btb_q_reg[3988],SDFFR_X1,6
i_frontend_i_btb_btb_q_reg[3989],SDFFR_X1,6
i_frontend_i_btb_btb_q_reg[3990],SDFFR_X1,6
i_frontend_i_btb_btb_q_reg[3991],SDFFR_X1,6
i_frontend_i_btb_btb_q_reg[3992],SDFFR_X1,6
i_frontend_i_btb_btb_q_reg[3993],SDFFR_X1,6
i_frontend_i_btb_btb_q_reg[3994],SDFFR_X1,6
i_frontend_i_btb_btb_q_reg[3995],SDFFR_X1,6
i_frontend_i_btb_btb_q_reg[3996],SDFFR_X1,6
i_frontend_i_btb_btb_q_reg[3997],SDFFR_X1,6
i_frontend_i_btb_btb_q_reg[3998],SDFFR_X1,6
i_frontend_i_btb_btb_q_reg[3999],SDFFR_X1,6
i_frontend_i_btb_btb_q_reg[4000],SDFFR_X1,6
i_frontend_i_btb_btb_q_reg[4001],SDFFR_X1,6
i_frontend_i_btb_btb_q_reg[4002],SDFFR_X1,6
i_frontend_i_btb_btb_q_reg[4003],SDFFR_X1,6
i_frontend_i_btb_btb_q_reg[4004],SDFFR_X1,6
i_frontend_i_btb_btb_q_reg[4005],SDFFR_X1,6
i_frontend_i_btb_btb_q_reg[4006],SDFFR_X1,6
i_frontend_i_btb_btb_q_reg[4007],SDFFR_X1,6
i_frontend_i_btb_btb_q_reg[4008],SDFFR_X1,6
i_frontend_i_btb_btb_q_reg[4009],SDFFR_X1,6
i_frontend_i_btb_btb_q_reg[4010],SDFFR_X1,6
i_frontend_i_btb_btb_q_reg[4011],SDFFR_X1,6
i_frontend_i_btb_btb_q_reg[4012],SDFFR_X1,6
i_frontend_i_btb_btb_q_reg[4013],SDFFR_X1,6
i_frontend_i_btb_btb_q_reg[4014],SDFFR_X1,6
i_frontend_i_btb_btb_q_reg[4015],SDFFR_X1,6
i_frontend_i_btb_btb_q_reg[4016],SDFFR_X1,6
i_frontend_i_btb_btb_q_reg[4017],SDFFR_X1,6
i_frontend_i_btb_btb_q_reg[4018],SDFFR_X1,6
i_frontend_i_btb_btb_q_reg[4019],SDFFR_X1,6
i_frontend_i_btb_btb_q_reg[4020],SDFFR_X1,6
i_frontend_i_btb_btb_q_reg[4021],SDFFR_X1,6
i_frontend_i_btb_btb_q_reg[4022],SDFFR_X1,6
i_frontend_i_btb_btb_q_reg[4023],SDFFR_X1,6
i_frontend_i_btb_btb_q_reg[4024],SDFFR_X1,6
i_frontend_i_btb_btb_q_reg[4025],SDFFR_X1,6
i_frontend_i_btb_btb_q_reg[4026],SDFFR_X1,6
i_frontend_i_btb_btb_q_reg[4027],SDFFR_X1,6
i_frontend_i_btb_btb_q_reg[4028],SDFFR_X1,6
i_frontend_i_btb_btb_q_reg[4029],DFFR_X1,5
i_frontend_i_btb_btb_q_reg[4030],SDFFR_X1,6
i_frontend_i_btb_btb_q_reg[4031],SDFFR_X1,6
i_frontend_i_btb_btb_q_reg[4032],SDFFR_X1,6
i_frontend_i_btb_btb_q_reg[4033],SDFFR_X1,6
i_frontend_i_btb_btb_q_reg[4034],SDFFR_X1,6
i_frontend_i_btb_btb_q_reg[4035],SDFFR_X1,6
i_frontend_i_btb_btb_q_reg[4036],SDFFR_X1,6
i_frontend_i_btb_btb_q_reg[4037],SDFFR_X1,6
i_frontend_i_btb_btb_q_reg[4038],SDFFR_X1,6
i_frontend_i_btb_btb_q_reg[4039],SDFFR_X1,6
i_frontend_i_btb_btb_q_reg[4040],SDFFR_X1,6
i_frontend_i_btb_btb_q_reg[4041],SDFFR_X1,6
i_frontend_i_btb_btb_q_reg[4042],SDFFR_X1,6
i_frontend_i_btb_btb_q_reg[4043],SDFFR_X1,6
i_frontend_i_btb_btb_q_reg[4044],SDFFR_X1,6
i_frontend_i_btb_btb_q_reg[4045],SDFFR_X1,6
i_frontend_i_btb_btb_q_reg[4046],SDFFR_X1,6
i_frontend_i_btb_btb_q_reg[4047],SDFFR_X1,6
i_frontend_i_btb_btb_q_reg[4048],SDFFR_X1,6
i_frontend_i_btb_btb_q_reg[4049],SDFFR_X1,6
i_frontend_i_btb_btb_q_reg[4050],SDFFR_X1,6
i_frontend_i_btb_btb_q_reg[4051],SDFFR_X1,6
i_frontend_i_btb_btb_q_reg[4052],SDFFR_X1,6
i_frontend_i_btb_btb_q_reg[4053],SDFFR_X1,6
i_frontend_i_btb_btb_q_reg[4054],SDFFR_X1,6
i_frontend_i_btb_btb_q_reg[4055],SDFFR_X1,6
i_frontend_i_btb_btb_q_reg[4056],SDFFR_X1,6
i_frontend_i_btb_btb_q_reg[4057],SDFFR_X1,6
i_frontend_i_btb_btb_q_reg[4058],SDFFR_X1,6
i_frontend_i_btb_btb_q_reg[4059],SDFFR_X1,6
i_frontend_i_btb_btb_q_reg[4060],SDFFR_X1,6
i_frontend_i_btb_btb_q_reg[4061],SDFFR_X1,6
i_frontend_i_btb_btb_q_reg[4062],SDFFR_X1,6
i_frontend_i_btb_btb_q_reg[4063],SDFFR_X1,6
i_frontend_i_btb_btb_q_reg[4064],SDFFR_X1,6
i_frontend_i_btb_btb_q_reg[4065],SDFFR_X1,6
i_frontend_i_btb_btb_q_reg[4066],SDFFR_X1,6
i_frontend_i_btb_btb_q_reg[4067],SDFFR_X1,6
i_frontend_i_btb_btb_q_reg[4068],SDFFR_X1,6
i_frontend_i_btb_btb_q_reg[4069],SDFFR_X1,6
i_frontend_i_btb_btb_q_reg[4070],SDFFR_X1,6
i_frontend_i_btb_btb_q_reg[4071],SDFFR_X1,6
i_frontend_i_btb_btb_q_reg[4072],SDFFR_X1,6
i_frontend_i_btb_btb_q_reg[4073],SDFFR_X1,6
i_frontend_i_btb_btb_q_reg[4074],SDFFR_X1,6
i_frontend_i_btb_btb_q_reg[4075],SDFFR_X1,6
i_frontend_i_btb_btb_q_reg[4076],SDFFR_X1,6
i_frontend_i_btb_btb_q_reg[4077],SDFFR_X1,6
i_frontend_i_btb_btb_q_reg[4078],SDFFR_X1,6
i_frontend_i_btb_btb_q_reg[4079],SDFFR_X1,6
i_frontend_i_btb_btb_q_reg[4080],SDFFR_X1,6
i_frontend_i_btb_btb_q_reg[4081],SDFFR_X1,6
i_frontend_i_btb_btb_q_reg[4082],SDFFR_X1,6
i_frontend_i_btb_btb_q_reg[4083],SDFFR_X1,6
i_frontend_i_btb_btb_q_reg[4084],SDFFR_X1,6
i_frontend_i_btb_btb_q_reg[4085],SDFFR_X1,6
i_frontend_i_btb_btb_q_reg[4086],SDFFR_X1,6
i_frontend_i_btb_btb_q_reg[4087],SDFFR_X1,6
i_frontend_i_btb_btb_q_reg[4088],SDFFR_X1,6
i_frontend_i_btb_btb_q_reg[4089],SDFFR_X1,6
i_frontend_i_btb_btb_q_reg[4090],SDFFR_X1,6
i_frontend_i_btb_btb_q_reg[4091],SDFFR_X1,6
i_frontend_i_btb_btb_q_reg[4092],SDFFR_X1,6
i_frontend_i_btb_btb_q_reg[4093],SDFFR_X1,6
i_frontend_i_btb_btb_q_reg[4094],DFFR_X1,5
i_frontend_i_btb_btb_q_reg[4095],SDFFR_X1,6
i_frontend_i_btb_btb_q_reg[4096],SDFFR_X1,6
i_frontend_i_btb_btb_q_reg[4097],SDFFR_X1,6
i_frontend_i_btb_btb_q_reg[4098],SDFFR_X1,6
i_frontend_i_btb_btb_q_reg[4099],SDFFR_X1,6
i_frontend_i_btb_btb_q_reg[4100],SDFFR_X1,6
i_frontend_i_btb_btb_q_reg[4101],SDFFR_X1,6
i_frontend_i_btb_btb_q_reg[4102],SDFFR_X1,6
i_frontend_i_btb_btb_q_reg[4103],SDFFR_X1,6
i_frontend_i_btb_btb_q_reg[4104],SDFFR_X1,6
i_frontend_i_btb_btb_q_reg[4105],SDFFR_X1,6
i_frontend_i_btb_btb_q_reg[4106],SDFFR_X1,6
i_frontend_i_btb_btb_q_reg[4107],SDFFR_X1,6
i_frontend_i_btb_btb_q_reg[4108],SDFFR_X1,6
i_frontend_i_btb_btb_q_reg[4109],SDFFR_X1,6
i_frontend_i_btb_btb_q_reg[4110],SDFFR_X1,6
i_frontend_i_btb_btb_q_reg[4111],SDFFR_X1,6
i_frontend_i_btb_btb_q_reg[4112],SDFFR_X1,6
i_frontend_i_btb_btb_q_reg[4113],SDFFR_X1,6
i_frontend_i_btb_btb_q_reg[4114],SDFFR_X1,6
i_frontend_i_btb_btb_q_reg[4115],SDFFR_X1,6
i_frontend_i_btb_btb_q_reg[4116],SDFFR_X1,6
i_frontend_i_btb_btb_q_reg[4117],SDFFR_X1,6
i_frontend_i_btb_btb_q_reg[4118],SDFFR_X1,6
i_frontend_i_btb_btb_q_reg[4119],SDFFR_X1,6
i_frontend_i_btb_btb_q_reg[4120],SDFFR_X1,6
i_frontend_i_btb_btb_q_reg[4121],SDFFR_X1,6
i_frontend_i_btb_btb_q_reg[4122],SDFFR_X1,6
i_frontend_i_btb_btb_q_reg[4123],SDFFR_X1,6
i_frontend_i_btb_btb_q_reg[4124],SDFFR_X1,6
i_frontend_i_btb_btb_q_reg[4125],SDFFR_X1,6
i_frontend_i_btb_btb_q_reg[4126],SDFFR_X1,6
i_frontend_i_btb_btb_q_reg[4127],SDFFR_X1,6
i_frontend_i_btb_btb_q_reg[4128],SDFFR_X1,6
i_frontend_i_btb_btb_q_reg[4129],SDFFR_X1,6
i_frontend_i_btb_btb_q_reg[4130],SDFFR_X1,6
i_frontend_i_btb_btb_q_reg[4131],SDFFR_X1,6
i_frontend_i_btb_btb_q_reg[4132],SDFFR_X1,6
i_frontend_i_btb_btb_q_reg[4133],SDFFR_X1,6
i_frontend_i_btb_btb_q_reg[4134],SDFFR_X1,6
i_frontend_i_btb_btb_q_reg[4135],SDFFR_X1,6
i_frontend_i_btb_btb_q_reg[4136],SDFFR_X1,6
i_frontend_i_btb_btb_q_reg[4137],SDFFR_X1,6
i_frontend_i_btb_btb_q_reg[4138],SDFFR_X1,6
i_frontend_i_btb_btb_q_reg[4139],SDFFR_X1,6
i_frontend_i_btb_btb_q_reg[4140],SDFFR_X1,6
i_frontend_i_btb_btb_q_reg[4141],SDFFR_X1,6
i_frontend_i_btb_btb_q_reg[4142],SDFFR_X1,6
i_frontend_i_btb_btb_q_reg[4143],SDFFR_X1,6
i_frontend_i_btb_btb_q_reg[4144],SDFFR_X1,6
i_frontend_i_btb_btb_q_reg[4145],SDFFR_X1,6
i_frontend_i_btb_btb_q_reg[4146],SDFFR_X1,6
i_frontend_i_btb_btb_q_reg[4147],SDFFR_X1,6
i_frontend_i_btb_btb_q_reg[4148],SDFFR_X1,6
i_frontend_i_btb_btb_q_reg[4149],SDFFR_X1,6
i_frontend_i_btb_btb_q_reg[4150],SDFFR_X1,6
i_frontend_i_btb_btb_q_reg[4151],SDFFR_X1,6
i_frontend_i_btb_btb_q_reg[4152],SDFFR_X1,6
i_frontend_i_btb_btb_q_reg[4153],SDFFR_X1,6
i_frontend_i_btb_btb_q_reg[4154],SDFFR_X1,6
i_frontend_i_btb_btb_q_reg[4155],SDFFR_X1,6
i_frontend_i_btb_btb_q_reg[4156],SDFFR_X1,6
i_frontend_i_btb_btb_q_reg[4157],SDFFR_X1,6
i_frontend_i_btb_btb_q_reg[4158],SDFFR_X1,6
i_frontend_i_btb_btb_q_reg[4159],DFFR_X1,5
i_frontend_i_fetch_fifo_i_fifo_v3_mem_q_reg[0],SDFFR_X1,6
i_frontend_i_fetch_fifo_i_fifo_v3_mem_q_reg[1],SDFFR_X1,6
i_frontend_i_fetch_fifo_i_fifo_v3_mem_q_reg[3],SDFFR_X1,6
i_frontend_i_fetch_fifo_i_fifo_v3_mem_q_reg[4],SDFFR_X1,6
i_frontend_i_fetch_fifo_i_fifo_v3_mem_q_reg[5],SDFFR_X1,6
i_frontend_i_fetch_fifo_i_fifo_v3_mem_q_reg[6],DFFR_X1,5
i_frontend_i_fetch_fifo_i_fifo_v3_mem_q_reg[7],DFFR_X1,5
i_frontend_i_fetch_fifo_i_fifo_v3_mem_q_reg[8],DFFR_X1,5
i_frontend_i_fetch_fifo_i_fifo_v3_mem_q_reg[9],DFFR_X1,5
i_frontend_i_fetch_fifo_i_fifo_v3_mem_q_reg[10],DFFR_X1,5
i_frontend_i_fetch_fifo_i_fifo_v3_mem_q_reg[11],DFFR_X1,5
i_frontend_i_fetch_fifo_i_fifo_v3_mem_q_reg[12],DFFR_X1,5
i_frontend_i_fetch_fifo_i_fifo_v3_mem_q_reg[13],DFFR_X1,5
i_frontend_i_fetch_fifo_i_fifo_v3_mem_q_reg[14],DFFR_X1,5
i_frontend_i_fetch_fifo_i_fifo_v3_mem_q_reg[15],DFFR_X1,5
i_frontend_i_fetch_fifo_i_fifo_v3_mem_q_reg[16],DFFR_X1,5
i_frontend_i_fetch_fifo_i_fifo_v3_mem_q_reg[17],DFFR_X1,5
i_frontend_i_fetch_fifo_i_fifo_v3_mem_q_reg[18],DFFR_X1,5
i_frontend_i_fetch_fifo_i_fifo_v3_mem_q_reg[19],DFFR_X1,5
i_frontend_i_fetch_fifo_i_fifo_v3_mem_q_reg[20],DFFR_X1,5
i_frontend_i_fetch_fifo_i_fifo_v3_mem_q_reg[21],DFFR_X1,5
i_frontend_i_fetch_fifo_i_fifo_v3_mem_q_reg[22],DFFR_X1,5
i_frontend_i_fetch_fifo_i_fifo_v3_mem_q_reg[23],DFFR_X1,5
i_frontend_i_fetch_fifo_i_fifo_v3_mem_q_reg[24],DFFR_X1,5
i_frontend_i_fetch_fifo_i_fifo_v3_mem_q_reg[25],DFFR_X1,5
i_frontend_i_fetch_fifo_i_fifo_v3_mem_q_reg[26],DFFR_X1,5
i_frontend_i_fetch_fifo_i_fifo_v3_mem_q_reg[27],DFFR_X1,5
i_frontend_i_fetch_fifo_i_fifo_v3_mem_q_reg[28],DFFR_X1,5
i_frontend_i_fetch_fifo_i_fifo_v3_mem_q_reg[29],DFFR_X1,5
i_frontend_i_fetch_fifo_i_fifo_v3_mem_q_reg[30],DFFR_X1,5
i_frontend_i_fetch_fifo_i_fifo_v3_mem_q_reg[31],DFFR_X1,5
i_frontend_i_fetch_fifo_i_fifo_v3_mem_q_reg[32],DFFR_X1,5
i_frontend_i_fetch_fifo_i_fifo_v3_mem_q_reg[33],DFFR_X1,5
i_frontend_i_fetch_fifo_i_fifo_v3_mem_q_reg[34],DFFR_X1,5
i_frontend_i_fetch_fifo_i_fifo_v3_mem_q_reg[35],DFFR_X1,5
i_frontend_i_fetch_fifo_i_fifo_v3_mem_q_reg[36],DFFR_X1,5
i_frontend_i_fetch_fifo_i_fifo_v3_mem_q_reg[37],DFFR_X1,5
i_frontend_i_fetch_fifo_i_fifo_v3_mem_q_reg[38],DFFR_X1,5
i_frontend_i_fetch_fifo_i_fifo_v3_mem_q_reg[39],DFFR_X1,5
i_frontend_i_fetch_fifo_i_fifo_v3_mem_q_reg[40],DFFR_X1,5
i_frontend_i_fetch_fifo_i_fifo_v3_mem_q_reg[41],DFFR_X1,5
i_frontend_i_fetch_fifo_i_fifo_v3_mem_q_reg[42],DFFR_X1,5
i_frontend_i_fetch_fifo_i_fifo_v3_mem_q_reg[43],DFFR_X1,5
i_frontend_i_fetch_fifo_i_fifo_v3_mem_q_reg[44],DFFR_X1,5
i_frontend_i_fetch_fifo_i_fifo_v3_mem_q_reg[45],DFFR_X1,5
i_frontend_i_fetch_fifo_i_fifo_v3_mem_q_reg[46],DFFR_X1,5
i_frontend_i_fetch_fifo_i_fifo_v3_mem_q_reg[47],DFFR_X1,5
i_frontend_i_fetch_fifo_i_fifo_v3_mem_q_reg[48],DFFR_X1,5
i_frontend_i_fetch_fifo_i_fifo_v3_mem_q_reg[49],DFFR_X1,5
i_frontend_i_fetch_fifo_i_fifo_v3_mem_q_reg[50],DFFR_X1,5
i_frontend_i_fetch_fifo_i_fifo_v3_mem_q_reg[51],DFFR_X1,5
i_frontend_i_fetch_fifo_i_fifo_v3_mem_q_reg[52],DFFR_X1,5
i_frontend_i_fetch_fifo_i_fifo_v3_mem_q_reg[53],DFFR_X1,5
i_frontend_i_fetch_fifo_i_fifo_v3_mem_q_reg[54],DFFR_X1,5
i_frontend_i_fetch_fifo_i_fifo_v3_mem_q_reg[55],DFFR_X1,5
i_frontend_i_fetch_fifo_i_fifo_v3_mem_q_reg[56],DFFR_X1,5
i_frontend_i_fetch_fifo_i_fifo_v3_mem_q_reg[57],DFFR_X1,5
i_frontend_i_fetch_fifo_i_fifo_v3_mem_q_reg[58],DFFR_X1,5
i_frontend_i_fetch_fifo_i_fifo_v3_mem_q_reg[59],DFFR_X1,5
i_frontend_i_fetch_fifo_i_fifo_v3_mem_q_reg[60],DFFR_X1,5
i_frontend_i_fetch_fifo_i_fifo_v3_mem_q_reg[61],DFFR_X1,5
i_frontend_i_fetch_fifo_i_fifo_v3_mem_q_reg[62],DFFR_X1,5
i_frontend_i_fetch_fifo_i_fifo_v3_mem_q_reg[63],DFFR_X1,5
i_frontend_i_fetch_fifo_i_fifo_v3_mem_q_reg[64],DFFR_X1,5
i_frontend_i_fetch_fifo_i_fifo_v3_mem_q_reg[65],DFFR_X1,5
i_frontend_i_fetch_fifo_i_fifo_v3_mem_q_reg[66],DFFR_X1,5
i_frontend_i_fetch_fifo_i_fifo_v3_mem_q_reg[67],DFFR_X1,5
i_frontend_i_fetch_fifo_i_fifo_v3_mem_q_reg[68],DFFR_X1,5
i_frontend_i_fetch_fifo_i_fifo_v3_mem_q_reg[69],DFFR_X1,5
i_frontend_i_fetch_fifo_i_fifo_v3_mem_q_reg[70],SDFFR_X1,6
i_frontend_i_fetch_fifo_i_fifo_v3_mem_q_reg[71],SDFFR_X1,6
i_frontend_i_fetch_fifo_i_fifo_v3_mem_q_reg[72],SDFFR_X1,6
i_frontend_i_fetch_fifo_i_fifo_v3_mem_q_reg[73],SDFFR_X1,6
i_frontend_i_fetch_fifo_i_fifo_v3_mem_q_reg[74],SDFFR_X1,6
i_frontend_i_fetch_fifo_i_fifo_v3_mem_q_reg[75],SDFFR_X1,6
i_frontend_i_fetch_fifo_i_fifo_v3_mem_q_reg[76],SDFFR_X1,6
i_frontend_i_fetch_fifo_i_fifo_v3_mem_q_reg[77],SDFFR_X1,6
i_frontend_i_fetch_fifo_i_fifo_v3_mem_q_reg[78],SDFFR_X1,6
i_frontend_i_fetch_fifo_i_fifo_v3_mem_q_reg[79],SDFFR_X1,6
i_frontend_i_fetch_fifo_i_fifo_v3_mem_q_reg[80],SDFFR_X1,6
i_frontend_i_fetch_fifo_i_fifo_v3_mem_q_reg[81],SDFFR_X1,6
i_frontend_i_fetch_fifo_i_fifo_v3_mem_q_reg[82],SDFFR_X1,6
i_frontend_i_fetch_fifo_i_fifo_v3_mem_q_reg[83],SDFFR_X1,6
i_frontend_i_fetch_fifo_i_fifo_v3_mem_q_reg[84],SDFFR_X1,6
i_frontend_i_fetch_fifo_i_fifo_v3_mem_q_reg[85],SDFFR_X1,6
i_frontend_i_fetch_fifo_i_fifo_v3_mem_q_reg[86],SDFFR_X1,6
i_frontend_i_fetch_fifo_i_fifo_v3_mem_q_reg[87],SDFFR_X1,6
i_frontend_i_fetch_fifo_i_fifo_v3_mem_q_reg[88],SDFFR_X1,6
i_frontend_i_fetch_fifo_i_fifo_v3_mem_q_reg[89],SDFFR_X1,6
i_frontend_i_fetch_fifo_i_fifo_v3_mem_q_reg[90],SDFFR_X1,6
i_frontend_i_fetch_fifo_i_fifo_v3_mem_q_reg[91],SDFFR_X1,6
i_frontend_i_fetch_fifo_i_fifo_v3_mem_q_reg[92],SDFFR_X1,6
i_frontend_i_fetch_fifo_i_fifo_v3_mem_q_reg[93],SDFFR_X1,6
i_frontend_i_fetch_fifo_i_fifo_v3_mem_q_reg[94],SDFFR_X1,6
i_frontend_i_fetch_fifo_i_fifo_v3_mem_q_reg[95],SDFFR_X1,6
i_frontend_i_fetch_fifo_i_fifo_v3_mem_q_reg[96],SDFFR_X1,6
i_frontend_i_fetch_fifo_i_fifo_v3_mem_q_reg[97],SDFFR_X1,6
i_frontend_i_fetch_fifo_i_fifo_v3_mem_q_reg[98],SDFFR_X1,6
i_frontend_i_fetch_fifo_i_fifo_v3_mem_q_reg[99],SDFFR_X1,6
i_frontend_i_fetch_fifo_i_fifo_v3_mem_q_reg[100],SDFFR_X1,6
i_frontend_i_fetch_fifo_i_fifo_v3_mem_q_reg[101],SDFFR_X1,6
i_frontend_i_fetch_fifo_i_fifo_v3_mem_q_reg[102],SDFFR_X1,6
i_frontend_i_fetch_fifo_i_fifo_v3_mem_q_reg[103],SDFFR_X1,6
i_frontend_i_fetch_fifo_i_fifo_v3_mem_q_reg[104],SDFFR_X1,6
i_frontend_i_fetch_fifo_i_fifo_v3_mem_q_reg[105],SDFFR_X1,6
i_frontend_i_fetch_fifo_i_fifo_v3_mem_q_reg[106],SDFFR_X1,6
i_frontend_i_fetch_fifo_i_fifo_v3_mem_q_reg[107],SDFFR_X1,6
i_frontend_i_fetch_fifo_i_fifo_v3_mem_q_reg[108],SDFFR_X1,6
i_frontend_i_fetch_fifo_i_fifo_v3_mem_q_reg[109],SDFFR_X1,6
i_frontend_i_fetch_fifo_i_fifo_v3_mem_q_reg[110],SDFFR_X1,6
i_frontend_i_fetch_fifo_i_fifo_v3_mem_q_reg[111],SDFFR_X1,6
i_frontend_i_fetch_fifo_i_fifo_v3_mem_q_reg[112],SDFFR_X1,6
i_frontend_i_fetch_fifo_i_fifo_v3_mem_q_reg[113],SDFFR_X1,6
i_frontend_i_fetch_fifo_i_fifo_v3_mem_q_reg[114],SDFFR_X1,6
i_frontend_i_fetch_fifo_i_fifo_v3_mem_q_reg[115],SDFFR_X1,6
i_frontend_i_fetch_fifo_i_fifo_v3_mem_q_reg[116],SDFFR_X1,6
i_frontend_i_fetch_fifo_i_fifo_v3_mem_q_reg[117],SDFFR_X1,6
i_frontend_i_fetch_fifo_i_fifo_v3_mem_q_reg[118],SDFFR_X1,6
i_frontend_i_fetch_fifo_i_fifo_v3_mem_q_reg[119],SDFFR_X1,6
i_frontend_i_fetch_fifo_i_fifo_v3_mem_q_reg[120],SDFFR_X1,6
i_frontend_i_fetch_fifo_i_fifo_v3_mem_q_reg[121],SDFFR_X1,6
i_frontend_i_fetch_fifo_i_fifo_v3_mem_q_reg[122],SDFFR_X1,6
i_frontend_i_fetch_fifo_i_fifo_v3_mem_q_reg[123],SDFFR_X1,6
i_frontend_i_fetch_fifo_i_fifo_v3_mem_q_reg[124],SDFFR_X1,6
i_frontend_i_fetch_fifo_i_fifo_v3_mem_q_reg[125],SDFFR_X1,6
i_frontend_i_fetch_fifo_i_fifo_v3_mem_q_reg[126],SDFFR_X1,6
i_frontend_i_fetch_fifo_i_fifo_v3_mem_q_reg[127],SDFFR_X1,6
i_frontend_i_fetch_fifo_i_fifo_v3_mem_q_reg[128],SDFFR_X1,6
i_frontend_i_fetch_fifo_i_fifo_v3_mem_q_reg[129],SDFFR_X1,6
i_frontend_i_fetch_fifo_i_fifo_v3_mem_q_reg[130],SDFFR_X1,6
i_frontend_i_fetch_fifo_i_fifo_v3_mem_q_reg[131],SDFFR_X1,6
i_frontend_i_fetch_fifo_i_fifo_v3_mem_q_reg[132],SDFFR_X1,6
i_frontend_i_fetch_fifo_i_fifo_v3_mem_q_reg[133],SDFFR_X1,6
i_frontend_i_fetch_fifo_i_fifo_v3_mem_q_reg[134],SDFFR_X1,6
i_frontend_i_fetch_fifo_i_fifo_v3_mem_q_reg[135],SDFFR_X1,6
i_frontend_i_fetch_fifo_i_fifo_v3_mem_q_reg[136],SDFFR_X1,6
i_frontend_i_fetch_fifo_i_fifo_v3_mem_q_reg[137],SDFFR_X1,6
i_frontend_i_fetch_fifo_i_fifo_v3_mem_q_reg[138],SDFFR_X1,6
i_frontend_i_fetch_fifo_i_fifo_v3_mem_q_reg[139],SDFFR_X1,6
i_frontend_i_fetch_fifo_i_fifo_v3_mem_q_reg[140],SDFFR_X1,6
i_frontend_i_fetch_fifo_i_fifo_v3_mem_q_reg[141],SDFFR_X1,6
i_frontend_i_fetch_fifo_i_fifo_v3_mem_q_reg[142],SDFFR_X1,6
i_frontend_i_fetch_fifo_i_fifo_v3_mem_q_reg[143],SDFFR_X1,6
i_frontend_i_fetch_fifo_i_fifo_v3_mem_q_reg[144],SDFFR_X1,6
i_frontend_i_fetch_fifo_i_fifo_v3_mem_q_reg[145],SDFFR_X1,6
i_frontend_i_fetch_fifo_i_fifo_v3_mem_q_reg[146],SDFFR_X1,6
i_frontend_i_fetch_fifo_i_fifo_v3_mem_q_reg[147],SDFFR_X1,6
i_frontend_i_fetch_fifo_i_fifo_v3_mem_q_reg[148],SDFFR_X1,6
i_frontend_i_fetch_fifo_i_fifo_v3_mem_q_reg[149],SDFFR_X1,6
i_frontend_i_fetch_fifo_i_fifo_v3_mem_q_reg[150],SDFFR_X1,6
i_frontend_i_fetch_fifo_i_fifo_v3_mem_q_reg[151],SDFFR_X1,6
i_frontend_i_fetch_fifo_i_fifo_v3_mem_q_reg[152],SDFFR_X1,6
i_frontend_i_fetch_fifo_i_fifo_v3_mem_q_reg[153],SDFFR_X1,6
i_frontend_i_fetch_fifo_i_fifo_v3_mem_q_reg[154],SDFFR_X1,6
i_frontend_i_fetch_fifo_i_fifo_v3_mem_q_reg[155],SDFFR_X1,6
i_frontend_i_fetch_fifo_i_fifo_v3_mem_q_reg[156],SDFFR_X1,6
i_frontend_i_fetch_fifo_i_fifo_v3_mem_q_reg[157],SDFFR_X1,6
i_frontend_i_fetch_fifo_i_fifo_v3_mem_q_reg[158],SDFFR_X1,6
i_frontend_i_fetch_fifo_i_fifo_v3_mem_q_reg[159],SDFFR_X1,6
i_frontend_i_fetch_fifo_i_fifo_v3_mem_q_reg[160],SDFFR_X1,6
i_frontend_i_fetch_fifo_i_fifo_v3_mem_q_reg[161],SDFFR_X1,6
i_frontend_i_fetch_fifo_i_fifo_v3_mem_q_reg[162],SDFFR_X1,6
i_frontend_i_fetch_fifo_i_fifo_v3_mem_q_reg[163],SDFFR_X1,6
i_frontend_i_fetch_fifo_i_fifo_v3_mem_q_reg[164],SDFFR_X1,6
i_frontend_i_fetch_fifo_i_fifo_v3_mem_q_reg[165],SDFFR_X1,6
i_frontend_i_fetch_fifo_i_fifo_v3_mem_q_reg[166],SDFFR_X1,6
i_frontend_i_fetch_fifo_i_fifo_v3_mem_q_reg[167],SDFFR_X1,6
i_frontend_i_fetch_fifo_i_fifo_v3_mem_q_reg[168],SDFFR_X1,6
i_frontend_i_fetch_fifo_i_fifo_v3_mem_q_reg[170],SDFFR_X1,6
i_frontend_i_fetch_fifo_i_fifo_v3_mem_q_reg[171],SDFFR_X1,6
i_frontend_i_fetch_fifo_i_fifo_v3_mem_q_reg[172],SDFFR_X1,6
i_frontend_i_fetch_fifo_i_fifo_v3_mem_q_reg[173],DFFR_X1,5
i_frontend_i_fetch_fifo_i_fifo_v3_mem_q_reg[174],DFFR_X1,5
i_frontend_i_fetch_fifo_i_fifo_v3_mem_q_reg[175],DFFR_X1,5
i_frontend_i_fetch_fifo_i_fifo_v3_mem_q_reg[176],DFFR_X1,5
i_frontend_i_fetch_fifo_i_fifo_v3_mem_q_reg[177],DFFR_X1,5
i_frontend_i_fetch_fifo_i_fifo_v3_mem_q_reg[178],DFFR_X1,5
i_frontend_i_fetch_fifo_i_fifo_v3_mem_q_reg[179],DFFR_X1,5
i_frontend_i_fetch_fifo_i_fifo_v3_mem_q_reg[180],DFFR_X1,5
i_frontend_i_fetch_fifo_i_fifo_v3_mem_q_reg[181],DFFR_X1,5
i_frontend_i_fetch_fifo_i_fifo_v3_mem_q_reg[182],DFFR_X1,5
i_frontend_i_fetch_fifo_i_fifo_v3_mem_q_reg[183],DFFR_X1,5
i_frontend_i_fetch_fifo_i_fifo_v3_mem_q_reg[184],DFFR_X1,5
i_frontend_i_fetch_fifo_i_fifo_v3_mem_q_reg[185],DFFR_X1,5
i_frontend_i_fetch_fifo_i_fifo_v3_mem_q_reg[186],DFFR_X1,5
i_frontend_i_fetch_fifo_i_fifo_v3_mem_q_reg[187],DFFR_X1,5
i_frontend_i_fetch_fifo_i_fifo_v3_mem_q_reg[188],DFFR_X1,5
i_frontend_i_fetch_fifo_i_fifo_v3_mem_q_reg[189],DFFR_X1,5
i_frontend_i_fetch_fifo_i_fifo_v3_mem_q_reg[190],DFFR_X1,5
i_frontend_i_fetch_fifo_i_fifo_v3_mem_q_reg[191],DFFR_X1,5
i_frontend_i_fetch_fifo_i_fifo_v3_mem_q_reg[192],DFFR_X1,5
i_frontend_i_fetch_fifo_i_fifo_v3_mem_q_reg[193],DFFR_X1,5
i_frontend_i_fetch_fifo_i_fifo_v3_mem_q_reg[194],DFFR_X1,5
i_frontend_i_fetch_fifo_i_fifo_v3_mem_q_reg[195],DFFR_X1,5
i_frontend_i_fetch_fifo_i_fifo_v3_mem_q_reg[196],DFFR_X1,5
i_frontend_i_fetch_fifo_i_fifo_v3_mem_q_reg[197],DFFR_X1,5
i_frontend_i_fetch_fifo_i_fifo_v3_mem_q_reg[198],DFFR_X1,5
i_frontend_i_fetch_fifo_i_fifo_v3_mem_q_reg[199],DFFR_X1,5
i_frontend_i_fetch_fifo_i_fifo_v3_mem_q_reg[200],DFFR_X1,5
i_frontend_i_fetch_fifo_i_fifo_v3_mem_q_reg[201],DFFR_X1,5
i_frontend_i_fetch_fifo_i_fifo_v3_mem_q_reg[202],DFFR_X1,5
i_frontend_i_fetch_fifo_i_fifo_v3_mem_q_reg[203],DFFR_X1,5
i_frontend_i_fetch_fifo_i_fifo_v3_mem_q_reg[204],DFFR_X1,5
i_frontend_i_fetch_fifo_i_fifo_v3_mem_q_reg[205],DFFR_X1,5
i_frontend_i_fetch_fifo_i_fifo_v3_mem_q_reg[206],DFFR_X1,5
i_frontend_i_fetch_fifo_i_fifo_v3_mem_q_reg[207],DFFR_X1,5
i_frontend_i_fetch_fifo_i_fifo_v3_mem_q_reg[208],DFFR_X1,5
i_frontend_i_fetch_fifo_i_fifo_v3_mem_q_reg[209],DFFR_X1,5
i_frontend_i_fetch_fifo_i_fifo_v3_mem_q_reg[210],DFFR_X1,5
i_frontend_i_fetch_fifo_i_fifo_v3_mem_q_reg[211],DFFR_X1,5
i_frontend_i_fetch_fifo_i_fifo_v3_mem_q_reg[212],DFFR_X1,5
i_frontend_i_fetch_fifo_i_fifo_v3_mem_q_reg[213],DFFR_X1,5
i_frontend_i_fetch_fifo_i_fifo_v3_mem_q_reg[214],DFFR_X1,5
i_frontend_i_fetch_fifo_i_fifo_v3_mem_q_reg[215],DFFR_X1,5
i_frontend_i_fetch_fifo_i_fifo_v3_mem_q_reg[216],DFFR_X1,5
i_frontend_i_fetch_fifo_i_fifo_v3_mem_q_reg[217],DFFR_X1,5
i_frontend_i_fetch_fifo_i_fifo_v3_mem_q_reg[218],DFFR_X1,5
i_frontend_i_fetch_fifo_i_fifo_v3_mem_q_reg[219],DFFR_X1,5
i_frontend_i_fetch_fifo_i_fifo_v3_mem_q_reg[220],DFFR_X1,5
i_frontend_i_fetch_fifo_i_fifo_v3_mem_q_reg[221],DFFR_X1,5
i_frontend_i_fetch_fifo_i_fifo_v3_mem_q_reg[222],DFFR_X1,5
i_frontend_i_fetch_fifo_i_fifo_v3_mem_q_reg[223],DFFR_X1,5
i_frontend_i_fetch_fifo_i_fifo_v3_mem_q_reg[224],DFFR_X1,5
i_frontend_i_fetch_fifo_i_fifo_v3_mem_q_reg[225],DFFR_X1,5
i_frontend_i_fetch_fifo_i_fifo_v3_mem_q_reg[226],DFFR_X1,5
i_frontend_i_fetch_fifo_i_fifo_v3_mem_q_reg[227],DFFR_X1,5
i_frontend_i_fetch_fifo_i_fifo_v3_mem_q_reg[228],DFFR_X1,5
i_frontend_i_fetch_fifo_i_fifo_v3_mem_q_reg[229],DFFR_X1,5
i_frontend_i_fetch_fifo_i_fifo_v3_mem_q_reg[230],DFFR_X1,5
i_frontend_i_fetch_fifo_i_fifo_v3_mem_q_reg[231],DFFR_X1,5
i_frontend_i_fetch_fifo_i_fifo_v3_mem_q_reg[232],DFFR_X1,5
i_frontend_i_fetch_fifo_i_fifo_v3_mem_q_reg[233],DFFR_X1,5
i_frontend_i_fetch_fifo_i_fifo_v3_mem_q_reg[234],DFFR_X1,5
i_frontend_i_fetch_fifo_i_fifo_v3_mem_q_reg[235],DFFR_X1,5
i_frontend_i_fetch_fifo_i_fifo_v3_mem_q_reg[236],DFFR_X1,5
i_frontend_i_fetch_fifo_i_fifo_v3_mem_q_reg[237],SDFFR_X1,6
i_frontend_i_fetch_fifo_i_fifo_v3_mem_q_reg[238],SDFFR_X1,6
i_frontend_i_fetch_fifo_i_fifo_v3_mem_q_reg[239],SDFFR_X1,6
i_frontend_i_fetch_fifo_i_fifo_v3_mem_q_reg[240],SDFFR_X1,6
i_frontend_i_fetch_fifo_i_fifo_v3_mem_q_reg[241],SDFFR_X1,6
i_frontend_i_fetch_fifo_i_fifo_v3_mem_q_reg[242],SDFFR_X1,6
i_frontend_i_fetch_fifo_i_fifo_v3_mem_q_reg[243],SDFFR_X1,6
i_frontend_i_fetch_fifo_i_fifo_v3_mem_q_reg[244],SDFFR_X1,6
i_frontend_i_fetch_fifo_i_fifo_v3_mem_q_reg[245],SDFFR_X1,6
i_frontend_i_fetch_fifo_i_fifo_v3_mem_q_reg[246],SDFFR_X1,6
i_frontend_i_fetch_fifo_i_fifo_v3_mem_q_reg[247],SDFFR_X1,6
i_frontend_i_fetch_fifo_i_fifo_v3_mem_q_reg[248],SDFFR_X1,6
i_frontend_i_fetch_fifo_i_fifo_v3_mem_q_reg[249],SDFFR_X1,6
i_frontend_i_fetch_fifo_i_fifo_v3_mem_q_reg[250],SDFFR_X1,6
i_frontend_i_fetch_fifo_i_fifo_v3_mem_q_reg[251],SDFFR_X1,6
i_frontend_i_fetch_fifo_i_fifo_v3_mem_q_reg[252],SDFFR_X1,6
i_frontend_i_fetch_fifo_i_fifo_v3_mem_q_reg[253],SDFFR_X1,6
i_frontend_i_fetch_fifo_i_fifo_v3_mem_q_reg[254],SDFFR_X1,6
i_frontend_i_fetch_fifo_i_fifo_v3_mem_q_reg[255],SDFFR_X1,6
i_frontend_i_fetch_fifo_i_fifo_v3_mem_q_reg[256],SDFFR_X1,6
i_frontend_i_fetch_fifo_i_fifo_v3_mem_q_reg[257],SDFFR_X1,6
i_frontend_i_fetch_fifo_i_fifo_v3_mem_q_reg[258],SDFFR_X1,6
i_frontend_i_fetch_fifo_i_fifo_v3_mem_q_reg[259],SDFFR_X1,6
i_frontend_i_fetch_fifo_i_fifo_v3_mem_q_reg[260],SDFFR_X1,6
i_frontend_i_fetch_fifo_i_fifo_v3_mem_q_reg[261],SDFFR_X1,6
i_frontend_i_fetch_fifo_i_fifo_v3_mem_q_reg[262],SDFFR_X1,6
i_frontend_i_fetch_fifo_i_fifo_v3_mem_q_reg[263],SDFFR_X1,6
i_frontend_i_fetch_fifo_i_fifo_v3_mem_q_reg[264],SDFFR_X1,6
i_frontend_i_fetch_fifo_i_fifo_v3_mem_q_reg[265],SDFFR_X1,6
i_frontend_i_fetch_fifo_i_fifo_v3_mem_q_reg[266],SDFFR_X1,6
i_frontend_i_fetch_fifo_i_fifo_v3_mem_q_reg[267],SDFFR_X1,6
i_frontend_i_fetch_fifo_i_fifo_v3_mem_q_reg[268],SDFFR_X1,6
i_frontend_i_fetch_fifo_i_fifo_v3_mem_q_reg[269],SDFFR_X1,6
i_frontend_i_fetch_fifo_i_fifo_v3_mem_q_reg[270],SDFFR_X1,6
i_frontend_i_fetch_fifo_i_fifo_v3_mem_q_reg[271],SDFFR_X1,6
i_frontend_i_fetch_fifo_i_fifo_v3_mem_q_reg[272],SDFFR_X1,6
i_frontend_i_fetch_fifo_i_fifo_v3_mem_q_reg[273],SDFFR_X1,6
i_frontend_i_fetch_fifo_i_fifo_v3_mem_q_reg[274],SDFFR_X1,6
i_frontend_i_fetch_fifo_i_fifo_v3_mem_q_reg[275],SDFFR_X1,6
i_frontend_i_fetch_fifo_i_fifo_v3_mem_q_reg[276],SDFFR_X1,6
i_frontend_i_fetch_fifo_i_fifo_v3_mem_q_reg[277],SDFFR_X1,6
i_frontend_i_fetch_fifo_i_fifo_v3_mem_q_reg[278],SDFFR_X1,6
i_frontend_i_fetch_fifo_i_fifo_v3_mem_q_reg[279],SDFFR_X1,6
i_frontend_i_fetch_fifo_i_fifo_v3_mem_q_reg[280],SDFFR_X1,6
i_frontend_i_fetch_fifo_i_fifo_v3_mem_q_reg[281],SDFFR_X1,6
i_frontend_i_fetch_fifo_i_fifo_v3_mem_q_reg[282],SDFFR_X1,6
i_frontend_i_fetch_fifo_i_fifo_v3_mem_q_reg[283],SDFFR_X1,6
i_frontend_i_fetch_fifo_i_fifo_v3_mem_q_reg[284],SDFFR_X1,6
i_frontend_i_fetch_fifo_i_fifo_v3_mem_q_reg[285],SDFFR_X1,6
i_frontend_i_fetch_fifo_i_fifo_v3_mem_q_reg[286],SDFFR_X1,6
i_frontend_i_fetch_fifo_i_fifo_v3_mem_q_reg[287],SDFFR_X1,6
i_frontend_i_fetch_fifo_i_fifo_v3_mem_q_reg[288],SDFFR_X1,6
i_frontend_i_fetch_fifo_i_fifo_v3_mem_q_reg[289],SDFFR_X1,6
i_frontend_i_fetch_fifo_i_fifo_v3_mem_q_reg[290],SDFFR_X1,6
i_frontend_i_fetch_fifo_i_fifo_v3_mem_q_reg[291],SDFFR_X1,6
i_frontend_i_fetch_fifo_i_fifo_v3_mem_q_reg[292],SDFFR_X1,6
i_frontend_i_fetch_fifo_i_fifo_v3_mem_q_reg[293],SDFFR_X1,6
i_frontend_i_fetch_fifo_i_fifo_v3_mem_q_reg[294],SDFFR_X1,6
i_frontend_i_fetch_fifo_i_fifo_v3_mem_q_reg[295],SDFFR_X1,6
i_frontend_i_fetch_fifo_i_fifo_v3_mem_q_reg[296],SDFFR_X1,6
i_frontend_i_fetch_fifo_i_fifo_v3_mem_q_reg[297],SDFFR_X1,6
i_frontend_i_fetch_fifo_i_fifo_v3_mem_q_reg[298],SDFFR_X1,6
i_frontend_i_fetch_fifo_i_fifo_v3_mem_q_reg[299],SDFFR_X1,6
i_frontend_i_fetch_fifo_i_fifo_v3_mem_q_reg[300],SDFFR_X1,6
i_frontend_i_fetch_fifo_i_fifo_v3_mem_q_reg[301],SDFFR_X1,6
i_frontend_i_fetch_fifo_i_fifo_v3_mem_q_reg[302],SDFFR_X1,6
i_frontend_i_fetch_fifo_i_fifo_v3_mem_q_reg[303],SDFFR_X1,6
i_frontend_i_fetch_fifo_i_fifo_v3_mem_q_reg[304],SDFFR_X1,6
i_frontend_i_fetch_fifo_i_fifo_v3_mem_q_reg[305],SDFFR_X1,6
i_frontend_i_fetch_fifo_i_fifo_v3_mem_q_reg[306],SDFFR_X1,6
i_frontend_i_fetch_fifo_i_fifo_v3_mem_q_reg[307],SDFFR_X1,6
i_frontend_i_fetch_fifo_i_fifo_v3_mem_q_reg[308],SDFFR_X1,6
i_frontend_i_fetch_fifo_i_fifo_v3_mem_q_reg[309],SDFFR_X1,6
i_frontend_i_fetch_fifo_i_fifo_v3_mem_q_reg[310],SDFFR_X1,6
i_frontend_i_fetch_fifo_i_fifo_v3_mem_q_reg[311],SDFFR_X1,6
i_frontend_i_fetch_fifo_i_fifo_v3_mem_q_reg[312],SDFFR_X1,6
i_frontend_i_fetch_fifo_i_fifo_v3_mem_q_reg[313],SDFFR_X1,6
i_frontend_i_fetch_fifo_i_fifo_v3_mem_q_reg[314],SDFFR_X1,6
i_frontend_i_fetch_fifo_i_fifo_v3_mem_q_reg[315],SDFFR_X1,6
i_frontend_i_fetch_fifo_i_fifo_v3_mem_q_reg[316],SDFFR_X1,6
i_frontend_i_fetch_fifo_i_fifo_v3_mem_q_reg[317],SDFFR_X1,6
i_frontend_i_fetch_fifo_i_fifo_v3_mem_q_reg[318],SDFFR_X1,6
i_frontend_i_fetch_fifo_i_fifo_v3_mem_q_reg[319],SDFFR_X1,6
i_frontend_i_fetch_fifo_i_fifo_v3_mem_q_reg[320],SDFFR_X1,6
i_frontend_i_fetch_fifo_i_fifo_v3_mem_q_reg[321],SDFFR_X1,6
i_frontend_i_fetch_fifo_i_fifo_v3_mem_q_reg[322],SDFFR_X1,6
i_frontend_i_fetch_fifo_i_fifo_v3_mem_q_reg[323],SDFFR_X1,6
i_frontend_i_fetch_fifo_i_fifo_v3_mem_q_reg[324],SDFFR_X1,6
i_frontend_i_fetch_fifo_i_fifo_v3_mem_q_reg[325],SDFFR_X1,6
i_frontend_i_fetch_fifo_i_fifo_v3_mem_q_reg[326],SDFFR_X1,6
i_frontend_i_fetch_fifo_i_fifo_v3_mem_q_reg[327],SDFFR_X1,6
i_frontend_i_fetch_fifo_i_fifo_v3_mem_q_reg[328],SDFFR_X1,6
i_frontend_i_fetch_fifo_i_fifo_v3_mem_q_reg[329],SDFFR_X1,6
i_frontend_i_fetch_fifo_i_fifo_v3_mem_q_reg[330],SDFFR_X1,6
i_frontend_i_fetch_fifo_i_fifo_v3_mem_q_reg[331],SDFFR_X1,6
i_frontend_i_fetch_fifo_i_fifo_v3_mem_q_reg[332],SDFFR_X1,6
i_frontend_i_fetch_fifo_i_fifo_v3_mem_q_reg[333],SDFFR_X1,6
i_frontend_i_fetch_fifo_i_fifo_v3_mem_q_reg[334],SDFFR_X1,6
i_frontend_i_fetch_fifo_i_fifo_v3_mem_q_reg[335],SDFFR_X1,6
i_frontend_i_fetch_fifo_i_fifo_v3_mem_q_reg[337],SDFFR_X1,6
i_frontend_i_fetch_fifo_i_fifo_v3_mem_q_reg[338],SDFFR_X1,6
i_frontend_i_fetch_fifo_i_fifo_v3_mem_q_reg[339],SDFFR_X1,6
i_frontend_i_fetch_fifo_i_fifo_v3_mem_q_reg[340],DFFR_X1,5
i_frontend_i_fetch_fifo_i_fifo_v3_mem_q_reg[341],DFFR_X1,5
i_frontend_i_fetch_fifo_i_fifo_v3_mem_q_reg[342],DFFR_X1,5
i_frontend_i_fetch_fifo_i_fifo_v3_mem_q_reg[343],DFFR_X1,5
i_frontend_i_fetch_fifo_i_fifo_v3_mem_q_reg[344],DFFR_X1,5
i_frontend_i_fetch_fifo_i_fifo_v3_mem_q_reg[345],DFFR_X1,5
i_frontend_i_fetch_fifo_i_fifo_v3_mem_q_reg[346],DFFR_X1,5
i_frontend_i_fetch_fifo_i_fifo_v3_mem_q_reg[347],DFFR_X1,5
i_frontend_i_fetch_fifo_i_fifo_v3_mem_q_reg[348],DFFR_X1,5
i_frontend_i_fetch_fifo_i_fifo_v3_mem_q_reg[349],DFFR_X1,5
i_frontend_i_fetch_fifo_i_fifo_v3_mem_q_reg[350],DFFR_X1,5
i_frontend_i_fetch_fifo_i_fifo_v3_mem_q_reg[351],DFFR_X1,5
i_frontend_i_fetch_fifo_i_fifo_v3_mem_q_reg[352],DFFR_X1,5
i_frontend_i_fetch_fifo_i_fifo_v3_mem_q_reg[353],DFFR_X1,5
i_frontend_i_fetch_fifo_i_fifo_v3_mem_q_reg[354],DFFR_X1,5
i_frontend_i_fetch_fifo_i_fifo_v3_mem_q_reg[355],DFFR_X1,5
i_frontend_i_fetch_fifo_i_fifo_v3_mem_q_reg[356],DFFR_X1,5
i_frontend_i_fetch_fifo_i_fifo_v3_mem_q_reg[357],DFFR_X1,5
i_frontend_i_fetch_fifo_i_fifo_v3_mem_q_reg[358],DFFR_X1,5
i_frontend_i_fetch_fifo_i_fifo_v3_mem_q_reg[359],DFFR_X1,5
i_frontend_i_fetch_fifo_i_fifo_v3_mem_q_reg[360],DFFR_X1,5
i_frontend_i_fetch_fifo_i_fifo_v3_mem_q_reg[361],DFFR_X1,5
i_frontend_i_fetch_fifo_i_fifo_v3_mem_q_reg[362],DFFR_X1,5
i_frontend_i_fetch_fifo_i_fifo_v3_mem_q_reg[363],DFFR_X1,5
i_frontend_i_fetch_fifo_i_fifo_v3_mem_q_reg[364],DFFR_X1,5
i_frontend_i_fetch_fifo_i_fifo_v3_mem_q_reg[365],DFFR_X1,5
i_frontend_i_fetch_fifo_i_fifo_v3_mem_q_reg[366],DFFR_X1,5
i_frontend_i_fetch_fifo_i_fifo_v3_mem_q_reg[367],DFFR_X1,5
i_frontend_i_fetch_fifo_i_fifo_v3_mem_q_reg[368],DFFR_X1,5
i_frontend_i_fetch_fifo_i_fifo_v3_mem_q_reg[369],DFFR_X1,5
i_frontend_i_fetch_fifo_i_fifo_v3_mem_q_reg[370],DFFR_X1,5
i_frontend_i_fetch_fifo_i_fifo_v3_mem_q_reg[371],DFFR_X1,5
i_frontend_i_fetch_fifo_i_fifo_v3_mem_q_reg[372],DFFR_X1,5
i_frontend_i_fetch_fifo_i_fifo_v3_mem_q_reg[373],DFFR_X1,5
i_frontend_i_fetch_fifo_i_fifo_v3_mem_q_reg[374],DFFR_X1,5
i_frontend_i_fetch_fifo_i_fifo_v3_mem_q_reg[375],DFFR_X1,5
i_frontend_i_fetch_fifo_i_fifo_v3_mem_q_reg[376],DFFR_X1,5
i_frontend_i_fetch_fifo_i_fifo_v3_mem_q_reg[377],DFFR_X1,5
i_frontend_i_fetch_fifo_i_fifo_v3_mem_q_reg[378],DFFR_X1,5
i_frontend_i_fetch_fifo_i_fifo_v3_mem_q_reg[379],DFFR_X1,5
i_frontend_i_fetch_fifo_i_fifo_v3_mem_q_reg[380],DFFR_X1,5
i_frontend_i_fetch_fifo_i_fifo_v3_mem_q_reg[381],DFFR_X1,5
i_frontend_i_fetch_fifo_i_fifo_v3_mem_q_reg[382],DFFR_X1,5
i_frontend_i_fetch_fifo_i_fifo_v3_mem_q_reg[383],DFFR_X1,5
i_frontend_i_fetch_fifo_i_fifo_v3_mem_q_reg[384],DFFR_X1,5
i_frontend_i_fetch_fifo_i_fifo_v3_mem_q_reg[385],DFFR_X1,5
i_frontend_i_fetch_fifo_i_fifo_v3_mem_q_reg[386],DFFR_X1,5
i_frontend_i_fetch_fifo_i_fifo_v3_mem_q_reg[387],DFFR_X1,5
i_frontend_i_fetch_fifo_i_fifo_v3_mem_q_reg[388],DFFR_X1,5
i_frontend_i_fetch_fifo_i_fifo_v3_mem_q_reg[389],DFFR_X1,5
i_frontend_i_fetch_fifo_i_fifo_v3_mem_q_reg[390],DFFR_X1,5
i_frontend_i_fetch_fifo_i_fifo_v3_mem_q_reg[391],DFFR_X1,5
i_frontend_i_fetch_fifo_i_fifo_v3_mem_q_reg[392],DFFR_X1,5
i_frontend_i_fetch_fifo_i_fifo_v3_mem_q_reg[393],DFFR_X1,5
i_frontend_i_fetch_fifo_i_fifo_v3_mem_q_reg[394],DFFR_X1,5
i_frontend_i_fetch_fifo_i_fifo_v3_mem_q_reg[395],DFFR_X1,5
i_frontend_i_fetch_fifo_i_fifo_v3_mem_q_reg[396],DFFR_X1,5
i_frontend_i_fetch_fifo_i_fifo_v3_mem_q_reg[397],DFFR_X1,5
i_frontend_i_fetch_fifo_i_fifo_v3_mem_q_reg[398],DFFR_X1,5
i_frontend_i_fetch_fifo_i_fifo_v3_mem_q_reg[399],DFFR_X1,5
i_frontend_i_fetch_fifo_i_fifo_v3_mem_q_reg[400],DFFR_X1,5
i_frontend_i_fetch_fifo_i_fifo_v3_mem_q_reg[401],DFFR_X1,5
i_frontend_i_fetch_fifo_i_fifo_v3_mem_q_reg[402],DFFR_X1,5
i_frontend_i_fetch_fifo_i_fifo_v3_mem_q_reg[403],DFFR_X1,5
i_frontend_i_fetch_fifo_i_fifo_v3_mem_q_reg[404],SDFFR_X1,6
i_frontend_i_fetch_fifo_i_fifo_v3_mem_q_reg[405],SDFFR_X1,6
i_frontend_i_fetch_fifo_i_fifo_v3_mem_q_reg[406],SDFFR_X1,6
i_frontend_i_fetch_fifo_i_fifo_v3_mem_q_reg[407],SDFFR_X1,6
i_frontend_i_fetch_fifo_i_fifo_v3_mem_q_reg[408],SDFFR_X1,6
i_frontend_i_fetch_fifo_i_fifo_v3_mem_q_reg[409],SDFFR_X1,6
i_frontend_i_fetch_fifo_i_fifo_v3_mem_q_reg[410],SDFFR_X1,6
i_frontend_i_fetch_fifo_i_fifo_v3_mem_q_reg[411],SDFFR_X1,6
i_frontend_i_fetch_fifo_i_fifo_v3_mem_q_reg[412],SDFFR_X1,6
i_frontend_i_fetch_fifo_i_fifo_v3_mem_q_reg[413],SDFFR_X1,6
i_frontend_i_fetch_fifo_i_fifo_v3_mem_q_reg[414],SDFFR_X1,6
i_frontend_i_fetch_fifo_i_fifo_v3_mem_q_reg[415],SDFFR_X1,6
i_frontend_i_fetch_fifo_i_fifo_v3_mem_q_reg[416],SDFFR_X1,6
i_frontend_i_fetch_fifo_i_fifo_v3_mem_q_reg[417],SDFFR_X1,6
i_frontend_i_fetch_fifo_i_fifo_v3_mem_q_reg[418],SDFFR_X1,6
i_frontend_i_fetch_fifo_i_fifo_v3_mem_q_reg[419],SDFFR_X1,6
i_frontend_i_fetch_fifo_i_fifo_v3_mem_q_reg[420],SDFFR_X1,6
i_frontend_i_fetch_fifo_i_fifo_v3_mem_q_reg[421],SDFFR_X1,6
i_frontend_i_fetch_fifo_i_fifo_v3_mem_q_reg[422],SDFFR_X1,6
i_frontend_i_fetch_fifo_i_fifo_v3_mem_q_reg[423],SDFFR_X1,6
i_frontend_i_fetch_fifo_i_fifo_v3_mem_q_reg[424],SDFFR_X1,6
i_frontend_i_fetch_fifo_i_fifo_v3_mem_q_reg[425],SDFFR_X1,6
i_frontend_i_fetch_fifo_i_fifo_v3_mem_q_reg[426],SDFFR_X1,6
i_frontend_i_fetch_fifo_i_fifo_v3_mem_q_reg[427],SDFFR_X1,6
i_frontend_i_fetch_fifo_i_fifo_v3_mem_q_reg[428],SDFFR_X1,6
i_frontend_i_fetch_fifo_i_fifo_v3_mem_q_reg[429],SDFFR_X1,6
i_frontend_i_fetch_fifo_i_fifo_v3_mem_q_reg[430],SDFFR_X1,6
i_frontend_i_fetch_fifo_i_fifo_v3_mem_q_reg[431],SDFFR_X1,6
i_frontend_i_fetch_fifo_i_fifo_v3_mem_q_reg[432],SDFFR_X1,6
i_frontend_i_fetch_fifo_i_fifo_v3_mem_q_reg[433],SDFFR_X1,6
i_frontend_i_fetch_fifo_i_fifo_v3_mem_q_reg[434],SDFFR_X1,6
i_frontend_i_fetch_fifo_i_fifo_v3_mem_q_reg[435],SDFFR_X1,6
i_frontend_i_fetch_fifo_i_fifo_v3_mem_q_reg[436],SDFFR_X1,6
i_frontend_i_fetch_fifo_i_fifo_v3_mem_q_reg[437],SDFFR_X1,6
i_frontend_i_fetch_fifo_i_fifo_v3_mem_q_reg[438],SDFFR_X1,6
i_frontend_i_fetch_fifo_i_fifo_v3_mem_q_reg[439],SDFFR_X1,6
i_frontend_i_fetch_fifo_i_fifo_v3_mem_q_reg[440],SDFFR_X1,6
i_frontend_i_fetch_fifo_i_fifo_v3_mem_q_reg[441],SDFFR_X1,6
i_frontend_i_fetch_fifo_i_fifo_v3_mem_q_reg[442],SDFFR_X1,6
i_frontend_i_fetch_fifo_i_fifo_v3_mem_q_reg[443],SDFFR_X1,6
i_frontend_i_fetch_fifo_i_fifo_v3_mem_q_reg[444],SDFFR_X1,6
i_frontend_i_fetch_fifo_i_fifo_v3_mem_q_reg[445],SDFFR_X1,6
i_frontend_i_fetch_fifo_i_fifo_v3_mem_q_reg[446],SDFFR_X1,6
i_frontend_i_fetch_fifo_i_fifo_v3_mem_q_reg[447],SDFFR_X1,6
i_frontend_i_fetch_fifo_i_fifo_v3_mem_q_reg[448],SDFFR_X1,6
i_frontend_i_fetch_fifo_i_fifo_v3_mem_q_reg[449],SDFFR_X1,6
i_frontend_i_fetch_fifo_i_fifo_v3_mem_q_reg[450],SDFFR_X1,6
i_frontend_i_fetch_fifo_i_fifo_v3_mem_q_reg[451],SDFFR_X1,6
i_frontend_i_fetch_fifo_i_fifo_v3_mem_q_reg[452],SDFFR_X1,6
i_frontend_i_fetch_fifo_i_fifo_v3_mem_q_reg[453],SDFFR_X1,6
i_frontend_i_fetch_fifo_i_fifo_v3_mem_q_reg[454],SDFFR_X1,6
i_frontend_i_fetch_fifo_i_fifo_v3_mem_q_reg[455],SDFFR_X1,6
i_frontend_i_fetch_fifo_i_fifo_v3_mem_q_reg[456],SDFFR_X1,6
i_frontend_i_fetch_fifo_i_fifo_v3_mem_q_reg[457],SDFFR_X1,6
i_frontend_i_fetch_fifo_i_fifo_v3_mem_q_reg[458],SDFFR_X1,6
i_frontend_i_fetch_fifo_i_fifo_v3_mem_q_reg[459],SDFFR_X1,6
i_frontend_i_fetch_fifo_i_fifo_v3_mem_q_reg[460],SDFFR_X1,6
i_frontend_i_fetch_fifo_i_fifo_v3_mem_q_reg[461],SDFFR_X1,6
i_frontend_i_fetch_fifo_i_fifo_v3_mem_q_reg[462],SDFFR_X1,6
i_frontend_i_fetch_fifo_i_fifo_v3_mem_q_reg[463],SDFFR_X1,6
i_frontend_i_fetch_fifo_i_fifo_v3_mem_q_reg[464],SDFFR_X1,6
i_frontend_i_fetch_fifo_i_fifo_v3_mem_q_reg[465],SDFFR_X1,6
i_frontend_i_fetch_fifo_i_fifo_v3_mem_q_reg[466],SDFFR_X1,6
i_frontend_i_fetch_fifo_i_fifo_v3_mem_q_reg[467],SDFFR_X1,6
i_frontend_i_fetch_fifo_i_fifo_v3_mem_q_reg[468],SDFFR_X1,6
i_frontend_i_fetch_fifo_i_fifo_v3_mem_q_reg[469],SDFFR_X1,6
i_frontend_i_fetch_fifo_i_fifo_v3_mem_q_reg[470],SDFFR_X1,6
i_frontend_i_fetch_fifo_i_fifo_v3_mem_q_reg[471],SDFFR_X1,6
i_frontend_i_fetch_fifo_i_fifo_v3_mem_q_reg[472],SDFFR_X1,6
i_frontend_i_fetch_fifo_i_fifo_v3_mem_q_reg[473],SDFFR_X1,6
i_frontend_i_fetch_fifo_i_fifo_v3_mem_q_reg[474],SDFFR_X1,6
i_frontend_i_fetch_fifo_i_fifo_v3_mem_q_reg[475],SDFFR_X1,6
i_frontend_i_fetch_fifo_i_fifo_v3_mem_q_reg[476],SDFFR_X1,6
i_frontend_i_fetch_fifo_i_fifo_v3_mem_q_reg[477],SDFFR_X1,6
i_frontend_i_fetch_fifo_i_fifo_v3_mem_q_reg[478],SDFFR_X1,6
i_frontend_i_fetch_fifo_i_fifo_v3_mem_q_reg[479],SDFFR_X1,6
i_frontend_i_fetch_fifo_i_fifo_v3_mem_q_reg[480],SDFFR_X1,6
i_frontend_i_fetch_fifo_i_fifo_v3_mem_q_reg[481],SDFFR_X1,6
i_frontend_i_fetch_fifo_i_fifo_v3_mem_q_reg[482],SDFFR_X1,6
i_frontend_i_fetch_fifo_i_fifo_v3_mem_q_reg[483],SDFFR_X1,6
i_frontend_i_fetch_fifo_i_fifo_v3_mem_q_reg[484],SDFFR_X1,6
i_frontend_i_fetch_fifo_i_fifo_v3_mem_q_reg[485],SDFFR_X1,6
i_frontend_i_fetch_fifo_i_fifo_v3_mem_q_reg[486],SDFFR_X1,6
i_frontend_i_fetch_fifo_i_fifo_v3_mem_q_reg[487],SDFFR_X1,6
i_frontend_i_fetch_fifo_i_fifo_v3_mem_q_reg[488],SDFFR_X1,6
i_frontend_i_fetch_fifo_i_fifo_v3_mem_q_reg[489],SDFFR_X1,6
i_frontend_i_fetch_fifo_i_fifo_v3_mem_q_reg[490],SDFFR_X1,6
i_frontend_i_fetch_fifo_i_fifo_v3_mem_q_reg[491],SDFFR_X1,6
i_frontend_i_fetch_fifo_i_fifo_v3_mem_q_reg[492],SDFFR_X1,6
i_frontend_i_fetch_fifo_i_fifo_v3_mem_q_reg[493],SDFFR_X1,6
i_frontend_i_fetch_fifo_i_fifo_v3_mem_q_reg[494],SDFFR_X1,6
i_frontend_i_fetch_fifo_i_fifo_v3_mem_q_reg[495],SDFFR_X1,6
i_frontend_i_fetch_fifo_i_fifo_v3_mem_q_reg[496],SDFFR_X1,6
i_frontend_i_fetch_fifo_i_fifo_v3_mem_q_reg[497],SDFFR_X1,6
i_frontend_i_fetch_fifo_i_fifo_v3_mem_q_reg[498],SDFFR_X1,6
i_frontend_i_fetch_fifo_i_fifo_v3_mem_q_reg[499],SDFFR_X1,6
i_frontend_i_fetch_fifo_i_fifo_v3_mem_q_reg[500],SDFFR_X1,6
i_frontend_i_fetch_fifo_i_fifo_v3_mem_q_reg[501],SDFFR_X1,6
i_frontend_i_fetch_fifo_i_fifo_v3_mem_q_reg[502],SDFFR_X1,6
i_frontend_i_fetch_fifo_i_fifo_v3_mem_q_reg[504],SDFFR_X1,6
i_frontend_i_fetch_fifo_i_fifo_v3_mem_q_reg[505],SDFFR_X1,6
i_frontend_i_fetch_fifo_i_fifo_v3_mem_q_reg[506],SDFFR_X1,6
i_frontend_i_fetch_fifo_i_fifo_v3_mem_q_reg[507],DFFR_X1,5
i_frontend_i_fetch_fifo_i_fifo_v3_mem_q_reg[508],DFFR_X1,5
i_frontend_i_fetch_fifo_i_fifo_v3_mem_q_reg[509],DFFR_X1,5
i_frontend_i_fetch_fifo_i_fifo_v3_mem_q_reg[510],DFFR_X1,5
i_frontend_i_fetch_fifo_i_fifo_v3_mem_q_reg[511],DFFR_X1,5
i_frontend_i_fetch_fifo_i_fifo_v3_mem_q_reg[512],DFFR_X1,5
i_frontend_i_fetch_fifo_i_fifo_v3_mem_q_reg[513],DFFR_X1,5
i_frontend_i_fetch_fifo_i_fifo_v3_mem_q_reg[514],DFFR_X1,5
i_frontend_i_fetch_fifo_i_fifo_v3_mem_q_reg[515],DFFR_X1,5
i_frontend_i_fetch_fifo_i_fifo_v3_mem_q_reg[516],DFFR_X1,5
i_frontend_i_fetch_fifo_i_fifo_v3_mem_q_reg[517],DFFR_X1,5
i_frontend_i_fetch_fifo_i_fifo_v3_mem_q_reg[518],DFFR_X1,5
i_frontend_i_fetch_fifo_i_fifo_v3_mem_q_reg[519],DFFR_X1,5
i_frontend_i_fetch_fifo_i_fifo_v3_mem_q_reg[520],DFFR_X1,5
i_frontend_i_fetch_fifo_i_fifo_v3_mem_q_reg[521],DFFR_X1,5
i_frontend_i_fetch_fifo_i_fifo_v3_mem_q_reg[522],DFFR_X1,5
i_frontend_i_fetch_fifo_i_fifo_v3_mem_q_reg[523],DFFR_X1,5
i_frontend_i_fetch_fifo_i_fifo_v3_mem_q_reg[524],DFFR_X1,5
i_frontend_i_fetch_fifo_i_fifo_v3_mem_q_reg[525],DFFR_X1,5
i_frontend_i_fetch_fifo_i_fifo_v3_mem_q_reg[526],DFFR_X1,5
i_frontend_i_fetch_fifo_i_fifo_v3_mem_q_reg[527],DFFR_X1,5
i_frontend_i_fetch_fifo_i_fifo_v3_mem_q_reg[528],DFFR_X1,5
i_frontend_i_fetch_fifo_i_fifo_v3_mem_q_reg[529],DFFR_X1,5
i_frontend_i_fetch_fifo_i_fifo_v3_mem_q_reg[530],DFFR_X1,5
i_frontend_i_fetch_fifo_i_fifo_v3_mem_q_reg[531],DFFR_X1,5
i_frontend_i_fetch_fifo_i_fifo_v3_mem_q_reg[532],DFFR_X1,5
i_frontend_i_fetch_fifo_i_fifo_v3_mem_q_reg[533],DFFR_X1,5
i_frontend_i_fetch_fifo_i_fifo_v3_mem_q_reg[534],DFFR_X1,5
i_frontend_i_fetch_fifo_i_fifo_v3_mem_q_reg[535],DFFR_X1,5
i_frontend_i_fetch_fifo_i_fifo_v3_mem_q_reg[536],DFFR_X1,5
i_frontend_i_fetch_fifo_i_fifo_v3_mem_q_reg[537],DFFR_X1,5
i_frontend_i_fetch_fifo_i_fifo_v3_mem_q_reg[538],DFFR_X1,5
i_frontend_i_fetch_fifo_i_fifo_v3_mem_q_reg[539],DFFR_X1,5
i_frontend_i_fetch_fifo_i_fifo_v3_mem_q_reg[540],DFFR_X1,5
i_frontend_i_fetch_fifo_i_fifo_v3_mem_q_reg[541],DFFR_X1,5
i_frontend_i_fetch_fifo_i_fifo_v3_mem_q_reg[542],DFFR_X1,5
i_frontend_i_fetch_fifo_i_fifo_v3_mem_q_reg[543],DFFR_X1,5
i_frontend_i_fetch_fifo_i_fifo_v3_mem_q_reg[544],DFFR_X1,5
i_frontend_i_fetch_fifo_i_fifo_v3_mem_q_reg[545],DFFR_X1,5
i_frontend_i_fetch_fifo_i_fifo_v3_mem_q_reg[546],DFFR_X1,5
i_frontend_i_fetch_fifo_i_fifo_v3_mem_q_reg[547],DFFR_X1,5
i_frontend_i_fetch_fifo_i_fifo_v3_mem_q_reg[548],DFFR_X1,5
i_frontend_i_fetch_fifo_i_fifo_v3_mem_q_reg[549],DFFR_X1,5
i_frontend_i_fetch_fifo_i_fifo_v3_mem_q_reg[550],DFFR_X1,5
i_frontend_i_fetch_fifo_i_fifo_v3_mem_q_reg[551],DFFR_X1,5
i_frontend_i_fetch_fifo_i_fifo_v3_mem_q_reg[552],DFFR_X1,5
i_frontend_i_fetch_fifo_i_fifo_v3_mem_q_reg[553],DFFR_X1,5
i_frontend_i_fetch_fifo_i_fifo_v3_mem_q_reg[554],DFFR_X1,5
i_frontend_i_fetch_fifo_i_fifo_v3_mem_q_reg[555],DFFR_X1,5
i_frontend_i_fetch_fifo_i_fifo_v3_mem_q_reg[556],DFFR_X1,5
i_frontend_i_fetch_fifo_i_fifo_v3_mem_q_reg[557],DFFR_X1,5
i_frontend_i_fetch_fifo_i_fifo_v3_mem_q_reg[558],DFFR_X1,5
i_frontend_i_fetch_fifo_i_fifo_v3_mem_q_reg[559],DFFR_X1,5
i_frontend_i_fetch_fifo_i_fifo_v3_mem_q_reg[560],DFFR_X1,5
i_frontend_i_fetch_fifo_i_fifo_v3_mem_q_reg[561],DFFR_X1,5
i_frontend_i_fetch_fifo_i_fifo_v3_mem_q_reg[562],DFFR_X1,5
i_frontend_i_fetch_fifo_i_fifo_v3_mem_q_reg[563],DFFR_X1,5
i_frontend_i_fetch_fifo_i_fifo_v3_mem_q_reg[564],DFFR_X1,5
i_frontend_i_fetch_fifo_i_fifo_v3_mem_q_reg[565],DFFR_X1,5
i_frontend_i_fetch_fifo_i_fifo_v3_mem_q_reg[566],DFFR_X1,5
i_frontend_i_fetch_fifo_i_fifo_v3_mem_q_reg[567],DFFR_X1,5
i_frontend_i_fetch_fifo_i_fifo_v3_mem_q_reg[568],DFFR_X1,5
i_frontend_i_fetch_fifo_i_fifo_v3_mem_q_reg[569],DFFR_X1,5
i_frontend_i_fetch_fifo_i_fifo_v3_mem_q_reg[570],DFFR_X1,5
i_frontend_i_fetch_fifo_i_fifo_v3_mem_q_reg[571],SDFFR_X1,6
i_frontend_i_fetch_fifo_i_fifo_v3_mem_q_reg[572],SDFFR_X1,6
i_frontend_i_fetch_fifo_i_fifo_v3_mem_q_reg[573],SDFFR_X1,6
i_frontend_i_fetch_fifo_i_fifo_v3_mem_q_reg[574],SDFFR_X1,6
i_frontend_i_fetch_fifo_i_fifo_v3_mem_q_reg[575],SDFFR_X1,6
i_frontend_i_fetch_fifo_i_fifo_v3_mem_q_reg[576],SDFFR_X1,6
i_frontend_i_fetch_fifo_i_fifo_v3_mem_q_reg[577],SDFFR_X1,6
i_frontend_i_fetch_fifo_i_fifo_v3_mem_q_reg[578],SDFFR_X1,6
i_frontend_i_fetch_fifo_i_fifo_v3_mem_q_reg[579],SDFFR_X1,6
i_frontend_i_fetch_fifo_i_fifo_v3_mem_q_reg[580],SDFFR_X1,6
i_frontend_i_fetch_fifo_i_fifo_v3_mem_q_reg[581],SDFFR_X1,6
i_frontend_i_fetch_fifo_i_fifo_v3_mem_q_reg[582],SDFFR_X1,6
i_frontend_i_fetch_fifo_i_fifo_v3_mem_q_reg[583],SDFFR_X1,6
i_frontend_i_fetch_fifo_i_fifo_v3_mem_q_reg[584],SDFFR_X1,6
i_frontend_i_fetch_fifo_i_fifo_v3_mem_q_reg[585],SDFFR_X1,6
i_frontend_i_fetch_fifo_i_fifo_v3_mem_q_reg[586],SDFFR_X1,6
i_frontend_i_fetch_fifo_i_fifo_v3_mem_q_reg[587],SDFFR_X1,6
i_frontend_i_fetch_fifo_i_fifo_v3_mem_q_reg[588],SDFFR_X1,6
i_frontend_i_fetch_fifo_i_fifo_v3_mem_q_reg[589],SDFFR_X1,6
i_frontend_i_fetch_fifo_i_fifo_v3_mem_q_reg[590],SDFFR_X1,6
i_frontend_i_fetch_fifo_i_fifo_v3_mem_q_reg[591],SDFFR_X1,6
i_frontend_i_fetch_fifo_i_fifo_v3_mem_q_reg[592],SDFFR_X1,6
i_frontend_i_fetch_fifo_i_fifo_v3_mem_q_reg[593],SDFFR_X1,6
i_frontend_i_fetch_fifo_i_fifo_v3_mem_q_reg[594],SDFFR_X1,6
i_frontend_i_fetch_fifo_i_fifo_v3_mem_q_reg[595],SDFFR_X1,6
i_frontend_i_fetch_fifo_i_fifo_v3_mem_q_reg[596],SDFFR_X1,6
i_frontend_i_fetch_fifo_i_fifo_v3_mem_q_reg[597],SDFFR_X1,6
i_frontend_i_fetch_fifo_i_fifo_v3_mem_q_reg[598],SDFFR_X1,6
i_frontend_i_fetch_fifo_i_fifo_v3_mem_q_reg[599],SDFFR_X1,6
i_frontend_i_fetch_fifo_i_fifo_v3_mem_q_reg[600],SDFFR_X1,6
i_frontend_i_fetch_fifo_i_fifo_v3_mem_q_reg[601],SDFFR_X1,6
i_frontend_i_fetch_fifo_i_fifo_v3_mem_q_reg[602],SDFFR_X1,6
i_frontend_i_fetch_fifo_i_fifo_v3_mem_q_reg[603],SDFFR_X1,6
i_frontend_i_fetch_fifo_i_fifo_v3_mem_q_reg[604],SDFFR_X1,6
i_frontend_i_fetch_fifo_i_fifo_v3_mem_q_reg[605],SDFFR_X1,6
i_frontend_i_fetch_fifo_i_fifo_v3_mem_q_reg[606],SDFFR_X1,6
i_frontend_i_fetch_fifo_i_fifo_v3_mem_q_reg[607],SDFFR_X1,6
i_frontend_i_fetch_fifo_i_fifo_v3_mem_q_reg[608],SDFFR_X1,6
i_frontend_i_fetch_fifo_i_fifo_v3_mem_q_reg[609],SDFFR_X1,6
i_frontend_i_fetch_fifo_i_fifo_v3_mem_q_reg[610],SDFFR_X1,6
i_frontend_i_fetch_fifo_i_fifo_v3_mem_q_reg[611],SDFFR_X1,6
i_frontend_i_fetch_fifo_i_fifo_v3_mem_q_reg[612],SDFFR_X1,6
i_frontend_i_fetch_fifo_i_fifo_v3_mem_q_reg[613],SDFFR_X1,6
i_frontend_i_fetch_fifo_i_fifo_v3_mem_q_reg[614],SDFFR_X1,6
i_frontend_i_fetch_fifo_i_fifo_v3_mem_q_reg[615],SDFFR_X1,6
i_frontend_i_fetch_fifo_i_fifo_v3_mem_q_reg[616],SDFFR_X1,6
i_frontend_i_fetch_fifo_i_fifo_v3_mem_q_reg[617],SDFFR_X1,6
i_frontend_i_fetch_fifo_i_fifo_v3_mem_q_reg[618],SDFFR_X1,6
i_frontend_i_fetch_fifo_i_fifo_v3_mem_q_reg[619],SDFFR_X1,6
i_frontend_i_fetch_fifo_i_fifo_v3_mem_q_reg[620],SDFFR_X1,6
i_frontend_i_fetch_fifo_i_fifo_v3_mem_q_reg[621],SDFFR_X1,6
i_frontend_i_fetch_fifo_i_fifo_v3_mem_q_reg[622],SDFFR_X1,6
i_frontend_i_fetch_fifo_i_fifo_v3_mem_q_reg[623],SDFFR_X1,6
i_frontend_i_fetch_fifo_i_fifo_v3_mem_q_reg[624],SDFFR_X1,6
i_frontend_i_fetch_fifo_i_fifo_v3_mem_q_reg[625],SDFFR_X1,6
i_frontend_i_fetch_fifo_i_fifo_v3_mem_q_reg[626],SDFFR_X1,6
i_frontend_i_fetch_fifo_i_fifo_v3_mem_q_reg[627],SDFFR_X1,6
i_frontend_i_fetch_fifo_i_fifo_v3_mem_q_reg[628],SDFFR_X1,6
i_frontend_i_fetch_fifo_i_fifo_v3_mem_q_reg[629],SDFFR_X1,6
i_frontend_i_fetch_fifo_i_fifo_v3_mem_q_reg[630],SDFFR_X1,6
i_frontend_i_fetch_fifo_i_fifo_v3_mem_q_reg[631],SDFFR_X1,6
i_frontend_i_fetch_fifo_i_fifo_v3_mem_q_reg[632],SDFFR_X1,6
i_frontend_i_fetch_fifo_i_fifo_v3_mem_q_reg[633],SDFFR_X1,6
i_frontend_i_fetch_fifo_i_fifo_v3_mem_q_reg[634],SDFFR_X1,6
i_frontend_i_fetch_fifo_i_fifo_v3_mem_q_reg[635],SDFFR_X1,6
i_frontend_i_fetch_fifo_i_fifo_v3_mem_q_reg[636],SDFFR_X1,6
i_frontend_i_fetch_fifo_i_fifo_v3_mem_q_reg[637],SDFFR_X1,6
i_frontend_i_fetch_fifo_i_fifo_v3_mem_q_reg[638],SDFFR_X1,6
i_frontend_i_fetch_fifo_i_fifo_v3_mem_q_reg[639],SDFFR_X1,6
i_frontend_i_fetch_fifo_i_fifo_v3_mem_q_reg[640],SDFFR_X1,6
i_frontend_i_fetch_fifo_i_fifo_v3_mem_q_reg[641],SDFFR_X1,6
i_frontend_i_fetch_fifo_i_fifo_v3_mem_q_reg[642],SDFFR_X1,6
i_frontend_i_fetch_fifo_i_fifo_v3_mem_q_reg[643],SDFFR_X1,6
i_frontend_i_fetch_fifo_i_fifo_v3_mem_q_reg[644],SDFFR_X1,6
i_frontend_i_fetch_fifo_i_fifo_v3_mem_q_reg[645],SDFFR_X1,6
i_frontend_i_fetch_fifo_i_fifo_v3_mem_q_reg[646],SDFFR_X1,6
i_frontend_i_fetch_fifo_i_fifo_v3_mem_q_reg[647],SDFFR_X1,6
i_frontend_i_fetch_fifo_i_fifo_v3_mem_q_reg[648],SDFFR_X1,6
i_frontend_i_fetch_fifo_i_fifo_v3_mem_q_reg[649],SDFFR_X1,6
i_frontend_i_fetch_fifo_i_fifo_v3_mem_q_reg[650],SDFFR_X1,6
i_frontend_i_fetch_fifo_i_fifo_v3_mem_q_reg[651],SDFFR_X1,6
i_frontend_i_fetch_fifo_i_fifo_v3_mem_q_reg[652],SDFFR_X1,6
i_frontend_i_fetch_fifo_i_fifo_v3_mem_q_reg[653],SDFFR_X1,6
i_frontend_i_fetch_fifo_i_fifo_v3_mem_q_reg[654],SDFFR_X1,6
i_frontend_i_fetch_fifo_i_fifo_v3_mem_q_reg[655],SDFFR_X1,6
i_frontend_i_fetch_fifo_i_fifo_v3_mem_q_reg[656],SDFFR_X1,6
i_frontend_i_fetch_fifo_i_fifo_v3_mem_q_reg[657],SDFFR_X1,6
i_frontend_i_fetch_fifo_i_fifo_v3_mem_q_reg[658],SDFFR_X1,6
i_frontend_i_fetch_fifo_i_fifo_v3_mem_q_reg[659],SDFFR_X1,6
i_frontend_i_fetch_fifo_i_fifo_v3_mem_q_reg[660],SDFFR_X1,6
i_frontend_i_fetch_fifo_i_fifo_v3_mem_q_reg[661],SDFFR_X1,6
i_frontend_i_fetch_fifo_i_fifo_v3_mem_q_reg[662],SDFFR_X1,6
i_frontend_i_fetch_fifo_i_fifo_v3_mem_q_reg[663],SDFFR_X1,6
i_frontend_i_fetch_fifo_i_fifo_v3_mem_q_reg[664],SDFFR_X1,6
i_frontend_i_fetch_fifo_i_fifo_v3_mem_q_reg[665],SDFFR_X1,6
i_frontend_i_fetch_fifo_i_fifo_v3_mem_q_reg[666],SDFFR_X1,6
i_frontend_i_fetch_fifo_i_fifo_v3_mem_q_reg[667],SDFFR_X1,6
i_frontend_i_fetch_fifo_i_fifo_v3_mem_q_reg[668],SDFFR_X1,6
i_frontend_i_fetch_fifo_i_fifo_v3_mem_q_reg[669],SDFFR_X1,6
i_frontend_i_fetch_fifo_i_fifo_v3_mem_q_reg[671],SDFFR_X1,6
i_frontend_i_fetch_fifo_i_fifo_v3_mem_q_reg[672],SDFFR_X1,6
i_frontend_i_fetch_fifo_i_fifo_v3_mem_q_reg[673],SDFFR_X1,6
i_frontend_i_fetch_fifo_i_fifo_v3_mem_q_reg[674],DFFR_X1,5
i_frontend_i_fetch_fifo_i_fifo_v3_mem_q_reg[675],DFFR_X1,5
i_frontend_i_fetch_fifo_i_fifo_v3_mem_q_reg[676],DFFR_X1,5
i_frontend_i_fetch_fifo_i_fifo_v3_mem_q_reg[677],DFFR_X1,5
i_frontend_i_fetch_fifo_i_fifo_v3_mem_q_reg[678],DFFR_X1,5
i_frontend_i_fetch_fifo_i_fifo_v3_mem_q_reg[679],DFFR_X1,5
i_frontend_i_fetch_fifo_i_fifo_v3_mem_q_reg[680],DFFR_X1,5
i_frontend_i_fetch_fifo_i_fifo_v3_mem_q_reg[681],DFFR_X1,5
i_frontend_i_fetch_fifo_i_fifo_v3_mem_q_reg[682],DFFR_X1,5
i_frontend_i_fetch_fifo_i_fifo_v3_mem_q_reg[683],DFFR_X1,5
i_frontend_i_fetch_fifo_i_fifo_v3_mem_q_reg[684],DFFR_X1,5
i_frontend_i_fetch_fifo_i_fifo_v3_mem_q_reg[685],DFFR_X1,5
i_frontend_i_fetch_fifo_i_fifo_v3_mem_q_reg[686],DFFR_X1,5
i_frontend_i_fetch_fifo_i_fifo_v3_mem_q_reg[687],DFFR_X1,5
i_frontend_i_fetch_fifo_i_fifo_v3_mem_q_reg[688],DFFR_X1,5
i_frontend_i_fetch_fifo_i_fifo_v3_mem_q_reg[689],DFFR_X1,5
i_frontend_i_fetch_fifo_i_fifo_v3_mem_q_reg[690],DFFR_X1,5
i_frontend_i_fetch_fifo_i_fifo_v3_mem_q_reg[691],DFFR_X1,5
i_frontend_i_fetch_fifo_i_fifo_v3_mem_q_reg[692],DFFR_X1,5
i_frontend_i_fetch_fifo_i_fifo_v3_mem_q_reg[693],DFFR_X1,5
i_frontend_i_fetch_fifo_i_fifo_v3_mem_q_reg[694],DFFR_X1,5
i_frontend_i_fetch_fifo_i_fifo_v3_mem_q_reg[695],DFFR_X1,5
i_frontend_i_fetch_fifo_i_fifo_v3_mem_q_reg[696],DFFR_X1,5
i_frontend_i_fetch_fifo_i_fifo_v3_mem_q_reg[697],DFFR_X1,5
i_frontend_i_fetch_fifo_i_fifo_v3_mem_q_reg[698],DFFR_X1,5
i_frontend_i_fetch_fifo_i_fifo_v3_mem_q_reg[699],DFFR_X1,5
i_frontend_i_fetch_fifo_i_fifo_v3_mem_q_reg[700],DFFR_X1,5
i_frontend_i_fetch_fifo_i_fifo_v3_mem_q_reg[701],DFFR_X1,5
i_frontend_i_fetch_fifo_i_fifo_v3_mem_q_reg[702],DFFR_X1,5
i_frontend_i_fetch_fifo_i_fifo_v3_mem_q_reg[703],DFFR_X1,5
i_frontend_i_fetch_fifo_i_fifo_v3_mem_q_reg[704],DFFR_X1,5
i_frontend_i_fetch_fifo_i_fifo_v3_mem_q_reg[705],DFFR_X1,5
i_frontend_i_fetch_fifo_i_fifo_v3_mem_q_reg[706],DFFR_X1,5
i_frontend_i_fetch_fifo_i_fifo_v3_mem_q_reg[707],DFFR_X1,5
i_frontend_i_fetch_fifo_i_fifo_v3_mem_q_reg[708],DFFR_X1,5
i_frontend_i_fetch_fifo_i_fifo_v3_mem_q_reg[709],DFFR_X1,5
i_frontend_i_fetch_fifo_i_fifo_v3_mem_q_reg[710],DFFR_X1,5
i_frontend_i_fetch_fifo_i_fifo_v3_mem_q_reg[711],DFFR_X1,5
i_frontend_i_fetch_fifo_i_fifo_v3_mem_q_reg[712],DFFR_X1,5
i_frontend_i_fetch_fifo_i_fifo_v3_mem_q_reg[713],DFFR_X1,5
i_frontend_i_fetch_fifo_i_fifo_v3_mem_q_reg[714],DFFR_X1,5
i_frontend_i_fetch_fifo_i_fifo_v3_mem_q_reg[715],DFFR_X1,5
i_frontend_i_fetch_fifo_i_fifo_v3_mem_q_reg[716],DFFR_X1,5
i_frontend_i_fetch_fifo_i_fifo_v3_mem_q_reg[717],DFFR_X1,5
i_frontend_i_fetch_fifo_i_fifo_v3_mem_q_reg[718],DFFR_X1,5
i_frontend_i_fetch_fifo_i_fifo_v3_mem_q_reg[719],DFFR_X1,5
i_frontend_i_fetch_fifo_i_fifo_v3_mem_q_reg[720],DFFR_X1,5
i_frontend_i_fetch_fifo_i_fifo_v3_mem_q_reg[721],DFFR_X1,5
i_frontend_i_fetch_fifo_i_fifo_v3_mem_q_reg[722],DFFR_X1,5
i_frontend_i_fetch_fifo_i_fifo_v3_mem_q_reg[723],DFFR_X1,5
i_frontend_i_fetch_fifo_i_fifo_v3_mem_q_reg[724],DFFR_X1,5
i_frontend_i_fetch_fifo_i_fifo_v3_mem_q_reg[725],DFFR_X1,5
i_frontend_i_fetch_fifo_i_fifo_v3_mem_q_reg[726],DFFR_X1,5
i_frontend_i_fetch_fifo_i_fifo_v3_mem_q_reg[727],DFFR_X1,5
i_frontend_i_fetch_fifo_i_fifo_v3_mem_q_reg[728],DFFR_X1,5
i_frontend_i_fetch_fifo_i_fifo_v3_mem_q_reg[729],DFFR_X1,5
i_frontend_i_fetch_fifo_i_fifo_v3_mem_q_reg[730],DFFR_X1,5
i_frontend_i_fetch_fifo_i_fifo_v3_mem_q_reg[731],DFFR_X1,5
i_frontend_i_fetch_fifo_i_fifo_v3_mem_q_reg[732],DFFR_X1,5
i_frontend_i_fetch_fifo_i_fifo_v3_mem_q_reg[733],DFFR_X1,5
i_frontend_i_fetch_fifo_i_fifo_v3_mem_q_reg[734],DFFR_X1,5
i_frontend_i_fetch_fifo_i_fifo_v3_mem_q_reg[735],DFFR_X1,5
i_frontend_i_fetch_fifo_i_fifo_v3_mem_q_reg[736],DFFR_X1,5
i_frontend_i_fetch_fifo_i_fifo_v3_mem_q_reg[737],DFFR_X1,5
i_frontend_i_fetch_fifo_i_fifo_v3_mem_q_reg[738],SDFFR_X1,6
i_frontend_i_fetch_fifo_i_fifo_v3_mem_q_reg[739],SDFFR_X1,6
i_frontend_i_fetch_fifo_i_fifo_v3_mem_q_reg[740],SDFFR_X1,6
i_frontend_i_fetch_fifo_i_fifo_v3_mem_q_reg[741],SDFFR_X1,6
i_frontend_i_fetch_fifo_i_fifo_v3_mem_q_reg[742],SDFFR_X1,6
i_frontend_i_fetch_fifo_i_fifo_v3_mem_q_reg[743],SDFFR_X1,6
i_frontend_i_fetch_fifo_i_fifo_v3_mem_q_reg[744],SDFFR_X1,6
i_frontend_i_fetch_fifo_i_fifo_v3_mem_q_reg[745],SDFFR_X1,6
i_frontend_i_fetch_fifo_i_fifo_v3_mem_q_reg[746],SDFFR_X1,6
i_frontend_i_fetch_fifo_i_fifo_v3_mem_q_reg[747],SDFFR_X1,6
i_frontend_i_fetch_fifo_i_fifo_v3_mem_q_reg[748],SDFFR_X1,6
i_frontend_i_fetch_fifo_i_fifo_v3_mem_q_reg[749],SDFFR_X1,6
i_frontend_i_fetch_fifo_i_fifo_v3_mem_q_reg[750],SDFFR_X1,6
i_frontend_i_fetch_fifo_i_fifo_v3_mem_q_reg[751],SDFFR_X1,6
i_frontend_i_fetch_fifo_i_fifo_v3_mem_q_reg[752],SDFFR_X1,6
i_frontend_i_fetch_fifo_i_fifo_v3_mem_q_reg[753],SDFFR_X1,6
i_frontend_i_fetch_fifo_i_fifo_v3_mem_q_reg[754],SDFFR_X1,6
i_frontend_i_fetch_fifo_i_fifo_v3_mem_q_reg[755],SDFFR_X1,6
i_frontend_i_fetch_fifo_i_fifo_v3_mem_q_reg[756],SDFFR_X1,6
i_frontend_i_fetch_fifo_i_fifo_v3_mem_q_reg[757],SDFFR_X1,6
i_frontend_i_fetch_fifo_i_fifo_v3_mem_q_reg[758],SDFFR_X1,6
i_frontend_i_fetch_fifo_i_fifo_v3_mem_q_reg[759],SDFFR_X1,6
i_frontend_i_fetch_fifo_i_fifo_v3_mem_q_reg[760],SDFFR_X1,6
i_frontend_i_fetch_fifo_i_fifo_v3_mem_q_reg[761],SDFFR_X1,6
i_frontend_i_fetch_fifo_i_fifo_v3_mem_q_reg[762],SDFFR_X1,6
i_frontend_i_fetch_fifo_i_fifo_v3_mem_q_reg[763],SDFFR_X1,6
i_frontend_i_fetch_fifo_i_fifo_v3_mem_q_reg[764],SDFFR_X1,6
i_frontend_i_fetch_fifo_i_fifo_v3_mem_q_reg[765],SDFFR_X1,6
i_frontend_i_fetch_fifo_i_fifo_v3_mem_q_reg[766],SDFFR_X1,6
i_frontend_i_fetch_fifo_i_fifo_v3_mem_q_reg[767],SDFFR_X1,6
i_frontend_i_fetch_fifo_i_fifo_v3_mem_q_reg[768],SDFFR_X1,6
i_frontend_i_fetch_fifo_i_fifo_v3_mem_q_reg[769],SDFFR_X1,6
i_frontend_i_fetch_fifo_i_fifo_v3_mem_q_reg[770],SDFFR_X1,6
i_frontend_i_fetch_fifo_i_fifo_v3_mem_q_reg[771],SDFFR_X1,6
i_frontend_i_fetch_fifo_i_fifo_v3_mem_q_reg[772],SDFFR_X1,6
i_frontend_i_fetch_fifo_i_fifo_v3_mem_q_reg[773],SDFFR_X1,6
i_frontend_i_fetch_fifo_i_fifo_v3_mem_q_reg[774],SDFFR_X1,6
i_frontend_i_fetch_fifo_i_fifo_v3_mem_q_reg[775],SDFFR_X1,6
i_frontend_i_fetch_fifo_i_fifo_v3_mem_q_reg[776],SDFFR_X1,6
i_frontend_i_fetch_fifo_i_fifo_v3_mem_q_reg[777],SDFFR_X1,6
i_frontend_i_fetch_fifo_i_fifo_v3_mem_q_reg[778],SDFFR_X1,6
i_frontend_i_fetch_fifo_i_fifo_v3_mem_q_reg[779],SDFFR_X1,6
i_frontend_i_fetch_fifo_i_fifo_v3_mem_q_reg[780],SDFFR_X1,6
i_frontend_i_fetch_fifo_i_fifo_v3_mem_q_reg[781],SDFFR_X1,6
i_frontend_i_fetch_fifo_i_fifo_v3_mem_q_reg[782],SDFFR_X1,6
i_frontend_i_fetch_fifo_i_fifo_v3_mem_q_reg[783],SDFFR_X1,6
i_frontend_i_fetch_fifo_i_fifo_v3_mem_q_reg[784],SDFFR_X1,6
i_frontend_i_fetch_fifo_i_fifo_v3_mem_q_reg[785],SDFFR_X1,6
i_frontend_i_fetch_fifo_i_fifo_v3_mem_q_reg[786],SDFFR_X1,6
i_frontend_i_fetch_fifo_i_fifo_v3_mem_q_reg[787],SDFFR_X1,6
i_frontend_i_fetch_fifo_i_fifo_v3_mem_q_reg[788],SDFFR_X1,6
i_frontend_i_fetch_fifo_i_fifo_v3_mem_q_reg[789],SDFFR_X1,6
i_frontend_i_fetch_fifo_i_fifo_v3_mem_q_reg[790],SDFFR_X1,6
i_frontend_i_fetch_fifo_i_fifo_v3_mem_q_reg[791],SDFFR_X1,6
i_frontend_i_fetch_fifo_i_fifo_v3_mem_q_reg[792],SDFFR_X1,6
i_frontend_i_fetch_fifo_i_fifo_v3_mem_q_reg[793],SDFFR_X1,6
i_frontend_i_fetch_fifo_i_fifo_v3_mem_q_reg[794],SDFFR_X1,6
i_frontend_i_fetch_fifo_i_fifo_v3_mem_q_reg[795],SDFFR_X1,6
i_frontend_i_fetch_fifo_i_fifo_v3_mem_q_reg[796],SDFFR_X1,6
i_frontend_i_fetch_fifo_i_fifo_v3_mem_q_reg[797],SDFFR_X1,6
i_frontend_i_fetch_fifo_i_fifo_v3_mem_q_reg[798],SDFFR_X1,6
i_frontend_i_fetch_fifo_i_fifo_v3_mem_q_reg[799],SDFFR_X1,6
i_frontend_i_fetch_fifo_i_fifo_v3_mem_q_reg[800],SDFFR_X1,6
i_frontend_i_fetch_fifo_i_fifo_v3_mem_q_reg[801],SDFFR_X1,6
i_frontend_i_fetch_fifo_i_fifo_v3_mem_q_reg[802],SDFFR_X1,6
i_frontend_i_fetch_fifo_i_fifo_v3_mem_q_reg[803],SDFFR_X1,6
i_frontend_i_fetch_fifo_i_fifo_v3_mem_q_reg[804],SDFFR_X1,6
i_frontend_i_fetch_fifo_i_fifo_v3_mem_q_reg[805],SDFFR_X1,6
i_frontend_i_fetch_fifo_i_fifo_v3_mem_q_reg[806],SDFFR_X1,6
i_frontend_i_fetch_fifo_i_fifo_v3_mem_q_reg[807],SDFFR_X1,6
i_frontend_i_fetch_fifo_i_fifo_v3_mem_q_reg[808],SDFFR_X1,6
i_frontend_i_fetch_fifo_i_fifo_v3_mem_q_reg[809],SDFFR_X1,6
i_frontend_i_fetch_fifo_i_fifo_v3_mem_q_reg[810],SDFFR_X1,6
i_frontend_i_fetch_fifo_i_fifo_v3_mem_q_reg[811],SDFFR_X1,6
i_frontend_i_fetch_fifo_i_fifo_v3_mem_q_reg[812],SDFFR_X1,6
i_frontend_i_fetch_fifo_i_fifo_v3_mem_q_reg[813],SDFFR_X1,6
i_frontend_i_fetch_fifo_i_fifo_v3_mem_q_reg[814],SDFFR_X1,6
i_frontend_i_fetch_fifo_i_fifo_v3_mem_q_reg[815],SDFFR_X1,6
i_frontend_i_fetch_fifo_i_fifo_v3_mem_q_reg[816],SDFFR_X1,6
i_frontend_i_fetch_fifo_i_fifo_v3_mem_q_reg[817],SDFFR_X1,6
i_frontend_i_fetch_fifo_i_fifo_v3_mem_q_reg[818],SDFFR_X1,6
i_frontend_i_fetch_fifo_i_fifo_v3_mem_q_reg[819],SDFFR_X1,6
i_frontend_i_fetch_fifo_i_fifo_v3_mem_q_reg[820],SDFFR_X1,6
i_frontend_i_fetch_fifo_i_fifo_v3_mem_q_reg[821],SDFFR_X1,6
i_frontend_i_fetch_fifo_i_fifo_v3_mem_q_reg[822],SDFFR_X1,6
i_frontend_i_fetch_fifo_i_fifo_v3_mem_q_reg[823],SDFFR_X1,6
i_frontend_i_fetch_fifo_i_fifo_v3_mem_q_reg[824],SDFFR_X1,6
i_frontend_i_fetch_fifo_i_fifo_v3_mem_q_reg[825],SDFFR_X1,6
i_frontend_i_fetch_fifo_i_fifo_v3_mem_q_reg[826],SDFFR_X1,6
i_frontend_i_fetch_fifo_i_fifo_v3_mem_q_reg[827],SDFFR_X1,6
i_frontend_i_fetch_fifo_i_fifo_v3_mem_q_reg[828],SDFFR_X1,6
i_frontend_i_fetch_fifo_i_fifo_v3_mem_q_reg[829],SDFFR_X1,6
i_frontend_i_fetch_fifo_i_fifo_v3_mem_q_reg[830],SDFFR_X1,6
i_frontend_i_fetch_fifo_i_fifo_v3_mem_q_reg[831],SDFFR_X1,6
i_frontend_i_fetch_fifo_i_fifo_v3_mem_q_reg[832],SDFFR_X1,6
i_frontend_i_fetch_fifo_i_fifo_v3_mem_q_reg[833],SDFFR_X1,6
i_frontend_i_fetch_fifo_i_fifo_v3_mem_q_reg[834],SDFFR_X1,6
i_frontend_i_fetch_fifo_i_fifo_v3_mem_q_reg[835],SDFFR_X1,6
i_frontend_i_fetch_fifo_i_fifo_v3_mem_q_reg[836],SDFFR_X1,6
i_frontend_i_fetch_fifo_i_fifo_v3_mem_q_reg[838],SDFFR_X1,6
i_frontend_i_fetch_fifo_i_fifo_v3_mem_q_reg[839],SDFFR_X1,6
i_frontend_i_fetch_fifo_i_fifo_v3_mem_q_reg[840],SDFFR_X1,6
i_frontend_i_fetch_fifo_i_fifo_v3_mem_q_reg[841],DFFR_X1,5
i_frontend_i_fetch_fifo_i_fifo_v3_mem_q_reg[842],DFFR_X1,5
i_frontend_i_fetch_fifo_i_fifo_v3_mem_q_reg[843],DFFR_X1,5
i_frontend_i_fetch_fifo_i_fifo_v3_mem_q_reg[844],DFFR_X1,5
i_frontend_i_fetch_fifo_i_fifo_v3_mem_q_reg[845],DFFR_X1,5
i_frontend_i_fetch_fifo_i_fifo_v3_mem_q_reg[846],DFFR_X1,5
i_frontend_i_fetch_fifo_i_fifo_v3_mem_q_reg[847],DFFR_X1,5
i_frontend_i_fetch_fifo_i_fifo_v3_mem_q_reg[848],DFFR_X1,5
i_frontend_i_fetch_fifo_i_fifo_v3_mem_q_reg[849],DFFR_X1,5
i_frontend_i_fetch_fifo_i_fifo_v3_mem_q_reg[850],DFFR_X1,5
i_frontend_i_fetch_fifo_i_fifo_v3_mem_q_reg[851],DFFR_X1,5
i_frontend_i_fetch_fifo_i_fifo_v3_mem_q_reg[852],DFFR_X1,5
i_frontend_i_fetch_fifo_i_fifo_v3_mem_q_reg[853],DFFR_X1,5
i_frontend_i_fetch_fifo_i_fifo_v3_mem_q_reg[854],DFFR_X1,5
i_frontend_i_fetch_fifo_i_fifo_v3_mem_q_reg[855],DFFR_X1,5
i_frontend_i_fetch_fifo_i_fifo_v3_mem_q_reg[856],DFFR_X1,5
i_frontend_i_fetch_fifo_i_fifo_v3_mem_q_reg[857],DFFR_X1,5
i_frontend_i_fetch_fifo_i_fifo_v3_mem_q_reg[858],DFFR_X1,5
i_frontend_i_fetch_fifo_i_fifo_v3_mem_q_reg[859],DFFR_X1,5
i_frontend_i_fetch_fifo_i_fifo_v3_mem_q_reg[860],DFFR_X1,5
i_frontend_i_fetch_fifo_i_fifo_v3_mem_q_reg[861],DFFR_X1,5
i_frontend_i_fetch_fifo_i_fifo_v3_mem_q_reg[862],DFFR_X1,5
i_frontend_i_fetch_fifo_i_fifo_v3_mem_q_reg[863],DFFR_X1,5
i_frontend_i_fetch_fifo_i_fifo_v3_mem_q_reg[864],DFFR_X1,5
i_frontend_i_fetch_fifo_i_fifo_v3_mem_q_reg[865],DFFR_X1,5
i_frontend_i_fetch_fifo_i_fifo_v3_mem_q_reg[866],DFFR_X1,5
i_frontend_i_fetch_fifo_i_fifo_v3_mem_q_reg[867],DFFR_X1,5
i_frontend_i_fetch_fifo_i_fifo_v3_mem_q_reg[868],DFFR_X1,5
i_frontend_i_fetch_fifo_i_fifo_v3_mem_q_reg[869],DFFR_X1,5
i_frontend_i_fetch_fifo_i_fifo_v3_mem_q_reg[870],DFFR_X1,5
i_frontend_i_fetch_fifo_i_fifo_v3_mem_q_reg[871],DFFR_X1,5
i_frontend_i_fetch_fifo_i_fifo_v3_mem_q_reg[872],DFFR_X1,5
i_frontend_i_fetch_fifo_i_fifo_v3_mem_q_reg[873],DFFR_X1,5
i_frontend_i_fetch_fifo_i_fifo_v3_mem_q_reg[874],DFFR_X1,5
i_frontend_i_fetch_fifo_i_fifo_v3_mem_q_reg[875],DFFR_X1,5
i_frontend_i_fetch_fifo_i_fifo_v3_mem_q_reg[876],DFFR_X1,5
i_frontend_i_fetch_fifo_i_fifo_v3_mem_q_reg[877],DFFR_X1,5
i_frontend_i_fetch_fifo_i_fifo_v3_mem_q_reg[878],DFFR_X1,5
i_frontend_i_fetch_fifo_i_fifo_v3_mem_q_reg[879],DFFR_X1,5
i_frontend_i_fetch_fifo_i_fifo_v3_mem_q_reg[880],DFFR_X1,5
i_frontend_i_fetch_fifo_i_fifo_v3_mem_q_reg[881],DFFR_X1,5
i_frontend_i_fetch_fifo_i_fifo_v3_mem_q_reg[882],DFFR_X1,5
i_frontend_i_fetch_fifo_i_fifo_v3_mem_q_reg[883],DFFR_X1,5
i_frontend_i_fetch_fifo_i_fifo_v3_mem_q_reg[884],DFFR_X1,5
i_frontend_i_fetch_fifo_i_fifo_v3_mem_q_reg[885],DFFR_X1,5
i_frontend_i_fetch_fifo_i_fifo_v3_mem_q_reg[886],DFFR_X1,5
i_frontend_i_fetch_fifo_i_fifo_v3_mem_q_reg[887],DFFR_X1,5
i_frontend_i_fetch_fifo_i_fifo_v3_mem_q_reg[888],DFFR_X1,5
i_frontend_i_fetch_fifo_i_fifo_v3_mem_q_reg[889],DFFR_X1,5
i_frontend_i_fetch_fifo_i_fifo_v3_mem_q_reg[890],DFFR_X1,5
i_frontend_i_fetch_fifo_i_fifo_v3_mem_q_reg[891],DFFR_X1,5
i_frontend_i_fetch_fifo_i_fifo_v3_mem_q_reg[892],DFFR_X1,5
i_frontend_i_fetch_fifo_i_fifo_v3_mem_q_reg[893],DFFR_X1,5
i_frontend_i_fetch_fifo_i_fifo_v3_mem_q_reg[894],DFFR_X1,5
i_frontend_i_fetch_fifo_i_fifo_v3_mem_q_reg[895],DFFR_X1,5
i_frontend_i_fetch_fifo_i_fifo_v3_mem_q_reg[896],DFFR_X1,5
i_frontend_i_fetch_fifo_i_fifo_v3_mem_q_reg[897],DFFR_X1,5
i_frontend_i_fetch_fifo_i_fifo_v3_mem_q_reg[898],DFFR_X1,5
i_frontend_i_fetch_fifo_i_fifo_v3_mem_q_reg[899],DFFR_X1,5
i_frontend_i_fetch_fifo_i_fifo_v3_mem_q_reg[900],DFFR_X1,5
i_frontend_i_fetch_fifo_i_fifo_v3_mem_q_reg[901],DFFR_X1,5
i_frontend_i_fetch_fifo_i_fifo_v3_mem_q_reg[902],DFFR_X1,5
i_frontend_i_fetch_fifo_i_fifo_v3_mem_q_reg[903],DFFR_X1,5
i_frontend_i_fetch_fifo_i_fifo_v3_mem_q_reg[904],DFFR_X1,5
i_frontend_i_fetch_fifo_i_fifo_v3_mem_q_reg[905],SDFFR_X1,6
i_frontend_i_fetch_fifo_i_fifo_v3_mem_q_reg[906],SDFFR_X1,6
i_frontend_i_fetch_fifo_i_fifo_v3_mem_q_reg[907],SDFFR_X1,6
i_frontend_i_fetch_fifo_i_fifo_v3_mem_q_reg[908],SDFFR_X1,6
i_frontend_i_fetch_fifo_i_fifo_v3_mem_q_reg[909],SDFFR_X1,6
i_frontend_i_fetch_fifo_i_fifo_v3_mem_q_reg[910],SDFFR_X1,6
i_frontend_i_fetch_fifo_i_fifo_v3_mem_q_reg[911],SDFFR_X1,6
i_frontend_i_fetch_fifo_i_fifo_v3_mem_q_reg[912],SDFFR_X1,6
i_frontend_i_fetch_fifo_i_fifo_v3_mem_q_reg[913],SDFFR_X1,6
i_frontend_i_fetch_fifo_i_fifo_v3_mem_q_reg[914],SDFFR_X1,6
i_frontend_i_fetch_fifo_i_fifo_v3_mem_q_reg[915],SDFFR_X1,6
i_frontend_i_fetch_fifo_i_fifo_v3_mem_q_reg[916],SDFFR_X1,6
i_frontend_i_fetch_fifo_i_fifo_v3_mem_q_reg[917],SDFFR_X1,6
i_frontend_i_fetch_fifo_i_fifo_v3_mem_q_reg[918],SDFFR_X1,6
i_frontend_i_fetch_fifo_i_fifo_v3_mem_q_reg[919],SDFFR_X1,6
i_frontend_i_fetch_fifo_i_fifo_v3_mem_q_reg[920],SDFFR_X1,6
i_frontend_i_fetch_fifo_i_fifo_v3_mem_q_reg[921],SDFFR_X1,6
i_frontend_i_fetch_fifo_i_fifo_v3_mem_q_reg[922],SDFFR_X1,6
i_frontend_i_fetch_fifo_i_fifo_v3_mem_q_reg[923],SDFFR_X1,6
i_frontend_i_fetch_fifo_i_fifo_v3_mem_q_reg[924],SDFFR_X1,6
i_frontend_i_fetch_fifo_i_fifo_v3_mem_q_reg[925],SDFFR_X1,6
i_frontend_i_fetch_fifo_i_fifo_v3_mem_q_reg[926],SDFFR_X1,6
i_frontend_i_fetch_fifo_i_fifo_v3_mem_q_reg[927],SDFFR_X1,6
i_frontend_i_fetch_fifo_i_fifo_v3_mem_q_reg[928],SDFFR_X1,6
i_frontend_i_fetch_fifo_i_fifo_v3_mem_q_reg[929],SDFFR_X1,6
i_frontend_i_fetch_fifo_i_fifo_v3_mem_q_reg[930],SDFFR_X1,6
i_frontend_i_fetch_fifo_i_fifo_v3_mem_q_reg[931],SDFFR_X1,6
i_frontend_i_fetch_fifo_i_fifo_v3_mem_q_reg[932],SDFFR_X1,6
i_frontend_i_fetch_fifo_i_fifo_v3_mem_q_reg[933],SDFFR_X1,6
i_frontend_i_fetch_fifo_i_fifo_v3_mem_q_reg[934],SDFFR_X1,6
i_frontend_i_fetch_fifo_i_fifo_v3_mem_q_reg[935],SDFFR_X1,6
i_frontend_i_fetch_fifo_i_fifo_v3_mem_q_reg[936],SDFFR_X1,6
i_frontend_i_fetch_fifo_i_fifo_v3_mem_q_reg[937],SDFFR_X1,6
i_frontend_i_fetch_fifo_i_fifo_v3_mem_q_reg[938],SDFFR_X1,6
i_frontend_i_fetch_fifo_i_fifo_v3_mem_q_reg[939],SDFFR_X1,6
i_frontend_i_fetch_fifo_i_fifo_v3_mem_q_reg[940],SDFFR_X1,6
i_frontend_i_fetch_fifo_i_fifo_v3_mem_q_reg[941],SDFFR_X1,6
i_frontend_i_fetch_fifo_i_fifo_v3_mem_q_reg[942],SDFFR_X1,6
i_frontend_i_fetch_fifo_i_fifo_v3_mem_q_reg[943],SDFFR_X1,6
i_frontend_i_fetch_fifo_i_fifo_v3_mem_q_reg[944],SDFFR_X1,6
i_frontend_i_fetch_fifo_i_fifo_v3_mem_q_reg[945],SDFFR_X1,6
i_frontend_i_fetch_fifo_i_fifo_v3_mem_q_reg[946],SDFFR_X1,6
i_frontend_i_fetch_fifo_i_fifo_v3_mem_q_reg[947],SDFFR_X1,6
i_frontend_i_fetch_fifo_i_fifo_v3_mem_q_reg[948],SDFFR_X1,6
i_frontend_i_fetch_fifo_i_fifo_v3_mem_q_reg[949],SDFFR_X1,6
i_frontend_i_fetch_fifo_i_fifo_v3_mem_q_reg[950],SDFFR_X1,6
i_frontend_i_fetch_fifo_i_fifo_v3_mem_q_reg[951],SDFFR_X1,6
i_frontend_i_fetch_fifo_i_fifo_v3_mem_q_reg[952],SDFFR_X1,6
i_frontend_i_fetch_fifo_i_fifo_v3_mem_q_reg[953],SDFFR_X1,6
i_frontend_i_fetch_fifo_i_fifo_v3_mem_q_reg[954],SDFFR_X1,6
i_frontend_i_fetch_fifo_i_fifo_v3_mem_q_reg[955],SDFFR_X1,6
i_frontend_i_fetch_fifo_i_fifo_v3_mem_q_reg[956],SDFFR_X1,6
i_frontend_i_fetch_fifo_i_fifo_v3_mem_q_reg[957],SDFFR_X1,6
i_frontend_i_fetch_fifo_i_fifo_v3_mem_q_reg[958],SDFFR_X1,6
i_frontend_i_fetch_fifo_i_fifo_v3_mem_q_reg[959],SDFFR_X1,6
i_frontend_i_fetch_fifo_i_fifo_v3_mem_q_reg[960],SDFFR_X1,6
i_frontend_i_fetch_fifo_i_fifo_v3_mem_q_reg[961],SDFFR_X1,6
i_frontend_i_fetch_fifo_i_fifo_v3_mem_q_reg[962],SDFFR_X1,6
i_frontend_i_fetch_fifo_i_fifo_v3_mem_q_reg[963],SDFFR_X1,6
i_frontend_i_fetch_fifo_i_fifo_v3_mem_q_reg[964],SDFFR_X1,6
i_frontend_i_fetch_fifo_i_fifo_v3_mem_q_reg[965],SDFFR_X1,6
i_frontend_i_fetch_fifo_i_fifo_v3_mem_q_reg[966],SDFFR_X1,6
i_frontend_i_fetch_fifo_i_fifo_v3_mem_q_reg[967],SDFFR_X1,6
i_frontend_i_fetch_fifo_i_fifo_v3_mem_q_reg[968],SDFFR_X1,6
i_frontend_i_fetch_fifo_i_fifo_v3_mem_q_reg[969],SDFFR_X1,6
i_frontend_i_fetch_fifo_i_fifo_v3_mem_q_reg[970],SDFFR_X1,6
i_frontend_i_fetch_fifo_i_fifo_v3_mem_q_reg[971],SDFFR_X1,6
i_frontend_i_fetch_fifo_i_fifo_v3_mem_q_reg[972],SDFFR_X1,6
i_frontend_i_fetch_fifo_i_fifo_v3_mem_q_reg[973],SDFFR_X1,6
i_frontend_i_fetch_fifo_i_fifo_v3_mem_q_reg[974],SDFFR_X1,6
i_frontend_i_fetch_fifo_i_fifo_v3_mem_q_reg[975],SDFFR_X1,6
i_frontend_i_fetch_fifo_i_fifo_v3_mem_q_reg[976],SDFFR_X1,6
i_frontend_i_fetch_fifo_i_fifo_v3_mem_q_reg[977],SDFFR_X1,6
i_frontend_i_fetch_fifo_i_fifo_v3_mem_q_reg[978],SDFFR_X1,6
i_frontend_i_fetch_fifo_i_fifo_v3_mem_q_reg[979],SDFFR_X1,6
i_frontend_i_fetch_fifo_i_fifo_v3_mem_q_reg[980],SDFFR_X1,6
i_frontend_i_fetch_fifo_i_fifo_v3_mem_q_reg[981],SDFFR_X1,6
i_frontend_i_fetch_fifo_i_fifo_v3_mem_q_reg[982],SDFFR_X1,6
i_frontend_i_fetch_fifo_i_fifo_v3_mem_q_reg[983],SDFFR_X1,6
i_frontend_i_fetch_fifo_i_fifo_v3_mem_q_reg[984],SDFFR_X1,6
i_frontend_i_fetch_fifo_i_fifo_v3_mem_q_reg[985],SDFFR_X1,6
i_frontend_i_fetch_fifo_i_fifo_v3_mem_q_reg[986],SDFFR_X1,6
i_frontend_i_fetch_fifo_i_fifo_v3_mem_q_reg[987],SDFFR_X1,6
i_frontend_i_fetch_fifo_i_fifo_v3_mem_q_reg[988],SDFFR_X1,6
i_frontend_i_fetch_fifo_i_fifo_v3_mem_q_reg[989],SDFFR_X1,6
i_frontend_i_fetch_fifo_i_fifo_v3_mem_q_reg[990],SDFFR_X1,6
i_frontend_i_fetch_fifo_i_fifo_v3_mem_q_reg[991],SDFFR_X1,6
i_frontend_i_fetch_fifo_i_fifo_v3_mem_q_reg[992],SDFFR_X1,6
i_frontend_i_fetch_fifo_i_fifo_v3_mem_q_reg[993],SDFFR_X1,6
i_frontend_i_fetch_fifo_i_fifo_v3_mem_q_reg[994],SDFFR_X1,6
i_frontend_i_fetch_fifo_i_fifo_v3_mem_q_reg[995],SDFFR_X1,6
i_frontend_i_fetch_fifo_i_fifo_v3_mem_q_reg[996],SDFFR_X1,6
i_frontend_i_fetch_fifo_i_fifo_v3_mem_q_reg[997],SDFFR_X1,6
i_frontend_i_fetch_fifo_i_fifo_v3_mem_q_reg[998],SDFFR_X1,6
i_frontend_i_fetch_fifo_i_fifo_v3_mem_q_reg[999],SDFFR_X1,6
i_frontend_i_fetch_fifo_i_fifo_v3_mem_q_reg[1000],SDFFR_X1,6
i_frontend_i_fetch_fifo_i_fifo_v3_mem_q_reg[1001],SDFFR_X1,6
i_frontend_i_fetch_fifo_i_fifo_v3_mem_q_reg[1002],SDFFR_X1,6
i_frontend_i_fetch_fifo_i_fifo_v3_mem_q_reg[1003],SDFFR_X1,6
i_frontend_i_fetch_fifo_i_fifo_v3_mem_q_reg[1005],SDFFR_X1,6
i_frontend_i_fetch_fifo_i_fifo_v3_mem_q_reg[1006],SDFFR_X1,6
i_frontend_i_fetch_fifo_i_fifo_v3_mem_q_reg[1007],SDFFR_X1,6
i_frontend_i_fetch_fifo_i_fifo_v3_mem_q_reg[1008],DFFR_X1,5
i_frontend_i_fetch_fifo_i_fifo_v3_mem_q_reg[1009],DFFR_X1,5
i_frontend_i_fetch_fifo_i_fifo_v3_mem_q_reg[1010],DFFR_X1,5
i_frontend_i_fetch_fifo_i_fifo_v3_mem_q_reg[1011],DFFR_X1,5
i_frontend_i_fetch_fifo_i_fifo_v3_mem_q_reg[1012],DFFR_X1,5
i_frontend_i_fetch_fifo_i_fifo_v3_mem_q_reg[1013],DFFR_X1,5
i_frontend_i_fetch_fifo_i_fifo_v3_mem_q_reg[1014],DFFR_X1,5
i_frontend_i_fetch_fifo_i_fifo_v3_mem_q_reg[1015],DFFR_X1,5
i_frontend_i_fetch_fifo_i_fifo_v3_mem_q_reg[1016],DFFR_X1,5
i_frontend_i_fetch_fifo_i_fifo_v3_mem_q_reg[1017],DFFR_X1,5
i_frontend_i_fetch_fifo_i_fifo_v3_mem_q_reg[1018],DFFR_X1,5
i_frontend_i_fetch_fifo_i_fifo_v3_mem_q_reg[1019],DFFR_X1,5
i_frontend_i_fetch_fifo_i_fifo_v3_mem_q_reg[1020],DFFR_X1,5
i_frontend_i_fetch_fifo_i_fifo_v3_mem_q_reg[1021],DFFR_X1,5
i_frontend_i_fetch_fifo_i_fifo_v3_mem_q_reg[1022],DFFR_X1,5
i_frontend_i_fetch_fifo_i_fifo_v3_mem_q_reg[1023],DFFR_X1,5
i_frontend_i_fetch_fifo_i_fifo_v3_mem_q_reg[1024],DFFR_X1,5
i_frontend_i_fetch_fifo_i_fifo_v3_mem_q_reg[1025],DFFR_X1,5
i_frontend_i_fetch_fifo_i_fifo_v3_mem_q_reg[1026],DFFR_X1,5
i_frontend_i_fetch_fifo_i_fifo_v3_mem_q_reg[1027],DFFR_X1,5
i_frontend_i_fetch_fifo_i_fifo_v3_mem_q_reg[1028],DFFR_X1,5
i_frontend_i_fetch_fifo_i_fifo_v3_mem_q_reg[1029],DFFR_X1,5
i_frontend_i_fetch_fifo_i_fifo_v3_mem_q_reg[1030],DFFR_X1,5
i_frontend_i_fetch_fifo_i_fifo_v3_mem_q_reg[1031],DFFR_X1,5
i_frontend_i_fetch_fifo_i_fifo_v3_mem_q_reg[1032],DFFR_X1,5
i_frontend_i_fetch_fifo_i_fifo_v3_mem_q_reg[1033],DFFR_X1,5
i_frontend_i_fetch_fifo_i_fifo_v3_mem_q_reg[1034],DFFR_X1,5
i_frontend_i_fetch_fifo_i_fifo_v3_mem_q_reg[1035],DFFR_X1,5
i_frontend_i_fetch_fifo_i_fifo_v3_mem_q_reg[1036],DFFR_X1,5
i_frontend_i_fetch_fifo_i_fifo_v3_mem_q_reg[1037],DFFR_X1,5
i_frontend_i_fetch_fifo_i_fifo_v3_mem_q_reg[1038],DFFR_X1,5
i_frontend_i_fetch_fifo_i_fifo_v3_mem_q_reg[1039],DFFR_X1,5
i_frontend_i_fetch_fifo_i_fifo_v3_mem_q_reg[1040],DFFR_X1,5
i_frontend_i_fetch_fifo_i_fifo_v3_mem_q_reg[1041],DFFR_X1,5
i_frontend_i_fetch_fifo_i_fifo_v3_mem_q_reg[1042],DFFR_X1,5
i_frontend_i_fetch_fifo_i_fifo_v3_mem_q_reg[1043],DFFR_X1,5
i_frontend_i_fetch_fifo_i_fifo_v3_mem_q_reg[1044],DFFR_X1,5
i_frontend_i_fetch_fifo_i_fifo_v3_mem_q_reg[1045],DFFR_X1,5
i_frontend_i_fetch_fifo_i_fifo_v3_mem_q_reg[1046],DFFR_X1,5
i_frontend_i_fetch_fifo_i_fifo_v3_mem_q_reg[1047],DFFR_X1,5
i_frontend_i_fetch_fifo_i_fifo_v3_mem_q_reg[1048],DFFR_X1,5
i_frontend_i_fetch_fifo_i_fifo_v3_mem_q_reg[1049],DFFR_X1,5
i_frontend_i_fetch_fifo_i_fifo_v3_mem_q_reg[1050],DFFR_X1,5
i_frontend_i_fetch_fifo_i_fifo_v3_mem_q_reg[1051],DFFR_X1,5
i_frontend_i_fetch_fifo_i_fifo_v3_mem_q_reg[1052],DFFR_X1,5
i_frontend_i_fetch_fifo_i_fifo_v3_mem_q_reg[1053],DFFR_X1,5
i_frontend_i_fetch_fifo_i_fifo_v3_mem_q_reg[1054],DFFR_X1,5
i_frontend_i_fetch_fifo_i_fifo_v3_mem_q_reg[1055],DFFR_X1,5
i_frontend_i_fetch_fifo_i_fifo_v3_mem_q_reg[1056],DFFR_X1,5
i_frontend_i_fetch_fifo_i_fifo_v3_mem_q_reg[1057],DFFR_X1,5
i_frontend_i_fetch_fifo_i_fifo_v3_mem_q_reg[1058],DFFR_X1,5
i_frontend_i_fetch_fifo_i_fifo_v3_mem_q_reg[1059],DFFR_X1,5
i_frontend_i_fetch_fifo_i_fifo_v3_mem_q_reg[1060],DFFR_X1,5
i_frontend_i_fetch_fifo_i_fifo_v3_mem_q_reg[1061],DFFR_X1,5
i_frontend_i_fetch_fifo_i_fifo_v3_mem_q_reg[1062],DFFR_X1,5
i_frontend_i_fetch_fifo_i_fifo_v3_mem_q_reg[1063],DFFR_X1,5
i_frontend_i_fetch_fifo_i_fifo_v3_mem_q_reg[1064],DFFR_X1,5
i_frontend_i_fetch_fifo_i_fifo_v3_mem_q_reg[1065],DFFR_X1,5
i_frontend_i_fetch_fifo_i_fifo_v3_mem_q_reg[1066],DFFR_X1,5
i_frontend_i_fetch_fifo_i_fifo_v3_mem_q_reg[1067],DFFR_X1,5
i_frontend_i_fetch_fifo_i_fifo_v3_mem_q_reg[1068],DFFR_X1,5
i_frontend_i_fetch_fifo_i_fifo_v3_mem_q_reg[1069],DFFR_X1,5
i_frontend_i_fetch_fifo_i_fifo_v3_mem_q_reg[1070],DFFR_X1,5
i_frontend_i_fetch_fifo_i_fifo_v3_mem_q_reg[1071],DFFR_X1,5
i_frontend_i_fetch_fifo_i_fifo_v3_mem_q_reg[1072],SDFFR_X1,6
i_frontend_i_fetch_fifo_i_fifo_v3_mem_q_reg[1073],SDFFR_X1,6
i_frontend_i_fetch_fifo_i_fifo_v3_mem_q_reg[1074],SDFFR_X1,6
i_frontend_i_fetch_fifo_i_fifo_v3_mem_q_reg[1075],SDFFR_X1,6
i_frontend_i_fetch_fifo_i_fifo_v3_mem_q_reg[1076],SDFFR_X1,6
i_frontend_i_fetch_fifo_i_fifo_v3_mem_q_reg[1077],SDFFR_X1,6
i_frontend_i_fetch_fifo_i_fifo_v3_mem_q_reg[1078],SDFFR_X1,6
i_frontend_i_fetch_fifo_i_fifo_v3_mem_q_reg[1079],SDFFR_X1,6
i_frontend_i_fetch_fifo_i_fifo_v3_mem_q_reg[1080],SDFFR_X1,6
i_frontend_i_fetch_fifo_i_fifo_v3_mem_q_reg[1081],SDFFR_X1,6
i_frontend_i_fetch_fifo_i_fifo_v3_mem_q_reg[1082],SDFFR_X1,6
i_frontend_i_fetch_fifo_i_fifo_v3_mem_q_reg[1083],SDFFR_X1,6
i_frontend_i_fetch_fifo_i_fifo_v3_mem_q_reg[1084],SDFFR_X1,6
i_frontend_i_fetch_fifo_i_fifo_v3_mem_q_reg[1085],SDFFR_X1,6
i_frontend_i_fetch_fifo_i_fifo_v3_mem_q_reg[1086],SDFFR_X1,6
i_frontend_i_fetch_fifo_i_fifo_v3_mem_q_reg[1087],SDFFR_X1,6
i_frontend_i_fetch_fifo_i_fifo_v3_mem_q_reg[1088],SDFFR_X1,6
i_frontend_i_fetch_fifo_i_fifo_v3_mem_q_reg[1089],SDFFR_X1,6
i_frontend_i_fetch_fifo_i_fifo_v3_mem_q_reg[1090],SDFFR_X1,6
i_frontend_i_fetch_fifo_i_fifo_v3_mem_q_reg[1091],SDFFR_X1,6
i_frontend_i_fetch_fifo_i_fifo_v3_mem_q_reg[1092],SDFFR_X1,6
i_frontend_i_fetch_fifo_i_fifo_v3_mem_q_reg[1093],SDFFR_X1,6
i_frontend_i_fetch_fifo_i_fifo_v3_mem_q_reg[1094],SDFFR_X1,6
i_frontend_i_fetch_fifo_i_fifo_v3_mem_q_reg[1095],SDFFR_X1,6
i_frontend_i_fetch_fifo_i_fifo_v3_mem_q_reg[1096],SDFFR_X1,6
i_frontend_i_fetch_fifo_i_fifo_v3_mem_q_reg[1097],SDFFR_X1,6
i_frontend_i_fetch_fifo_i_fifo_v3_mem_q_reg[1098],SDFFR_X1,6
i_frontend_i_fetch_fifo_i_fifo_v3_mem_q_reg[1099],SDFFR_X1,6
i_frontend_i_fetch_fifo_i_fifo_v3_mem_q_reg[1100],SDFFR_X1,6
i_frontend_i_fetch_fifo_i_fifo_v3_mem_q_reg[1101],SDFFR_X1,6
i_frontend_i_fetch_fifo_i_fifo_v3_mem_q_reg[1102],SDFFR_X1,6
i_frontend_i_fetch_fifo_i_fifo_v3_mem_q_reg[1103],SDFFR_X1,6
i_frontend_i_fetch_fifo_i_fifo_v3_mem_q_reg[1104],SDFFR_X1,6
i_frontend_i_fetch_fifo_i_fifo_v3_mem_q_reg[1105],SDFFR_X1,6
i_frontend_i_fetch_fifo_i_fifo_v3_mem_q_reg[1106],SDFFR_X1,6
i_frontend_i_fetch_fifo_i_fifo_v3_mem_q_reg[1107],SDFFR_X1,6
i_frontend_i_fetch_fifo_i_fifo_v3_mem_q_reg[1108],SDFFR_X1,6
i_frontend_i_fetch_fifo_i_fifo_v3_mem_q_reg[1109],SDFFR_X1,6
i_frontend_i_fetch_fifo_i_fifo_v3_mem_q_reg[1110],SDFFR_X1,6
i_frontend_i_fetch_fifo_i_fifo_v3_mem_q_reg[1111],SDFFR_X1,6
i_frontend_i_fetch_fifo_i_fifo_v3_mem_q_reg[1112],SDFFR_X1,6
i_frontend_i_fetch_fifo_i_fifo_v3_mem_q_reg[1113],SDFFR_X1,6
i_frontend_i_fetch_fifo_i_fifo_v3_mem_q_reg[1114],SDFFR_X1,6
i_frontend_i_fetch_fifo_i_fifo_v3_mem_q_reg[1115],SDFFR_X1,6
i_frontend_i_fetch_fifo_i_fifo_v3_mem_q_reg[1116],SDFFR_X1,6
i_frontend_i_fetch_fifo_i_fifo_v3_mem_q_reg[1117],SDFFR_X1,6
i_frontend_i_fetch_fifo_i_fifo_v3_mem_q_reg[1118],SDFFR_X1,6
i_frontend_i_fetch_fifo_i_fifo_v3_mem_q_reg[1119],SDFFR_X1,6
i_frontend_i_fetch_fifo_i_fifo_v3_mem_q_reg[1120],SDFFR_X1,6
i_frontend_i_fetch_fifo_i_fifo_v3_mem_q_reg[1121],SDFFR_X1,6
i_frontend_i_fetch_fifo_i_fifo_v3_mem_q_reg[1122],SDFFR_X1,6
i_frontend_i_fetch_fifo_i_fifo_v3_mem_q_reg[1123],SDFFR_X1,6
i_frontend_i_fetch_fifo_i_fifo_v3_mem_q_reg[1124],SDFFR_X1,6
i_frontend_i_fetch_fifo_i_fifo_v3_mem_q_reg[1125],SDFFR_X1,6
i_frontend_i_fetch_fifo_i_fifo_v3_mem_q_reg[1126],SDFFR_X1,6
i_frontend_i_fetch_fifo_i_fifo_v3_mem_q_reg[1127],SDFFR_X1,6
i_frontend_i_fetch_fifo_i_fifo_v3_mem_q_reg[1128],SDFFR_X1,6
i_frontend_i_fetch_fifo_i_fifo_v3_mem_q_reg[1129],SDFFR_X1,6
i_frontend_i_fetch_fifo_i_fifo_v3_mem_q_reg[1130],SDFFR_X1,6
i_frontend_i_fetch_fifo_i_fifo_v3_mem_q_reg[1131],SDFFR_X1,6
i_frontend_i_fetch_fifo_i_fifo_v3_mem_q_reg[1132],SDFFR_X1,6
i_frontend_i_fetch_fifo_i_fifo_v3_mem_q_reg[1133],SDFFR_X1,6
i_frontend_i_fetch_fifo_i_fifo_v3_mem_q_reg[1134],SDFFR_X1,6
i_frontend_i_fetch_fifo_i_fifo_v3_mem_q_reg[1135],SDFFR_X1,6
i_frontend_i_fetch_fifo_i_fifo_v3_mem_q_reg[1136],SDFFR_X1,6
i_frontend_i_fetch_fifo_i_fifo_v3_mem_q_reg[1137],SDFFR_X1,6
i_frontend_i_fetch_fifo_i_fifo_v3_mem_q_reg[1138],SDFFR_X1,6
i_frontend_i_fetch_fifo_i_fifo_v3_mem_q_reg[1139],SDFFR_X1,6
i_frontend_i_fetch_fifo_i_fifo_v3_mem_q_reg[1140],SDFFR_X1,6
i_frontend_i_fetch_fifo_i_fifo_v3_mem_q_reg[1141],SDFFR_X1,6
i_frontend_i_fetch_fifo_i_fifo_v3_mem_q_reg[1142],SDFFR_X1,6
i_frontend_i_fetch_fifo_i_fifo_v3_mem_q_reg[1143],SDFFR_X1,6
i_frontend_i_fetch_fifo_i_fifo_v3_mem_q_reg[1144],SDFFR_X1,6
i_frontend_i_fetch_fifo_i_fifo_v3_mem_q_reg[1145],SDFFR_X1,6
i_frontend_i_fetch_fifo_i_fifo_v3_mem_q_reg[1146],SDFFR_X1,6
i_frontend_i_fetch_fifo_i_fifo_v3_mem_q_reg[1147],SDFFR_X1,6
i_frontend_i_fetch_fifo_i_fifo_v3_mem_q_reg[1148],SDFFR_X1,6
i_frontend_i_fetch_fifo_i_fifo_v3_mem_q_reg[1149],SDFFR_X1,6
i_frontend_i_fetch_fifo_i_fifo_v3_mem_q_reg[1150],SDFFR_X1,6
i_frontend_i_fetch_fifo_i_fifo_v3_mem_q_reg[1151],SDFFR_X1,6
i_frontend_i_fetch_fifo_i_fifo_v3_mem_q_reg[1152],SDFFR_X1,6
i_frontend_i_fetch_fifo_i_fifo_v3_mem_q_reg[1153],SDFFR_X1,6
i_frontend_i_fetch_fifo_i_fifo_v3_mem_q_reg[1154],SDFFR_X1,6
i_frontend_i_fetch_fifo_i_fifo_v3_mem_q_reg[1155],SDFFR_X1,6
i_frontend_i_fetch_fifo_i_fifo_v3_mem_q_reg[1156],SDFFR_X1,6
i_frontend_i_fetch_fifo_i_fifo_v3_mem_q_reg[1157],SDFFR_X1,6
i_frontend_i_fetch_fifo_i_fifo_v3_mem_q_reg[1158],SDFFR_X1,6
i_frontend_i_fetch_fifo_i_fifo_v3_mem_q_reg[1159],SDFFR_X1,6
i_frontend_i_fetch_fifo_i_fifo_v3_mem_q_reg[1160],SDFFR_X1,6
i_frontend_i_fetch_fifo_i_fifo_v3_mem_q_reg[1161],SDFFR_X1,6
i_frontend_i_fetch_fifo_i_fifo_v3_mem_q_reg[1162],SDFFR_X1,6
i_frontend_i_fetch_fifo_i_fifo_v3_mem_q_reg[1163],SDFFR_X1,6
i_frontend_i_fetch_fifo_i_fifo_v3_mem_q_reg[1164],SDFFR_X1,6
i_frontend_i_fetch_fifo_i_fifo_v3_mem_q_reg[1165],SDFFR_X1,6
i_frontend_i_fetch_fifo_i_fifo_v3_mem_q_reg[1166],SDFFR_X1,6
i_frontend_i_fetch_fifo_i_fifo_v3_mem_q_reg[1167],SDFFR_X1,6
i_frontend_i_fetch_fifo_i_fifo_v3_mem_q_reg[1168],SDFFR_X1,6
i_frontend_i_fetch_fifo_i_fifo_v3_mem_q_reg[1169],SDFFR_X1,6
i_frontend_i_fetch_fifo_i_fifo_v3_mem_q_reg[1170],SDFFR_X1,6
i_frontend_i_fetch_fifo_i_fifo_v3_mem_q_reg[1172],SDFFR_X1,6
i_frontend_i_fetch_fifo_i_fifo_v3_mem_q_reg[1173],SDFFR_X1,6
i_frontend_i_fetch_fifo_i_fifo_v3_mem_q_reg[1174],SDFFR_X1,6
i_frontend_i_fetch_fifo_i_fifo_v3_mem_q_reg[1175],DFFR_X1,5
i_frontend_i_fetch_fifo_i_fifo_v3_mem_q_reg[1176],DFFR_X1,5
i_frontend_i_fetch_fifo_i_fifo_v3_mem_q_reg[1177],DFFR_X1,5
i_frontend_i_fetch_fifo_i_fifo_v3_mem_q_reg[1178],DFFR_X1,5
i_frontend_i_fetch_fifo_i_fifo_v3_mem_q_reg[1179],DFFR_X1,5
i_frontend_i_fetch_fifo_i_fifo_v3_mem_q_reg[1180],DFFR_X1,5
i_frontend_i_fetch_fifo_i_fifo_v3_mem_q_reg[1181],DFFR_X1,5
i_frontend_i_fetch_fifo_i_fifo_v3_mem_q_reg[1182],DFFR_X1,5
i_frontend_i_fetch_fifo_i_fifo_v3_mem_q_reg[1183],DFFR_X1,5
i_frontend_i_fetch_fifo_i_fifo_v3_mem_q_reg[1184],DFFR_X1,5
i_frontend_i_fetch_fifo_i_fifo_v3_mem_q_reg[1185],DFFR_X1,5
i_frontend_i_fetch_fifo_i_fifo_v3_mem_q_reg[1186],DFFR_X1,5
i_frontend_i_fetch_fifo_i_fifo_v3_mem_q_reg[1187],DFFR_X1,5
i_frontend_i_fetch_fifo_i_fifo_v3_mem_q_reg[1188],DFFR_X1,5
i_frontend_i_fetch_fifo_i_fifo_v3_mem_q_reg[1189],DFFR_X1,5
i_frontend_i_fetch_fifo_i_fifo_v3_mem_q_reg[1190],DFFR_X1,5
i_frontend_i_fetch_fifo_i_fifo_v3_mem_q_reg[1191],DFFR_X1,5
i_frontend_i_fetch_fifo_i_fifo_v3_mem_q_reg[1192],DFFR_X1,5
i_frontend_i_fetch_fifo_i_fifo_v3_mem_q_reg[1193],DFFR_X1,5
i_frontend_i_fetch_fifo_i_fifo_v3_mem_q_reg[1194],DFFR_X1,5
i_frontend_i_fetch_fifo_i_fifo_v3_mem_q_reg[1195],DFFR_X1,5
i_frontend_i_fetch_fifo_i_fifo_v3_mem_q_reg[1196],DFFR_X1,5
i_frontend_i_fetch_fifo_i_fifo_v3_mem_q_reg[1197],DFFR_X1,5
i_frontend_i_fetch_fifo_i_fifo_v3_mem_q_reg[1198],DFFR_X1,5
i_frontend_i_fetch_fifo_i_fifo_v3_mem_q_reg[1199],DFFR_X1,5
i_frontend_i_fetch_fifo_i_fifo_v3_mem_q_reg[1200],DFFR_X1,5
i_frontend_i_fetch_fifo_i_fifo_v3_mem_q_reg[1201],DFFR_X1,5
i_frontend_i_fetch_fifo_i_fifo_v3_mem_q_reg[1202],DFFR_X1,5
i_frontend_i_fetch_fifo_i_fifo_v3_mem_q_reg[1203],DFFR_X1,5
i_frontend_i_fetch_fifo_i_fifo_v3_mem_q_reg[1204],DFFR_X1,5
i_frontend_i_fetch_fifo_i_fifo_v3_mem_q_reg[1205],DFFR_X1,5
i_frontend_i_fetch_fifo_i_fifo_v3_mem_q_reg[1206],DFFR_X1,5
i_frontend_i_fetch_fifo_i_fifo_v3_mem_q_reg[1207],DFFR_X1,5
i_frontend_i_fetch_fifo_i_fifo_v3_mem_q_reg[1208],DFFR_X1,5
i_frontend_i_fetch_fifo_i_fifo_v3_mem_q_reg[1209],DFFR_X1,5
i_frontend_i_fetch_fifo_i_fifo_v3_mem_q_reg[1210],DFFR_X1,5
i_frontend_i_fetch_fifo_i_fifo_v3_mem_q_reg[1211],DFFR_X1,5
i_frontend_i_fetch_fifo_i_fifo_v3_mem_q_reg[1212],DFFR_X1,5
i_frontend_i_fetch_fifo_i_fifo_v3_mem_q_reg[1213],DFFR_X1,5
i_frontend_i_fetch_fifo_i_fifo_v3_mem_q_reg[1214],DFFR_X1,5
i_frontend_i_fetch_fifo_i_fifo_v3_mem_q_reg[1215],DFFR_X1,5
i_frontend_i_fetch_fifo_i_fifo_v3_mem_q_reg[1216],DFFR_X1,5
i_frontend_i_fetch_fifo_i_fifo_v3_mem_q_reg[1217],DFFR_X1,5
i_frontend_i_fetch_fifo_i_fifo_v3_mem_q_reg[1218],DFFR_X1,5
i_frontend_i_fetch_fifo_i_fifo_v3_mem_q_reg[1219],DFFR_X1,5
i_frontend_i_fetch_fifo_i_fifo_v3_mem_q_reg[1220],DFFR_X1,5
i_frontend_i_fetch_fifo_i_fifo_v3_mem_q_reg[1221],DFFR_X1,5
i_frontend_i_fetch_fifo_i_fifo_v3_mem_q_reg[1222],DFFR_X1,5
i_frontend_i_fetch_fifo_i_fifo_v3_mem_q_reg[1223],DFFR_X1,5
i_frontend_i_fetch_fifo_i_fifo_v3_mem_q_reg[1224],DFFR_X1,5
i_frontend_i_fetch_fifo_i_fifo_v3_mem_q_reg[1225],DFFR_X1,5
i_frontend_i_fetch_fifo_i_fifo_v3_mem_q_reg[1226],DFFR_X1,5
i_frontend_i_fetch_fifo_i_fifo_v3_mem_q_reg[1227],DFFR_X1,5
i_frontend_i_fetch_fifo_i_fifo_v3_mem_q_reg[1228],DFFR_X1,5
i_frontend_i_fetch_fifo_i_fifo_v3_mem_q_reg[1229],DFFR_X1,5
i_frontend_i_fetch_fifo_i_fifo_v3_mem_q_reg[1230],DFFR_X1,5
i_frontend_i_fetch_fifo_i_fifo_v3_mem_q_reg[1231],DFFR_X1,5
i_frontend_i_fetch_fifo_i_fifo_v3_mem_q_reg[1232],DFFR_X1,5
i_frontend_i_fetch_fifo_i_fifo_v3_mem_q_reg[1233],DFFR_X1,5
i_frontend_i_fetch_fifo_i_fifo_v3_mem_q_reg[1234],DFFR_X1,5
i_frontend_i_fetch_fifo_i_fifo_v3_mem_q_reg[1235],DFFR_X1,5
i_frontend_i_fetch_fifo_i_fifo_v3_mem_q_reg[1236],DFFR_X1,5
i_frontend_i_fetch_fifo_i_fifo_v3_mem_q_reg[1237],DFFR_X1,5
i_frontend_i_fetch_fifo_i_fifo_v3_mem_q_reg[1238],DFFR_X1,5
i_frontend_i_fetch_fifo_i_fifo_v3_mem_q_reg[1239],SDFFR_X1,6
i_frontend_i_fetch_fifo_i_fifo_v3_mem_q_reg[1240],SDFFR_X1,6
i_frontend_i_fetch_fifo_i_fifo_v3_mem_q_reg[1241],SDFFR_X1,6
i_frontend_i_fetch_fifo_i_fifo_v3_mem_q_reg[1242],SDFFR_X1,6
i_frontend_i_fetch_fifo_i_fifo_v3_mem_q_reg[1243],SDFFR_X1,6
i_frontend_i_fetch_fifo_i_fifo_v3_mem_q_reg[1244],SDFFR_X1,6
i_frontend_i_fetch_fifo_i_fifo_v3_mem_q_reg[1245],SDFFR_X1,6
i_frontend_i_fetch_fifo_i_fifo_v3_mem_q_reg[1246],SDFFR_X1,6
i_frontend_i_fetch_fifo_i_fifo_v3_mem_q_reg[1247],SDFFR_X1,6
i_frontend_i_fetch_fifo_i_fifo_v3_mem_q_reg[1248],SDFFR_X1,6
i_frontend_i_fetch_fifo_i_fifo_v3_mem_q_reg[1249],SDFFR_X1,6
i_frontend_i_fetch_fifo_i_fifo_v3_mem_q_reg[1250],SDFFR_X1,6
i_frontend_i_fetch_fifo_i_fifo_v3_mem_q_reg[1251],SDFFR_X1,6
i_frontend_i_fetch_fifo_i_fifo_v3_mem_q_reg[1252],SDFFR_X1,6
i_frontend_i_fetch_fifo_i_fifo_v3_mem_q_reg[1253],SDFFR_X1,6
i_frontend_i_fetch_fifo_i_fifo_v3_mem_q_reg[1254],SDFFR_X1,6
i_frontend_i_fetch_fifo_i_fifo_v3_mem_q_reg[1255],SDFFR_X1,6
i_frontend_i_fetch_fifo_i_fifo_v3_mem_q_reg[1256],SDFFR_X1,6
i_frontend_i_fetch_fifo_i_fifo_v3_mem_q_reg[1257],SDFFR_X1,6
i_frontend_i_fetch_fifo_i_fifo_v3_mem_q_reg[1258],SDFFR_X1,6
i_frontend_i_fetch_fifo_i_fifo_v3_mem_q_reg[1259],SDFFR_X1,6
i_frontend_i_fetch_fifo_i_fifo_v3_mem_q_reg[1260],SDFFR_X1,6
i_frontend_i_fetch_fifo_i_fifo_v3_mem_q_reg[1261],SDFFR_X1,6
i_frontend_i_fetch_fifo_i_fifo_v3_mem_q_reg[1262],SDFFR_X1,6
i_frontend_i_fetch_fifo_i_fifo_v3_mem_q_reg[1263],SDFFR_X1,6
i_frontend_i_fetch_fifo_i_fifo_v3_mem_q_reg[1264],SDFFR_X1,6
i_frontend_i_fetch_fifo_i_fifo_v3_mem_q_reg[1265],SDFFR_X1,6
i_frontend_i_fetch_fifo_i_fifo_v3_mem_q_reg[1266],SDFFR_X1,6
i_frontend_i_fetch_fifo_i_fifo_v3_mem_q_reg[1267],SDFFR_X1,6
i_frontend_i_fetch_fifo_i_fifo_v3_mem_q_reg[1268],SDFFR_X1,6
i_frontend_i_fetch_fifo_i_fifo_v3_mem_q_reg[1269],SDFFR_X1,6
i_frontend_i_fetch_fifo_i_fifo_v3_mem_q_reg[1270],SDFFR_X1,6
i_frontend_i_fetch_fifo_i_fifo_v3_mem_q_reg[1271],SDFFR_X1,6
i_frontend_i_fetch_fifo_i_fifo_v3_mem_q_reg[1272],SDFFR_X1,6
i_frontend_i_fetch_fifo_i_fifo_v3_mem_q_reg[1273],SDFFR_X1,6
i_frontend_i_fetch_fifo_i_fifo_v3_mem_q_reg[1274],SDFFR_X1,6
i_frontend_i_fetch_fifo_i_fifo_v3_mem_q_reg[1275],SDFFR_X1,6
i_frontend_i_fetch_fifo_i_fifo_v3_mem_q_reg[1276],SDFFR_X1,6
i_frontend_i_fetch_fifo_i_fifo_v3_mem_q_reg[1277],SDFFR_X1,6
i_frontend_i_fetch_fifo_i_fifo_v3_mem_q_reg[1278],SDFFR_X1,6
i_frontend_i_fetch_fifo_i_fifo_v3_mem_q_reg[1279],SDFFR_X1,6
i_frontend_i_fetch_fifo_i_fifo_v3_mem_q_reg[1280],SDFFR_X1,6
i_frontend_i_fetch_fifo_i_fifo_v3_mem_q_reg[1281],SDFFR_X1,6
i_frontend_i_fetch_fifo_i_fifo_v3_mem_q_reg[1282],SDFFR_X1,6
i_frontend_i_fetch_fifo_i_fifo_v3_mem_q_reg[1283],SDFFR_X1,6
i_frontend_i_fetch_fifo_i_fifo_v3_mem_q_reg[1284],SDFFR_X1,6
i_frontend_i_fetch_fifo_i_fifo_v3_mem_q_reg[1285],SDFFR_X1,6
i_frontend_i_fetch_fifo_i_fifo_v3_mem_q_reg[1286],SDFFR_X1,6
i_frontend_i_fetch_fifo_i_fifo_v3_mem_q_reg[1287],SDFFR_X1,6
i_frontend_i_fetch_fifo_i_fifo_v3_mem_q_reg[1288],SDFFR_X1,6
i_frontend_i_fetch_fifo_i_fifo_v3_mem_q_reg[1289],SDFFR_X1,6
i_frontend_i_fetch_fifo_i_fifo_v3_mem_q_reg[1290],SDFFR_X1,6
i_frontend_i_fetch_fifo_i_fifo_v3_mem_q_reg[1291],SDFFR_X1,6
i_frontend_i_fetch_fifo_i_fifo_v3_mem_q_reg[1292],SDFFR_X1,6
i_frontend_i_fetch_fifo_i_fifo_v3_mem_q_reg[1293],SDFFR_X1,6
i_frontend_i_fetch_fifo_i_fifo_v3_mem_q_reg[1294],SDFFR_X1,6
i_frontend_i_fetch_fifo_i_fifo_v3_mem_q_reg[1295],SDFFR_X1,6
i_frontend_i_fetch_fifo_i_fifo_v3_mem_q_reg[1296],SDFFR_X1,6
i_frontend_i_fetch_fifo_i_fifo_v3_mem_q_reg[1297],SDFFR_X1,6
i_frontend_i_fetch_fifo_i_fifo_v3_mem_q_reg[1298],SDFFR_X1,6
i_frontend_i_fetch_fifo_i_fifo_v3_mem_q_reg[1299],SDFFR_X1,6
i_frontend_i_fetch_fifo_i_fifo_v3_mem_q_reg[1300],SDFFR_X1,6
i_frontend_i_fetch_fifo_i_fifo_v3_mem_q_reg[1301],SDFFR_X1,6
i_frontend_i_fetch_fifo_i_fifo_v3_mem_q_reg[1302],SDFFR_X1,6
i_frontend_i_fetch_fifo_i_fifo_v3_mem_q_reg[1303],SDFFR_X1,6
i_frontend_i_fetch_fifo_i_fifo_v3_mem_q_reg[1304],SDFFR_X1,6
i_frontend_i_fetch_fifo_i_fifo_v3_mem_q_reg[1305],SDFFR_X1,6
i_frontend_i_fetch_fifo_i_fifo_v3_mem_q_reg[1306],SDFFR_X1,6
i_frontend_i_fetch_fifo_i_fifo_v3_mem_q_reg[1307],SDFFR_X1,6
i_frontend_i_fetch_fifo_i_fifo_v3_mem_q_reg[1308],SDFFR_X1,6
i_frontend_i_fetch_fifo_i_fifo_v3_mem_q_reg[1309],SDFFR_X1,6
i_frontend_i_fetch_fifo_i_fifo_v3_mem_q_reg[1310],SDFFR_X1,6
i_frontend_i_fetch_fifo_i_fifo_v3_mem_q_reg[1311],SDFFR_X1,6
i_frontend_i_fetch_fifo_i_fifo_v3_mem_q_reg[1312],SDFFR_X1,6
i_frontend_i_fetch_fifo_i_fifo_v3_mem_q_reg[1313],SDFFR_X1,6
i_frontend_i_fetch_fifo_i_fifo_v3_mem_q_reg[1314],SDFFR_X1,6
i_frontend_i_fetch_fifo_i_fifo_v3_mem_q_reg[1315],SDFFR_X1,6
i_frontend_i_fetch_fifo_i_fifo_v3_mem_q_reg[1316],SDFFR_X1,6
i_frontend_i_fetch_fifo_i_fifo_v3_mem_q_reg[1317],SDFFR_X1,6
i_frontend_i_fetch_fifo_i_fifo_v3_mem_q_reg[1318],SDFFR_X1,6
i_frontend_i_fetch_fifo_i_fifo_v3_mem_q_reg[1319],SDFFR_X1,6
i_frontend_i_fetch_fifo_i_fifo_v3_mem_q_reg[1320],SDFFR_X1,6
i_frontend_i_fetch_fifo_i_fifo_v3_mem_q_reg[1321],SDFFR_X1,6
i_frontend_i_fetch_fifo_i_fifo_v3_mem_q_reg[1322],SDFFR_X1,6
i_frontend_i_fetch_fifo_i_fifo_v3_mem_q_reg[1323],SDFFR_X1,6
i_frontend_i_fetch_fifo_i_fifo_v3_mem_q_reg[1324],SDFFR_X1,6
i_frontend_i_fetch_fifo_i_fifo_v3_mem_q_reg[1325],SDFFR_X1,6
i_frontend_i_fetch_fifo_i_fifo_v3_mem_q_reg[1326],SDFFR_X1,6
i_frontend_i_fetch_fifo_i_fifo_v3_mem_q_reg[1327],SDFFR_X1,6
i_frontend_i_fetch_fifo_i_fifo_v3_mem_q_reg[1328],SDFFR_X1,6
i_frontend_i_fetch_fifo_i_fifo_v3_mem_q_reg[1329],SDFFR_X1,6
i_frontend_i_fetch_fifo_i_fifo_v3_mem_q_reg[1330],SDFFR_X1,6
i_frontend_i_fetch_fifo_i_fifo_v3_mem_q_reg[1331],SDFFR_X1,6
i_frontend_i_fetch_fifo_i_fifo_v3_mem_q_reg[1332],SDFFR_X1,6
i_frontend_i_fetch_fifo_i_fifo_v3_mem_q_reg[1333],SDFFR_X1,6
i_frontend_i_fetch_fifo_i_fifo_v3_mem_q_reg[1334],SDFFR_X1,6
i_frontend_i_fetch_fifo_i_fifo_v3_mem_q_reg[1335],SDFFR_X1,6
i_frontend_i_fetch_fifo_i_fifo_v3_read_pointer_q_reg[0],DFFR_X1,5
i_frontend_i_fetch_fifo_i_fifo_v3_read_pointer_q_reg[1],DFFR_X1,5
i_frontend_i_fetch_fifo_i_fifo_v3_read_pointer_q_reg[2],DFFR_X1,5
i_frontend_i_fetch_fifo_i_fifo_v3_status_cnt_q_reg[3],DFFR_X1,5
i_frontend_i_fetch_fifo_i_fifo_v3_usage_o_reg[0],DFFR_X1,5
i_frontend_i_fetch_fifo_i_fifo_v3_usage_o_reg[1],DFFR_X1,5
i_frontend_i_fetch_fifo_i_fifo_v3_usage_o_reg[2],DFFR_X1,5
i_frontend_i_fetch_fifo_i_fifo_v3_write_pointer_q_reg[0],DFFR_X1,5
i_frontend_i_fetch_fifo_i_fifo_v3_write_pointer_q_reg[1],DFFR_X1,5
i_frontend_i_fetch_fifo_i_fifo_v3_write_pointer_q_reg[2],DFFR_X1,5
i_frontend_i_ras_data_o_reg[0],DFFR_X1,5
i_frontend_i_ras_data_o_reg[1],DFFR_X1,5
i_frontend_i_ras_data_o_reg[2],DFFR_X1,5
i_frontend_i_ras_data_o_reg[3],DFFR_X1,5
i_frontend_i_ras_data_o_reg[4],DFFR_X1,5
i_frontend_i_ras_data_o_reg[5],DFFR_X1,5
i_frontend_i_ras_data_o_reg[6],DFFR_X1,5
i_frontend_i_ras_data_o_reg[7],DFFR_X1,5
i_frontend_i_ras_data_o_reg[8],DFFR_X1,5
i_frontend_i_ras_data_o_reg[9],DFFR_X1,5
i_frontend_i_ras_data_o_reg[10],DFFR_X1,5
i_frontend_i_ras_data_o_reg[11],DFFR_X1,5
i_frontend_i_ras_data_o_reg[12],DFFR_X1,5
i_frontend_i_ras_data_o_reg[13],DFFR_X1,5
i_frontend_i_ras_data_o_reg[14],DFFR_X1,5
i_frontend_i_ras_data_o_reg[15],DFFR_X1,5
i_frontend_i_ras_data_o_reg[16],DFFR_X1,5
i_frontend_i_ras_data_o_reg[17],DFFR_X1,5
i_frontend_i_ras_data_o_reg[18],DFFR_X1,5
i_frontend_i_ras_data_o_reg[19],DFFR_X1,5
i_frontend_i_ras_data_o_reg[20],DFFR_X1,5
i_frontend_i_ras_data_o_reg[21],DFFR_X1,5
i_frontend_i_ras_data_o_reg[22],DFFR_X1,5
i_frontend_i_ras_data_o_reg[23],DFFR_X1,5
i_frontend_i_ras_data_o_reg[24],DFFR_X1,5
i_frontend_i_ras_data_o_reg[25],DFFR_X1,5
i_frontend_i_ras_data_o_reg[26],DFFR_X1,5
i_frontend_i_ras_data_o_reg[27],DFFR_X1,5
i_frontend_i_ras_data_o_reg[28],DFFR_X1,5
i_frontend_i_ras_data_o_reg[29],DFFR_X1,5
i_frontend_i_ras_data_o_reg[30],DFFR_X1,5
i_frontend_i_ras_data_o_reg[31],DFFR_X1,5
i_frontend_i_ras_data_o_reg[32],DFFR_X1,5
i_frontend_i_ras_data_o_reg[33],DFFR_X1,5
i_frontend_i_ras_data_o_reg[34],DFFR_X1,5
i_frontend_i_ras_data_o_reg[35],DFFR_X1,5
i_frontend_i_ras_data_o_reg[36],DFFR_X1,5
i_frontend_i_ras_data_o_reg[37],DFFR_X1,5
i_frontend_i_ras_data_o_reg[38],DFFR_X1,5
i_frontend_i_ras_data_o_reg[39],DFFR_X1,5
i_frontend_i_ras_data_o_reg[40],DFFR_X1,5
i_frontend_i_ras_data_o_reg[41],DFFR_X1,5
i_frontend_i_ras_data_o_reg[42],DFFR_X1,5
i_frontend_i_ras_data_o_reg[43],DFFR_X1,5
i_frontend_i_ras_data_o_reg[44],DFFR_X1,5
i_frontend_i_ras_data_o_reg[45],DFFR_X1,5
i_frontend_i_ras_data_o_reg[46],DFFR_X1,5
i_frontend_i_ras_data_o_reg[47],DFFR_X1,5
i_frontend_i_ras_data_o_reg[48],DFFR_X1,5
i_frontend_i_ras_data_o_reg[49],DFFR_X1,5
i_frontend_i_ras_data_o_reg[50],DFFR_X1,5
i_frontend_i_ras_data_o_reg[51],DFFR_X1,5
i_frontend_i_ras_data_o_reg[52],DFFR_X1,5
i_frontend_i_ras_data_o_reg[53],DFFR_X1,5
i_frontend_i_ras_data_o_reg[54],DFFR_X1,5
i_frontend_i_ras_data_o_reg[55],DFFR_X1,5
i_frontend_i_ras_data_o_reg[56],DFFR_X1,5
i_frontend_i_ras_data_o_reg[57],DFFR_X1,5
i_frontend_i_ras_data_o_reg[58],DFFR_X1,5
i_frontend_i_ras_data_o_reg[59],DFFR_X1,5
i_frontend_i_ras_data_o_reg[60],DFFR_X1,5
i_frontend_i_ras_data_o_reg[61],DFFR_X1,5
i_frontend_i_ras_data_o_reg[62],DFFR_X1,5
i_frontend_i_ras_data_o_reg[63],DFFR_X1,5
i_frontend_i_ras_data_o_reg[64],DFFR_X1,5
i_frontend_i_ras_stack_q_1__ra__0__reg,DFFR_X1,5
i_frontend_i_ras_stack_q_1__ra__1__reg,DFFR_X1,5
i_frontend_i_ras_stack_q_1__ra__2__reg,DFFR_X1,5
i_frontend_i_ras_stack_q_1__ra__3__reg,DFFR_X1,5
i_frontend_i_ras_stack_q_1__ra__4__reg,DFFR_X1,5
i_frontend_i_ras_stack_q_1__ra__5__reg,DFFR_X1,5
i_frontend_i_ras_stack_q_1__ra__6__reg,DFFR_X1,5
i_frontend_i_ras_stack_q_1__ra__7__reg,DFFR_X1,5
i_frontend_i_ras_stack_q_1__ra__8__reg,DFFR_X1,5
i_frontend_i_ras_stack_q_1__ra__9__reg,DFFR_X1,5
i_frontend_i_ras_stack_q_1__ra__10__reg,DFFR_X1,5
i_frontend_i_ras_stack_q_1__ra__11__reg,DFFR_X1,5
i_frontend_i_ras_stack_q_1__ra__12__reg,DFFR_X1,5
i_frontend_i_ras_stack_q_1__ra__13__reg,DFFR_X1,5
i_frontend_i_ras_stack_q_1__ra__14__reg,DFFR_X1,5
i_frontend_i_ras_stack_q_1__ra__15__reg,DFFR_X1,5
i_frontend_i_ras_stack_q_1__ra__16__reg,DFFR_X1,5
i_frontend_i_ras_stack_q_1__ra__17__reg,DFFR_X1,5
i_frontend_i_ras_stack_q_1__ra__18__reg,DFFR_X1,5
i_frontend_i_ras_stack_q_1__ra__19__reg,DFFR_X1,5
i_frontend_i_ras_stack_q_1__ra__20__reg,DFFR_X1,5
i_frontend_i_ras_stack_q_1__ra__21__reg,DFFR_X1,5
i_frontend_i_ras_stack_q_1__ra__22__reg,DFFR_X1,5
i_frontend_i_ras_stack_q_1__ra__23__reg,DFFR_X1,5
i_frontend_i_ras_stack_q_1__ra__24__reg,DFFR_X1,5
i_frontend_i_ras_stack_q_1__ra__25__reg,DFFR_X1,5
i_frontend_i_ras_stack_q_1__ra__26__reg,DFFR_X1,5
i_frontend_i_ras_stack_q_1__ra__27__reg,DFFR_X1,5
i_frontend_i_ras_stack_q_1__ra__28__reg,DFFR_X1,5
i_frontend_i_ras_stack_q_1__ra__29__reg,DFFR_X1,5
i_frontend_i_ras_stack_q_1__ra__30__reg,DFFR_X1,5
i_frontend_i_ras_stack_q_1__ra__31__reg,DFFR_X1,5
i_frontend_i_ras_stack_q_1__ra__32__reg,DFFR_X1,5
i_frontend_i_ras_stack_q_1__ra__33__reg,DFFR_X1,5
i_frontend_i_ras_stack_q_1__ra__34__reg,DFFR_X1,5
i_frontend_i_ras_stack_q_1__ra__35__reg,DFFR_X1,5
i_frontend_i_ras_stack_q_1__ra__36__reg,DFFR_X1,5
i_frontend_i_ras_stack_q_1__ra__37__reg,DFFR_X1,5
i_frontend_i_ras_stack_q_1__ra__38__reg,DFFR_X1,5
i_frontend_i_ras_stack_q_1__ra__39__reg,DFFR_X1,5
i_frontend_i_ras_stack_q_1__ra__40__reg,DFFR_X1,5
i_frontend_i_ras_stack_q_1__ra__41__reg,DFFR_X1,5
i_frontend_i_ras_stack_q_1__ra__42__reg,DFFR_X1,5
i_frontend_i_ras_stack_q_1__ra__43__reg,DFFR_X1,5
i_frontend_i_ras_stack_q_1__ra__44__reg,DFFR_X1,5
i_frontend_i_ras_stack_q_1__ra__45__reg,DFFR_X1,5
i_frontend_i_ras_stack_q_1__ra__46__reg,DFFR_X1,5
i_frontend_i_ras_stack_q_1__ra__47__reg,DFFR_X1,5
i_frontend_i_ras_stack_q_1__ra__48__reg,DFFR_X1,5
i_frontend_i_ras_stack_q_1__ra__49__reg,DFFR_X1,5
i_frontend_i_ras_stack_q_1__ra__50__reg,DFFR_X1,5
i_frontend_i_ras_stack_q_1__ra__51__reg,DFFR_X1,5
i_frontend_i_ras_stack_q_1__ra__52__reg,DFFR_X1,5
i_frontend_i_ras_stack_q_1__ra__53__reg,DFFR_X1,5
i_frontend_i_ras_stack_q_1__ra__54__reg,DFFR_X1,5
i_frontend_i_ras_stack_q_1__ra__55__reg,DFFR_X1,5
i_frontend_i_ras_stack_q_1__ra__56__reg,DFFR_X1,5
i_frontend_i_ras_stack_q_1__ra__57__reg,DFFR_X1,5
i_frontend_i_ras_stack_q_1__ra__58__reg,DFFR_X1,5
i_frontend_i_ras_stack_q_1__ra__59__reg,DFFR_X1,5
i_frontend_i_ras_stack_q_1__ra__60__reg,DFFR_X1,5
i_frontend_i_ras_stack_q_1__ra__61__reg,DFFR_X1,5
i_frontend_i_ras_stack_q_1__ra__62__reg,DFFR_X1,5
i_frontend_i_ras_stack_q_1__ra__63__reg,DFFR_X1,5
i_frontend_i_ras_stack_q_1__valid__reg,DFFR_X1,5
i_frontend_icache_data_q_reg[0],DFFR_X1,5
i_frontend_icache_data_q_reg[1],DFFR_X1,5
i_frontend_icache_data_q_reg[6],DFFR_X1,5
i_frontend_icache_data_q_reg[9],DFFR_X1,5
i_frontend_icache_data_q_reg[15],DFFR_X1,5
i_frontend_icache_data_q_reg[16],DFFR_X1,5
i_frontend_icache_data_q_reg[17],DFFR_X1,5
i_frontend_icache_data_q_reg[21],DFFR_X1,5
i_frontend_icache_data_q_reg[25],DFFR_X1,5
i_frontend_icache_data_q_reg[31],DFFR_X1,5
i_frontend_icache_ex_valid_q_reg,DFFR_X1,5
i_frontend_icache_vaddr_q_reg[0],DFFR_X1,5
i_frontend_icache_vaddr_q_reg[1],DFFR_X1,5
i_frontend_npc_q_reg[0],DFFR_X1,5
i_frontend_npc_q_reg[1],DFFR_X1,5
i_frontend_npc_q_reg[2],DFFR_X1,5
i_frontend_npc_q_reg[3],DFFR_X1,5
i_frontend_npc_q_reg[4],DFFR_X1,5
i_frontend_npc_q_reg[5],DFFR_X1,5
i_frontend_npc_q_reg[6],DFFR_X1,5
i_frontend_npc_q_reg[7],DFFR_X1,5
i_frontend_npc_q_reg[8],DFFR_X1,5
i_frontend_npc_q_reg[9],DFFR_X1,5
i_frontend_npc_q_reg[10],DFFR_X1,5
i_frontend_npc_q_reg[11],DFFR_X1,5
i_frontend_npc_q_reg[12],DFFR_X1,5
i_frontend_npc_q_reg[13],DFFR_X1,5
i_frontend_npc_q_reg[14],DFFR_X1,5
i_frontend_npc_q_reg[15],DFFR_X1,5
i_frontend_npc_q_reg[16],DFFR_X1,5
i_frontend_npc_q_reg[17],DFFR_X1,5
i_frontend_npc_q_reg[18],DFFR_X1,5
i_frontend_npc_q_reg[19],DFFR_X1,5
i_frontend_npc_q_reg[20],DFFR_X1,5
i_frontend_npc_q_reg[21],DFFR_X1,5
i_frontend_npc_q_reg[22],DFFR_X1,5
i_frontend_npc_q_reg[23],DFFR_X1,5
i_frontend_npc_q_reg[24],DFFR_X1,5
i_frontend_npc_q_reg[25],DFFR_X1,5
i_frontend_npc_q_reg[26],DFFR_X1,5
i_frontend_npc_q_reg[27],DFFR_X1,5
i_frontend_npc_q_reg[28],DFFR_X1,5
i_frontend_npc_q_reg[29],DFFR_X1,5
i_frontend_npc_q_reg[30],DFFR_X1,5
i_frontend_npc_q_reg[31],DFFR_X1,5
i_frontend_npc_q_reg[32],DFFR_X1,5
i_frontend_npc_q_reg[33],DFFR_X1,5
i_frontend_npc_q_reg[34],DFFR_X1,5
i_frontend_npc_q_reg[35],DFFR_X1,5
i_frontend_npc_q_reg[36],DFFR_X1,5
i_frontend_npc_q_reg[37],DFFR_X1,5
i_frontend_npc_q_reg[38],DFFR_X1,5
i_frontend_npc_q_reg[39],DFFR_X1,5
i_frontend_npc_q_reg[40],DFFR_X1,5
i_frontend_npc_q_reg[41],DFFR_X1,5
i_frontend_npc_q_reg[42],DFFR_X1,5
i_frontend_npc_q_reg[43],DFFR_X1,5
i_frontend_npc_q_reg[44],DFFR_X1,5
i_frontend_npc_q_reg[45],DFFR_X1,5
i_frontend_npc_q_reg[46],DFFR_X1,5
i_frontend_npc_q_reg[47],DFFR_X1,5
i_frontend_npc_q_reg[48],DFFR_X1,5
i_frontend_npc_q_reg[49],DFFR_X1,5
i_frontend_npc_q_reg[50],DFFR_X1,5
i_frontend_npc_q_reg[51],DFFR_X1,5
i_frontend_npc_q_reg[52],DFFR_X1,5
i_frontend_npc_q_reg[53],DFFR_X1,5
i_frontend_npc_q_reg[54],DFFR_X1,5
i_frontend_npc_q_reg[55],DFFR_X1,5
i_frontend_npc_q_reg[56],DFFR_X1,5
i_frontend_npc_q_reg[57],DFFR_X1,5
i_frontend_npc_q_reg[58],DFFR_X1,5
i_frontend_npc_q_reg[59],DFFR_X1,5
i_frontend_npc_q_reg[60],DFFR_X1,5
i_frontend_npc_q_reg[61],DFFR_X1,5
i_frontend_npc_q_reg[62],DFFR_X1,5
i_frontend_npc_q_reg[63],DFFR_X1,5
i_frontend_s2_in_flight_q_reg,DFFR_X1,5
i_frontend_unaligned_address_q_reg[1],DFFR_X1,5
i_frontend_unaligned_address_q_reg[2],DFFR_X1,5
i_frontend_unaligned_address_q_reg[3],DFFR_X1,5
i_frontend_unaligned_address_q_reg[4],DFFR_X1,5
i_frontend_unaligned_address_q_reg[5],DFFR_X1,5
i_frontend_unaligned_address_q_reg[6],DFFR_X1,5
i_frontend_unaligned_address_q_reg[7],DFFR_X1,5
i_frontend_unaligned_address_q_reg[8],DFFR_X1,5
i_frontend_unaligned_address_q_reg[9],DFFR_X1,5
i_frontend_unaligned_address_q_reg[10],DFFR_X1,5
i_frontend_unaligned_address_q_reg[11],DFFR_X1,5
i_frontend_unaligned_address_q_reg[12],DFFR_X1,5
i_frontend_unaligned_address_q_reg[13],DFFR_X1,5
i_frontend_unaligned_address_q_reg[14],DFFR_X1,5
i_frontend_unaligned_address_q_reg[15],DFFR_X1,5
i_frontend_unaligned_address_q_reg[16],DFFR_X1,5
i_frontend_unaligned_address_q_reg[17],DFFR_X1,5
i_frontend_unaligned_address_q_reg[18],DFFR_X1,5
i_frontend_unaligned_address_q_reg[19],DFFR_X1,5
i_frontend_unaligned_address_q_reg[20],DFFR_X1,5
i_frontend_unaligned_address_q_reg[21],SDFFR_X1,6
i_frontend_unaligned_address_q_reg[22],SDFFR_X1,6
i_frontend_unaligned_address_q_reg[23],SDFFR_X1,6
i_frontend_unaligned_address_q_reg[24],DFFR_X1,5
i_frontend_unaligned_address_q_reg[25],DFFR_X1,5
i_frontend_unaligned_address_q_reg[26],DFFR_X1,5
i_frontend_unaligned_address_q_reg[27],DFFR_X1,5
i_frontend_unaligned_address_q_reg[28],DFFR_X1,5
i_frontend_unaligned_address_q_reg[29],SDFFR_X1,6
i_frontend_unaligned_address_q_reg[30],SDFFR_X1,6
i_frontend_unaligned_address_q_reg[31],SDFFR_X1,6
i_frontend_unaligned_address_q_reg[32],SDFFR_X1,6
i_frontend_unaligned_address_q_reg[33],SDFFR_X1,6
i_frontend_unaligned_address_q_reg[34],SDFFR_X1,6
i_frontend_unaligned_address_q_reg[35],SDFFR_X1,6
i_frontend_unaligned_address_q_reg[36],SDFFR_X1,6
i_frontend_unaligned_address_q_reg[37],SDFFR_X1,6
i_frontend_unaligned_address_q_reg[38],SDFFR_X1,6
i_frontend_unaligned_address_q_reg[39],SDFFR_X1,6
i_frontend_unaligned_address_q_reg[40],SDFFR_X1,6
i_frontend_unaligned_address_q_reg[41],SDFFR_X1,6
i_frontend_unaligned_address_q_reg[42],SDFFR_X1,6
i_frontend_unaligned_address_q_reg[43],SDFFR_X1,6
i_frontend_unaligned_address_q_reg[44],SDFFR_X1,6
i_frontend_unaligned_address_q_reg[45],SDFFR_X1,6
i_frontend_unaligned_address_q_reg[46],SDFFR_X1,6
i_frontend_unaligned_address_q_reg[47],SDFFR_X1,6
i_frontend_unaligned_address_q_reg[48],SDFFR_X1,6
i_frontend_unaligned_address_q_reg[49],SDFFR_X1,6
i_frontend_unaligned_address_q_reg[50],SDFFR_X1,6
i_frontend_unaligned_address_q_reg[51],SDFFR_X1,6
i_frontend_unaligned_address_q_reg[52],SDFFR_X1,6
i_frontend_unaligned_address_q_reg[53],SDFFR_X1,6
i_frontend_unaligned_address_q_reg[54],SDFFR_X1,6
i_frontend_unaligned_address_q_reg[55],SDFFR_X1,6
i_frontend_unaligned_address_q_reg[56],SDFFR_X1,6
i_frontend_unaligned_address_q_reg[57],SDFFR_X1,6
i_frontend_unaligned_address_q_reg[58],SDFFR_X1,6
i_frontend_unaligned_address_q_reg[59],SDFFR_X1,6
i_frontend_unaligned_address_q_reg[60],SDFFR_X1,6
i_frontend_unaligned_address_q_reg[61],SDFFR_X1,6
i_frontend_unaligned_address_q_reg[62],SDFFR_X1,6
i_frontend_unaligned_address_q_reg[63],SDFFR_X1,6
i_frontend_unaligned_instr_q_reg[0],DFFR_X1,5
i_frontend_unaligned_instr_q_reg[1],DFFR_X1,5
i_frontend_unaligned_instr_q_reg[2],DFFR_X1,5
i_frontend_unaligned_instr_q_reg[3],DFFR_X1,5
i_frontend_unaligned_instr_q_reg[4],DFFR_X1,5
i_frontend_unaligned_instr_q_reg[5],DFFR_X1,5
i_frontend_unaligned_instr_q_reg[6],DFFR_X1,5
i_frontend_unaligned_instr_q_reg[7],DFFR_X1,5
i_frontend_unaligned_instr_q_reg[8],DFFR_X1,5
i_frontend_unaligned_instr_q_reg[9],DFFR_X1,5
i_frontend_unaligned_instr_q_reg[10],DFFR_X1,5
i_frontend_unaligned_instr_q_reg[11],DFFR_X1,5
i_frontend_unaligned_instr_q_reg[12],DFFR_X1,5
i_frontend_unaligned_instr_q_reg[13],DFFR_X1,5
i_frontend_unaligned_instr_q_reg[14],DFFR_X1,5
i_frontend_unaligned_instr_q_reg[15],DFFR_X1,5
i_frontend_unaligned_q_reg,DFFR_X1,5
i_perf_counters_perf_counter_q_reg[0],DFFR_X1,5
i_perf_counters_perf_counter_q_reg[1],DFFR_X1,5
i_perf_counters_perf_counter_q_reg[2],DFFR_X1,5
i_perf_counters_perf_counter_q_reg[3],DFFR_X1,5
i_perf_counters_perf_counter_q_reg[4],DFFR_X1,5
i_perf_counters_perf_counter_q_reg[5],DFFR_X1,5
i_perf_counters_perf_counter_q_reg[6],DFFR_X1,5
i_perf_counters_perf_counter_q_reg[7],DFFR_X1,5
i_perf_counters_perf_counter_q_reg[8],DFFR_X1,5
i_perf_counters_perf_counter_q_reg[9],DFFR_X1,5
i_perf_counters_perf_counter_q_reg[10],DFFR_X1,5
i_perf_counters_perf_counter_q_reg[11],DFFR_X1,5
i_perf_counters_perf_counter_q_reg[12],DFFR_X1,5
i_perf_counters_perf_counter_q_reg[13],DFFR_X1,5
i_perf_counters_perf_counter_q_reg[14],DFFR_X1,5
i_perf_counters_perf_counter_q_reg[15],DFFR_X1,5
i_perf_counters_perf_counter_q_reg[16],DFFR_X1,5
i_perf_counters_perf_counter_q_reg[17],DFFR_X1,5
i_perf_counters_perf_counter_q_reg[18],DFFR_X1,5
i_perf_counters_perf_counter_q_reg[19],DFFR_X1,5
i_perf_counters_perf_counter_q_reg[20],DFFR_X1,5
i_perf_counters_perf_counter_q_reg[21],DFFR_X1,5
i_perf_counters_perf_counter_q_reg[22],DFFR_X1,5
i_perf_counters_perf_counter_q_reg[23],DFFR_X1,5
i_perf_counters_perf_counter_q_reg[24],DFFR_X1,5
i_perf_counters_perf_counter_q_reg[25],DFFR_X1,5
i_perf_counters_perf_counter_q_reg[26],DFFR_X1,5
i_perf_counters_perf_counter_q_reg[27],DFFR_X1,5
i_perf_counters_perf_counter_q_reg[28],DFFR_X1,5
i_perf_counters_perf_counter_q_reg[29],DFFR_X1,5
i_perf_counters_perf_counter_q_reg[30],DFFR_X1,5
i_perf_counters_perf_counter_q_reg[31],DFFR_X1,5
i_perf_counters_perf_counter_q_reg[32],DFFR_X1,5
i_perf_counters_perf_counter_q_reg[33],DFFR_X1,5
i_perf_counters_perf_counter_q_reg[34],DFFR_X1,5
i_perf_counters_perf_counter_q_reg[35],DFFR_X1,5
i_perf_counters_perf_counter_q_reg[36],DFFR_X1,5
i_perf_counters_perf_counter_q_reg[37],DFFR_X1,5
i_perf_counters_perf_counter_q_reg[38],DFFR_X1,5
i_perf_counters_perf_counter_q_reg[39],DFFR_X1,5
i_perf_counters_perf_counter_q_reg[40],DFFR_X1,5
i_perf_counters_perf_counter_q_reg[41],DFFR_X1,5
i_perf_counters_perf_counter_q_reg[42],DFFR_X1,5
i_perf_counters_perf_counter_q_reg[43],DFFR_X1,5
i_perf_counters_perf_counter_q_reg[44],DFFR_X1,5
i_perf_counters_perf_counter_q_reg[45],DFFR_X1,5
i_perf_counters_perf_counter_q_reg[46],DFFR_X1,5
i_perf_counters_perf_counter_q_reg[47],DFFR_X1,5
i_perf_counters_perf_counter_q_reg[48],DFFR_X1,5
i_perf_counters_perf_counter_q_reg[49],DFFR_X1,5
i_perf_counters_perf_counter_q_reg[50],DFFR_X1,5
i_perf_counters_perf_counter_q_reg[51],DFFR_X1,5
i_perf_counters_perf_counter_q_reg[52],DFFR_X1,5
i_perf_counters_perf_counter_q_reg[53],DFFR_X1,5
i_perf_counters_perf_counter_q_reg[54],DFFR_X1,5
i_perf_counters_perf_counter_q_reg[55],DFFR_X1,5
i_perf_counters_perf_counter_q_reg[56],DFFR_X1,5
i_perf_counters_perf_counter_q_reg[57],DFFR_X1,5
i_perf_counters_perf_counter_q_reg[58],DFFR_X1,5
i_perf_counters_perf_counter_q_reg[59],DFFR_X1,5
i_perf_counters_perf_counter_q_reg[60],DFFR_X1,5
i_perf_counters_perf_counter_q_reg[61],DFFR_X1,5
i_perf_counters_perf_counter_q_reg[62],DFFR_X1,5
i_perf_counters_perf_counter_q_reg[63],DFFR_X1,5
i_perf_counters_perf_counter_q_reg[64],DFFR_X1,5
i_perf_counters_perf_counter_q_reg[65],DFFR_X1,5
i_perf_counters_perf_counter_q_reg[66],DFFR_X1,5
i_perf_counters_perf_counter_q_reg[67],DFFR_X1,5
i_perf_counters_perf_counter_q_reg[68],DFFR_X1,5
i_perf_counters_perf_counter_q_reg[69],DFFR_X1,5
i_perf_counters_perf_counter_q_reg[70],DFFR_X1,5
i_perf_counters_perf_counter_q_reg[71],DFFR_X1,5
i_perf_counters_perf_counter_q_reg[72],DFFR_X1,5
i_perf_counters_perf_counter_q_reg[73],DFFR_X1,5
i_perf_counters_perf_counter_q_reg[74],DFFR_X1,5
i_perf_counters_perf_counter_q_reg[75],DFFR_X1,5
i_perf_counters_perf_counter_q_reg[76],DFFR_X1,5
i_perf_counters_perf_counter_q_reg[77],DFFR_X1,5
i_perf_counters_perf_counter_q_reg[78],DFFR_X1,5
i_perf_counters_perf_counter_q_reg[79],DFFR_X1,5
i_perf_counters_perf_counter_q_reg[80],DFFR_X1,5
i_perf_counters_perf_counter_q_reg[81],DFFR_X1,5
i_perf_counters_perf_counter_q_reg[82],DFFR_X1,5
i_perf_counters_perf_counter_q_reg[83],DFFR_X1,5
i_perf_counters_perf_counter_q_reg[84],DFFR_X1,5
i_perf_counters_perf_counter_q_reg[85],DFFR_X1,5
i_perf_counters_perf_counter_q_reg[86],DFFR_X1,5
i_perf_counters_perf_counter_q_reg[87],DFFR_X1,5
i_perf_counters_perf_counter_q_reg[88],DFFR_X1,5
i_perf_counters_perf_counter_q_reg[89],DFFR_X1,5
i_perf_counters_perf_counter_q_reg[90],DFFR_X1,5
i_perf_counters_perf_counter_q_reg[91],DFFR_X1,5
i_perf_counters_perf_counter_q_reg[92],DFFR_X1,5
i_perf_counters_perf_counter_q_reg[93],DFFR_X1,5
i_perf_counters_perf_counter_q_reg[94],DFFR_X1,5
i_perf_counters_perf_counter_q_reg[95],DFFR_X1,5
i_perf_counters_perf_counter_q_reg[96],DFFR_X1,5
i_perf_counters_perf_counter_q_reg[97],DFFR_X1,5
i_perf_counters_perf_counter_q_reg[98],DFFR_X1,5
i_perf_counters_perf_counter_q_reg[99],DFFR_X1,5
i_perf_counters_perf_counter_q_reg[100],DFFR_X1,5
i_perf_counters_perf_counter_q_reg[101],DFFR_X1,5
i_perf_counters_perf_counter_q_reg[102],DFFR_X1,5
i_perf_counters_perf_counter_q_reg[103],DFFR_X1,5
i_perf_counters_perf_counter_q_reg[104],DFFR_X1,5
i_perf_counters_perf_counter_q_reg[105],DFFR_X1,5
i_perf_counters_perf_counter_q_reg[106],DFFR_X1,5
i_perf_counters_perf_counter_q_reg[107],DFFR_X1,5
i_perf_counters_perf_counter_q_reg[108],DFFR_X1,5
i_perf_counters_perf_counter_q_reg[109],DFFR_X1,5
i_perf_counters_perf_counter_q_reg[110],DFFR_X1,5
i_perf_counters_perf_counter_q_reg[111],DFFR_X1,5
i_perf_counters_perf_counter_q_reg[112],DFFR_X1,5
i_perf_counters_perf_counter_q_reg[113],DFFR_X1,5
i_perf_counters_perf_counter_q_reg[114],DFFR_X1,5
i_perf_counters_perf_counter_q_reg[115],DFFR_X1,5
i_perf_counters_perf_counter_q_reg[116],DFFR_X1,5
i_perf_counters_perf_counter_q_reg[117],DFFR_X1,5
i_perf_counters_perf_counter_q_reg[118],DFFR_X1,5
i_perf_counters_perf_counter_q_reg[119],DFFR_X1,5
i_perf_counters_perf_counter_q_reg[120],DFFR_X1,5
i_perf_counters_perf_counter_q_reg[121],DFFR_X1,5
i_perf_counters_perf_counter_q_reg[122],DFFR_X1,5
i_perf_counters_perf_counter_q_reg[123],DFFR_X1,5
i_perf_counters_perf_counter_q_reg[124],DFFR_X1,5
i_perf_counters_perf_counter_q_reg[125],DFFR_X1,5
i_perf_counters_perf_counter_q_reg[126],DFFR_X1,5
i_perf_counters_perf_counter_q_reg[127],DFFR_X1,5
i_perf_counters_perf_counter_q_reg[128],DFFR_X1,5
i_perf_counters_perf_counter_q_reg[129],DFFR_X1,5
i_perf_counters_perf_counter_q_reg[130],DFFR_X1,5
i_perf_counters_perf_counter_q_reg[131],DFFR_X1,5
i_perf_counters_perf_counter_q_reg[132],DFFR_X1,5
i_perf_counters_perf_counter_q_reg[133],DFFR_X1,5
i_perf_counters_perf_counter_q_reg[134],DFFR_X1,5
i_perf_counters_perf_counter_q_reg[135],DFFR_X1,5
i_perf_counters_perf_counter_q_reg[136],DFFR_X1,5
i_perf_counters_perf_counter_q_reg[137],DFFR_X1,5
i_perf_counters_perf_counter_q_reg[138],DFFR_X1,5
i_perf_counters_perf_counter_q_reg[139],DFFR_X1,5
i_perf_counters_perf_counter_q_reg[140],DFFR_X1,5
i_perf_counters_perf_counter_q_reg[141],DFFR_X1,5
i_perf_counters_perf_counter_q_reg[142],DFFR_X1,5
i_perf_counters_perf_counter_q_reg[143],DFFR_X1,5
i_perf_counters_perf_counter_q_reg[144],DFFR_X1,5
i_perf_counters_perf_counter_q_reg[145],DFFR_X1,5
i_perf_counters_perf_counter_q_reg[146],DFFR_X1,5
i_perf_counters_perf_counter_q_reg[147],DFFR_X1,5
i_perf_counters_perf_counter_q_reg[148],DFFR_X1,5
i_perf_counters_perf_counter_q_reg[149],DFFR_X1,5
i_perf_counters_perf_counter_q_reg[150],DFFR_X1,5
i_perf_counters_perf_counter_q_reg[151],DFFR_X1,5
i_perf_counters_perf_counter_q_reg[152],DFFR_X1,5
i_perf_counters_perf_counter_q_reg[153],DFFR_X1,5
i_perf_counters_perf_counter_q_reg[154],DFFR_X1,5
i_perf_counters_perf_counter_q_reg[155],DFFR_X1,5
i_perf_counters_perf_counter_q_reg[156],DFFR_X1,5
i_perf_counters_perf_counter_q_reg[157],DFFR_X1,5
i_perf_counters_perf_counter_q_reg[158],DFFR_X1,5
i_perf_counters_perf_counter_q_reg[159],DFFR_X1,5
i_perf_counters_perf_counter_q_reg[160],DFFR_X1,5
i_perf_counters_perf_counter_q_reg[161],DFFR_X1,5
i_perf_counters_perf_counter_q_reg[162],DFFR_X1,5
i_perf_counters_perf_counter_q_reg[163],DFFR_X1,5
i_perf_counters_perf_counter_q_reg[164],DFFR_X1,5
i_perf_counters_perf_counter_q_reg[165],DFFR_X1,5
i_perf_counters_perf_counter_q_reg[166],DFFR_X1,5
i_perf_counters_perf_counter_q_reg[167],DFFR_X1,5
i_perf_counters_perf_counter_q_reg[168],DFFR_X1,5
i_perf_counters_perf_counter_q_reg[169],DFFR_X1,5
i_perf_counters_perf_counter_q_reg[170],DFFR_X1,5
i_perf_counters_perf_counter_q_reg[171],DFFR_X1,5
i_perf_counters_perf_counter_q_reg[172],DFFR_X1,5
i_perf_counters_perf_counter_q_reg[173],DFFR_X1,5
i_perf_counters_perf_counter_q_reg[174],DFFR_X1,5
i_perf_counters_perf_counter_q_reg[175],DFFR_X1,5
i_perf_counters_perf_counter_q_reg[176],DFFR_X1,5
i_perf_counters_perf_counter_q_reg[177],DFFR_X1,5
i_perf_counters_perf_counter_q_reg[178],DFFR_X1,5
i_perf_counters_perf_counter_q_reg[179],DFFR_X1,5
i_perf_counters_perf_counter_q_reg[180],DFFR_X1,5
i_perf_counters_perf_counter_q_reg[181],DFFR_X1,5
i_perf_counters_perf_counter_q_reg[182],DFFR_X1,5
i_perf_counters_perf_counter_q_reg[183],DFFR_X1,5
i_perf_counters_perf_counter_q_reg[184],DFFR_X1,5
i_perf_counters_perf_counter_q_reg[185],DFFR_X1,5
i_perf_counters_perf_counter_q_reg[186],DFFR_X1,5
i_perf_counters_perf_counter_q_reg[187],DFFR_X1,5
i_perf_counters_perf_counter_q_reg[188],DFFR_X1,5
i_perf_counters_perf_counter_q_reg[189],DFFR_X1,5
i_perf_counters_perf_counter_q_reg[190],DFFR_X1,5
i_perf_counters_perf_counter_q_reg[191],DFFR_X1,5
i_perf_counters_perf_counter_q_reg[192],DFFR_X1,5
i_perf_counters_perf_counter_q_reg[193],DFFR_X1,5
i_perf_counters_perf_counter_q_reg[194],DFFR_X1,5
i_perf_counters_perf_counter_q_reg[195],DFFR_X1,5
i_perf_counters_perf_counter_q_reg[196],DFFR_X1,5
i_perf_counters_perf_counter_q_reg[197],DFFR_X1,5
i_perf_counters_perf_counter_q_reg[198],DFFR_X1,5
i_perf_counters_perf_counter_q_reg[199],DFFR_X1,5
i_perf_counters_perf_counter_q_reg[200],DFFR_X1,5
i_perf_counters_perf_counter_q_reg[201],DFFR_X1,5
i_perf_counters_perf_counter_q_reg[202],DFFR_X1,5
i_perf_counters_perf_counter_q_reg[203],DFFR_X1,5
i_perf_counters_perf_counter_q_reg[204],DFFR_X1,5
i_perf_counters_perf_counter_q_reg[205],DFFR_X1,5
i_perf_counters_perf_counter_q_reg[206],DFFR_X1,5
i_perf_counters_perf_counter_q_reg[207],DFFR_X1,5
i_perf_counters_perf_counter_q_reg[208],DFFR_X1,5
i_perf_counters_perf_counter_q_reg[209],DFFR_X1,5
i_perf_counters_perf_counter_q_reg[210],DFFR_X1,5
i_perf_counters_perf_counter_q_reg[211],DFFR_X1,5
i_perf_counters_perf_counter_q_reg[212],DFFR_X1,5
i_perf_counters_perf_counter_q_reg[213],DFFR_X1,5
i_perf_counters_perf_counter_q_reg[214],DFFR_X1,5
i_perf_counters_perf_counter_q_reg[215],DFFR_X1,5
i_perf_counters_perf_counter_q_reg[216],DFFR_X1,5
i_perf_counters_perf_counter_q_reg[217],DFFR_X1,5
i_perf_counters_perf_counter_q_reg[218],DFFR_X1,5
i_perf_counters_perf_counter_q_reg[219],DFFR_X1,5
i_perf_counters_perf_counter_q_reg[220],DFFR_X1,5
i_perf_counters_perf_counter_q_reg[221],DFFR_X1,5
i_perf_counters_perf_counter_q_reg[222],DFFR_X1,5
i_perf_counters_perf_counter_q_reg[223],DFFR_X1,5
i_perf_counters_perf_counter_q_reg[224],DFFR_X1,5
i_perf_counters_perf_counter_q_reg[225],DFFR_X1,5
i_perf_counters_perf_counter_q_reg[226],DFFR_X1,5
i_perf_counters_perf_counter_q_reg[227],DFFR_X1,5
i_perf_counters_perf_counter_q_reg[228],DFFR_X1,5
i_perf_counters_perf_counter_q_reg[229],DFFR_X1,5
i_perf_counters_perf_counter_q_reg[230],DFFR_X1,5
i_perf_counters_perf_counter_q_reg[231],DFFR_X1,5
i_perf_counters_perf_counter_q_reg[232],DFFR_X1,5
i_perf_counters_perf_counter_q_reg[233],DFFR_X1,5
i_perf_counters_perf_counter_q_reg[234],DFFR_X1,5
i_perf_counters_perf_counter_q_reg[235],DFFR_X1,5
i_perf_counters_perf_counter_q_reg[236],DFFR_X1,5
i_perf_counters_perf_counter_q_reg[237],DFFR_X1,5
i_perf_counters_perf_counter_q_reg[238],DFFR_X1,5
i_perf_counters_perf_counter_q_reg[239],DFFR_X1,5
i_perf_counters_perf_counter_q_reg[240],DFFR_X1,5
i_perf_counters_perf_counter_q_reg[241],DFFR_X1,5
i_perf_counters_perf_counter_q_reg[242],DFFR_X1,5
i_perf_counters_perf_counter_q_reg[243],DFFR_X1,5
i_perf_counters_perf_counter_q_reg[244],DFFR_X1,5
i_perf_counters_perf_counter_q_reg[245],DFFR_X1,5
i_perf_counters_perf_counter_q_reg[246],DFFR_X1,5
i_perf_counters_perf_counter_q_reg[247],DFFR_X1,5
i_perf_counters_perf_counter_q_reg[248],DFFR_X1,5
i_perf_counters_perf_counter_q_reg[249],DFFR_X1,5
i_perf_counters_perf_counter_q_reg[250],DFFR_X1,5
i_perf_counters_perf_counter_q_reg[251],DFFR_X1,5
i_perf_counters_perf_counter_q_reg[252],DFFR_X1,5
i_perf_counters_perf_counter_q_reg[253],DFFR_X1,5
i_perf_counters_perf_counter_q_reg[254],DFFR_X1,5
i_perf_counters_perf_counter_q_reg[255],DFFR_X1,5
i_perf_counters_perf_counter_q_reg[256],DFFR_X1,5
i_perf_counters_perf_counter_q_reg[257],DFFR_X1,5
i_perf_counters_perf_counter_q_reg[258],DFFR_X1,5
i_perf_counters_perf_counter_q_reg[259],DFFR_X1,5
i_perf_counters_perf_counter_q_reg[260],DFFR_X1,5
i_perf_counters_perf_counter_q_reg[261],DFFR_X1,5
i_perf_counters_perf_counter_q_reg[262],DFFR_X1,5
i_perf_counters_perf_counter_q_reg[263],DFFR_X1,5
i_perf_counters_perf_counter_q_reg[264],DFFR_X1,5
i_perf_counters_perf_counter_q_reg[265],DFFR_X1,5
i_perf_counters_perf_counter_q_reg[266],DFFR_X1,5
i_perf_counters_perf_counter_q_reg[267],DFFR_X1,5
i_perf_counters_perf_counter_q_reg[268],DFFR_X1,5
i_perf_counters_perf_counter_q_reg[269],DFFR_X1,5
i_perf_counters_perf_counter_q_reg[270],DFFR_X1,5
i_perf_counters_perf_counter_q_reg[271],DFFR_X1,5
i_perf_counters_perf_counter_q_reg[272],DFFR_X1,5
i_perf_counters_perf_counter_q_reg[273],DFFR_X1,5
i_perf_counters_perf_counter_q_reg[274],DFFR_X1,5
i_perf_counters_perf_counter_q_reg[275],DFFR_X1,5
i_perf_counters_perf_counter_q_reg[276],DFFR_X1,5
i_perf_counters_perf_counter_q_reg[277],DFFR_X1,5
i_perf_counters_perf_counter_q_reg[278],DFFR_X1,5
i_perf_counters_perf_counter_q_reg[279],DFFR_X1,5
i_perf_counters_perf_counter_q_reg[280],DFFR_X1,5
i_perf_counters_perf_counter_q_reg[281],DFFR_X1,5
i_perf_counters_perf_counter_q_reg[282],DFFR_X1,5
i_perf_counters_perf_counter_q_reg[283],DFFR_X1,5
i_perf_counters_perf_counter_q_reg[284],DFFR_X1,5
i_perf_counters_perf_counter_q_reg[285],DFFR_X1,5
i_perf_counters_perf_counter_q_reg[286],DFFR_X1,5
i_perf_counters_perf_counter_q_reg[287],DFFR_X1,5
i_perf_counters_perf_counter_q_reg[288],DFFR_X1,5
i_perf_counters_perf_counter_q_reg[289],DFFR_X1,5
i_perf_counters_perf_counter_q_reg[290],DFFR_X1,5
i_perf_counters_perf_counter_q_reg[291],DFFR_X1,5
i_perf_counters_perf_counter_q_reg[292],DFFR_X1,5
i_perf_counters_perf_counter_q_reg[293],DFFR_X1,5
i_perf_counters_perf_counter_q_reg[294],DFFR_X1,5
i_perf_counters_perf_counter_q_reg[295],DFFR_X1,5
i_perf_counters_perf_counter_q_reg[296],DFFR_X1,5
i_perf_counters_perf_counter_q_reg[297],DFFR_X1,5
i_perf_counters_perf_counter_q_reg[298],DFFR_X1,5
i_perf_counters_perf_counter_q_reg[299],DFFR_X1,5
i_perf_counters_perf_counter_q_reg[300],DFFR_X1,5
i_perf_counters_perf_counter_q_reg[301],DFFR_X1,5
i_perf_counters_perf_counter_q_reg[302],DFFR_X1,5
i_perf_counters_perf_counter_q_reg[303],DFFR_X1,5
i_perf_counters_perf_counter_q_reg[304],DFFR_X1,5
i_perf_counters_perf_counter_q_reg[305],DFFR_X1,5
i_perf_counters_perf_counter_q_reg[306],DFFR_X1,5
i_perf_counters_perf_counter_q_reg[307],DFFR_X1,5
i_perf_counters_perf_counter_q_reg[308],DFFR_X1,5
i_perf_counters_perf_counter_q_reg[309],DFFR_X1,5
i_perf_counters_perf_counter_q_reg[310],DFFR_X1,5
i_perf_counters_perf_counter_q_reg[311],DFFR_X1,5
i_perf_counters_perf_counter_q_reg[312],DFFR_X1,5
i_perf_counters_perf_counter_q_reg[313],DFFR_X1,5
i_perf_counters_perf_counter_q_reg[314],DFFR_X1,5
i_perf_counters_perf_counter_q_reg[315],DFFR_X1,5
i_perf_counters_perf_counter_q_reg[316],DFFR_X1,5
i_perf_counters_perf_counter_q_reg[317],DFFR_X1,5
i_perf_counters_perf_counter_q_reg[318],DFFR_X1,5
i_perf_counters_perf_counter_q_reg[319],DFFR_X1,5
i_perf_counters_perf_counter_q_reg[320],DFFR_X1,5
i_perf_counters_perf_counter_q_reg[321],DFFR_X1,5
i_perf_counters_perf_counter_q_reg[322],DFFR_X1,5
i_perf_counters_perf_counter_q_reg[323],DFFR_X1,5
i_perf_counters_perf_counter_q_reg[324],DFFR_X1,5
i_perf_counters_perf_counter_q_reg[325],DFFR_X1,5
i_perf_counters_perf_counter_q_reg[326],DFFR_X1,5
i_perf_counters_perf_counter_q_reg[327],DFFR_X1,5
i_perf_counters_perf_counter_q_reg[328],DFFR_X1,5
i_perf_counters_perf_counter_q_reg[329],DFFR_X1,5
i_perf_counters_perf_counter_q_reg[330],DFFR_X1,5
i_perf_counters_perf_counter_q_reg[331],DFFR_X1,5
i_perf_counters_perf_counter_q_reg[332],DFFR_X1,5
i_perf_counters_perf_counter_q_reg[333],DFFR_X1,5
i_perf_counters_perf_counter_q_reg[334],DFFR_X1,5
i_perf_counters_perf_counter_q_reg[335],DFFR_X1,5
i_perf_counters_perf_counter_q_reg[336],DFFR_X1,5
i_perf_counters_perf_counter_q_reg[337],DFFR_X1,5
i_perf_counters_perf_counter_q_reg[338],DFFR_X1,5
i_perf_counters_perf_counter_q_reg[339],DFFR_X1,5
i_perf_counters_perf_counter_q_reg[340],DFFR_X1,5
i_perf_counters_perf_counter_q_reg[341],DFFR_X1,5
i_perf_counters_perf_counter_q_reg[342],DFFR_X1,5
i_perf_counters_perf_counter_q_reg[343],DFFR_X1,5
i_perf_counters_perf_counter_q_reg[344],DFFR_X1,5
i_perf_counters_perf_counter_q_reg[345],DFFR_X1,5
i_perf_counters_perf_counter_q_reg[346],DFFR_X1,5
i_perf_counters_perf_counter_q_reg[347],DFFR_X1,5
i_perf_counters_perf_counter_q_reg[348],DFFR_X1,5
i_perf_counters_perf_counter_q_reg[349],DFFR_X1,5
i_perf_counters_perf_counter_q_reg[350],DFFR_X1,5
i_perf_counters_perf_counter_q_reg[351],DFFR_X1,5
i_perf_counters_perf_counter_q_reg[352],DFFR_X1,5
i_perf_counters_perf_counter_q_reg[353],DFFR_X1,5
i_perf_counters_perf_counter_q_reg[354],DFFR_X1,5
i_perf_counters_perf_counter_q_reg[355],DFFR_X1,5
i_perf_counters_perf_counter_q_reg[356],DFFR_X1,5
i_perf_counters_perf_counter_q_reg[357],DFFR_X1,5
i_perf_counters_perf_counter_q_reg[358],DFFR_X1,5
i_perf_counters_perf_counter_q_reg[359],DFFR_X1,5
i_perf_counters_perf_counter_q_reg[360],DFFR_X1,5
i_perf_counters_perf_counter_q_reg[361],DFFR_X1,5
i_perf_counters_perf_counter_q_reg[362],DFFR_X1,5
i_perf_counters_perf_counter_q_reg[363],DFFR_X1,5
i_perf_counters_perf_counter_q_reg[364],DFFR_X1,5
i_perf_counters_perf_counter_q_reg[365],DFFR_X1,5
i_perf_counters_perf_counter_q_reg[366],DFFR_X1,5
i_perf_counters_perf_counter_q_reg[367],DFFR_X1,5
i_perf_counters_perf_counter_q_reg[368],DFFR_X1,5
i_perf_counters_perf_counter_q_reg[369],DFFR_X1,5
i_perf_counters_perf_counter_q_reg[370],DFFR_X1,5
i_perf_counters_perf_counter_q_reg[371],DFFR_X1,5
i_perf_counters_perf_counter_q_reg[372],DFFR_X1,5
i_perf_counters_perf_counter_q_reg[373],DFFR_X1,5
i_perf_counters_perf_counter_q_reg[374],DFFR_X1,5
i_perf_counters_perf_counter_q_reg[375],DFFR_X1,5
i_perf_counters_perf_counter_q_reg[376],DFFR_X1,5
i_perf_counters_perf_counter_q_reg[377],DFFR_X1,5
i_perf_counters_perf_counter_q_reg[378],DFFR_X1,5
i_perf_counters_perf_counter_q_reg[379],DFFR_X1,5
i_perf_counters_perf_counter_q_reg[380],DFFR_X1,5
i_perf_counters_perf_counter_q_reg[381],DFFR_X1,5
i_perf_counters_perf_counter_q_reg[382],DFFR_X1,5
i_perf_counters_perf_counter_q_reg[383],DFFR_X1,5
i_perf_counters_perf_counter_q_reg[384],DFFR_X1,5
i_perf_counters_perf_counter_q_reg[385],DFFR_X1,5
i_perf_counters_perf_counter_q_reg[386],DFFR_X1,5
i_perf_counters_perf_counter_q_reg[387],DFFR_X1,5
i_perf_counters_perf_counter_q_reg[388],DFFR_X1,5
i_perf_counters_perf_counter_q_reg[389],DFFR_X1,5
i_perf_counters_perf_counter_q_reg[390],DFFR_X1,5
i_perf_counters_perf_counter_q_reg[391],DFFR_X1,5
i_perf_counters_perf_counter_q_reg[392],DFFR_X1,5
i_perf_counters_perf_counter_q_reg[393],DFFR_X1,5
i_perf_counters_perf_counter_q_reg[394],DFFR_X1,5
i_perf_counters_perf_counter_q_reg[395],DFFR_X1,5
i_perf_counters_perf_counter_q_reg[396],DFFR_X1,5
i_perf_counters_perf_counter_q_reg[397],DFFR_X1,5
i_perf_counters_perf_counter_q_reg[398],DFFR_X1,5
i_perf_counters_perf_counter_q_reg[399],DFFR_X1,5
i_perf_counters_perf_counter_q_reg[400],DFFR_X1,5
i_perf_counters_perf_counter_q_reg[401],DFFR_X1,5
i_perf_counters_perf_counter_q_reg[402],DFFR_X1,5
i_perf_counters_perf_counter_q_reg[403],DFFR_X1,5
i_perf_counters_perf_counter_q_reg[404],DFFR_X1,5
i_perf_counters_perf_counter_q_reg[405],DFFR_X1,5
i_perf_counters_perf_counter_q_reg[406],DFFR_X1,5
i_perf_counters_perf_counter_q_reg[407],DFFR_X1,5
i_perf_counters_perf_counter_q_reg[408],DFFR_X1,5
i_perf_counters_perf_counter_q_reg[409],DFFR_X1,5
i_perf_counters_perf_counter_q_reg[410],DFFR_X1,5
i_perf_counters_perf_counter_q_reg[411],DFFR_X1,5
i_perf_counters_perf_counter_q_reg[412],DFFR_X1,5
i_perf_counters_perf_counter_q_reg[413],DFFR_X1,5
i_perf_counters_perf_counter_q_reg[414],DFFR_X1,5
i_perf_counters_perf_counter_q_reg[415],DFFR_X1,5
i_perf_counters_perf_counter_q_reg[416],DFFR_X1,5
i_perf_counters_perf_counter_q_reg[417],DFFR_X1,5
i_perf_counters_perf_counter_q_reg[418],DFFR_X1,5
i_perf_counters_perf_counter_q_reg[419],DFFR_X1,5
i_perf_counters_perf_counter_q_reg[420],DFFR_X1,5
i_perf_counters_perf_counter_q_reg[421],DFFR_X1,5
i_perf_counters_perf_counter_q_reg[422],DFFR_X1,5
i_perf_counters_perf_counter_q_reg[423],DFFR_X1,5
i_perf_counters_perf_counter_q_reg[424],DFFR_X1,5
i_perf_counters_perf_counter_q_reg[425],DFFR_X1,5
i_perf_counters_perf_counter_q_reg[426],DFFR_X1,5
i_perf_counters_perf_counter_q_reg[427],DFFR_X1,5
i_perf_counters_perf_counter_q_reg[428],DFFR_X1,5
i_perf_counters_perf_counter_q_reg[429],DFFR_X1,5
i_perf_counters_perf_counter_q_reg[430],DFFR_X1,5
i_perf_counters_perf_counter_q_reg[431],DFFR_X1,5
i_perf_counters_perf_counter_q_reg[432],DFFR_X1,5
i_perf_counters_perf_counter_q_reg[433],DFFR_X1,5
i_perf_counters_perf_counter_q_reg[434],DFFR_X1,5
i_perf_counters_perf_counter_q_reg[435],DFFR_X1,5
i_perf_counters_perf_counter_q_reg[436],DFFR_X1,5
i_perf_counters_perf_counter_q_reg[437],DFFR_X1,5
i_perf_counters_perf_counter_q_reg[438],DFFR_X1,5
i_perf_counters_perf_counter_q_reg[439],DFFR_X1,5
i_perf_counters_perf_counter_q_reg[440],DFFR_X1,5
i_perf_counters_perf_counter_q_reg[441],DFFR_X1,5
i_perf_counters_perf_counter_q_reg[442],DFFR_X1,5
i_perf_counters_perf_counter_q_reg[443],DFFR_X1,5
i_perf_counters_perf_counter_q_reg[444],DFFR_X1,5
i_perf_counters_perf_counter_q_reg[445],DFFR_X1,5
i_perf_counters_perf_counter_q_reg[446],DFFR_X1,5
i_perf_counters_perf_counter_q_reg[447],DFFR_X1,5
i_perf_counters_perf_counter_q_reg[448],DFFR_X1,5
i_perf_counters_perf_counter_q_reg[449],DFFR_X1,5
i_perf_counters_perf_counter_q_reg[450],DFFR_X1,5
i_perf_counters_perf_counter_q_reg[451],DFFR_X1,5
i_perf_counters_perf_counter_q_reg[452],DFFR_X1,5
i_perf_counters_perf_counter_q_reg[453],DFFR_X1,5
i_perf_counters_perf_counter_q_reg[454],DFFR_X1,5
i_perf_counters_perf_counter_q_reg[455],DFFR_X1,5
i_perf_counters_perf_counter_q_reg[456],DFFR_X1,5
i_perf_counters_perf_counter_q_reg[457],DFFR_X1,5
i_perf_counters_perf_counter_q_reg[458],DFFR_X1,5
i_perf_counters_perf_counter_q_reg[459],DFFR_X1,5
i_perf_counters_perf_counter_q_reg[460],DFFR_X1,5
i_perf_counters_perf_counter_q_reg[461],DFFR_X1,5
i_perf_counters_perf_counter_q_reg[462],DFFR_X1,5
i_perf_counters_perf_counter_q_reg[463],DFFR_X1,5
i_perf_counters_perf_counter_q_reg[464],DFFR_X1,5
i_perf_counters_perf_counter_q_reg[465],DFFR_X1,5
i_perf_counters_perf_counter_q_reg[466],DFFR_X1,5
i_perf_counters_perf_counter_q_reg[467],DFFR_X1,5
i_perf_counters_perf_counter_q_reg[468],DFFR_X1,5
i_perf_counters_perf_counter_q_reg[469],DFFR_X1,5
i_perf_counters_perf_counter_q_reg[470],DFFR_X1,5
i_perf_counters_perf_counter_q_reg[471],DFFR_X1,5
i_perf_counters_perf_counter_q_reg[472],DFFR_X1,5
i_perf_counters_perf_counter_q_reg[473],DFFR_X1,5
i_perf_counters_perf_counter_q_reg[474],DFFR_X1,5
i_perf_counters_perf_counter_q_reg[475],DFFR_X1,5
i_perf_counters_perf_counter_q_reg[476],DFFR_X1,5
i_perf_counters_perf_counter_q_reg[477],DFFR_X1,5
i_perf_counters_perf_counter_q_reg[478],DFFR_X1,5
i_perf_counters_perf_counter_q_reg[479],DFFR_X1,5
i_perf_counters_perf_counter_q_reg[480],DFFR_X1,5
i_perf_counters_perf_counter_q_reg[481],DFFR_X1,5
i_perf_counters_perf_counter_q_reg[482],DFFR_X1,5
i_perf_counters_perf_counter_q_reg[483],DFFR_X1,5
i_perf_counters_perf_counter_q_reg[484],DFFR_X1,5
i_perf_counters_perf_counter_q_reg[485],DFFR_X1,5
i_perf_counters_perf_counter_q_reg[486],DFFR_X1,5
i_perf_counters_perf_counter_q_reg[487],DFFR_X1,5
i_perf_counters_perf_counter_q_reg[488],DFFR_X1,5
i_perf_counters_perf_counter_q_reg[489],DFFR_X1,5
i_perf_counters_perf_counter_q_reg[490],DFFR_X1,5
i_perf_counters_perf_counter_q_reg[491],DFFR_X1,5
i_perf_counters_perf_counter_q_reg[492],DFFR_X1,5
i_perf_counters_perf_counter_q_reg[493],DFFR_X1,5
i_perf_counters_perf_counter_q_reg[494],DFFR_X1,5
i_perf_counters_perf_counter_q_reg[495],DFFR_X1,5
i_perf_counters_perf_counter_q_reg[496],DFFR_X1,5
i_perf_counters_perf_counter_q_reg[497],DFFR_X1,5
i_perf_counters_perf_counter_q_reg[498],DFFR_X1,5
i_perf_counters_perf_counter_q_reg[499],DFFR_X1,5
i_perf_counters_perf_counter_q_reg[500],DFFR_X1,5
i_perf_counters_perf_counter_q_reg[501],DFFR_X1,5
i_perf_counters_perf_counter_q_reg[502],DFFR_X1,5
i_perf_counters_perf_counter_q_reg[503],DFFR_X1,5
i_perf_counters_perf_counter_q_reg[504],DFFR_X1,5
i_perf_counters_perf_counter_q_reg[505],DFFR_X1,5
i_perf_counters_perf_counter_q_reg[506],DFFR_X1,5
i_perf_counters_perf_counter_q_reg[507],DFFR_X1,5
i_perf_counters_perf_counter_q_reg[508],DFFR_X1,5
i_perf_counters_perf_counter_q_reg[509],DFFR_X1,5
i_perf_counters_perf_counter_q_reg[510],DFFR_X1,5
i_perf_counters_perf_counter_q_reg[511],DFFR_X1,5
i_perf_counters_perf_counter_q_reg[512],DFFR_X1,5
i_perf_counters_perf_counter_q_reg[513],DFFR_X1,5
i_perf_counters_perf_counter_q_reg[514],DFFR_X1,5
i_perf_counters_perf_counter_q_reg[515],DFFR_X1,5
i_perf_counters_perf_counter_q_reg[516],DFFR_X1,5
i_perf_counters_perf_counter_q_reg[517],DFFR_X1,5
i_perf_counters_perf_counter_q_reg[518],DFFR_X1,5
i_perf_counters_perf_counter_q_reg[519],DFFR_X1,5
i_perf_counters_perf_counter_q_reg[520],DFFR_X1,5
i_perf_counters_perf_counter_q_reg[521],DFFR_X1,5
i_perf_counters_perf_counter_q_reg[522],DFFR_X1,5
i_perf_counters_perf_counter_q_reg[523],DFFR_X1,5
i_perf_counters_perf_counter_q_reg[524],DFFR_X1,5
i_perf_counters_perf_counter_q_reg[525],DFFR_X1,5
i_perf_counters_perf_counter_q_reg[526],DFFR_X1,5
i_perf_counters_perf_counter_q_reg[527],DFFR_X1,5
i_perf_counters_perf_counter_q_reg[528],DFFR_X1,5
i_perf_counters_perf_counter_q_reg[529],DFFR_X1,5
i_perf_counters_perf_counter_q_reg[530],DFFR_X1,5
i_perf_counters_perf_counter_q_reg[531],DFFR_X1,5
i_perf_counters_perf_counter_q_reg[532],DFFR_X1,5
i_perf_counters_perf_counter_q_reg[533],DFFR_X1,5
i_perf_counters_perf_counter_q_reg[534],DFFR_X1,5
i_perf_counters_perf_counter_q_reg[535],DFFR_X1,5
i_perf_counters_perf_counter_q_reg[536],DFFR_X1,5
i_perf_counters_perf_counter_q_reg[537],DFFR_X1,5
i_perf_counters_perf_counter_q_reg[538],DFFR_X1,5
i_perf_counters_perf_counter_q_reg[539],DFFR_X1,5
i_perf_counters_perf_counter_q_reg[540],DFFR_X1,5
i_perf_counters_perf_counter_q_reg[541],DFFR_X1,5
i_perf_counters_perf_counter_q_reg[542],DFFR_X1,5
i_perf_counters_perf_counter_q_reg[543],DFFR_X1,5
i_perf_counters_perf_counter_q_reg[544],DFFR_X1,5
i_perf_counters_perf_counter_q_reg[545],DFFR_X1,5
i_perf_counters_perf_counter_q_reg[546],DFFR_X1,5
i_perf_counters_perf_counter_q_reg[547],DFFR_X1,5
i_perf_counters_perf_counter_q_reg[548],DFFR_X1,5
i_perf_counters_perf_counter_q_reg[549],DFFR_X1,5
i_perf_counters_perf_counter_q_reg[550],DFFR_X1,5
i_perf_counters_perf_counter_q_reg[551],DFFR_X1,5
i_perf_counters_perf_counter_q_reg[552],DFFR_X1,5
i_perf_counters_perf_counter_q_reg[553],DFFR_X1,5
i_perf_counters_perf_counter_q_reg[554],DFFR_X1,5
i_perf_counters_perf_counter_q_reg[555],DFFR_X1,5
i_perf_counters_perf_counter_q_reg[556],DFFR_X1,5
i_perf_counters_perf_counter_q_reg[557],DFFR_X1,5
i_perf_counters_perf_counter_q_reg[558],DFFR_X1,5
i_perf_counters_perf_counter_q_reg[559],DFFR_X1,5
i_perf_counters_perf_counter_q_reg[560],DFFR_X1,5
i_perf_counters_perf_counter_q_reg[561],DFFR_X1,5
i_perf_counters_perf_counter_q_reg[562],DFFR_X1,5
i_perf_counters_perf_counter_q_reg[563],DFFR_X1,5
i_perf_counters_perf_counter_q_reg[564],DFFR_X1,5
i_perf_counters_perf_counter_q_reg[565],DFFR_X1,5
i_perf_counters_perf_counter_q_reg[566],DFFR_X1,5
i_perf_counters_perf_counter_q_reg[567],DFFR_X1,5
i_perf_counters_perf_counter_q_reg[568],DFFR_X1,5
i_perf_counters_perf_counter_q_reg[569],DFFR_X1,5
i_perf_counters_perf_counter_q_reg[570],DFFR_X1,5
i_perf_counters_perf_counter_q_reg[571],DFFR_X1,5
i_perf_counters_perf_counter_q_reg[572],DFFR_X1,5
i_perf_counters_perf_counter_q_reg[573],DFFR_X1,5
i_perf_counters_perf_counter_q_reg[574],DFFR_X1,5
i_perf_counters_perf_counter_q_reg[575],DFFR_X1,5
i_perf_counters_perf_counter_q_reg[576],DFFR_X1,5
i_perf_counters_perf_counter_q_reg[577],DFFR_X1,5
i_perf_counters_perf_counter_q_reg[578],DFFR_X1,5
i_perf_counters_perf_counter_q_reg[579],DFFR_X1,5
i_perf_counters_perf_counter_q_reg[580],DFFR_X1,5
i_perf_counters_perf_counter_q_reg[581],DFFR_X1,5
i_perf_counters_perf_counter_q_reg[582],DFFR_X1,5
i_perf_counters_perf_counter_q_reg[583],DFFR_X1,5
i_perf_counters_perf_counter_q_reg[584],DFFR_X1,5
i_perf_counters_perf_counter_q_reg[585],DFFR_X1,5
i_perf_counters_perf_counter_q_reg[586],DFFR_X1,5
i_perf_counters_perf_counter_q_reg[587],DFFR_X1,5
i_perf_counters_perf_counter_q_reg[588],DFFR_X1,5
i_perf_counters_perf_counter_q_reg[589],DFFR_X1,5
i_perf_counters_perf_counter_q_reg[590],DFFR_X1,5
i_perf_counters_perf_counter_q_reg[591],DFFR_X1,5
i_perf_counters_perf_counter_q_reg[592],DFFR_X1,5
i_perf_counters_perf_counter_q_reg[593],DFFR_X1,5
i_perf_counters_perf_counter_q_reg[594],DFFR_X1,5
i_perf_counters_perf_counter_q_reg[595],DFFR_X1,5
i_perf_counters_perf_counter_q_reg[596],DFFR_X1,5
i_perf_counters_perf_counter_q_reg[597],DFFR_X1,5
i_perf_counters_perf_counter_q_reg[598],DFFR_X1,5
i_perf_counters_perf_counter_q_reg[599],DFFR_X1,5
i_perf_counters_perf_counter_q_reg[600],DFFR_X1,5
i_perf_counters_perf_counter_q_reg[601],DFFR_X1,5
i_perf_counters_perf_counter_q_reg[602],DFFR_X1,5
i_perf_counters_perf_counter_q_reg[603],DFFR_X1,5
i_perf_counters_perf_counter_q_reg[604],DFFR_X1,5
i_perf_counters_perf_counter_q_reg[605],DFFR_X1,5
i_perf_counters_perf_counter_q_reg[606],DFFR_X1,5
i_perf_counters_perf_counter_q_reg[607],DFFR_X1,5
i_perf_counters_perf_counter_q_reg[608],DFFR_X1,5
i_perf_counters_perf_counter_q_reg[609],DFFR_X1,5
i_perf_counters_perf_counter_q_reg[610],DFFR_X1,5
i_perf_counters_perf_counter_q_reg[611],DFFR_X1,5
i_perf_counters_perf_counter_q_reg[612],DFFR_X1,5
i_perf_counters_perf_counter_q_reg[613],DFFR_X1,5
i_perf_counters_perf_counter_q_reg[614],DFFR_X1,5
i_perf_counters_perf_counter_q_reg[615],DFFR_X1,5
i_perf_counters_perf_counter_q_reg[616],DFFR_X1,5
i_perf_counters_perf_counter_q_reg[617],DFFR_X1,5
i_perf_counters_perf_counter_q_reg[618],DFFR_X1,5
i_perf_counters_perf_counter_q_reg[619],DFFR_X1,5
i_perf_counters_perf_counter_q_reg[620],DFFR_X1,5
i_perf_counters_perf_counter_q_reg[621],DFFR_X1,5
i_perf_counters_perf_counter_q_reg[622],DFFR_X1,5
i_perf_counters_perf_counter_q_reg[623],DFFR_X1,5
i_perf_counters_perf_counter_q_reg[624],DFFR_X1,5
i_perf_counters_perf_counter_q_reg[625],DFFR_X1,5
i_perf_counters_perf_counter_q_reg[626],DFFR_X1,5
i_perf_counters_perf_counter_q_reg[627],DFFR_X1,5
i_perf_counters_perf_counter_q_reg[628],DFFR_X1,5
i_perf_counters_perf_counter_q_reg[629],DFFR_X1,5
i_perf_counters_perf_counter_q_reg[630],DFFR_X1,5
i_perf_counters_perf_counter_q_reg[631],DFFR_X1,5
i_perf_counters_perf_counter_q_reg[632],DFFR_X1,5
i_perf_counters_perf_counter_q_reg[633],DFFR_X1,5
i_perf_counters_perf_counter_q_reg[634],DFFR_X1,5
i_perf_counters_perf_counter_q_reg[635],DFFR_X1,5
i_perf_counters_perf_counter_q_reg[636],DFFR_X1,5
i_perf_counters_perf_counter_q_reg[637],DFFR_X1,5
i_perf_counters_perf_counter_q_reg[638],DFFR_X1,5
i_perf_counters_perf_counter_q_reg[639],DFFR_X1,5
i_perf_counters_perf_counter_q_reg[640],DFFR_X1,5
i_perf_counters_perf_counter_q_reg[641],DFFR_X1,5
i_perf_counters_perf_counter_q_reg[642],DFFR_X1,5
i_perf_counters_perf_counter_q_reg[643],DFFR_X1,5
i_perf_counters_perf_counter_q_reg[644],DFFR_X1,5
i_perf_counters_perf_counter_q_reg[645],DFFR_X1,5
i_perf_counters_perf_counter_q_reg[646],DFFR_X1,5
i_perf_counters_perf_counter_q_reg[647],DFFR_X1,5
i_perf_counters_perf_counter_q_reg[648],DFFR_X1,5
i_perf_counters_perf_counter_q_reg[649],DFFR_X1,5
i_perf_counters_perf_counter_q_reg[650],DFFR_X1,5
i_perf_counters_perf_counter_q_reg[651],DFFR_X1,5
i_perf_counters_perf_counter_q_reg[652],DFFR_X1,5
i_perf_counters_perf_counter_q_reg[653],DFFR_X1,5
i_perf_counters_perf_counter_q_reg[654],DFFR_X1,5
i_perf_counters_perf_counter_q_reg[655],DFFR_X1,5
i_perf_counters_perf_counter_q_reg[656],DFFR_X1,5
i_perf_counters_perf_counter_q_reg[657],DFFR_X1,5
i_perf_counters_perf_counter_q_reg[658],DFFR_X1,5
i_perf_counters_perf_counter_q_reg[659],DFFR_X1,5
i_perf_counters_perf_counter_q_reg[660],DFFR_X1,5
i_perf_counters_perf_counter_q_reg[661],DFFR_X1,5
i_perf_counters_perf_counter_q_reg[662],DFFR_X1,5
i_perf_counters_perf_counter_q_reg[663],DFFR_X1,5
i_perf_counters_perf_counter_q_reg[664],DFFR_X1,5
i_perf_counters_perf_counter_q_reg[665],DFFR_X1,5
i_perf_counters_perf_counter_q_reg[666],DFFR_X1,5
i_perf_counters_perf_counter_q_reg[667],DFFR_X1,5
i_perf_counters_perf_counter_q_reg[668],DFFR_X1,5
i_perf_counters_perf_counter_q_reg[669],DFFR_X1,5
i_perf_counters_perf_counter_q_reg[670],DFFR_X1,5
i_perf_counters_perf_counter_q_reg[671],DFFR_X1,5
i_perf_counters_perf_counter_q_reg[672],DFFR_X1,5
i_perf_counters_perf_counter_q_reg[673],DFFR_X1,5
i_perf_counters_perf_counter_q_reg[674],DFFR_X1,5
i_perf_counters_perf_counter_q_reg[675],DFFR_X1,5
i_perf_counters_perf_counter_q_reg[676],DFFR_X1,5
i_perf_counters_perf_counter_q_reg[677],DFFR_X1,5
i_perf_counters_perf_counter_q_reg[678],DFFR_X1,5
i_perf_counters_perf_counter_q_reg[679],DFFR_X1,5
i_perf_counters_perf_counter_q_reg[680],DFFR_X1,5
i_perf_counters_perf_counter_q_reg[681],DFFR_X1,5
i_perf_counters_perf_counter_q_reg[682],DFFR_X1,5
i_perf_counters_perf_counter_q_reg[683],DFFR_X1,5
i_perf_counters_perf_counter_q_reg[684],DFFR_X1,5
i_perf_counters_perf_counter_q_reg[685],DFFR_X1,5
i_perf_counters_perf_counter_q_reg[686],DFFR_X1,5
i_perf_counters_perf_counter_q_reg[687],DFFR_X1,5
i_perf_counters_perf_counter_q_reg[688],DFFR_X1,5
i_perf_counters_perf_counter_q_reg[689],DFFR_X1,5
i_perf_counters_perf_counter_q_reg[690],DFFR_X1,5
i_perf_counters_perf_counter_q_reg[691],DFFR_X1,5
i_perf_counters_perf_counter_q_reg[692],DFFR_X1,5
i_perf_counters_perf_counter_q_reg[693],DFFR_X1,5
i_perf_counters_perf_counter_q_reg[694],DFFR_X1,5
i_perf_counters_perf_counter_q_reg[695],DFFR_X1,5
i_perf_counters_perf_counter_q_reg[696],DFFR_X1,5
i_perf_counters_perf_counter_q_reg[697],DFFR_X1,5
i_perf_counters_perf_counter_q_reg[698],DFFR_X1,5
i_perf_counters_perf_counter_q_reg[699],DFFR_X1,5
i_perf_counters_perf_counter_q_reg[700],DFFR_X1,5
i_perf_counters_perf_counter_q_reg[701],DFFR_X1,5
i_perf_counters_perf_counter_q_reg[702],DFFR_X1,5
i_perf_counters_perf_counter_q_reg[703],DFFR_X1,5
i_perf_counters_perf_counter_q_reg[704],DFFR_X1,5
i_perf_counters_perf_counter_q_reg[705],DFFR_X1,5
i_perf_counters_perf_counter_q_reg[706],DFFR_X1,5
i_perf_counters_perf_counter_q_reg[707],DFFR_X1,5
i_perf_counters_perf_counter_q_reg[708],DFFR_X1,5
i_perf_counters_perf_counter_q_reg[709],DFFR_X1,5
i_perf_counters_perf_counter_q_reg[710],DFFR_X1,5
i_perf_counters_perf_counter_q_reg[711],DFFR_X1,5
i_perf_counters_perf_counter_q_reg[712],DFFR_X1,5
i_perf_counters_perf_counter_q_reg[713],DFFR_X1,5
i_perf_counters_perf_counter_q_reg[714],DFFR_X1,5
i_perf_counters_perf_counter_q_reg[715],DFFR_X1,5
i_perf_counters_perf_counter_q_reg[716],DFFR_X1,5
i_perf_counters_perf_counter_q_reg[717],DFFR_X1,5
i_perf_counters_perf_counter_q_reg[718],DFFR_X1,5
i_perf_counters_perf_counter_q_reg[719],DFFR_X1,5
i_perf_counters_perf_counter_q_reg[720],DFFR_X1,5
i_perf_counters_perf_counter_q_reg[721],DFFR_X1,5
i_perf_counters_perf_counter_q_reg[722],DFFR_X1,5
i_perf_counters_perf_counter_q_reg[723],DFFR_X1,5
i_perf_counters_perf_counter_q_reg[724],DFFR_X1,5
i_perf_counters_perf_counter_q_reg[725],DFFR_X1,5
i_perf_counters_perf_counter_q_reg[726],DFFR_X1,5
i_perf_counters_perf_counter_q_reg[727],DFFR_X1,5
i_perf_counters_perf_counter_q_reg[728],DFFR_X1,5
i_perf_counters_perf_counter_q_reg[729],DFFR_X1,5
i_perf_counters_perf_counter_q_reg[730],DFFR_X1,5
i_perf_counters_perf_counter_q_reg[731],DFFR_X1,5
i_perf_counters_perf_counter_q_reg[732],DFFR_X1,5
i_perf_counters_perf_counter_q_reg[733],DFFR_X1,5
i_perf_counters_perf_counter_q_reg[734],DFFR_X1,5
i_perf_counters_perf_counter_q_reg[735],DFFR_X1,5
i_perf_counters_perf_counter_q_reg[736],DFFR_X1,5
i_perf_counters_perf_counter_q_reg[737],DFFR_X1,5
i_perf_counters_perf_counter_q_reg[738],DFFR_X1,5
i_perf_counters_perf_counter_q_reg[739],DFFR_X1,5
i_perf_counters_perf_counter_q_reg[740],DFFR_X1,5
i_perf_counters_perf_counter_q_reg[741],DFFR_X1,5
i_perf_counters_perf_counter_q_reg[742],DFFR_X1,5
i_perf_counters_perf_counter_q_reg[743],DFFR_X1,5
i_perf_counters_perf_counter_q_reg[744],DFFR_X1,5
i_perf_counters_perf_counter_q_reg[745],DFFR_X1,5
i_perf_counters_perf_counter_q_reg[746],DFFR_X1,5
i_perf_counters_perf_counter_q_reg[747],DFFR_X1,5
i_perf_counters_perf_counter_q_reg[748],DFFR_X1,5
i_perf_counters_perf_counter_q_reg[749],DFFR_X1,5
i_perf_counters_perf_counter_q_reg[750],DFFR_X1,5
i_perf_counters_perf_counter_q_reg[751],DFFR_X1,5
i_perf_counters_perf_counter_q_reg[752],DFFR_X1,5
i_perf_counters_perf_counter_q_reg[753],DFFR_X1,5
i_perf_counters_perf_counter_q_reg[754],DFFR_X1,5
i_perf_counters_perf_counter_q_reg[755],DFFR_X1,5
i_perf_counters_perf_counter_q_reg[756],DFFR_X1,5
i_perf_counters_perf_counter_q_reg[757],DFFR_X1,5
i_perf_counters_perf_counter_q_reg[758],DFFR_X1,5
i_perf_counters_perf_counter_q_reg[759],DFFR_X1,5
i_perf_counters_perf_counter_q_reg[760],DFFR_X1,5
i_perf_counters_perf_counter_q_reg[761],DFFR_X1,5
i_perf_counters_perf_counter_q_reg[762],DFFR_X1,5
i_perf_counters_perf_counter_q_reg[763],DFFR_X1,5
i_perf_counters_perf_counter_q_reg[764],DFFR_X1,5
i_perf_counters_perf_counter_q_reg[765],DFFR_X1,5
i_perf_counters_perf_counter_q_reg[766],DFFR_X1,5
i_perf_counters_perf_counter_q_reg[767],DFFR_X1,5
i_perf_counters_perf_counter_q_reg[768],SDFFR_X1,6
i_perf_counters_perf_counter_q_reg[769],SDFFR_X1,6
i_perf_counters_perf_counter_q_reg[770],SDFFR_X1,6
i_perf_counters_perf_counter_q_reg[771],SDFFR_X1,6
i_perf_counters_perf_counter_q_reg[772],SDFFR_X1,6
i_perf_counters_perf_counter_q_reg[773],SDFFR_X1,6
i_perf_counters_perf_counter_q_reg[774],SDFFR_X1,6
i_perf_counters_perf_counter_q_reg[775],SDFFR_X1,6
i_perf_counters_perf_counter_q_reg[776],SDFFR_X1,6
i_perf_counters_perf_counter_q_reg[777],SDFFR_X1,6
i_perf_counters_perf_counter_q_reg[778],SDFFR_X1,6
i_perf_counters_perf_counter_q_reg[779],SDFFR_X1,6
i_perf_counters_perf_counter_q_reg[780],SDFFR_X1,6
i_perf_counters_perf_counter_q_reg[781],SDFFR_X1,6
i_perf_counters_perf_counter_q_reg[782],SDFFR_X1,6
i_perf_counters_perf_counter_q_reg[783],SDFFR_X1,6
i_perf_counters_perf_counter_q_reg[784],SDFFR_X1,6
i_perf_counters_perf_counter_q_reg[785],SDFFR_X1,6
i_perf_counters_perf_counter_q_reg[786],SDFFR_X1,6
i_perf_counters_perf_counter_q_reg[787],SDFFR_X1,6
i_perf_counters_perf_counter_q_reg[788],SDFFR_X1,6
i_perf_counters_perf_counter_q_reg[789],SDFFR_X1,6
i_perf_counters_perf_counter_q_reg[790],SDFFR_X1,6
i_perf_counters_perf_counter_q_reg[791],SDFFR_X1,6
i_perf_counters_perf_counter_q_reg[792],SDFFR_X1,6
i_perf_counters_perf_counter_q_reg[793],SDFFR_X1,6
i_perf_counters_perf_counter_q_reg[794],SDFFR_X1,6
i_perf_counters_perf_counter_q_reg[795],SDFFR_X1,6
i_perf_counters_perf_counter_q_reg[796],SDFFR_X1,6
i_perf_counters_perf_counter_q_reg[797],SDFFR_X1,6
i_perf_counters_perf_counter_q_reg[798],SDFFR_X1,6
i_perf_counters_perf_counter_q_reg[799],SDFFR_X1,6
i_perf_counters_perf_counter_q_reg[800],SDFFR_X1,6
i_perf_counters_perf_counter_q_reg[801],SDFFR_X1,6
i_perf_counters_perf_counter_q_reg[802],SDFFR_X1,6
i_perf_counters_perf_counter_q_reg[803],SDFFR_X1,6
i_perf_counters_perf_counter_q_reg[804],SDFFR_X1,6
i_perf_counters_perf_counter_q_reg[805],SDFFR_X1,6
i_perf_counters_perf_counter_q_reg[806],SDFFR_X1,6
i_perf_counters_perf_counter_q_reg[807],SDFFR_X1,6
i_perf_counters_perf_counter_q_reg[808],SDFFR_X1,6
i_perf_counters_perf_counter_q_reg[809],SDFFR_X1,6
i_perf_counters_perf_counter_q_reg[810],SDFFR_X1,6
i_perf_counters_perf_counter_q_reg[811],SDFFR_X1,6
i_perf_counters_perf_counter_q_reg[812],SDFFR_X1,6
i_perf_counters_perf_counter_q_reg[813],SDFFR_X1,6
i_perf_counters_perf_counter_q_reg[814],SDFFR_X1,6
i_perf_counters_perf_counter_q_reg[815],SDFFR_X1,6
i_perf_counters_perf_counter_q_reg[816],SDFFR_X1,6
i_perf_counters_perf_counter_q_reg[817],SDFFR_X1,6
i_perf_counters_perf_counter_q_reg[818],SDFFR_X1,6
i_perf_counters_perf_counter_q_reg[819],SDFFR_X1,6
i_perf_counters_perf_counter_q_reg[820],SDFFR_X1,6
i_perf_counters_perf_counter_q_reg[821],SDFFR_X1,6
i_perf_counters_perf_counter_q_reg[822],SDFFR_X1,6
i_perf_counters_perf_counter_q_reg[823],SDFFR_X1,6
i_perf_counters_perf_counter_q_reg[824],SDFFR_X1,6
i_perf_counters_perf_counter_q_reg[825],SDFFR_X1,6
i_perf_counters_perf_counter_q_reg[826],SDFFR_X1,6
i_perf_counters_perf_counter_q_reg[827],SDFFR_X1,6
i_perf_counters_perf_counter_q_reg[828],SDFFR_X1,6
i_perf_counters_perf_counter_q_reg[829],SDFFR_X1,6
i_perf_counters_perf_counter_q_reg[830],SDFFR_X1,6
i_perf_counters_perf_counter_q_reg[831],SDFFR_X1,6
i_perf_counters_perf_counter_q_reg[832],SDFFR_X1,6
i_perf_counters_perf_counter_q_reg[833],SDFFR_X1,6
i_perf_counters_perf_counter_q_reg[834],SDFFR_X1,6
i_perf_counters_perf_counter_q_reg[835],SDFFR_X1,6
i_perf_counters_perf_counter_q_reg[836],SDFFR_X1,6
i_perf_counters_perf_counter_q_reg[837],SDFFR_X1,6
i_perf_counters_perf_counter_q_reg[838],SDFFR_X1,6
i_perf_counters_perf_counter_q_reg[839],SDFFR_X1,6
i_perf_counters_perf_counter_q_reg[840],SDFFR_X1,6
i_perf_counters_perf_counter_q_reg[841],SDFFR_X1,6
i_perf_counters_perf_counter_q_reg[842],SDFFR_X1,6
i_perf_counters_perf_counter_q_reg[843],SDFFR_X1,6
i_perf_counters_perf_counter_q_reg[844],SDFFR_X1,6
i_perf_counters_perf_counter_q_reg[845],SDFFR_X1,6
i_perf_counters_perf_counter_q_reg[846],SDFFR_X1,6
i_perf_counters_perf_counter_q_reg[847],SDFFR_X1,6
i_perf_counters_perf_counter_q_reg[848],SDFFR_X1,6
i_perf_counters_perf_counter_q_reg[849],SDFFR_X1,6
i_perf_counters_perf_counter_q_reg[850],SDFFR_X1,6
i_perf_counters_perf_counter_q_reg[851],SDFFR_X1,6
i_perf_counters_perf_counter_q_reg[852],SDFFR_X1,6
i_perf_counters_perf_counter_q_reg[853],SDFFR_X1,6
i_perf_counters_perf_counter_q_reg[854],SDFFR_X1,6
i_perf_counters_perf_counter_q_reg[855],SDFFR_X1,6
i_perf_counters_perf_counter_q_reg[856],SDFFR_X1,6
i_perf_counters_perf_counter_q_reg[857],SDFFR_X1,6
i_perf_counters_perf_counter_q_reg[858],SDFFR_X1,6
i_perf_counters_perf_counter_q_reg[859],SDFFR_X1,6
i_perf_counters_perf_counter_q_reg[860],SDFFR_X1,6
i_perf_counters_perf_counter_q_reg[861],SDFFR_X1,6
i_perf_counters_perf_counter_q_reg[862],SDFFR_X1,6
i_perf_counters_perf_counter_q_reg[863],SDFFR_X1,6
i_perf_counters_perf_counter_q_reg[864],SDFFR_X1,6
i_perf_counters_perf_counter_q_reg[865],SDFFR_X1,6
i_perf_counters_perf_counter_q_reg[866],SDFFR_X1,6
i_perf_counters_perf_counter_q_reg[867],SDFFR_X1,6
i_perf_counters_perf_counter_q_reg[868],SDFFR_X1,6
i_perf_counters_perf_counter_q_reg[869],SDFFR_X1,6
i_perf_counters_perf_counter_q_reg[870],SDFFR_X1,6
i_perf_counters_perf_counter_q_reg[871],SDFFR_X1,6
i_perf_counters_perf_counter_q_reg[872],SDFFR_X1,6
i_perf_counters_perf_counter_q_reg[873],SDFFR_X1,6
i_perf_counters_perf_counter_q_reg[874],SDFFR_X1,6
i_perf_counters_perf_counter_q_reg[875],SDFFR_X1,6
i_perf_counters_perf_counter_q_reg[876],SDFFR_X1,6
i_perf_counters_perf_counter_q_reg[877],SDFFR_X1,6
i_perf_counters_perf_counter_q_reg[878],SDFFR_X1,6
i_perf_counters_perf_counter_q_reg[879],SDFFR_X1,6
i_perf_counters_perf_counter_q_reg[880],SDFFR_X1,6
i_perf_counters_perf_counter_q_reg[881],SDFFR_X1,6
i_perf_counters_perf_counter_q_reg[882],SDFFR_X1,6
i_perf_counters_perf_counter_q_reg[883],SDFFR_X1,6
i_perf_counters_perf_counter_q_reg[884],SDFFR_X1,6
i_perf_counters_perf_counter_q_reg[885],SDFFR_X1,6
i_perf_counters_perf_counter_q_reg[886],SDFFR_X1,6
i_perf_counters_perf_counter_q_reg[887],SDFFR_X1,6
i_perf_counters_perf_counter_q_reg[888],SDFFR_X1,6
i_perf_counters_perf_counter_q_reg[889],SDFFR_X1,6
i_perf_counters_perf_counter_q_reg[890],SDFFR_X1,6
i_perf_counters_perf_counter_q_reg[891],SDFFR_X1,6
i_perf_counters_perf_counter_q_reg[892],SDFFR_X1,6
i_perf_counters_perf_counter_q_reg[893],SDFFR_X1,6
i_perf_counters_perf_counter_q_reg[894],SDFFR_X1,6
i_perf_counters_perf_counter_q_reg[895],SDFFR_X1,6
issue_stage_i_i_issue_read_operands_alu_valid_o_reg,DFFR_X1,5
issue_stage_i_i_issue_read_operands_branch_predict_o_reg[0],DFFR_X1,5
issue_stage_i_i_issue_read_operands_branch_predict_o_reg[1],DFFR_X1,5
issue_stage_i_i_issue_read_operands_branch_predict_o_reg[2],DFFR_X1,5
issue_stage_i_i_issue_read_operands_branch_predict_o_reg[3],DFFR_X1,5
issue_stage_i_i_issue_read_operands_branch_predict_o_reg[17],DFFR_X1,5
issue_stage_i_i_issue_read_operands_branch_predict_o_reg[18],DFFR_X1,5
issue_stage_i_i_issue_read_operands_branch_predict_o_reg[19],DFFR_X1,5
issue_stage_i_i_issue_read_operands_branch_predict_o_reg[20],DFFR_X1,5
issue_stage_i_i_issue_read_operands_branch_predict_o_reg[25],DFFR_X1,5
issue_stage_i_i_issue_read_operands_branch_predict_o_reg[26],DFFR_X1,5
issue_stage_i_i_issue_read_operands_branch_predict_o_reg[27],DFFR_X1,5
issue_stage_i_i_issue_read_operands_branch_predict_o_reg[28],DFFR_X1,5
issue_stage_i_i_issue_read_operands_branch_predict_o_reg[29],DFFR_X1,5
issue_stage_i_i_issue_read_operands_branch_predict_o_reg[30],DFFR_X1,5
issue_stage_i_i_issue_read_operands_branch_predict_o_reg[31],DFFR_X1,5
issue_stage_i_i_issue_read_operands_branch_predict_o_reg[32],DFFR_X1,5
issue_stage_i_i_issue_read_operands_branch_predict_o_reg[33],DFFR_X1,5
issue_stage_i_i_issue_read_operands_branch_predict_o_reg[34],DFFR_X1,5
issue_stage_i_i_issue_read_operands_branch_predict_o_reg[35],DFFR_X1,5
issue_stage_i_i_issue_read_operands_branch_predict_o_reg[36],DFFR_X1,5
issue_stage_i_i_issue_read_operands_branch_predict_o_reg[37],DFFR_X1,5
issue_stage_i_i_issue_read_operands_branch_predict_o_reg[38],DFFR_X1,5
issue_stage_i_i_issue_read_operands_branch_predict_o_reg[39],DFFR_X1,5
issue_stage_i_i_issue_read_operands_branch_predict_o_reg[40],DFFR_X1,5
issue_stage_i_i_issue_read_operands_branch_predict_o_reg[41],DFFR_X1,5
issue_stage_i_i_issue_read_operands_branch_predict_o_reg[42],DFFR_X1,5
issue_stage_i_i_issue_read_operands_branch_predict_o_reg[43],DFFR_X1,5
issue_stage_i_i_issue_read_operands_branch_predict_o_reg[44],DFFR_X1,5
issue_stage_i_i_issue_read_operands_branch_predict_o_reg[45],DFFR_X1,5
issue_stage_i_i_issue_read_operands_branch_predict_o_reg[46],DFFR_X1,5
issue_stage_i_i_issue_read_operands_branch_predict_o_reg[47],DFFR_X1,5
issue_stage_i_i_issue_read_operands_branch_predict_o_reg[48],DFFR_X1,5
issue_stage_i_i_issue_read_operands_branch_predict_o_reg[49],DFFR_X1,5
issue_stage_i_i_issue_read_operands_branch_predict_o_reg[50],DFFR_X1,5
issue_stage_i_i_issue_read_operands_branch_predict_o_reg[51],DFFR_X1,5
issue_stage_i_i_issue_read_operands_branch_predict_o_reg[52],DFFR_X1,5
issue_stage_i_i_issue_read_operands_branch_predict_o_reg[53],DFFR_X1,5
issue_stage_i_i_issue_read_operands_branch_predict_o_reg[54],DFFR_X1,5
issue_stage_i_i_issue_read_operands_branch_predict_o_reg[55],DFFR_X1,5
issue_stage_i_i_issue_read_operands_branch_predict_o_reg[56],DFFR_X1,5
issue_stage_i_i_issue_read_operands_branch_predict_o_reg[57],DFFR_X1,5
issue_stage_i_i_issue_read_operands_branch_predict_o_reg[58],DFFR_X1,5
issue_stage_i_i_issue_read_operands_branch_predict_o_reg[59],DFFR_X1,5
issue_stage_i_i_issue_read_operands_branch_predict_o_reg[60],DFFR_X1,5
issue_stage_i_i_issue_read_operands_branch_predict_o_reg[61],DFFR_X1,5
issue_stage_i_i_issue_read_operands_branch_predict_o_reg[62],DFFR_X1,5
issue_stage_i_i_issue_read_operands_branch_predict_o_reg[63],DFFR_X1,5
issue_stage_i_i_issue_read_operands_branch_predict_o_reg[64],DFFR_X1,5
issue_stage_i_i_issue_read_operands_branch_predict_o_reg[67],DFFR_X1,5
issue_stage_i_i_issue_read_operands_branch_valid_o_reg,DFFR_X1,5
issue_stage_i_i_issue_read_operands_csr_valid_o_reg,DFFR_X1,5
issue_stage_i_i_issue_read_operands_fu_data_o_reg[1],DFFR_X1,5
issue_stage_i_i_issue_read_operands_fu_data_o_reg[4],DFFR_X1,5
issue_stage_i_i_issue_read_operands_fu_data_o_reg[7],DFFR_X1,5
issue_stage_i_i_issue_read_operands_fu_data_o_reg[8],DFFR_X1,5
issue_stage_i_i_issue_read_operands_fu_data_o_reg[9],DFFR_X1,5
issue_stage_i_i_issue_read_operands_fu_data_o_reg[10],DFFR_X1,5
issue_stage_i_i_issue_read_operands_fu_data_o_reg[11],DFFR_X1,5
issue_stage_i_i_issue_read_operands_fu_data_o_reg[12],DFFR_X1,5
issue_stage_i_i_issue_read_operands_fu_data_o_reg[13],DFFR_X1,5
issue_stage_i_i_issue_read_operands_fu_data_o_reg[14],DFFR_X1,5
issue_stage_i_i_issue_read_operands_fu_data_o_reg[15],DFFR_X1,5
issue_stage_i_i_issue_read_operands_fu_data_o_reg[16],DFFR_X1,5
issue_stage_i_i_issue_read_operands_fu_data_o_reg[17],DFFR_X1,5
issue_stage_i_i_issue_read_operands_fu_data_o_reg[18],DFFR_X1,5
issue_stage_i_i_issue_read_operands_fu_data_o_reg[23],DFFR_X1,5
issue_stage_i_i_issue_read_operands_fu_data_o_reg[24],DFFR_X1,5
issue_stage_i_i_issue_read_operands_fu_data_o_reg[25],DFFR_X1,5
issue_stage_i_i_issue_read_operands_fu_data_o_reg[26],DFFR_X1,5
issue_stage_i_i_issue_read_operands_fu_data_o_reg[35],DFFR_X1,5
issue_stage_i_i_issue_read_operands_fu_data_o_reg[67],DFFR_X2,5
issue_stage_i_i_issue_read_operands_fu_data_o_reg[68],DFFR_X1,5
issue_stage_i_i_issue_read_operands_fu_data_o_reg[69],DFFR_X1,5
issue_stage_i_i_issue_read_operands_fu_data_o_reg[70],DFFR_X1,5
issue_stage_i_i_issue_read_operands_fu_data_o_reg[71],DFFR_X1,5
issue_stage_i_i_issue_read_operands_fu_data_o_reg[72],DFFR_X1,5
issue_stage_i_i_issue_read_operands_fu_data_o_reg[73],DFFR_X1,5
issue_stage_i_i_issue_read_operands_fu_data_o_reg[74],DFFR_X1,5
issue_stage_i_i_issue_read_operands_fu_data_o_reg[75],DFFR_X1,5
issue_stage_i_i_issue_read_operands_fu_data_o_reg[76],DFFR_X1,5
issue_stage_i_i_issue_read_operands_fu_data_o_reg[77],DFFR_X1,5
issue_stage_i_i_issue_read_operands_fu_data_o_reg[78],DFFR_X1,5
issue_stage_i_i_issue_read_operands_fu_data_o_reg[79],DFFR_X1,5
issue_stage_i_i_issue_read_operands_fu_data_o_reg[80],DFFR_X1,5
issue_stage_i_i_issue_read_operands_fu_data_o_reg[81],DFFR_X1,5
issue_stage_i_i_issue_read_operands_fu_data_o_reg[82],DFFR_X1,5
issue_stage_i_i_issue_read_operands_fu_data_o_reg[83],DFFR_X1,5
issue_stage_i_i_issue_read_operands_fu_data_o_reg[84],DFFR_X1,5
issue_stage_i_i_issue_read_operands_fu_data_o_reg[85],DFFR_X1,5
issue_stage_i_i_issue_read_operands_fu_data_o_reg[86],DFFR_X1,5
issue_stage_i_i_issue_read_operands_fu_data_o_reg[87],DFFR_X1,5
issue_stage_i_i_issue_read_operands_fu_data_o_reg[88],DFFR_X1,5
issue_stage_i_i_issue_read_operands_fu_data_o_reg[89],DFFR_X1,5
issue_stage_i_i_issue_read_operands_fu_data_o_reg[90],DFFR_X1,5
issue_stage_i_i_issue_read_operands_fu_data_o_reg[91],DFFR_X1,5
issue_stage_i_i_issue_read_operands_fu_data_o_reg[92],DFFR_X1,5
issue_stage_i_i_issue_read_operands_fu_data_o_reg[93],DFFR_X1,5
issue_stage_i_i_issue_read_operands_fu_data_o_reg[94],DFFR_X1,5
issue_stage_i_i_issue_read_operands_fu_data_o_reg[95],DFFR_X1,5
issue_stage_i_i_issue_read_operands_fu_data_o_reg[96],DFFR_X1,5
issue_stage_i_i_issue_read_operands_fu_data_o_reg[97],DFFR_X1,5
issue_stage_i_i_issue_read_operands_fu_data_o_reg[98],DFFR_X1,5
issue_stage_i_i_issue_read_operands_fu_data_o_reg[99],DFFR_X1,5
issue_stage_i_i_issue_read_operands_fu_data_o_reg[100],DFFR_X1,5
issue_stage_i_i_issue_read_operands_fu_data_o_reg[101],DFFR_X1,5
issue_stage_i_i_issue_read_operands_fu_data_o_reg[102],DFFR_X1,5
issue_stage_i_i_issue_read_operands_fu_data_o_reg[103],DFFR_X1,5
issue_stage_i_i_issue_read_operands_fu_data_o_reg[104],DFFR_X1,5
issue_stage_i_i_issue_read_operands_fu_data_o_reg[105],DFFR_X1,5
issue_stage_i_i_issue_read_operands_fu_data_o_reg[106],DFFR_X1,5
issue_stage_i_i_issue_read_operands_fu_data_o_reg[107],DFFR_X1,5
issue_stage_i_i_issue_read_operands_fu_data_o_reg[108],DFFR_X1,5
issue_stage_i_i_issue_read_operands_fu_data_o_reg[109],DFFR_X1,5
issue_stage_i_i_issue_read_operands_fu_data_o_reg[110],DFFR_X1,5
issue_stage_i_i_issue_read_operands_fu_data_o_reg[111],DFFR_X1,5
issue_stage_i_i_issue_read_operands_fu_data_o_reg[112],DFFR_X1,5
issue_stage_i_i_issue_read_operands_fu_data_o_reg[113],DFFR_X1,5
issue_stage_i_i_issue_read_operands_fu_data_o_reg[114],DFFR_X1,5
issue_stage_i_i_issue_read_operands_fu_data_o_reg[115],DFFR_X1,5
issue_stage_i_i_issue_read_operands_fu_data_o_reg[116],DFFR_X1,5
issue_stage_i_i_issue_read_operands_fu_data_o_reg[117],DFFR_X1,5
issue_stage_i_i_issue_read_operands_fu_data_o_reg[118],DFFR_X1,5
issue_stage_i_i_issue_read_operands_fu_data_o_reg[119],DFFR_X1,5
issue_stage_i_i_issue_read_operands_fu_data_o_reg[120],DFFR_X1,5
issue_stage_i_i_issue_read_operands_fu_data_o_reg[121],DFFR_X1,5
issue_stage_i_i_issue_read_operands_fu_data_o_reg[122],DFFR_X1,5
issue_stage_i_i_issue_read_operands_fu_data_o_reg[123],DFFR_X1,5
issue_stage_i_i_issue_read_operands_fu_data_o_reg[124],DFFR_X1,5
issue_stage_i_i_issue_read_operands_fu_data_o_reg[125],DFFR_X1,5
issue_stage_i_i_issue_read_operands_fu_data_o_reg[126],DFFR_X1,5
issue_stage_i_i_issue_read_operands_fu_data_o_reg[127],DFFR_X1,5
issue_stage_i_i_issue_read_operands_fu_data_o_reg[128],DFFR_X1,5
issue_stage_i_i_issue_read_operands_fu_data_o_reg[129],DFFR_X1,5
issue_stage_i_i_issue_read_operands_fu_data_o_reg[130],DFFR_X1,5
issue_stage_i_i_issue_read_operands_fu_data_o_reg[131],DFFR_X1,5
issue_stage_i_i_issue_read_operands_fu_data_o_reg[132],DFFR_X1,5
issue_stage_i_i_issue_read_operands_fu_data_o_reg[133],DFFR_X1,5
issue_stage_i_i_issue_read_operands_fu_data_o_reg[134],DFFR_X1,5
issue_stage_i_i_issue_read_operands_fu_data_o_reg[135],DFFR_X1,5
issue_stage_i_i_issue_read_operands_fu_data_o_reg[136],DFFR_X1,5
issue_stage_i_i_issue_read_operands_fu_data_o_reg[137],DFFR_X1,5
issue_stage_i_i_issue_read_operands_fu_data_o_reg[138],DFFR_X1,5
issue_stage_i_i_issue_read_operands_fu_data_o_reg[139],DFFR_X1,5
issue_stage_i_i_issue_read_operands_fu_data_o_reg[140],DFFR_X1,5
issue_stage_i_i_issue_read_operands_fu_data_o_reg[141],DFFR_X1,5
issue_stage_i_i_issue_read_operands_fu_data_o_reg[142],DFFR_X1,5
issue_stage_i_i_issue_read_operands_fu_data_o_reg[143],DFFR_X1,5
issue_stage_i_i_issue_read_operands_fu_data_o_reg[144],DFFR_X1,5
issue_stage_i_i_issue_read_operands_fu_data_o_reg[145],DFFR_X1,5
issue_stage_i_i_issue_read_operands_fu_data_o_reg[146],DFFR_X1,5
issue_stage_i_i_issue_read_operands_fu_data_o_reg[147],DFFR_X1,5
issue_stage_i_i_issue_read_operands_fu_data_o_reg[148],DFFR_X1,5
issue_stage_i_i_issue_read_operands_fu_data_o_reg[149],DFFR_X1,5
issue_stage_i_i_issue_read_operands_fu_data_o_reg[150],DFFR_X1,5
issue_stage_i_i_issue_read_operands_fu_data_o_reg[151],DFFR_X1,5
issue_stage_i_i_issue_read_operands_fu_data_o_reg[152],DFFR_X1,5
issue_stage_i_i_issue_read_operands_fu_data_o_reg[153],DFFR_X1,5
issue_stage_i_i_issue_read_operands_fu_data_o_reg[154],DFFR_X1,5
issue_stage_i_i_issue_read_operands_fu_data_o_reg[155],DFFR_X1,5
issue_stage_i_i_issue_read_operands_fu_data_o_reg[156],DFFR_X1,5
issue_stage_i_i_issue_read_operands_fu_data_o_reg[157],DFFR_X1,5
issue_stage_i_i_issue_read_operands_fu_data_o_reg[158],DFFR_X1,5
issue_stage_i_i_issue_read_operands_fu_data_o_reg[159],DFFR_X1,5
issue_stage_i_i_issue_read_operands_fu_data_o_reg[160],DFFR_X1,5
issue_stage_i_i_issue_read_operands_fu_data_o_reg[161],DFFR_X1,5
issue_stage_i_i_issue_read_operands_fu_data_o_reg[162],DFFR_X1,5
issue_stage_i_i_issue_read_operands_fu_data_o_reg[163],DFFR_X1,5
issue_stage_i_i_issue_read_operands_fu_data_o_reg[164],DFFR_X1,5
issue_stage_i_i_issue_read_operands_fu_data_o_reg[165],DFFR_X1,5
issue_stage_i_i_issue_read_operands_fu_data_o_reg[166],DFFR_X1,5
issue_stage_i_i_issue_read_operands_fu_data_o_reg[167],DFFR_X1,5
issue_stage_i_i_issue_read_operands_fu_data_o_reg[168],DFFR_X1,5
issue_stage_i_i_issue_read_operands_fu_data_o_reg[169],DFFR_X1,5
issue_stage_i_i_issue_read_operands_fu_data_o_reg[170],DFFR_X1,5
issue_stage_i_i_issue_read_operands_fu_data_o_reg[171],DFFR_X1,5
issue_stage_i_i_issue_read_operands_fu_data_o_reg[172],DFFR_X1,5
issue_stage_i_i_issue_read_operands_fu_data_o_reg[173],DFFR_X1,5
issue_stage_i_i_issue_read_operands_fu_data_o_reg[174],DFFR_X1,5
issue_stage_i_i_issue_read_operands_fu_data_o_reg[175],DFFR_X1,5
issue_stage_i_i_issue_read_operands_fu_data_o_reg[176],DFFR_X1,5
issue_stage_i_i_issue_read_operands_fu_data_o_reg[177],DFFR_X1,5
issue_stage_i_i_issue_read_operands_fu_data_o_reg[178],DFFR_X1,5
issue_stage_i_i_issue_read_operands_fu_data_o_reg[179],DFFR_X1,5
issue_stage_i_i_issue_read_operands_fu_data_o_reg[180],DFFR_X1,5
issue_stage_i_i_issue_read_operands_fu_data_o_reg[181],DFFR_X1,5
issue_stage_i_i_issue_read_operands_fu_data_o_reg[182],DFFR_X1,5
issue_stage_i_i_issue_read_operands_fu_data_o_reg[183],DFFR_X1,5
issue_stage_i_i_issue_read_operands_fu_data_o_reg[184],DFFR_X1,5
issue_stage_i_i_issue_read_operands_fu_data_o_reg[185],DFFR_X1,5
issue_stage_i_i_issue_read_operands_fu_data_o_reg[186],DFFR_X1,5
issue_stage_i_i_issue_read_operands_fu_data_o_reg[187],DFFR_X1,5
issue_stage_i_i_issue_read_operands_fu_data_o_reg[188],DFFR_X1,5
issue_stage_i_i_issue_read_operands_fu_data_o_reg[189],DFFR_X1,5
issue_stage_i_i_issue_read_operands_fu_data_o_reg[190],DFFR_X1,5
issue_stage_i_i_issue_read_operands_fu_data_o_reg[191],DFFR_X1,5
issue_stage_i_i_issue_read_operands_fu_data_o_reg[192],DFFR_X1,5
issue_stage_i_i_issue_read_operands_fu_data_o_reg[193],DFFR_X1,5
issue_stage_i_i_issue_read_operands_fu_data_o_reg[194],DFFR_X1,5
issue_stage_i_i_issue_read_operands_fu_data_o_reg[195],DFFR_X1,5
issue_stage_i_i_issue_read_operands_fu_data_o_reg[196],DFFR_X1,5
issue_stage_i_i_issue_read_operands_fu_data_o_reg[197],DFFR_X2,5
issue_stage_i_i_issue_read_operands_fu_data_o_reg[198],DFFR_X1,5
issue_stage_i_i_issue_read_operands_fu_data_o_reg[199],DFFR_X1,5
issue_stage_i_i_issue_read_operands_fu_data_o_reg[200],DFFR_X1,5
issue_stage_i_i_issue_read_operands_fu_data_o_reg[201],DFFR_X1,5
issue_stage_i_i_issue_read_operands_i_ariane_regfile_mem_reg[64],DFFR_X1,5
issue_stage_i_i_issue_read_operands_i_ariane_regfile_mem_reg[65],DFFR_X1,5
issue_stage_i_i_issue_read_operands_i_ariane_regfile_mem_reg[66],DFFR_X1,5
issue_stage_i_i_issue_read_operands_i_ariane_regfile_mem_reg[67],DFFR_X1,5
issue_stage_i_i_issue_read_operands_i_ariane_regfile_mem_reg[68],DFFR_X1,5
issue_stage_i_i_issue_read_operands_i_ariane_regfile_mem_reg[69],DFFR_X1,5
issue_stage_i_i_issue_read_operands_i_ariane_regfile_mem_reg[70],DFFR_X1,5
issue_stage_i_i_issue_read_operands_i_ariane_regfile_mem_reg[71],DFFR_X1,5
issue_stage_i_i_issue_read_operands_i_ariane_regfile_mem_reg[72],DFFR_X1,5
issue_stage_i_i_issue_read_operands_i_ariane_regfile_mem_reg[73],DFFR_X1,5
issue_stage_i_i_issue_read_operands_i_ariane_regfile_mem_reg[74],DFFR_X1,5
issue_stage_i_i_issue_read_operands_i_ariane_regfile_mem_reg[75],DFFR_X1,5
issue_stage_i_i_issue_read_operands_i_ariane_regfile_mem_reg[76],DFFR_X1,5
issue_stage_i_i_issue_read_operands_i_ariane_regfile_mem_reg[77],DFFR_X1,5
issue_stage_i_i_issue_read_operands_i_ariane_regfile_mem_reg[78],DFFR_X1,5
issue_stage_i_i_issue_read_operands_i_ariane_regfile_mem_reg[79],DFFR_X1,5
issue_stage_i_i_issue_read_operands_i_ariane_regfile_mem_reg[80],DFFR_X1,5
issue_stage_i_i_issue_read_operands_i_ariane_regfile_mem_reg[81],DFFR_X1,5
issue_stage_i_i_issue_read_operands_i_ariane_regfile_mem_reg[82],DFFR_X1,5
issue_stage_i_i_issue_read_operands_i_ariane_regfile_mem_reg[83],DFFR_X1,5
issue_stage_i_i_issue_read_operands_i_ariane_regfile_mem_reg[84],DFFR_X1,5
issue_stage_i_i_issue_read_operands_i_ariane_regfile_mem_reg[85],DFFR_X1,5
issue_stage_i_i_issue_read_operands_i_ariane_regfile_mem_reg[86],DFFR_X1,5
issue_stage_i_i_issue_read_operands_i_ariane_regfile_mem_reg[87],DFFR_X1,5
issue_stage_i_i_issue_read_operands_i_ariane_regfile_mem_reg[88],DFFR_X1,5
issue_stage_i_i_issue_read_operands_i_ariane_regfile_mem_reg[89],DFFR_X1,5
issue_stage_i_i_issue_read_operands_i_ariane_regfile_mem_reg[90],DFFR_X1,5
issue_stage_i_i_issue_read_operands_i_ariane_regfile_mem_reg[91],DFFR_X1,5
issue_stage_i_i_issue_read_operands_i_ariane_regfile_mem_reg[92],DFFR_X1,5
issue_stage_i_i_issue_read_operands_i_ariane_regfile_mem_reg[93],DFFR_X1,5
issue_stage_i_i_issue_read_operands_i_ariane_regfile_mem_reg[94],DFFR_X1,5
issue_stage_i_i_issue_read_operands_i_ariane_regfile_mem_reg[95],DFFR_X1,5
issue_stage_i_i_issue_read_operands_i_ariane_regfile_mem_reg[96],DFFR_X1,5
issue_stage_i_i_issue_read_operands_i_ariane_regfile_mem_reg[97],DFFR_X1,5
issue_stage_i_i_issue_read_operands_i_ariane_regfile_mem_reg[98],DFFR_X1,5
issue_stage_i_i_issue_read_operands_i_ariane_regfile_mem_reg[99],DFFR_X1,5
issue_stage_i_i_issue_read_operands_i_ariane_regfile_mem_reg[100],DFFR_X1,5
issue_stage_i_i_issue_read_operands_i_ariane_regfile_mem_reg[101],DFFR_X1,5
issue_stage_i_i_issue_read_operands_i_ariane_regfile_mem_reg[102],DFFR_X1,5
issue_stage_i_i_issue_read_operands_i_ariane_regfile_mem_reg[103],DFFR_X1,5
issue_stage_i_i_issue_read_operands_i_ariane_regfile_mem_reg[104],DFFR_X1,5
issue_stage_i_i_issue_read_operands_i_ariane_regfile_mem_reg[105],DFFR_X1,5
issue_stage_i_i_issue_read_operands_i_ariane_regfile_mem_reg[106],DFFR_X1,5
issue_stage_i_i_issue_read_operands_i_ariane_regfile_mem_reg[107],DFFR_X1,5
issue_stage_i_i_issue_read_operands_i_ariane_regfile_mem_reg[108],DFFR_X1,5
issue_stage_i_i_issue_read_operands_i_ariane_regfile_mem_reg[109],DFFR_X1,5
issue_stage_i_i_issue_read_operands_i_ariane_regfile_mem_reg[110],DFFR_X1,5
issue_stage_i_i_issue_read_operands_i_ariane_regfile_mem_reg[111],DFFR_X1,5
issue_stage_i_i_issue_read_operands_i_ariane_regfile_mem_reg[112],DFFR_X1,5
issue_stage_i_i_issue_read_operands_i_ariane_regfile_mem_reg[113],DFFR_X1,5
issue_stage_i_i_issue_read_operands_i_ariane_regfile_mem_reg[114],DFFR_X1,5
issue_stage_i_i_issue_read_operands_i_ariane_regfile_mem_reg[115],DFFR_X1,5
issue_stage_i_i_issue_read_operands_i_ariane_regfile_mem_reg[116],DFFR_X1,5
issue_stage_i_i_issue_read_operands_i_ariane_regfile_mem_reg[117],DFFR_X1,5
issue_stage_i_i_issue_read_operands_i_ariane_regfile_mem_reg[118],DFFR_X1,5
issue_stage_i_i_issue_read_operands_i_ariane_regfile_mem_reg[119],DFFR_X1,5
issue_stage_i_i_issue_read_operands_i_ariane_regfile_mem_reg[120],DFFR_X1,5
issue_stage_i_i_issue_read_operands_i_ariane_regfile_mem_reg[121],DFFR_X1,5
issue_stage_i_i_issue_read_operands_i_ariane_regfile_mem_reg[122],DFFR_X1,5
issue_stage_i_i_issue_read_operands_i_ariane_regfile_mem_reg[123],DFFR_X1,5
issue_stage_i_i_issue_read_operands_i_ariane_regfile_mem_reg[124],DFFR_X1,5
issue_stage_i_i_issue_read_operands_i_ariane_regfile_mem_reg[125],DFFR_X1,5
issue_stage_i_i_issue_read_operands_i_ariane_regfile_mem_reg[126],DFFR_X1,5
issue_stage_i_i_issue_read_operands_i_ariane_regfile_mem_reg[127],DFFR_X1,5
issue_stage_i_i_issue_read_operands_i_ariane_regfile_mem_reg[128],DFFR_X1,5
issue_stage_i_i_issue_read_operands_i_ariane_regfile_mem_reg[129],DFFR_X1,5
issue_stage_i_i_issue_read_operands_i_ariane_regfile_mem_reg[130],DFFR_X1,5
issue_stage_i_i_issue_read_operands_i_ariane_regfile_mem_reg[131],DFFR_X1,5
issue_stage_i_i_issue_read_operands_i_ariane_regfile_mem_reg[132],DFFR_X1,5
issue_stage_i_i_issue_read_operands_i_ariane_regfile_mem_reg[133],DFFR_X1,5
issue_stage_i_i_issue_read_operands_i_ariane_regfile_mem_reg[134],DFFR_X1,5
issue_stage_i_i_issue_read_operands_i_ariane_regfile_mem_reg[135],DFFR_X1,5
issue_stage_i_i_issue_read_operands_i_ariane_regfile_mem_reg[136],DFFR_X1,5
issue_stage_i_i_issue_read_operands_i_ariane_regfile_mem_reg[137],DFFR_X1,5
issue_stage_i_i_issue_read_operands_i_ariane_regfile_mem_reg[138],DFFR_X1,5
issue_stage_i_i_issue_read_operands_i_ariane_regfile_mem_reg[139],DFFR_X1,5
issue_stage_i_i_issue_read_operands_i_ariane_regfile_mem_reg[140],DFFR_X1,5
issue_stage_i_i_issue_read_operands_i_ariane_regfile_mem_reg[141],DFFR_X1,5
issue_stage_i_i_issue_read_operands_i_ariane_regfile_mem_reg[142],DFFR_X1,5
issue_stage_i_i_issue_read_operands_i_ariane_regfile_mem_reg[143],DFFR_X1,5
issue_stage_i_i_issue_read_operands_i_ariane_regfile_mem_reg[144],DFFR_X1,5
issue_stage_i_i_issue_read_operands_i_ariane_regfile_mem_reg[145],DFFR_X1,5
issue_stage_i_i_issue_read_operands_i_ariane_regfile_mem_reg[146],DFFR_X1,5
issue_stage_i_i_issue_read_operands_i_ariane_regfile_mem_reg[147],DFFR_X1,5
issue_stage_i_i_issue_read_operands_i_ariane_regfile_mem_reg[148],DFFR_X1,5
issue_stage_i_i_issue_read_operands_i_ariane_regfile_mem_reg[149],DFFR_X1,5
issue_stage_i_i_issue_read_operands_i_ariane_regfile_mem_reg[150],DFFR_X1,5
issue_stage_i_i_issue_read_operands_i_ariane_regfile_mem_reg[151],DFFR_X1,5
issue_stage_i_i_issue_read_operands_i_ariane_regfile_mem_reg[152],DFFR_X1,5
issue_stage_i_i_issue_read_operands_i_ariane_regfile_mem_reg[153],DFFR_X1,5
issue_stage_i_i_issue_read_operands_i_ariane_regfile_mem_reg[154],DFFR_X1,5
issue_stage_i_i_issue_read_operands_i_ariane_regfile_mem_reg[155],DFFR_X1,5
issue_stage_i_i_issue_read_operands_i_ariane_regfile_mem_reg[156],DFFR_X1,5
issue_stage_i_i_issue_read_operands_i_ariane_regfile_mem_reg[157],DFFR_X1,5
issue_stage_i_i_issue_read_operands_i_ariane_regfile_mem_reg[158],DFFR_X1,5
issue_stage_i_i_issue_read_operands_i_ariane_regfile_mem_reg[159],DFFR_X1,5
issue_stage_i_i_issue_read_operands_i_ariane_regfile_mem_reg[160],DFFR_X1,5
issue_stage_i_i_issue_read_operands_i_ariane_regfile_mem_reg[161],DFFR_X1,5
issue_stage_i_i_issue_read_operands_i_ariane_regfile_mem_reg[162],DFFR_X1,5
issue_stage_i_i_issue_read_operands_i_ariane_regfile_mem_reg[163],DFFR_X1,5
issue_stage_i_i_issue_read_operands_i_ariane_regfile_mem_reg[164],DFFR_X1,5
issue_stage_i_i_issue_read_operands_i_ariane_regfile_mem_reg[165],DFFR_X1,5
issue_stage_i_i_issue_read_operands_i_ariane_regfile_mem_reg[166],DFFR_X1,5
issue_stage_i_i_issue_read_operands_i_ariane_regfile_mem_reg[167],DFFR_X1,5
issue_stage_i_i_issue_read_operands_i_ariane_regfile_mem_reg[168],DFFR_X1,5
issue_stage_i_i_issue_read_operands_i_ariane_regfile_mem_reg[169],DFFR_X1,5
issue_stage_i_i_issue_read_operands_i_ariane_regfile_mem_reg[170],DFFR_X1,5
issue_stage_i_i_issue_read_operands_i_ariane_regfile_mem_reg[171],DFFR_X1,5
issue_stage_i_i_issue_read_operands_i_ariane_regfile_mem_reg[172],DFFR_X1,5
issue_stage_i_i_issue_read_operands_i_ariane_regfile_mem_reg[173],DFFR_X1,5
issue_stage_i_i_issue_read_operands_i_ariane_regfile_mem_reg[174],DFFR_X1,5
issue_stage_i_i_issue_read_operands_i_ariane_regfile_mem_reg[175],DFFR_X1,5
issue_stage_i_i_issue_read_operands_i_ariane_regfile_mem_reg[176],DFFR_X1,5
issue_stage_i_i_issue_read_operands_i_ariane_regfile_mem_reg[177],DFFR_X1,5
issue_stage_i_i_issue_read_operands_i_ariane_regfile_mem_reg[178],DFFR_X1,5
issue_stage_i_i_issue_read_operands_i_ariane_regfile_mem_reg[179],DFFR_X1,5
issue_stage_i_i_issue_read_operands_i_ariane_regfile_mem_reg[180],DFFR_X1,5
issue_stage_i_i_issue_read_operands_i_ariane_regfile_mem_reg[181],DFFR_X1,5
issue_stage_i_i_issue_read_operands_i_ariane_regfile_mem_reg[182],DFFR_X1,5
issue_stage_i_i_issue_read_operands_i_ariane_regfile_mem_reg[183],DFFR_X1,5
issue_stage_i_i_issue_read_operands_i_ariane_regfile_mem_reg[184],DFFR_X1,5
issue_stage_i_i_issue_read_operands_i_ariane_regfile_mem_reg[185],DFFR_X1,5
issue_stage_i_i_issue_read_operands_i_ariane_regfile_mem_reg[186],DFFR_X1,5
issue_stage_i_i_issue_read_operands_i_ariane_regfile_mem_reg[187],DFFR_X1,5
issue_stage_i_i_issue_read_operands_i_ariane_regfile_mem_reg[188],DFFR_X1,5
issue_stage_i_i_issue_read_operands_i_ariane_regfile_mem_reg[189],DFFR_X1,5
issue_stage_i_i_issue_read_operands_i_ariane_regfile_mem_reg[190],DFFR_X1,5
issue_stage_i_i_issue_read_operands_i_ariane_regfile_mem_reg[191],DFFR_X1,5
issue_stage_i_i_issue_read_operands_i_ariane_regfile_mem_reg[192],DFFR_X1,5
issue_stage_i_i_issue_read_operands_i_ariane_regfile_mem_reg[193],DFFR_X1,5
issue_stage_i_i_issue_read_operands_i_ariane_regfile_mem_reg[194],DFFR_X1,5
issue_stage_i_i_issue_read_operands_i_ariane_regfile_mem_reg[195],DFFR_X1,5
issue_stage_i_i_issue_read_operands_i_ariane_regfile_mem_reg[196],DFFR_X1,5
issue_stage_i_i_issue_read_operands_i_ariane_regfile_mem_reg[197],DFFR_X1,5
issue_stage_i_i_issue_read_operands_i_ariane_regfile_mem_reg[198],DFFR_X1,5
issue_stage_i_i_issue_read_operands_i_ariane_regfile_mem_reg[199],DFFR_X1,5
issue_stage_i_i_issue_read_operands_i_ariane_regfile_mem_reg[200],DFFR_X1,5
issue_stage_i_i_issue_read_operands_i_ariane_regfile_mem_reg[201],DFFR_X1,5
issue_stage_i_i_issue_read_operands_i_ariane_regfile_mem_reg[202],DFFR_X1,5
issue_stage_i_i_issue_read_operands_i_ariane_regfile_mem_reg[203],DFFR_X1,5
issue_stage_i_i_issue_read_operands_i_ariane_regfile_mem_reg[204],DFFR_X1,5
issue_stage_i_i_issue_read_operands_i_ariane_regfile_mem_reg[205],DFFR_X1,5
issue_stage_i_i_issue_read_operands_i_ariane_regfile_mem_reg[206],DFFR_X1,5
issue_stage_i_i_issue_read_operands_i_ariane_regfile_mem_reg[207],DFFR_X1,5
issue_stage_i_i_issue_read_operands_i_ariane_regfile_mem_reg[208],DFFR_X1,5
issue_stage_i_i_issue_read_operands_i_ariane_regfile_mem_reg[209],DFFR_X1,5
issue_stage_i_i_issue_read_operands_i_ariane_regfile_mem_reg[210],DFFR_X1,5
issue_stage_i_i_issue_read_operands_i_ariane_regfile_mem_reg[211],DFFR_X1,5
issue_stage_i_i_issue_read_operands_i_ariane_regfile_mem_reg[212],DFFR_X1,5
issue_stage_i_i_issue_read_operands_i_ariane_regfile_mem_reg[213],DFFR_X1,5
issue_stage_i_i_issue_read_operands_i_ariane_regfile_mem_reg[214],DFFR_X1,5
issue_stage_i_i_issue_read_operands_i_ariane_regfile_mem_reg[215],DFFR_X1,5
issue_stage_i_i_issue_read_operands_i_ariane_regfile_mem_reg[216],DFFR_X1,5
issue_stage_i_i_issue_read_operands_i_ariane_regfile_mem_reg[217],DFFR_X1,5
issue_stage_i_i_issue_read_operands_i_ariane_regfile_mem_reg[218],DFFR_X1,5
issue_stage_i_i_issue_read_operands_i_ariane_regfile_mem_reg[219],DFFR_X1,5
issue_stage_i_i_issue_read_operands_i_ariane_regfile_mem_reg[220],DFFR_X1,5
issue_stage_i_i_issue_read_operands_i_ariane_regfile_mem_reg[221],DFFR_X1,5
issue_stage_i_i_issue_read_operands_i_ariane_regfile_mem_reg[222],DFFR_X1,5
issue_stage_i_i_issue_read_operands_i_ariane_regfile_mem_reg[223],DFFR_X1,5
issue_stage_i_i_issue_read_operands_i_ariane_regfile_mem_reg[224],DFFR_X1,5
issue_stage_i_i_issue_read_operands_i_ariane_regfile_mem_reg[225],DFFR_X1,5
issue_stage_i_i_issue_read_operands_i_ariane_regfile_mem_reg[226],DFFR_X1,5
issue_stage_i_i_issue_read_operands_i_ariane_regfile_mem_reg[227],DFFR_X1,5
issue_stage_i_i_issue_read_operands_i_ariane_regfile_mem_reg[228],DFFR_X1,5
issue_stage_i_i_issue_read_operands_i_ariane_regfile_mem_reg[229],DFFR_X1,5
issue_stage_i_i_issue_read_operands_i_ariane_regfile_mem_reg[230],DFFR_X1,5
issue_stage_i_i_issue_read_operands_i_ariane_regfile_mem_reg[231],DFFR_X1,5
issue_stage_i_i_issue_read_operands_i_ariane_regfile_mem_reg[232],DFFR_X1,5
issue_stage_i_i_issue_read_operands_i_ariane_regfile_mem_reg[233],DFFR_X1,5
issue_stage_i_i_issue_read_operands_i_ariane_regfile_mem_reg[234],DFFR_X1,5
issue_stage_i_i_issue_read_operands_i_ariane_regfile_mem_reg[235],DFFR_X1,5
issue_stage_i_i_issue_read_operands_i_ariane_regfile_mem_reg[236],DFFR_X1,5
issue_stage_i_i_issue_read_operands_i_ariane_regfile_mem_reg[237],DFFR_X1,5
issue_stage_i_i_issue_read_operands_i_ariane_regfile_mem_reg[238],DFFR_X1,5
issue_stage_i_i_issue_read_operands_i_ariane_regfile_mem_reg[239],DFFR_X1,5
issue_stage_i_i_issue_read_operands_i_ariane_regfile_mem_reg[240],DFFR_X1,5
issue_stage_i_i_issue_read_operands_i_ariane_regfile_mem_reg[241],DFFR_X1,5
issue_stage_i_i_issue_read_operands_i_ariane_regfile_mem_reg[242],DFFR_X1,5
issue_stage_i_i_issue_read_operands_i_ariane_regfile_mem_reg[243],DFFR_X1,5
issue_stage_i_i_issue_read_operands_i_ariane_regfile_mem_reg[244],DFFR_X1,5
issue_stage_i_i_issue_read_operands_i_ariane_regfile_mem_reg[245],DFFR_X1,5
issue_stage_i_i_issue_read_operands_i_ariane_regfile_mem_reg[246],DFFR_X1,5
issue_stage_i_i_issue_read_operands_i_ariane_regfile_mem_reg[247],DFFR_X1,5
issue_stage_i_i_issue_read_operands_i_ariane_regfile_mem_reg[248],DFFR_X1,5
issue_stage_i_i_issue_read_operands_i_ariane_regfile_mem_reg[249],DFFR_X1,5
issue_stage_i_i_issue_read_operands_i_ariane_regfile_mem_reg[250],DFFR_X1,5
issue_stage_i_i_issue_read_operands_i_ariane_regfile_mem_reg[251],DFFR_X1,5
issue_stage_i_i_issue_read_operands_i_ariane_regfile_mem_reg[252],DFFR_X1,5
issue_stage_i_i_issue_read_operands_i_ariane_regfile_mem_reg[253],DFFR_X1,5
issue_stage_i_i_issue_read_operands_i_ariane_regfile_mem_reg[254],DFFR_X1,5
issue_stage_i_i_issue_read_operands_i_ariane_regfile_mem_reg[255],DFFR_X1,5
issue_stage_i_i_issue_read_operands_i_ariane_regfile_mem_reg[256],DFFR_X1,5
issue_stage_i_i_issue_read_operands_i_ariane_regfile_mem_reg[257],DFFR_X1,5
issue_stage_i_i_issue_read_operands_i_ariane_regfile_mem_reg[258],DFFR_X1,5
issue_stage_i_i_issue_read_operands_i_ariane_regfile_mem_reg[259],DFFR_X1,5
issue_stage_i_i_issue_read_operands_i_ariane_regfile_mem_reg[260],DFFR_X1,5
issue_stage_i_i_issue_read_operands_i_ariane_regfile_mem_reg[261],DFFR_X1,5
issue_stage_i_i_issue_read_operands_i_ariane_regfile_mem_reg[262],DFFR_X1,5
issue_stage_i_i_issue_read_operands_i_ariane_regfile_mem_reg[263],DFFR_X1,5
issue_stage_i_i_issue_read_operands_i_ariane_regfile_mem_reg[264],DFFR_X1,5
issue_stage_i_i_issue_read_operands_i_ariane_regfile_mem_reg[265],DFFR_X1,5
issue_stage_i_i_issue_read_operands_i_ariane_regfile_mem_reg[266],DFFR_X1,5
issue_stage_i_i_issue_read_operands_i_ariane_regfile_mem_reg[267],DFFR_X1,5
issue_stage_i_i_issue_read_operands_i_ariane_regfile_mem_reg[268],DFFR_X1,5
issue_stage_i_i_issue_read_operands_i_ariane_regfile_mem_reg[269],DFFR_X1,5
issue_stage_i_i_issue_read_operands_i_ariane_regfile_mem_reg[270],DFFR_X1,5
issue_stage_i_i_issue_read_operands_i_ariane_regfile_mem_reg[271],DFFR_X1,5
issue_stage_i_i_issue_read_operands_i_ariane_regfile_mem_reg[272],DFFR_X1,5
issue_stage_i_i_issue_read_operands_i_ariane_regfile_mem_reg[273],DFFR_X1,5
issue_stage_i_i_issue_read_operands_i_ariane_regfile_mem_reg[274],DFFR_X1,5
issue_stage_i_i_issue_read_operands_i_ariane_regfile_mem_reg[275],DFFR_X1,5
issue_stage_i_i_issue_read_operands_i_ariane_regfile_mem_reg[276],DFFR_X1,5
issue_stage_i_i_issue_read_operands_i_ariane_regfile_mem_reg[277],DFFR_X1,5
issue_stage_i_i_issue_read_operands_i_ariane_regfile_mem_reg[278],DFFR_X1,5
issue_stage_i_i_issue_read_operands_i_ariane_regfile_mem_reg[279],DFFR_X1,5
issue_stage_i_i_issue_read_operands_i_ariane_regfile_mem_reg[280],DFFR_X1,5
issue_stage_i_i_issue_read_operands_i_ariane_regfile_mem_reg[281],DFFR_X1,5
issue_stage_i_i_issue_read_operands_i_ariane_regfile_mem_reg[282],DFFR_X1,5
issue_stage_i_i_issue_read_operands_i_ariane_regfile_mem_reg[283],DFFR_X1,5
issue_stage_i_i_issue_read_operands_i_ariane_regfile_mem_reg[284],DFFR_X1,5
issue_stage_i_i_issue_read_operands_i_ariane_regfile_mem_reg[285],DFFR_X1,5
issue_stage_i_i_issue_read_operands_i_ariane_regfile_mem_reg[286],DFFR_X1,5
issue_stage_i_i_issue_read_operands_i_ariane_regfile_mem_reg[287],DFFR_X1,5
issue_stage_i_i_issue_read_operands_i_ariane_regfile_mem_reg[288],DFFR_X1,5
issue_stage_i_i_issue_read_operands_i_ariane_regfile_mem_reg[289],DFFR_X1,5
issue_stage_i_i_issue_read_operands_i_ariane_regfile_mem_reg[290],DFFR_X1,5
issue_stage_i_i_issue_read_operands_i_ariane_regfile_mem_reg[291],DFFR_X1,5
issue_stage_i_i_issue_read_operands_i_ariane_regfile_mem_reg[292],DFFR_X1,5
issue_stage_i_i_issue_read_operands_i_ariane_regfile_mem_reg[293],DFFR_X1,5
issue_stage_i_i_issue_read_operands_i_ariane_regfile_mem_reg[294],DFFR_X1,5
issue_stage_i_i_issue_read_operands_i_ariane_regfile_mem_reg[295],DFFR_X1,5
issue_stage_i_i_issue_read_operands_i_ariane_regfile_mem_reg[296],DFFR_X1,5
issue_stage_i_i_issue_read_operands_i_ariane_regfile_mem_reg[297],DFFR_X1,5
issue_stage_i_i_issue_read_operands_i_ariane_regfile_mem_reg[298],DFFR_X1,5
issue_stage_i_i_issue_read_operands_i_ariane_regfile_mem_reg[299],DFFR_X1,5
issue_stage_i_i_issue_read_operands_i_ariane_regfile_mem_reg[300],DFFR_X1,5
issue_stage_i_i_issue_read_operands_i_ariane_regfile_mem_reg[301],DFFR_X1,5
issue_stage_i_i_issue_read_operands_i_ariane_regfile_mem_reg[302],DFFR_X1,5
issue_stage_i_i_issue_read_operands_i_ariane_regfile_mem_reg[303],DFFR_X1,5
issue_stage_i_i_issue_read_operands_i_ariane_regfile_mem_reg[304],DFFR_X1,5
issue_stage_i_i_issue_read_operands_i_ariane_regfile_mem_reg[305],DFFR_X1,5
issue_stage_i_i_issue_read_operands_i_ariane_regfile_mem_reg[306],DFFR_X1,5
issue_stage_i_i_issue_read_operands_i_ariane_regfile_mem_reg[307],DFFR_X1,5
issue_stage_i_i_issue_read_operands_i_ariane_regfile_mem_reg[308],DFFR_X1,5
issue_stage_i_i_issue_read_operands_i_ariane_regfile_mem_reg[309],DFFR_X1,5
issue_stage_i_i_issue_read_operands_i_ariane_regfile_mem_reg[310],DFFR_X1,5
issue_stage_i_i_issue_read_operands_i_ariane_regfile_mem_reg[311],DFFR_X1,5
issue_stage_i_i_issue_read_operands_i_ariane_regfile_mem_reg[312],DFFR_X1,5
issue_stage_i_i_issue_read_operands_i_ariane_regfile_mem_reg[313],DFFR_X1,5
issue_stage_i_i_issue_read_operands_i_ariane_regfile_mem_reg[314],DFFR_X1,5
issue_stage_i_i_issue_read_operands_i_ariane_regfile_mem_reg[315],DFFR_X1,5
issue_stage_i_i_issue_read_operands_i_ariane_regfile_mem_reg[316],DFFR_X1,5
issue_stage_i_i_issue_read_operands_i_ariane_regfile_mem_reg[317],DFFR_X1,5
issue_stage_i_i_issue_read_operands_i_ariane_regfile_mem_reg[318],DFFR_X1,5
issue_stage_i_i_issue_read_operands_i_ariane_regfile_mem_reg[319],DFFR_X1,5
issue_stage_i_i_issue_read_operands_i_ariane_regfile_mem_reg[320],DFFR_X1,5
issue_stage_i_i_issue_read_operands_i_ariane_regfile_mem_reg[321],DFFR_X1,5
issue_stage_i_i_issue_read_operands_i_ariane_regfile_mem_reg[322],DFFR_X1,5
issue_stage_i_i_issue_read_operands_i_ariane_regfile_mem_reg[323],DFFR_X1,5
issue_stage_i_i_issue_read_operands_i_ariane_regfile_mem_reg[324],DFFR_X1,5
issue_stage_i_i_issue_read_operands_i_ariane_regfile_mem_reg[325],DFFR_X1,5
issue_stage_i_i_issue_read_operands_i_ariane_regfile_mem_reg[326],DFFR_X1,5
issue_stage_i_i_issue_read_operands_i_ariane_regfile_mem_reg[327],DFFR_X1,5
issue_stage_i_i_issue_read_operands_i_ariane_regfile_mem_reg[328],DFFR_X1,5
issue_stage_i_i_issue_read_operands_i_ariane_regfile_mem_reg[329],DFFR_X1,5
issue_stage_i_i_issue_read_operands_i_ariane_regfile_mem_reg[330],DFFR_X1,5
issue_stage_i_i_issue_read_operands_i_ariane_regfile_mem_reg[331],DFFR_X1,5
issue_stage_i_i_issue_read_operands_i_ariane_regfile_mem_reg[332],DFFR_X1,5
issue_stage_i_i_issue_read_operands_i_ariane_regfile_mem_reg[333],DFFR_X1,5
issue_stage_i_i_issue_read_operands_i_ariane_regfile_mem_reg[334],DFFR_X1,5
issue_stage_i_i_issue_read_operands_i_ariane_regfile_mem_reg[335],DFFR_X1,5
issue_stage_i_i_issue_read_operands_i_ariane_regfile_mem_reg[336],DFFR_X1,5
issue_stage_i_i_issue_read_operands_i_ariane_regfile_mem_reg[337],DFFR_X1,5
issue_stage_i_i_issue_read_operands_i_ariane_regfile_mem_reg[338],DFFR_X1,5
issue_stage_i_i_issue_read_operands_i_ariane_regfile_mem_reg[339],DFFR_X1,5
issue_stage_i_i_issue_read_operands_i_ariane_regfile_mem_reg[340],DFFR_X1,5
issue_stage_i_i_issue_read_operands_i_ariane_regfile_mem_reg[341],DFFR_X1,5
issue_stage_i_i_issue_read_operands_i_ariane_regfile_mem_reg[342],DFFR_X1,5
issue_stage_i_i_issue_read_operands_i_ariane_regfile_mem_reg[343],DFFR_X1,5
issue_stage_i_i_issue_read_operands_i_ariane_regfile_mem_reg[344],DFFR_X1,5
issue_stage_i_i_issue_read_operands_i_ariane_regfile_mem_reg[345],DFFR_X1,5
issue_stage_i_i_issue_read_operands_i_ariane_regfile_mem_reg[346],DFFR_X1,5
issue_stage_i_i_issue_read_operands_i_ariane_regfile_mem_reg[347],DFFR_X1,5
issue_stage_i_i_issue_read_operands_i_ariane_regfile_mem_reg[348],DFFR_X1,5
issue_stage_i_i_issue_read_operands_i_ariane_regfile_mem_reg[349],DFFR_X1,5
issue_stage_i_i_issue_read_operands_i_ariane_regfile_mem_reg[350],DFFR_X1,5
issue_stage_i_i_issue_read_operands_i_ariane_regfile_mem_reg[351],DFFR_X1,5
issue_stage_i_i_issue_read_operands_i_ariane_regfile_mem_reg[352],DFFR_X1,5
issue_stage_i_i_issue_read_operands_i_ariane_regfile_mem_reg[353],DFFR_X1,5
issue_stage_i_i_issue_read_operands_i_ariane_regfile_mem_reg[354],DFFR_X1,5
issue_stage_i_i_issue_read_operands_i_ariane_regfile_mem_reg[355],DFFR_X1,5
issue_stage_i_i_issue_read_operands_i_ariane_regfile_mem_reg[356],DFFR_X1,5
issue_stage_i_i_issue_read_operands_i_ariane_regfile_mem_reg[357],DFFR_X1,5
issue_stage_i_i_issue_read_operands_i_ariane_regfile_mem_reg[358],DFFR_X1,5
issue_stage_i_i_issue_read_operands_i_ariane_regfile_mem_reg[359],DFFR_X1,5
issue_stage_i_i_issue_read_operands_i_ariane_regfile_mem_reg[360],DFFR_X1,5
issue_stage_i_i_issue_read_operands_i_ariane_regfile_mem_reg[361],DFFR_X1,5
issue_stage_i_i_issue_read_operands_i_ariane_regfile_mem_reg[362],DFFR_X1,5
issue_stage_i_i_issue_read_operands_i_ariane_regfile_mem_reg[363],DFFR_X1,5
issue_stage_i_i_issue_read_operands_i_ariane_regfile_mem_reg[364],DFFR_X1,5
issue_stage_i_i_issue_read_operands_i_ariane_regfile_mem_reg[365],DFFR_X1,5
issue_stage_i_i_issue_read_operands_i_ariane_regfile_mem_reg[366],DFFR_X1,5
issue_stage_i_i_issue_read_operands_i_ariane_regfile_mem_reg[367],DFFR_X1,5
issue_stage_i_i_issue_read_operands_i_ariane_regfile_mem_reg[368],DFFR_X1,5
issue_stage_i_i_issue_read_operands_i_ariane_regfile_mem_reg[369],DFFR_X1,5
issue_stage_i_i_issue_read_operands_i_ariane_regfile_mem_reg[370],DFFR_X1,5
issue_stage_i_i_issue_read_operands_i_ariane_regfile_mem_reg[371],DFFR_X1,5
issue_stage_i_i_issue_read_operands_i_ariane_regfile_mem_reg[372],DFFR_X1,5
issue_stage_i_i_issue_read_operands_i_ariane_regfile_mem_reg[373],DFFR_X1,5
issue_stage_i_i_issue_read_operands_i_ariane_regfile_mem_reg[374],DFFR_X1,5
issue_stage_i_i_issue_read_operands_i_ariane_regfile_mem_reg[375],DFFR_X1,5
issue_stage_i_i_issue_read_operands_i_ariane_regfile_mem_reg[376],DFFR_X1,5
issue_stage_i_i_issue_read_operands_i_ariane_regfile_mem_reg[377],DFFR_X1,5
issue_stage_i_i_issue_read_operands_i_ariane_regfile_mem_reg[378],DFFR_X1,5
issue_stage_i_i_issue_read_operands_i_ariane_regfile_mem_reg[379],DFFR_X1,5
issue_stage_i_i_issue_read_operands_i_ariane_regfile_mem_reg[380],DFFR_X1,5
issue_stage_i_i_issue_read_operands_i_ariane_regfile_mem_reg[381],DFFR_X1,5
issue_stage_i_i_issue_read_operands_i_ariane_regfile_mem_reg[382],DFFR_X1,5
issue_stage_i_i_issue_read_operands_i_ariane_regfile_mem_reg[383],DFFR_X1,5
issue_stage_i_i_issue_read_operands_i_ariane_regfile_mem_reg[384],DFFR_X1,5
issue_stage_i_i_issue_read_operands_i_ariane_regfile_mem_reg[385],DFFR_X1,5
issue_stage_i_i_issue_read_operands_i_ariane_regfile_mem_reg[386],DFFR_X1,5
issue_stage_i_i_issue_read_operands_i_ariane_regfile_mem_reg[387],DFFR_X1,5
issue_stage_i_i_issue_read_operands_i_ariane_regfile_mem_reg[388],DFFR_X1,5
issue_stage_i_i_issue_read_operands_i_ariane_regfile_mem_reg[389],DFFR_X1,5
issue_stage_i_i_issue_read_operands_i_ariane_regfile_mem_reg[390],DFFR_X1,5
issue_stage_i_i_issue_read_operands_i_ariane_regfile_mem_reg[391],DFFR_X1,5
issue_stage_i_i_issue_read_operands_i_ariane_regfile_mem_reg[392],DFFR_X1,5
issue_stage_i_i_issue_read_operands_i_ariane_regfile_mem_reg[393],DFFR_X1,5
issue_stage_i_i_issue_read_operands_i_ariane_regfile_mem_reg[394],DFFR_X1,5
issue_stage_i_i_issue_read_operands_i_ariane_regfile_mem_reg[395],DFFR_X1,5
issue_stage_i_i_issue_read_operands_i_ariane_regfile_mem_reg[396],DFFR_X1,5
issue_stage_i_i_issue_read_operands_i_ariane_regfile_mem_reg[397],DFFR_X1,5
issue_stage_i_i_issue_read_operands_i_ariane_regfile_mem_reg[398],DFFR_X1,5
issue_stage_i_i_issue_read_operands_i_ariane_regfile_mem_reg[399],DFFR_X1,5
issue_stage_i_i_issue_read_operands_i_ariane_regfile_mem_reg[400],DFFR_X1,5
issue_stage_i_i_issue_read_operands_i_ariane_regfile_mem_reg[401],DFFR_X1,5
issue_stage_i_i_issue_read_operands_i_ariane_regfile_mem_reg[402],DFFR_X1,5
issue_stage_i_i_issue_read_operands_i_ariane_regfile_mem_reg[403],DFFR_X1,5
issue_stage_i_i_issue_read_operands_i_ariane_regfile_mem_reg[404],DFFR_X1,5
issue_stage_i_i_issue_read_operands_i_ariane_regfile_mem_reg[405],DFFR_X1,5
issue_stage_i_i_issue_read_operands_i_ariane_regfile_mem_reg[406],DFFR_X1,5
issue_stage_i_i_issue_read_operands_i_ariane_regfile_mem_reg[407],DFFR_X1,5
issue_stage_i_i_issue_read_operands_i_ariane_regfile_mem_reg[408],DFFR_X1,5
issue_stage_i_i_issue_read_operands_i_ariane_regfile_mem_reg[409],DFFR_X1,5
issue_stage_i_i_issue_read_operands_i_ariane_regfile_mem_reg[410],DFFR_X1,5
issue_stage_i_i_issue_read_operands_i_ariane_regfile_mem_reg[411],DFFR_X1,5
issue_stage_i_i_issue_read_operands_i_ariane_regfile_mem_reg[412],DFFR_X1,5
issue_stage_i_i_issue_read_operands_i_ariane_regfile_mem_reg[413],DFFR_X1,5
issue_stage_i_i_issue_read_operands_i_ariane_regfile_mem_reg[414],DFFR_X1,5
issue_stage_i_i_issue_read_operands_i_ariane_regfile_mem_reg[415],DFFR_X1,5
issue_stage_i_i_issue_read_operands_i_ariane_regfile_mem_reg[416],DFFR_X1,5
issue_stage_i_i_issue_read_operands_i_ariane_regfile_mem_reg[417],DFFR_X1,5
issue_stage_i_i_issue_read_operands_i_ariane_regfile_mem_reg[418],DFFR_X1,5
issue_stage_i_i_issue_read_operands_i_ariane_regfile_mem_reg[419],DFFR_X1,5
issue_stage_i_i_issue_read_operands_i_ariane_regfile_mem_reg[420],DFFR_X1,5
issue_stage_i_i_issue_read_operands_i_ariane_regfile_mem_reg[421],DFFR_X1,5
issue_stage_i_i_issue_read_operands_i_ariane_regfile_mem_reg[422],DFFR_X1,5
issue_stage_i_i_issue_read_operands_i_ariane_regfile_mem_reg[423],DFFR_X1,5
issue_stage_i_i_issue_read_operands_i_ariane_regfile_mem_reg[424],DFFR_X1,5
issue_stage_i_i_issue_read_operands_i_ariane_regfile_mem_reg[425],DFFR_X1,5
issue_stage_i_i_issue_read_operands_i_ariane_regfile_mem_reg[426],DFFR_X1,5
issue_stage_i_i_issue_read_operands_i_ariane_regfile_mem_reg[427],DFFR_X1,5
issue_stage_i_i_issue_read_operands_i_ariane_regfile_mem_reg[428],DFFR_X1,5
issue_stage_i_i_issue_read_operands_i_ariane_regfile_mem_reg[429],DFFR_X1,5
issue_stage_i_i_issue_read_operands_i_ariane_regfile_mem_reg[430],DFFR_X1,5
issue_stage_i_i_issue_read_operands_i_ariane_regfile_mem_reg[431],DFFR_X1,5
issue_stage_i_i_issue_read_operands_i_ariane_regfile_mem_reg[432],DFFR_X1,5
issue_stage_i_i_issue_read_operands_i_ariane_regfile_mem_reg[433],DFFR_X1,5
issue_stage_i_i_issue_read_operands_i_ariane_regfile_mem_reg[434],DFFR_X1,5
issue_stage_i_i_issue_read_operands_i_ariane_regfile_mem_reg[435],DFFR_X1,5
issue_stage_i_i_issue_read_operands_i_ariane_regfile_mem_reg[436],DFFR_X1,5
issue_stage_i_i_issue_read_operands_i_ariane_regfile_mem_reg[437],DFFR_X1,5
issue_stage_i_i_issue_read_operands_i_ariane_regfile_mem_reg[438],DFFR_X1,5
issue_stage_i_i_issue_read_operands_i_ariane_regfile_mem_reg[439],DFFR_X1,5
issue_stage_i_i_issue_read_operands_i_ariane_regfile_mem_reg[440],DFFR_X1,5
issue_stage_i_i_issue_read_operands_i_ariane_regfile_mem_reg[441],DFFR_X1,5
issue_stage_i_i_issue_read_operands_i_ariane_regfile_mem_reg[442],DFFR_X1,5
issue_stage_i_i_issue_read_operands_i_ariane_regfile_mem_reg[443],DFFR_X1,5
issue_stage_i_i_issue_read_operands_i_ariane_regfile_mem_reg[444],DFFR_X1,5
issue_stage_i_i_issue_read_operands_i_ariane_regfile_mem_reg[445],DFFR_X1,5
issue_stage_i_i_issue_read_operands_i_ariane_regfile_mem_reg[446],DFFR_X1,5
issue_stage_i_i_issue_read_operands_i_ariane_regfile_mem_reg[447],DFFR_X1,5
issue_stage_i_i_issue_read_operands_i_ariane_regfile_mem_reg[448],DFFR_X1,5
issue_stage_i_i_issue_read_operands_i_ariane_regfile_mem_reg[449],DFFR_X1,5
issue_stage_i_i_issue_read_operands_i_ariane_regfile_mem_reg[450],DFFR_X1,5
issue_stage_i_i_issue_read_operands_i_ariane_regfile_mem_reg[451],DFFR_X1,5
issue_stage_i_i_issue_read_operands_i_ariane_regfile_mem_reg[452],DFFR_X1,5
issue_stage_i_i_issue_read_operands_i_ariane_regfile_mem_reg[453],DFFR_X1,5
issue_stage_i_i_issue_read_operands_i_ariane_regfile_mem_reg[454],DFFR_X1,5
issue_stage_i_i_issue_read_operands_i_ariane_regfile_mem_reg[455],DFFR_X1,5
issue_stage_i_i_issue_read_operands_i_ariane_regfile_mem_reg[456],DFFR_X1,5
issue_stage_i_i_issue_read_operands_i_ariane_regfile_mem_reg[457],DFFR_X1,5
issue_stage_i_i_issue_read_operands_i_ariane_regfile_mem_reg[458],DFFR_X1,5
issue_stage_i_i_issue_read_operands_i_ariane_regfile_mem_reg[459],DFFR_X1,5
issue_stage_i_i_issue_read_operands_i_ariane_regfile_mem_reg[460],DFFR_X1,5
issue_stage_i_i_issue_read_operands_i_ariane_regfile_mem_reg[461],DFFR_X1,5
issue_stage_i_i_issue_read_operands_i_ariane_regfile_mem_reg[462],DFFR_X1,5
issue_stage_i_i_issue_read_operands_i_ariane_regfile_mem_reg[463],DFFR_X1,5
issue_stage_i_i_issue_read_operands_i_ariane_regfile_mem_reg[464],DFFR_X1,5
issue_stage_i_i_issue_read_operands_i_ariane_regfile_mem_reg[465],DFFR_X1,5
issue_stage_i_i_issue_read_operands_i_ariane_regfile_mem_reg[466],DFFR_X1,5
issue_stage_i_i_issue_read_operands_i_ariane_regfile_mem_reg[467],DFFR_X1,5
issue_stage_i_i_issue_read_operands_i_ariane_regfile_mem_reg[468],DFFR_X1,5
issue_stage_i_i_issue_read_operands_i_ariane_regfile_mem_reg[469],DFFR_X1,5
issue_stage_i_i_issue_read_operands_i_ariane_regfile_mem_reg[470],DFFR_X1,5
issue_stage_i_i_issue_read_operands_i_ariane_regfile_mem_reg[471],DFFR_X1,5
issue_stage_i_i_issue_read_operands_i_ariane_regfile_mem_reg[472],DFFR_X1,5
issue_stage_i_i_issue_read_operands_i_ariane_regfile_mem_reg[473],DFFR_X1,5
issue_stage_i_i_issue_read_operands_i_ariane_regfile_mem_reg[474],DFFR_X1,5
issue_stage_i_i_issue_read_operands_i_ariane_regfile_mem_reg[475],DFFR_X1,5
issue_stage_i_i_issue_read_operands_i_ariane_regfile_mem_reg[476],DFFR_X1,5
issue_stage_i_i_issue_read_operands_i_ariane_regfile_mem_reg[477],DFFR_X1,5
issue_stage_i_i_issue_read_operands_i_ariane_regfile_mem_reg[478],DFFR_X1,5
issue_stage_i_i_issue_read_operands_i_ariane_regfile_mem_reg[479],DFFR_X1,5
issue_stage_i_i_issue_read_operands_i_ariane_regfile_mem_reg[480],DFFR_X1,5
issue_stage_i_i_issue_read_operands_i_ariane_regfile_mem_reg[481],DFFR_X1,5
issue_stage_i_i_issue_read_operands_i_ariane_regfile_mem_reg[482],DFFR_X1,5
issue_stage_i_i_issue_read_operands_i_ariane_regfile_mem_reg[483],DFFR_X1,5
issue_stage_i_i_issue_read_operands_i_ariane_regfile_mem_reg[484],DFFR_X1,5
issue_stage_i_i_issue_read_operands_i_ariane_regfile_mem_reg[485],DFFR_X1,5
issue_stage_i_i_issue_read_operands_i_ariane_regfile_mem_reg[486],DFFR_X1,5
issue_stage_i_i_issue_read_operands_i_ariane_regfile_mem_reg[487],DFFR_X1,5
issue_stage_i_i_issue_read_operands_i_ariane_regfile_mem_reg[488],DFFR_X1,5
issue_stage_i_i_issue_read_operands_i_ariane_regfile_mem_reg[489],DFFR_X1,5
issue_stage_i_i_issue_read_operands_i_ariane_regfile_mem_reg[490],DFFR_X1,5
issue_stage_i_i_issue_read_operands_i_ariane_regfile_mem_reg[491],DFFR_X1,5
issue_stage_i_i_issue_read_operands_i_ariane_regfile_mem_reg[492],DFFR_X1,5
issue_stage_i_i_issue_read_operands_i_ariane_regfile_mem_reg[493],DFFR_X1,5
issue_stage_i_i_issue_read_operands_i_ariane_regfile_mem_reg[494],DFFR_X1,5
issue_stage_i_i_issue_read_operands_i_ariane_regfile_mem_reg[495],DFFR_X1,5
issue_stage_i_i_issue_read_operands_i_ariane_regfile_mem_reg[496],DFFR_X1,5
issue_stage_i_i_issue_read_operands_i_ariane_regfile_mem_reg[497],DFFR_X1,5
issue_stage_i_i_issue_read_operands_i_ariane_regfile_mem_reg[498],DFFR_X1,5
issue_stage_i_i_issue_read_operands_i_ariane_regfile_mem_reg[499],DFFR_X1,5
issue_stage_i_i_issue_read_operands_i_ariane_regfile_mem_reg[500],DFFR_X1,5
issue_stage_i_i_issue_read_operands_i_ariane_regfile_mem_reg[501],DFFR_X1,5
issue_stage_i_i_issue_read_operands_i_ariane_regfile_mem_reg[502],DFFR_X1,5
issue_stage_i_i_issue_read_operands_i_ariane_regfile_mem_reg[503],DFFR_X1,5
issue_stage_i_i_issue_read_operands_i_ariane_regfile_mem_reg[504],DFFR_X1,5
issue_stage_i_i_issue_read_operands_i_ariane_regfile_mem_reg[505],DFFR_X1,5
issue_stage_i_i_issue_read_operands_i_ariane_regfile_mem_reg[506],DFFR_X1,5
issue_stage_i_i_issue_read_operands_i_ariane_regfile_mem_reg[507],DFFR_X1,5
issue_stage_i_i_issue_read_operands_i_ariane_regfile_mem_reg[508],DFFR_X1,5
issue_stage_i_i_issue_read_operands_i_ariane_regfile_mem_reg[509],DFFR_X1,5
issue_stage_i_i_issue_read_operands_i_ariane_regfile_mem_reg[510],DFFR_X1,5
issue_stage_i_i_issue_read_operands_i_ariane_regfile_mem_reg[511],DFFR_X1,5
issue_stage_i_i_issue_read_operands_i_ariane_regfile_mem_reg[512],DFFR_X1,5
issue_stage_i_i_issue_read_operands_i_ariane_regfile_mem_reg[513],DFFR_X1,5
issue_stage_i_i_issue_read_operands_i_ariane_regfile_mem_reg[514],DFFR_X1,5
issue_stage_i_i_issue_read_operands_i_ariane_regfile_mem_reg[515],DFFR_X1,5
issue_stage_i_i_issue_read_operands_i_ariane_regfile_mem_reg[516],DFFR_X1,5
issue_stage_i_i_issue_read_operands_i_ariane_regfile_mem_reg[517],DFFR_X1,5
issue_stage_i_i_issue_read_operands_i_ariane_regfile_mem_reg[518],DFFR_X1,5
issue_stage_i_i_issue_read_operands_i_ariane_regfile_mem_reg[519],DFFR_X1,5
issue_stage_i_i_issue_read_operands_i_ariane_regfile_mem_reg[520],DFFR_X1,5
issue_stage_i_i_issue_read_operands_i_ariane_regfile_mem_reg[521],DFFR_X1,5
issue_stage_i_i_issue_read_operands_i_ariane_regfile_mem_reg[522],DFFR_X1,5
issue_stage_i_i_issue_read_operands_i_ariane_regfile_mem_reg[523],DFFR_X1,5
issue_stage_i_i_issue_read_operands_i_ariane_regfile_mem_reg[524],DFFR_X1,5
issue_stage_i_i_issue_read_operands_i_ariane_regfile_mem_reg[525],DFFR_X1,5
issue_stage_i_i_issue_read_operands_i_ariane_regfile_mem_reg[526],DFFR_X1,5
issue_stage_i_i_issue_read_operands_i_ariane_regfile_mem_reg[527],DFFR_X1,5
issue_stage_i_i_issue_read_operands_i_ariane_regfile_mem_reg[528],DFFR_X1,5
issue_stage_i_i_issue_read_operands_i_ariane_regfile_mem_reg[529],DFFR_X1,5
issue_stage_i_i_issue_read_operands_i_ariane_regfile_mem_reg[530],DFFR_X1,5
issue_stage_i_i_issue_read_operands_i_ariane_regfile_mem_reg[531],DFFR_X1,5
issue_stage_i_i_issue_read_operands_i_ariane_regfile_mem_reg[532],DFFR_X1,5
issue_stage_i_i_issue_read_operands_i_ariane_regfile_mem_reg[533],DFFR_X1,5
issue_stage_i_i_issue_read_operands_i_ariane_regfile_mem_reg[534],DFFR_X1,5
issue_stage_i_i_issue_read_operands_i_ariane_regfile_mem_reg[535],DFFR_X1,5
issue_stage_i_i_issue_read_operands_i_ariane_regfile_mem_reg[536],DFFR_X1,5
issue_stage_i_i_issue_read_operands_i_ariane_regfile_mem_reg[537],DFFR_X1,5
issue_stage_i_i_issue_read_operands_i_ariane_regfile_mem_reg[538],DFFR_X1,5
issue_stage_i_i_issue_read_operands_i_ariane_regfile_mem_reg[539],DFFR_X1,5
issue_stage_i_i_issue_read_operands_i_ariane_regfile_mem_reg[540],DFFR_X1,5
issue_stage_i_i_issue_read_operands_i_ariane_regfile_mem_reg[541],DFFR_X1,5
issue_stage_i_i_issue_read_operands_i_ariane_regfile_mem_reg[542],DFFR_X1,5
issue_stage_i_i_issue_read_operands_i_ariane_regfile_mem_reg[543],DFFR_X1,5
issue_stage_i_i_issue_read_operands_i_ariane_regfile_mem_reg[544],DFFR_X1,5
issue_stage_i_i_issue_read_operands_i_ariane_regfile_mem_reg[545],DFFR_X1,5
issue_stage_i_i_issue_read_operands_i_ariane_regfile_mem_reg[546],DFFR_X1,5
issue_stage_i_i_issue_read_operands_i_ariane_regfile_mem_reg[547],DFFR_X1,5
issue_stage_i_i_issue_read_operands_i_ariane_regfile_mem_reg[548],DFFR_X1,5
issue_stage_i_i_issue_read_operands_i_ariane_regfile_mem_reg[549],DFFR_X1,5
issue_stage_i_i_issue_read_operands_i_ariane_regfile_mem_reg[550],DFFR_X1,5
issue_stage_i_i_issue_read_operands_i_ariane_regfile_mem_reg[551],DFFR_X1,5
issue_stage_i_i_issue_read_operands_i_ariane_regfile_mem_reg[552],DFFR_X1,5
issue_stage_i_i_issue_read_operands_i_ariane_regfile_mem_reg[553],DFFR_X1,5
issue_stage_i_i_issue_read_operands_i_ariane_regfile_mem_reg[554],DFFR_X1,5
issue_stage_i_i_issue_read_operands_i_ariane_regfile_mem_reg[555],DFFR_X1,5
issue_stage_i_i_issue_read_operands_i_ariane_regfile_mem_reg[556],DFFR_X1,5
issue_stage_i_i_issue_read_operands_i_ariane_regfile_mem_reg[557],DFFR_X1,5
issue_stage_i_i_issue_read_operands_i_ariane_regfile_mem_reg[558],DFFR_X1,5
issue_stage_i_i_issue_read_operands_i_ariane_regfile_mem_reg[559],DFFR_X1,5
issue_stage_i_i_issue_read_operands_i_ariane_regfile_mem_reg[560],DFFR_X1,5
issue_stage_i_i_issue_read_operands_i_ariane_regfile_mem_reg[561],DFFR_X1,5
issue_stage_i_i_issue_read_operands_i_ariane_regfile_mem_reg[562],DFFR_X1,5
issue_stage_i_i_issue_read_operands_i_ariane_regfile_mem_reg[563],DFFR_X1,5
issue_stage_i_i_issue_read_operands_i_ariane_regfile_mem_reg[564],DFFR_X1,5
issue_stage_i_i_issue_read_operands_i_ariane_regfile_mem_reg[565],DFFR_X1,5
issue_stage_i_i_issue_read_operands_i_ariane_regfile_mem_reg[566],DFFR_X1,5
issue_stage_i_i_issue_read_operands_i_ariane_regfile_mem_reg[567],DFFR_X1,5
issue_stage_i_i_issue_read_operands_i_ariane_regfile_mem_reg[568],DFFR_X1,5
issue_stage_i_i_issue_read_operands_i_ariane_regfile_mem_reg[569],DFFR_X1,5
issue_stage_i_i_issue_read_operands_i_ariane_regfile_mem_reg[570],DFFR_X1,5
issue_stage_i_i_issue_read_operands_i_ariane_regfile_mem_reg[571],DFFR_X1,5
issue_stage_i_i_issue_read_operands_i_ariane_regfile_mem_reg[572],DFFR_X1,5
issue_stage_i_i_issue_read_operands_i_ariane_regfile_mem_reg[573],DFFR_X1,5
issue_stage_i_i_issue_read_operands_i_ariane_regfile_mem_reg[574],DFFR_X1,5
issue_stage_i_i_issue_read_operands_i_ariane_regfile_mem_reg[575],DFFR_X1,5
issue_stage_i_i_issue_read_operands_i_ariane_regfile_mem_reg[576],DFFR_X1,5
issue_stage_i_i_issue_read_operands_i_ariane_regfile_mem_reg[577],DFFR_X1,5
issue_stage_i_i_issue_read_operands_i_ariane_regfile_mem_reg[578],DFFR_X1,5
issue_stage_i_i_issue_read_operands_i_ariane_regfile_mem_reg[579],DFFR_X1,5
issue_stage_i_i_issue_read_operands_i_ariane_regfile_mem_reg[580],DFFR_X1,5
issue_stage_i_i_issue_read_operands_i_ariane_regfile_mem_reg[581],DFFR_X1,5
issue_stage_i_i_issue_read_operands_i_ariane_regfile_mem_reg[582],DFFR_X1,5
issue_stage_i_i_issue_read_operands_i_ariane_regfile_mem_reg[583],DFFR_X1,5
issue_stage_i_i_issue_read_operands_i_ariane_regfile_mem_reg[584],DFFR_X1,5
issue_stage_i_i_issue_read_operands_i_ariane_regfile_mem_reg[585],DFFR_X1,5
issue_stage_i_i_issue_read_operands_i_ariane_regfile_mem_reg[586],DFFR_X1,5
issue_stage_i_i_issue_read_operands_i_ariane_regfile_mem_reg[587],DFFR_X1,5
issue_stage_i_i_issue_read_operands_i_ariane_regfile_mem_reg[588],DFFR_X1,5
issue_stage_i_i_issue_read_operands_i_ariane_regfile_mem_reg[589],DFFR_X1,5
issue_stage_i_i_issue_read_operands_i_ariane_regfile_mem_reg[590],DFFR_X1,5
issue_stage_i_i_issue_read_operands_i_ariane_regfile_mem_reg[591],DFFR_X1,5
issue_stage_i_i_issue_read_operands_i_ariane_regfile_mem_reg[592],DFFR_X1,5
issue_stage_i_i_issue_read_operands_i_ariane_regfile_mem_reg[593],DFFR_X1,5
issue_stage_i_i_issue_read_operands_i_ariane_regfile_mem_reg[594],DFFR_X1,5
issue_stage_i_i_issue_read_operands_i_ariane_regfile_mem_reg[595],DFFR_X1,5
issue_stage_i_i_issue_read_operands_i_ariane_regfile_mem_reg[596],DFFR_X1,5
issue_stage_i_i_issue_read_operands_i_ariane_regfile_mem_reg[597],DFFR_X1,5
issue_stage_i_i_issue_read_operands_i_ariane_regfile_mem_reg[598],DFFR_X1,5
issue_stage_i_i_issue_read_operands_i_ariane_regfile_mem_reg[599],DFFR_X1,5
issue_stage_i_i_issue_read_operands_i_ariane_regfile_mem_reg[600],DFFR_X1,5
issue_stage_i_i_issue_read_operands_i_ariane_regfile_mem_reg[601],DFFR_X1,5
issue_stage_i_i_issue_read_operands_i_ariane_regfile_mem_reg[602],DFFR_X1,5
issue_stage_i_i_issue_read_operands_i_ariane_regfile_mem_reg[603],DFFR_X1,5
issue_stage_i_i_issue_read_operands_i_ariane_regfile_mem_reg[604],DFFR_X1,5
issue_stage_i_i_issue_read_operands_i_ariane_regfile_mem_reg[605],DFFR_X1,5
issue_stage_i_i_issue_read_operands_i_ariane_regfile_mem_reg[606],DFFR_X1,5
issue_stage_i_i_issue_read_operands_i_ariane_regfile_mem_reg[607],DFFR_X1,5
issue_stage_i_i_issue_read_operands_i_ariane_regfile_mem_reg[608],DFFR_X1,5
issue_stage_i_i_issue_read_operands_i_ariane_regfile_mem_reg[609],DFFR_X1,5
issue_stage_i_i_issue_read_operands_i_ariane_regfile_mem_reg[610],DFFR_X1,5
issue_stage_i_i_issue_read_operands_i_ariane_regfile_mem_reg[611],DFFR_X1,5
issue_stage_i_i_issue_read_operands_i_ariane_regfile_mem_reg[612],DFFR_X1,5
issue_stage_i_i_issue_read_operands_i_ariane_regfile_mem_reg[613],DFFR_X1,5
issue_stage_i_i_issue_read_operands_i_ariane_regfile_mem_reg[614],DFFR_X1,5
issue_stage_i_i_issue_read_operands_i_ariane_regfile_mem_reg[615],DFFR_X1,5
issue_stage_i_i_issue_read_operands_i_ariane_regfile_mem_reg[616],DFFR_X1,5
issue_stage_i_i_issue_read_operands_i_ariane_regfile_mem_reg[617],DFFR_X1,5
issue_stage_i_i_issue_read_operands_i_ariane_regfile_mem_reg[618],DFFR_X1,5
issue_stage_i_i_issue_read_operands_i_ariane_regfile_mem_reg[619],DFFR_X1,5
issue_stage_i_i_issue_read_operands_i_ariane_regfile_mem_reg[620],DFFR_X1,5
issue_stage_i_i_issue_read_operands_i_ariane_regfile_mem_reg[621],DFFR_X1,5
issue_stage_i_i_issue_read_operands_i_ariane_regfile_mem_reg[622],DFFR_X1,5
issue_stage_i_i_issue_read_operands_i_ariane_regfile_mem_reg[623],DFFR_X1,5
issue_stage_i_i_issue_read_operands_i_ariane_regfile_mem_reg[624],DFFR_X1,5
issue_stage_i_i_issue_read_operands_i_ariane_regfile_mem_reg[625],DFFR_X1,5
issue_stage_i_i_issue_read_operands_i_ariane_regfile_mem_reg[626],DFFR_X1,5
issue_stage_i_i_issue_read_operands_i_ariane_regfile_mem_reg[627],DFFR_X1,5
issue_stage_i_i_issue_read_operands_i_ariane_regfile_mem_reg[628],DFFR_X1,5
issue_stage_i_i_issue_read_operands_i_ariane_regfile_mem_reg[629],DFFR_X1,5
issue_stage_i_i_issue_read_operands_i_ariane_regfile_mem_reg[630],DFFR_X1,5
issue_stage_i_i_issue_read_operands_i_ariane_regfile_mem_reg[631],DFFR_X1,5
issue_stage_i_i_issue_read_operands_i_ariane_regfile_mem_reg[632],DFFR_X1,5
issue_stage_i_i_issue_read_operands_i_ariane_regfile_mem_reg[633],DFFR_X1,5
issue_stage_i_i_issue_read_operands_i_ariane_regfile_mem_reg[634],DFFR_X1,5
issue_stage_i_i_issue_read_operands_i_ariane_regfile_mem_reg[635],DFFR_X1,5
issue_stage_i_i_issue_read_operands_i_ariane_regfile_mem_reg[636],DFFR_X1,5
issue_stage_i_i_issue_read_operands_i_ariane_regfile_mem_reg[637],DFFR_X1,5
issue_stage_i_i_issue_read_operands_i_ariane_regfile_mem_reg[638],DFFR_X1,5
issue_stage_i_i_issue_read_operands_i_ariane_regfile_mem_reg[639],DFFR_X1,5
issue_stage_i_i_issue_read_operands_i_ariane_regfile_mem_reg[640],DFFR_X1,5
issue_stage_i_i_issue_read_operands_i_ariane_regfile_mem_reg[641],DFFR_X1,5
issue_stage_i_i_issue_read_operands_i_ariane_regfile_mem_reg[642],DFFR_X1,5
issue_stage_i_i_issue_read_operands_i_ariane_regfile_mem_reg[643],DFFR_X1,5
issue_stage_i_i_issue_read_operands_i_ariane_regfile_mem_reg[644],DFFR_X1,5
issue_stage_i_i_issue_read_operands_i_ariane_regfile_mem_reg[645],DFFR_X1,5
issue_stage_i_i_issue_read_operands_i_ariane_regfile_mem_reg[646],DFFR_X1,5
issue_stage_i_i_issue_read_operands_i_ariane_regfile_mem_reg[647],DFFR_X1,5
issue_stage_i_i_issue_read_operands_i_ariane_regfile_mem_reg[648],DFFR_X1,5
issue_stage_i_i_issue_read_operands_i_ariane_regfile_mem_reg[649],DFFR_X1,5
issue_stage_i_i_issue_read_operands_i_ariane_regfile_mem_reg[650],DFFR_X1,5
issue_stage_i_i_issue_read_operands_i_ariane_regfile_mem_reg[651],DFFR_X1,5
issue_stage_i_i_issue_read_operands_i_ariane_regfile_mem_reg[652],DFFR_X1,5
issue_stage_i_i_issue_read_operands_i_ariane_regfile_mem_reg[653],DFFR_X1,5
issue_stage_i_i_issue_read_operands_i_ariane_regfile_mem_reg[654],DFFR_X1,5
issue_stage_i_i_issue_read_operands_i_ariane_regfile_mem_reg[655],DFFR_X1,5
issue_stage_i_i_issue_read_operands_i_ariane_regfile_mem_reg[656],DFFR_X1,5
issue_stage_i_i_issue_read_operands_i_ariane_regfile_mem_reg[657],DFFR_X1,5
issue_stage_i_i_issue_read_operands_i_ariane_regfile_mem_reg[658],DFFR_X1,5
issue_stage_i_i_issue_read_operands_i_ariane_regfile_mem_reg[659],DFFR_X1,5
issue_stage_i_i_issue_read_operands_i_ariane_regfile_mem_reg[660],DFFR_X1,5
issue_stage_i_i_issue_read_operands_i_ariane_regfile_mem_reg[661],DFFR_X1,5
issue_stage_i_i_issue_read_operands_i_ariane_regfile_mem_reg[662],DFFR_X1,5
issue_stage_i_i_issue_read_operands_i_ariane_regfile_mem_reg[663],DFFR_X1,5
issue_stage_i_i_issue_read_operands_i_ariane_regfile_mem_reg[664],DFFR_X1,5
issue_stage_i_i_issue_read_operands_i_ariane_regfile_mem_reg[665],DFFR_X1,5
issue_stage_i_i_issue_read_operands_i_ariane_regfile_mem_reg[666],DFFR_X1,5
issue_stage_i_i_issue_read_operands_i_ariane_regfile_mem_reg[667],DFFR_X1,5
issue_stage_i_i_issue_read_operands_i_ariane_regfile_mem_reg[668],DFFR_X1,5
issue_stage_i_i_issue_read_operands_i_ariane_regfile_mem_reg[669],DFFR_X1,5
issue_stage_i_i_issue_read_operands_i_ariane_regfile_mem_reg[670],DFFR_X1,5
issue_stage_i_i_issue_read_operands_i_ariane_regfile_mem_reg[671],DFFR_X1,5
issue_stage_i_i_issue_read_operands_i_ariane_regfile_mem_reg[672],DFFR_X1,5
issue_stage_i_i_issue_read_operands_i_ariane_regfile_mem_reg[673],DFFR_X1,5
issue_stage_i_i_issue_read_operands_i_ariane_regfile_mem_reg[674],DFFR_X1,5
issue_stage_i_i_issue_read_operands_i_ariane_regfile_mem_reg[675],DFFR_X1,5
issue_stage_i_i_issue_read_operands_i_ariane_regfile_mem_reg[676],DFFR_X1,5
issue_stage_i_i_issue_read_operands_i_ariane_regfile_mem_reg[677],DFFR_X1,5
issue_stage_i_i_issue_read_operands_i_ariane_regfile_mem_reg[678],DFFR_X1,5
issue_stage_i_i_issue_read_operands_i_ariane_regfile_mem_reg[679],DFFR_X1,5
issue_stage_i_i_issue_read_operands_i_ariane_regfile_mem_reg[680],DFFR_X1,5
issue_stage_i_i_issue_read_operands_i_ariane_regfile_mem_reg[681],DFFR_X1,5
issue_stage_i_i_issue_read_operands_i_ariane_regfile_mem_reg[682],DFFR_X1,5
issue_stage_i_i_issue_read_operands_i_ariane_regfile_mem_reg[683],DFFR_X1,5
issue_stage_i_i_issue_read_operands_i_ariane_regfile_mem_reg[684],DFFR_X1,5
issue_stage_i_i_issue_read_operands_i_ariane_regfile_mem_reg[685],DFFR_X1,5
issue_stage_i_i_issue_read_operands_i_ariane_regfile_mem_reg[686],DFFR_X1,5
issue_stage_i_i_issue_read_operands_i_ariane_regfile_mem_reg[687],DFFR_X1,5
issue_stage_i_i_issue_read_operands_i_ariane_regfile_mem_reg[688],DFFR_X1,5
issue_stage_i_i_issue_read_operands_i_ariane_regfile_mem_reg[689],DFFR_X1,5
issue_stage_i_i_issue_read_operands_i_ariane_regfile_mem_reg[690],DFFR_X1,5
issue_stage_i_i_issue_read_operands_i_ariane_regfile_mem_reg[691],DFFR_X1,5
issue_stage_i_i_issue_read_operands_i_ariane_regfile_mem_reg[692],DFFR_X1,5
issue_stage_i_i_issue_read_operands_i_ariane_regfile_mem_reg[693],DFFR_X1,5
issue_stage_i_i_issue_read_operands_i_ariane_regfile_mem_reg[694],DFFR_X1,5
issue_stage_i_i_issue_read_operands_i_ariane_regfile_mem_reg[695],DFFR_X1,5
issue_stage_i_i_issue_read_operands_i_ariane_regfile_mem_reg[696],DFFR_X1,5
issue_stage_i_i_issue_read_operands_i_ariane_regfile_mem_reg[697],DFFR_X1,5
issue_stage_i_i_issue_read_operands_i_ariane_regfile_mem_reg[698],DFFR_X1,5
issue_stage_i_i_issue_read_operands_i_ariane_regfile_mem_reg[699],DFFR_X1,5
issue_stage_i_i_issue_read_operands_i_ariane_regfile_mem_reg[700],DFFR_X1,5
issue_stage_i_i_issue_read_operands_i_ariane_regfile_mem_reg[701],DFFR_X1,5
issue_stage_i_i_issue_read_operands_i_ariane_regfile_mem_reg[702],DFFR_X1,5
issue_stage_i_i_issue_read_operands_i_ariane_regfile_mem_reg[703],DFFR_X1,5
issue_stage_i_i_issue_read_operands_i_ariane_regfile_mem_reg[704],DFFR_X1,5
issue_stage_i_i_issue_read_operands_i_ariane_regfile_mem_reg[705],DFFR_X1,5
issue_stage_i_i_issue_read_operands_i_ariane_regfile_mem_reg[706],DFFR_X1,5
issue_stage_i_i_issue_read_operands_i_ariane_regfile_mem_reg[707],DFFR_X1,5
issue_stage_i_i_issue_read_operands_i_ariane_regfile_mem_reg[708],DFFR_X1,5
issue_stage_i_i_issue_read_operands_i_ariane_regfile_mem_reg[709],DFFR_X1,5
issue_stage_i_i_issue_read_operands_i_ariane_regfile_mem_reg[710],DFFR_X1,5
issue_stage_i_i_issue_read_operands_i_ariane_regfile_mem_reg[711],DFFR_X1,5
issue_stage_i_i_issue_read_operands_i_ariane_regfile_mem_reg[712],DFFR_X1,5
issue_stage_i_i_issue_read_operands_i_ariane_regfile_mem_reg[713],DFFR_X1,5
issue_stage_i_i_issue_read_operands_i_ariane_regfile_mem_reg[714],DFFR_X1,5
issue_stage_i_i_issue_read_operands_i_ariane_regfile_mem_reg[715],DFFR_X1,5
issue_stage_i_i_issue_read_operands_i_ariane_regfile_mem_reg[716],DFFR_X1,5
issue_stage_i_i_issue_read_operands_i_ariane_regfile_mem_reg[717],DFFR_X1,5
issue_stage_i_i_issue_read_operands_i_ariane_regfile_mem_reg[718],DFFR_X1,5
issue_stage_i_i_issue_read_operands_i_ariane_regfile_mem_reg[719],DFFR_X1,5
issue_stage_i_i_issue_read_operands_i_ariane_regfile_mem_reg[720],DFFR_X1,5
issue_stage_i_i_issue_read_operands_i_ariane_regfile_mem_reg[721],DFFR_X1,5
issue_stage_i_i_issue_read_operands_i_ariane_regfile_mem_reg[722],DFFR_X1,5
issue_stage_i_i_issue_read_operands_i_ariane_regfile_mem_reg[723],DFFR_X1,5
issue_stage_i_i_issue_read_operands_i_ariane_regfile_mem_reg[724],DFFR_X1,5
issue_stage_i_i_issue_read_operands_i_ariane_regfile_mem_reg[725],DFFR_X1,5
issue_stage_i_i_issue_read_operands_i_ariane_regfile_mem_reg[726],DFFR_X1,5
issue_stage_i_i_issue_read_operands_i_ariane_regfile_mem_reg[727],DFFR_X1,5
issue_stage_i_i_issue_read_operands_i_ariane_regfile_mem_reg[728],DFFR_X1,5
issue_stage_i_i_issue_read_operands_i_ariane_regfile_mem_reg[729],DFFR_X1,5
issue_stage_i_i_issue_read_operands_i_ariane_regfile_mem_reg[730],DFFR_X1,5
issue_stage_i_i_issue_read_operands_i_ariane_regfile_mem_reg[731],DFFR_X1,5
issue_stage_i_i_issue_read_operands_i_ariane_regfile_mem_reg[732],DFFR_X1,5
issue_stage_i_i_issue_read_operands_i_ariane_regfile_mem_reg[733],DFFR_X1,5
issue_stage_i_i_issue_read_operands_i_ariane_regfile_mem_reg[734],DFFR_X1,5
issue_stage_i_i_issue_read_operands_i_ariane_regfile_mem_reg[735],DFFR_X1,5
issue_stage_i_i_issue_read_operands_i_ariane_regfile_mem_reg[736],DFFR_X1,5
issue_stage_i_i_issue_read_operands_i_ariane_regfile_mem_reg[737],DFFR_X1,5
issue_stage_i_i_issue_read_operands_i_ariane_regfile_mem_reg[738],DFFR_X1,5
issue_stage_i_i_issue_read_operands_i_ariane_regfile_mem_reg[739],DFFR_X1,5
issue_stage_i_i_issue_read_operands_i_ariane_regfile_mem_reg[740],DFFR_X1,5
issue_stage_i_i_issue_read_operands_i_ariane_regfile_mem_reg[741],DFFR_X1,5
issue_stage_i_i_issue_read_operands_i_ariane_regfile_mem_reg[742],DFFR_X1,5
issue_stage_i_i_issue_read_operands_i_ariane_regfile_mem_reg[743],DFFR_X1,5
issue_stage_i_i_issue_read_operands_i_ariane_regfile_mem_reg[744],DFFR_X1,5
issue_stage_i_i_issue_read_operands_i_ariane_regfile_mem_reg[745],DFFR_X1,5
issue_stage_i_i_issue_read_operands_i_ariane_regfile_mem_reg[746],DFFR_X1,5
issue_stage_i_i_issue_read_operands_i_ariane_regfile_mem_reg[747],DFFR_X1,5
issue_stage_i_i_issue_read_operands_i_ariane_regfile_mem_reg[748],DFFR_X1,5
issue_stage_i_i_issue_read_operands_i_ariane_regfile_mem_reg[749],DFFR_X1,5
issue_stage_i_i_issue_read_operands_i_ariane_regfile_mem_reg[750],DFFR_X1,5
issue_stage_i_i_issue_read_operands_i_ariane_regfile_mem_reg[751],DFFR_X1,5
issue_stage_i_i_issue_read_operands_i_ariane_regfile_mem_reg[752],DFFR_X1,5
issue_stage_i_i_issue_read_operands_i_ariane_regfile_mem_reg[753],DFFR_X1,5
issue_stage_i_i_issue_read_operands_i_ariane_regfile_mem_reg[754],DFFR_X1,5
issue_stage_i_i_issue_read_operands_i_ariane_regfile_mem_reg[755],DFFR_X1,5
issue_stage_i_i_issue_read_operands_i_ariane_regfile_mem_reg[756],DFFR_X1,5
issue_stage_i_i_issue_read_operands_i_ariane_regfile_mem_reg[757],DFFR_X1,5
issue_stage_i_i_issue_read_operands_i_ariane_regfile_mem_reg[758],DFFR_X1,5
issue_stage_i_i_issue_read_operands_i_ariane_regfile_mem_reg[759],DFFR_X1,5
issue_stage_i_i_issue_read_operands_i_ariane_regfile_mem_reg[760],DFFR_X1,5
issue_stage_i_i_issue_read_operands_i_ariane_regfile_mem_reg[761],DFFR_X1,5
issue_stage_i_i_issue_read_operands_i_ariane_regfile_mem_reg[762],DFFR_X1,5
issue_stage_i_i_issue_read_operands_i_ariane_regfile_mem_reg[763],DFFR_X1,5
issue_stage_i_i_issue_read_operands_i_ariane_regfile_mem_reg[764],DFFR_X1,5
issue_stage_i_i_issue_read_operands_i_ariane_regfile_mem_reg[765],DFFR_X1,5
issue_stage_i_i_issue_read_operands_i_ariane_regfile_mem_reg[766],DFFR_X1,5
issue_stage_i_i_issue_read_operands_i_ariane_regfile_mem_reg[767],DFFR_X1,5
issue_stage_i_i_issue_read_operands_i_ariane_regfile_mem_reg[768],DFFR_X1,5
issue_stage_i_i_issue_read_operands_i_ariane_regfile_mem_reg[769],DFFR_X1,5
issue_stage_i_i_issue_read_operands_i_ariane_regfile_mem_reg[770],DFFR_X1,5
issue_stage_i_i_issue_read_operands_i_ariane_regfile_mem_reg[771],DFFR_X1,5
issue_stage_i_i_issue_read_operands_i_ariane_regfile_mem_reg[772],DFFR_X1,5
issue_stage_i_i_issue_read_operands_i_ariane_regfile_mem_reg[773],DFFR_X1,5
issue_stage_i_i_issue_read_operands_i_ariane_regfile_mem_reg[774],DFFR_X1,5
issue_stage_i_i_issue_read_operands_i_ariane_regfile_mem_reg[775],DFFR_X1,5
issue_stage_i_i_issue_read_operands_i_ariane_regfile_mem_reg[776],DFFR_X1,5
issue_stage_i_i_issue_read_operands_i_ariane_regfile_mem_reg[777],DFFR_X1,5
issue_stage_i_i_issue_read_operands_i_ariane_regfile_mem_reg[778],DFFR_X1,5
issue_stage_i_i_issue_read_operands_i_ariane_regfile_mem_reg[779],DFFR_X1,5
issue_stage_i_i_issue_read_operands_i_ariane_regfile_mem_reg[780],DFFR_X1,5
issue_stage_i_i_issue_read_operands_i_ariane_regfile_mem_reg[781],DFFR_X1,5
issue_stage_i_i_issue_read_operands_i_ariane_regfile_mem_reg[782],DFFR_X1,5
issue_stage_i_i_issue_read_operands_i_ariane_regfile_mem_reg[783],DFFR_X1,5
issue_stage_i_i_issue_read_operands_i_ariane_regfile_mem_reg[784],DFFR_X1,5
issue_stage_i_i_issue_read_operands_i_ariane_regfile_mem_reg[785],DFFR_X1,5
issue_stage_i_i_issue_read_operands_i_ariane_regfile_mem_reg[786],DFFR_X1,5
issue_stage_i_i_issue_read_operands_i_ariane_regfile_mem_reg[787],DFFR_X1,5
issue_stage_i_i_issue_read_operands_i_ariane_regfile_mem_reg[788],DFFR_X1,5
issue_stage_i_i_issue_read_operands_i_ariane_regfile_mem_reg[789],DFFR_X1,5
issue_stage_i_i_issue_read_operands_i_ariane_regfile_mem_reg[790],DFFR_X1,5
issue_stage_i_i_issue_read_operands_i_ariane_regfile_mem_reg[791],DFFR_X1,5
issue_stage_i_i_issue_read_operands_i_ariane_regfile_mem_reg[792],DFFR_X1,5
issue_stage_i_i_issue_read_operands_i_ariane_regfile_mem_reg[793],DFFR_X1,5
issue_stage_i_i_issue_read_operands_i_ariane_regfile_mem_reg[794],DFFR_X1,5
issue_stage_i_i_issue_read_operands_i_ariane_regfile_mem_reg[795],DFFR_X1,5
issue_stage_i_i_issue_read_operands_i_ariane_regfile_mem_reg[796],DFFR_X1,5
issue_stage_i_i_issue_read_operands_i_ariane_regfile_mem_reg[797],DFFR_X1,5
issue_stage_i_i_issue_read_operands_i_ariane_regfile_mem_reg[798],DFFR_X1,5
issue_stage_i_i_issue_read_operands_i_ariane_regfile_mem_reg[799],DFFR_X1,5
issue_stage_i_i_issue_read_operands_i_ariane_regfile_mem_reg[800],DFFR_X1,5
issue_stage_i_i_issue_read_operands_i_ariane_regfile_mem_reg[801],DFFR_X1,5
issue_stage_i_i_issue_read_operands_i_ariane_regfile_mem_reg[802],DFFR_X1,5
issue_stage_i_i_issue_read_operands_i_ariane_regfile_mem_reg[803],DFFR_X1,5
issue_stage_i_i_issue_read_operands_i_ariane_regfile_mem_reg[804],DFFR_X1,5
issue_stage_i_i_issue_read_operands_i_ariane_regfile_mem_reg[805],DFFR_X1,5
issue_stage_i_i_issue_read_operands_i_ariane_regfile_mem_reg[806],DFFR_X1,5
issue_stage_i_i_issue_read_operands_i_ariane_regfile_mem_reg[807],DFFR_X1,5
issue_stage_i_i_issue_read_operands_i_ariane_regfile_mem_reg[808],DFFR_X1,5
issue_stage_i_i_issue_read_operands_i_ariane_regfile_mem_reg[809],DFFR_X1,5
issue_stage_i_i_issue_read_operands_i_ariane_regfile_mem_reg[810],DFFR_X1,5
issue_stage_i_i_issue_read_operands_i_ariane_regfile_mem_reg[811],DFFR_X1,5
issue_stage_i_i_issue_read_operands_i_ariane_regfile_mem_reg[812],DFFR_X1,5
issue_stage_i_i_issue_read_operands_i_ariane_regfile_mem_reg[813],DFFR_X1,5
issue_stage_i_i_issue_read_operands_i_ariane_regfile_mem_reg[814],DFFR_X1,5
issue_stage_i_i_issue_read_operands_i_ariane_regfile_mem_reg[815],DFFR_X1,5
issue_stage_i_i_issue_read_operands_i_ariane_regfile_mem_reg[816],DFFR_X1,5
issue_stage_i_i_issue_read_operands_i_ariane_regfile_mem_reg[817],DFFR_X1,5
issue_stage_i_i_issue_read_operands_i_ariane_regfile_mem_reg[818],DFFR_X1,5
issue_stage_i_i_issue_read_operands_i_ariane_regfile_mem_reg[819],DFFR_X1,5
issue_stage_i_i_issue_read_operands_i_ariane_regfile_mem_reg[820],DFFR_X1,5
issue_stage_i_i_issue_read_operands_i_ariane_regfile_mem_reg[821],DFFR_X1,5
issue_stage_i_i_issue_read_operands_i_ariane_regfile_mem_reg[822],DFFR_X1,5
issue_stage_i_i_issue_read_operands_i_ariane_regfile_mem_reg[823],DFFR_X1,5
issue_stage_i_i_issue_read_operands_i_ariane_regfile_mem_reg[824],DFFR_X1,5
issue_stage_i_i_issue_read_operands_i_ariane_regfile_mem_reg[825],DFFR_X1,5
issue_stage_i_i_issue_read_operands_i_ariane_regfile_mem_reg[826],DFFR_X1,5
issue_stage_i_i_issue_read_operands_i_ariane_regfile_mem_reg[827],DFFR_X1,5
issue_stage_i_i_issue_read_operands_i_ariane_regfile_mem_reg[828],DFFR_X1,5
issue_stage_i_i_issue_read_operands_i_ariane_regfile_mem_reg[829],DFFR_X1,5
issue_stage_i_i_issue_read_operands_i_ariane_regfile_mem_reg[830],DFFR_X1,5
issue_stage_i_i_issue_read_operands_i_ariane_regfile_mem_reg[831],DFFR_X1,5
issue_stage_i_i_issue_read_operands_i_ariane_regfile_mem_reg[832],DFFR_X1,5
issue_stage_i_i_issue_read_operands_i_ariane_regfile_mem_reg[833],DFFR_X1,5
issue_stage_i_i_issue_read_operands_i_ariane_regfile_mem_reg[834],DFFR_X1,5
issue_stage_i_i_issue_read_operands_i_ariane_regfile_mem_reg[835],DFFR_X1,5
issue_stage_i_i_issue_read_operands_i_ariane_regfile_mem_reg[836],DFFR_X1,5
issue_stage_i_i_issue_read_operands_i_ariane_regfile_mem_reg[837],DFFR_X1,5
issue_stage_i_i_issue_read_operands_i_ariane_regfile_mem_reg[838],DFFR_X1,5
issue_stage_i_i_issue_read_operands_i_ariane_regfile_mem_reg[839],DFFR_X1,5
issue_stage_i_i_issue_read_operands_i_ariane_regfile_mem_reg[840],DFFR_X1,5
issue_stage_i_i_issue_read_operands_i_ariane_regfile_mem_reg[841],DFFR_X1,5
issue_stage_i_i_issue_read_operands_i_ariane_regfile_mem_reg[842],DFFR_X1,5
issue_stage_i_i_issue_read_operands_i_ariane_regfile_mem_reg[843],DFFR_X1,5
issue_stage_i_i_issue_read_operands_i_ariane_regfile_mem_reg[844],DFFR_X1,5
issue_stage_i_i_issue_read_operands_i_ariane_regfile_mem_reg[845],DFFR_X1,5
issue_stage_i_i_issue_read_operands_i_ariane_regfile_mem_reg[846],DFFR_X1,5
issue_stage_i_i_issue_read_operands_i_ariane_regfile_mem_reg[847],DFFR_X1,5
issue_stage_i_i_issue_read_operands_i_ariane_regfile_mem_reg[848],DFFR_X1,5
issue_stage_i_i_issue_read_operands_i_ariane_regfile_mem_reg[849],DFFR_X1,5
issue_stage_i_i_issue_read_operands_i_ariane_regfile_mem_reg[850],DFFR_X1,5
issue_stage_i_i_issue_read_operands_i_ariane_regfile_mem_reg[851],DFFR_X1,5
issue_stage_i_i_issue_read_operands_i_ariane_regfile_mem_reg[852],DFFR_X1,5
issue_stage_i_i_issue_read_operands_i_ariane_regfile_mem_reg[853],DFFR_X1,5
issue_stage_i_i_issue_read_operands_i_ariane_regfile_mem_reg[854],DFFR_X1,5
issue_stage_i_i_issue_read_operands_i_ariane_regfile_mem_reg[855],DFFR_X1,5
issue_stage_i_i_issue_read_operands_i_ariane_regfile_mem_reg[856],DFFR_X1,5
issue_stage_i_i_issue_read_operands_i_ariane_regfile_mem_reg[857],DFFR_X1,5
issue_stage_i_i_issue_read_operands_i_ariane_regfile_mem_reg[858],DFFR_X1,5
issue_stage_i_i_issue_read_operands_i_ariane_regfile_mem_reg[859],DFFR_X1,5
issue_stage_i_i_issue_read_operands_i_ariane_regfile_mem_reg[860],DFFR_X1,5
issue_stage_i_i_issue_read_operands_i_ariane_regfile_mem_reg[861],DFFR_X1,5
issue_stage_i_i_issue_read_operands_i_ariane_regfile_mem_reg[862],DFFR_X1,5
issue_stage_i_i_issue_read_operands_i_ariane_regfile_mem_reg[863],DFFR_X1,5
issue_stage_i_i_issue_read_operands_i_ariane_regfile_mem_reg[864],DFFR_X1,5
issue_stage_i_i_issue_read_operands_i_ariane_regfile_mem_reg[865],DFFR_X1,5
issue_stage_i_i_issue_read_operands_i_ariane_regfile_mem_reg[866],DFFR_X1,5
issue_stage_i_i_issue_read_operands_i_ariane_regfile_mem_reg[867],DFFR_X1,5
issue_stage_i_i_issue_read_operands_i_ariane_regfile_mem_reg[868],DFFR_X1,5
issue_stage_i_i_issue_read_operands_i_ariane_regfile_mem_reg[869],DFFR_X1,5
issue_stage_i_i_issue_read_operands_i_ariane_regfile_mem_reg[870],DFFR_X1,5
issue_stage_i_i_issue_read_operands_i_ariane_regfile_mem_reg[871],DFFR_X1,5
issue_stage_i_i_issue_read_operands_i_ariane_regfile_mem_reg[872],DFFR_X1,5
issue_stage_i_i_issue_read_operands_i_ariane_regfile_mem_reg[873],DFFR_X1,5
issue_stage_i_i_issue_read_operands_i_ariane_regfile_mem_reg[874],DFFR_X1,5
issue_stage_i_i_issue_read_operands_i_ariane_regfile_mem_reg[875],DFFR_X1,5
issue_stage_i_i_issue_read_operands_i_ariane_regfile_mem_reg[876],DFFR_X1,5
issue_stage_i_i_issue_read_operands_i_ariane_regfile_mem_reg[877],DFFR_X1,5
issue_stage_i_i_issue_read_operands_i_ariane_regfile_mem_reg[878],DFFR_X1,5
issue_stage_i_i_issue_read_operands_i_ariane_regfile_mem_reg[879],DFFR_X1,5
issue_stage_i_i_issue_read_operands_i_ariane_regfile_mem_reg[880],DFFR_X1,5
issue_stage_i_i_issue_read_operands_i_ariane_regfile_mem_reg[881],DFFR_X1,5
issue_stage_i_i_issue_read_operands_i_ariane_regfile_mem_reg[882],DFFR_X1,5
issue_stage_i_i_issue_read_operands_i_ariane_regfile_mem_reg[883],DFFR_X1,5
issue_stage_i_i_issue_read_operands_i_ariane_regfile_mem_reg[884],DFFR_X1,5
issue_stage_i_i_issue_read_operands_i_ariane_regfile_mem_reg[885],DFFR_X1,5
issue_stage_i_i_issue_read_operands_i_ariane_regfile_mem_reg[886],DFFR_X1,5
issue_stage_i_i_issue_read_operands_i_ariane_regfile_mem_reg[887],DFFR_X1,5
issue_stage_i_i_issue_read_operands_i_ariane_regfile_mem_reg[888],DFFR_X1,5
issue_stage_i_i_issue_read_operands_i_ariane_regfile_mem_reg[889],DFFR_X1,5
issue_stage_i_i_issue_read_operands_i_ariane_regfile_mem_reg[890],DFFR_X1,5
issue_stage_i_i_issue_read_operands_i_ariane_regfile_mem_reg[891],DFFR_X1,5
issue_stage_i_i_issue_read_operands_i_ariane_regfile_mem_reg[892],DFFR_X1,5
issue_stage_i_i_issue_read_operands_i_ariane_regfile_mem_reg[893],DFFR_X1,5
issue_stage_i_i_issue_read_operands_i_ariane_regfile_mem_reg[894],DFFR_X1,5
issue_stage_i_i_issue_read_operands_i_ariane_regfile_mem_reg[895],DFFR_X1,5
issue_stage_i_i_issue_read_operands_i_ariane_regfile_mem_reg[896],DFFR_X1,5
issue_stage_i_i_issue_read_operands_i_ariane_regfile_mem_reg[897],DFFR_X1,5
issue_stage_i_i_issue_read_operands_i_ariane_regfile_mem_reg[898],DFFR_X1,5
issue_stage_i_i_issue_read_operands_i_ariane_regfile_mem_reg[899],DFFR_X1,5
issue_stage_i_i_issue_read_operands_i_ariane_regfile_mem_reg[900],DFFR_X1,5
issue_stage_i_i_issue_read_operands_i_ariane_regfile_mem_reg[901],DFFR_X1,5
issue_stage_i_i_issue_read_operands_i_ariane_regfile_mem_reg[902],DFFR_X1,5
issue_stage_i_i_issue_read_operands_i_ariane_regfile_mem_reg[903],DFFR_X1,5
issue_stage_i_i_issue_read_operands_i_ariane_regfile_mem_reg[904],DFFR_X1,5
issue_stage_i_i_issue_read_operands_i_ariane_regfile_mem_reg[905],DFFR_X1,5
issue_stage_i_i_issue_read_operands_i_ariane_regfile_mem_reg[906],DFFR_X1,5
issue_stage_i_i_issue_read_operands_i_ariane_regfile_mem_reg[907],DFFR_X1,5
issue_stage_i_i_issue_read_operands_i_ariane_regfile_mem_reg[908],DFFR_X1,5
issue_stage_i_i_issue_read_operands_i_ariane_regfile_mem_reg[909],DFFR_X1,5
issue_stage_i_i_issue_read_operands_i_ariane_regfile_mem_reg[910],DFFR_X1,5
issue_stage_i_i_issue_read_operands_i_ariane_regfile_mem_reg[911],DFFR_X1,5
issue_stage_i_i_issue_read_operands_i_ariane_regfile_mem_reg[912],DFFR_X1,5
issue_stage_i_i_issue_read_operands_i_ariane_regfile_mem_reg[913],DFFR_X1,5
issue_stage_i_i_issue_read_operands_i_ariane_regfile_mem_reg[914],DFFR_X1,5
issue_stage_i_i_issue_read_operands_i_ariane_regfile_mem_reg[915],DFFR_X1,5
issue_stage_i_i_issue_read_operands_i_ariane_regfile_mem_reg[916],DFFR_X1,5
issue_stage_i_i_issue_read_operands_i_ariane_regfile_mem_reg[917],DFFR_X1,5
issue_stage_i_i_issue_read_operands_i_ariane_regfile_mem_reg[918],DFFR_X1,5
issue_stage_i_i_issue_read_operands_i_ariane_regfile_mem_reg[919],DFFR_X1,5
issue_stage_i_i_issue_read_operands_i_ariane_regfile_mem_reg[920],DFFR_X1,5
issue_stage_i_i_issue_read_operands_i_ariane_regfile_mem_reg[921],DFFR_X1,5
issue_stage_i_i_issue_read_operands_i_ariane_regfile_mem_reg[922],DFFR_X1,5
issue_stage_i_i_issue_read_operands_i_ariane_regfile_mem_reg[923],DFFR_X1,5
issue_stage_i_i_issue_read_operands_i_ariane_regfile_mem_reg[924],DFFR_X1,5
issue_stage_i_i_issue_read_operands_i_ariane_regfile_mem_reg[925],DFFR_X1,5
issue_stage_i_i_issue_read_operands_i_ariane_regfile_mem_reg[926],DFFR_X1,5
issue_stage_i_i_issue_read_operands_i_ariane_regfile_mem_reg[927],DFFR_X1,5
issue_stage_i_i_issue_read_operands_i_ariane_regfile_mem_reg[928],DFFR_X1,5
issue_stage_i_i_issue_read_operands_i_ariane_regfile_mem_reg[929],DFFR_X1,5
issue_stage_i_i_issue_read_operands_i_ariane_regfile_mem_reg[930],DFFR_X1,5
issue_stage_i_i_issue_read_operands_i_ariane_regfile_mem_reg[931],DFFR_X1,5
issue_stage_i_i_issue_read_operands_i_ariane_regfile_mem_reg[932],DFFR_X1,5
issue_stage_i_i_issue_read_operands_i_ariane_regfile_mem_reg[933],DFFR_X1,5
issue_stage_i_i_issue_read_operands_i_ariane_regfile_mem_reg[934],DFFR_X1,5
issue_stage_i_i_issue_read_operands_i_ariane_regfile_mem_reg[935],DFFR_X1,5
issue_stage_i_i_issue_read_operands_i_ariane_regfile_mem_reg[936],DFFR_X1,5
issue_stage_i_i_issue_read_operands_i_ariane_regfile_mem_reg[937],DFFR_X1,5
issue_stage_i_i_issue_read_operands_i_ariane_regfile_mem_reg[938],DFFR_X1,5
issue_stage_i_i_issue_read_operands_i_ariane_regfile_mem_reg[939],DFFR_X1,5
issue_stage_i_i_issue_read_operands_i_ariane_regfile_mem_reg[940],DFFR_X1,5
issue_stage_i_i_issue_read_operands_i_ariane_regfile_mem_reg[941],DFFR_X1,5
issue_stage_i_i_issue_read_operands_i_ariane_regfile_mem_reg[942],DFFR_X1,5
issue_stage_i_i_issue_read_operands_i_ariane_regfile_mem_reg[943],DFFR_X1,5
issue_stage_i_i_issue_read_operands_i_ariane_regfile_mem_reg[944],DFFR_X1,5
issue_stage_i_i_issue_read_operands_i_ariane_regfile_mem_reg[945],DFFR_X1,5
issue_stage_i_i_issue_read_operands_i_ariane_regfile_mem_reg[946],DFFR_X1,5
issue_stage_i_i_issue_read_operands_i_ariane_regfile_mem_reg[947],DFFR_X1,5
issue_stage_i_i_issue_read_operands_i_ariane_regfile_mem_reg[948],DFFR_X1,5
issue_stage_i_i_issue_read_operands_i_ariane_regfile_mem_reg[949],DFFR_X1,5
issue_stage_i_i_issue_read_operands_i_ariane_regfile_mem_reg[950],DFFR_X1,5
issue_stage_i_i_issue_read_operands_i_ariane_regfile_mem_reg[951],DFFR_X1,5
issue_stage_i_i_issue_read_operands_i_ariane_regfile_mem_reg[952],DFFR_X1,5
issue_stage_i_i_issue_read_operands_i_ariane_regfile_mem_reg[953],DFFR_X1,5
issue_stage_i_i_issue_read_operands_i_ariane_regfile_mem_reg[954],DFFR_X1,5
issue_stage_i_i_issue_read_operands_i_ariane_regfile_mem_reg[955],DFFR_X1,5
issue_stage_i_i_issue_read_operands_i_ariane_regfile_mem_reg[956],DFFR_X1,5
issue_stage_i_i_issue_read_operands_i_ariane_regfile_mem_reg[957],DFFR_X1,5
issue_stage_i_i_issue_read_operands_i_ariane_regfile_mem_reg[958],DFFR_X1,5
issue_stage_i_i_issue_read_operands_i_ariane_regfile_mem_reg[959],DFFR_X1,5
issue_stage_i_i_issue_read_operands_i_ariane_regfile_mem_reg[960],DFFR_X1,5
issue_stage_i_i_issue_read_operands_i_ariane_regfile_mem_reg[961],DFFR_X1,5
issue_stage_i_i_issue_read_operands_i_ariane_regfile_mem_reg[962],DFFR_X1,5
issue_stage_i_i_issue_read_operands_i_ariane_regfile_mem_reg[963],DFFR_X1,5
issue_stage_i_i_issue_read_operands_i_ariane_regfile_mem_reg[964],DFFR_X1,5
issue_stage_i_i_issue_read_operands_i_ariane_regfile_mem_reg[965],DFFR_X1,5
issue_stage_i_i_issue_read_operands_i_ariane_regfile_mem_reg[966],DFFR_X1,5
issue_stage_i_i_issue_read_operands_i_ariane_regfile_mem_reg[967],DFFR_X1,5
issue_stage_i_i_issue_read_operands_i_ariane_regfile_mem_reg[968],DFFR_X1,5
issue_stage_i_i_issue_read_operands_i_ariane_regfile_mem_reg[969],DFFR_X1,5
issue_stage_i_i_issue_read_operands_i_ariane_regfile_mem_reg[970],DFFR_X1,5
issue_stage_i_i_issue_read_operands_i_ariane_regfile_mem_reg[971],DFFR_X1,5
issue_stage_i_i_issue_read_operands_i_ariane_regfile_mem_reg[972],DFFR_X1,5
issue_stage_i_i_issue_read_operands_i_ariane_regfile_mem_reg[973],DFFR_X1,5
issue_stage_i_i_issue_read_operands_i_ariane_regfile_mem_reg[974],DFFR_X1,5
issue_stage_i_i_issue_read_operands_i_ariane_regfile_mem_reg[975],DFFR_X1,5
issue_stage_i_i_issue_read_operands_i_ariane_regfile_mem_reg[976],DFFR_X1,5
issue_stage_i_i_issue_read_operands_i_ariane_regfile_mem_reg[977],DFFR_X1,5
issue_stage_i_i_issue_read_operands_i_ariane_regfile_mem_reg[978],DFFR_X1,5
issue_stage_i_i_issue_read_operands_i_ariane_regfile_mem_reg[979],DFFR_X1,5
issue_stage_i_i_issue_read_operands_i_ariane_regfile_mem_reg[980],DFFR_X1,5
issue_stage_i_i_issue_read_operands_i_ariane_regfile_mem_reg[981],DFFR_X1,5
issue_stage_i_i_issue_read_operands_i_ariane_regfile_mem_reg[982],DFFR_X1,5
issue_stage_i_i_issue_read_operands_i_ariane_regfile_mem_reg[983],DFFR_X1,5
issue_stage_i_i_issue_read_operands_i_ariane_regfile_mem_reg[984],DFFR_X1,5
issue_stage_i_i_issue_read_operands_i_ariane_regfile_mem_reg[985],DFFR_X1,5
issue_stage_i_i_issue_read_operands_i_ariane_regfile_mem_reg[986],DFFR_X1,5
issue_stage_i_i_issue_read_operands_i_ariane_regfile_mem_reg[987],DFFR_X1,5
issue_stage_i_i_issue_read_operands_i_ariane_regfile_mem_reg[988],DFFR_X1,5
issue_stage_i_i_issue_read_operands_i_ariane_regfile_mem_reg[989],DFFR_X1,5
issue_stage_i_i_issue_read_operands_i_ariane_regfile_mem_reg[990],DFFR_X1,5
issue_stage_i_i_issue_read_operands_i_ariane_regfile_mem_reg[991],DFFR_X1,5
issue_stage_i_i_issue_read_operands_i_ariane_regfile_mem_reg[992],DFFR_X1,5
issue_stage_i_i_issue_read_operands_i_ariane_regfile_mem_reg[993],DFFR_X1,5
issue_stage_i_i_issue_read_operands_i_ariane_regfile_mem_reg[994],DFFR_X1,5
issue_stage_i_i_issue_read_operands_i_ariane_regfile_mem_reg[995],DFFR_X1,5
issue_stage_i_i_issue_read_operands_i_ariane_regfile_mem_reg[996],DFFR_X1,5
issue_stage_i_i_issue_read_operands_i_ariane_regfile_mem_reg[997],DFFR_X1,5
issue_stage_i_i_issue_read_operands_i_ariane_regfile_mem_reg[998],DFFR_X1,5
issue_stage_i_i_issue_read_operands_i_ariane_regfile_mem_reg[999],DFFR_X1,5
issue_stage_i_i_issue_read_operands_i_ariane_regfile_mem_reg[1000],DFFR_X1,5
issue_stage_i_i_issue_read_operands_i_ariane_regfile_mem_reg[1001],DFFR_X1,5
issue_stage_i_i_issue_read_operands_i_ariane_regfile_mem_reg[1002],DFFR_X1,5
issue_stage_i_i_issue_read_operands_i_ariane_regfile_mem_reg[1003],DFFR_X1,5
issue_stage_i_i_issue_read_operands_i_ariane_regfile_mem_reg[1004],DFFR_X1,5
issue_stage_i_i_issue_read_operands_i_ariane_regfile_mem_reg[1005],DFFR_X1,5
issue_stage_i_i_issue_read_operands_i_ariane_regfile_mem_reg[1006],DFFR_X1,5
issue_stage_i_i_issue_read_operands_i_ariane_regfile_mem_reg[1007],DFFR_X1,5
issue_stage_i_i_issue_read_operands_i_ariane_regfile_mem_reg[1008],DFFR_X1,5
issue_stage_i_i_issue_read_operands_i_ariane_regfile_mem_reg[1009],DFFR_X1,5
issue_stage_i_i_issue_read_operands_i_ariane_regfile_mem_reg[1010],DFFR_X1,5
issue_stage_i_i_issue_read_operands_i_ariane_regfile_mem_reg[1011],DFFR_X1,5
issue_stage_i_i_issue_read_operands_i_ariane_regfile_mem_reg[1012],DFFR_X1,5
issue_stage_i_i_issue_read_operands_i_ariane_regfile_mem_reg[1013],DFFR_X1,5
issue_stage_i_i_issue_read_operands_i_ariane_regfile_mem_reg[1014],DFFR_X1,5
issue_stage_i_i_issue_read_operands_i_ariane_regfile_mem_reg[1015],DFFR_X1,5
issue_stage_i_i_issue_read_operands_i_ariane_regfile_mem_reg[1016],DFFR_X1,5
issue_stage_i_i_issue_read_operands_i_ariane_regfile_mem_reg[1017],DFFR_X1,5
issue_stage_i_i_issue_read_operands_i_ariane_regfile_mem_reg[1018],DFFR_X1,5
issue_stage_i_i_issue_read_operands_i_ariane_regfile_mem_reg[1019],DFFR_X1,5
issue_stage_i_i_issue_read_operands_i_ariane_regfile_mem_reg[1020],DFFR_X1,5
issue_stage_i_i_issue_read_operands_i_ariane_regfile_mem_reg[1021],DFFR_X1,5
issue_stage_i_i_issue_read_operands_i_ariane_regfile_mem_reg[1022],DFFR_X1,5
issue_stage_i_i_issue_read_operands_i_ariane_regfile_mem_reg[1023],DFFR_X1,5
issue_stage_i_i_issue_read_operands_i_ariane_regfile_mem_reg[1024],DFFR_X1,5
issue_stage_i_i_issue_read_operands_i_ariane_regfile_mem_reg[1025],DFFR_X1,5
issue_stage_i_i_issue_read_operands_i_ariane_regfile_mem_reg[1026],DFFR_X1,5
issue_stage_i_i_issue_read_operands_i_ariane_regfile_mem_reg[1027],DFFR_X1,5
issue_stage_i_i_issue_read_operands_i_ariane_regfile_mem_reg[1028],DFFR_X1,5
issue_stage_i_i_issue_read_operands_i_ariane_regfile_mem_reg[1029],DFFR_X1,5
issue_stage_i_i_issue_read_operands_i_ariane_regfile_mem_reg[1030],DFFR_X1,5
issue_stage_i_i_issue_read_operands_i_ariane_regfile_mem_reg[1031],DFFR_X1,5
issue_stage_i_i_issue_read_operands_i_ariane_regfile_mem_reg[1032],DFFR_X1,5
issue_stage_i_i_issue_read_operands_i_ariane_regfile_mem_reg[1033],DFFR_X1,5
issue_stage_i_i_issue_read_operands_i_ariane_regfile_mem_reg[1034],DFFR_X1,5
issue_stage_i_i_issue_read_operands_i_ariane_regfile_mem_reg[1035],DFFR_X1,5
issue_stage_i_i_issue_read_operands_i_ariane_regfile_mem_reg[1036],DFFR_X1,5
issue_stage_i_i_issue_read_operands_i_ariane_regfile_mem_reg[1037],DFFR_X1,5
issue_stage_i_i_issue_read_operands_i_ariane_regfile_mem_reg[1038],DFFR_X1,5
issue_stage_i_i_issue_read_operands_i_ariane_regfile_mem_reg[1039],DFFR_X1,5
issue_stage_i_i_issue_read_operands_i_ariane_regfile_mem_reg[1040],DFFR_X1,5
issue_stage_i_i_issue_read_operands_i_ariane_regfile_mem_reg[1041],DFFR_X1,5
issue_stage_i_i_issue_read_operands_i_ariane_regfile_mem_reg[1042],DFFR_X1,5
issue_stage_i_i_issue_read_operands_i_ariane_regfile_mem_reg[1043],DFFR_X1,5
issue_stage_i_i_issue_read_operands_i_ariane_regfile_mem_reg[1044],DFFR_X1,5
issue_stage_i_i_issue_read_operands_i_ariane_regfile_mem_reg[1045],DFFR_X1,5
issue_stage_i_i_issue_read_operands_i_ariane_regfile_mem_reg[1046],DFFR_X1,5
issue_stage_i_i_issue_read_operands_i_ariane_regfile_mem_reg[1047],DFFR_X1,5
issue_stage_i_i_issue_read_operands_i_ariane_regfile_mem_reg[1048],DFFR_X1,5
issue_stage_i_i_issue_read_operands_i_ariane_regfile_mem_reg[1049],DFFR_X1,5
issue_stage_i_i_issue_read_operands_i_ariane_regfile_mem_reg[1050],DFFR_X1,5
issue_stage_i_i_issue_read_operands_i_ariane_regfile_mem_reg[1051],DFFR_X1,5
issue_stage_i_i_issue_read_operands_i_ariane_regfile_mem_reg[1052],DFFR_X1,5
issue_stage_i_i_issue_read_operands_i_ariane_regfile_mem_reg[1053],DFFR_X1,5
issue_stage_i_i_issue_read_operands_i_ariane_regfile_mem_reg[1054],DFFR_X1,5
issue_stage_i_i_issue_read_operands_i_ariane_regfile_mem_reg[1055],DFFR_X1,5
issue_stage_i_i_issue_read_operands_i_ariane_regfile_mem_reg[1056],DFFR_X1,5
issue_stage_i_i_issue_read_operands_i_ariane_regfile_mem_reg[1057],DFFR_X1,5
issue_stage_i_i_issue_read_operands_i_ariane_regfile_mem_reg[1058],DFFR_X1,5
issue_stage_i_i_issue_read_operands_i_ariane_regfile_mem_reg[1059],DFFR_X1,5
issue_stage_i_i_issue_read_operands_i_ariane_regfile_mem_reg[1060],DFFR_X1,5
issue_stage_i_i_issue_read_operands_i_ariane_regfile_mem_reg[1061],DFFR_X1,5
issue_stage_i_i_issue_read_operands_i_ariane_regfile_mem_reg[1062],DFFR_X1,5
issue_stage_i_i_issue_read_operands_i_ariane_regfile_mem_reg[1063],DFFR_X1,5
issue_stage_i_i_issue_read_operands_i_ariane_regfile_mem_reg[1064],DFFR_X1,5
issue_stage_i_i_issue_read_operands_i_ariane_regfile_mem_reg[1065],DFFR_X1,5
issue_stage_i_i_issue_read_operands_i_ariane_regfile_mem_reg[1066],DFFR_X1,5
issue_stage_i_i_issue_read_operands_i_ariane_regfile_mem_reg[1067],DFFR_X1,5
issue_stage_i_i_issue_read_operands_i_ariane_regfile_mem_reg[1068],DFFR_X1,5
issue_stage_i_i_issue_read_operands_i_ariane_regfile_mem_reg[1069],DFFR_X1,5
issue_stage_i_i_issue_read_operands_i_ariane_regfile_mem_reg[1070],DFFR_X1,5
issue_stage_i_i_issue_read_operands_i_ariane_regfile_mem_reg[1071],DFFR_X1,5
issue_stage_i_i_issue_read_operands_i_ariane_regfile_mem_reg[1072],DFFR_X1,5
issue_stage_i_i_issue_read_operands_i_ariane_regfile_mem_reg[1073],DFFR_X1,5
issue_stage_i_i_issue_read_operands_i_ariane_regfile_mem_reg[1074],DFFR_X1,5
issue_stage_i_i_issue_read_operands_i_ariane_regfile_mem_reg[1075],DFFR_X1,5
issue_stage_i_i_issue_read_operands_i_ariane_regfile_mem_reg[1076],DFFR_X1,5
issue_stage_i_i_issue_read_operands_i_ariane_regfile_mem_reg[1077],DFFR_X1,5
issue_stage_i_i_issue_read_operands_i_ariane_regfile_mem_reg[1078],DFFR_X1,5
issue_stage_i_i_issue_read_operands_i_ariane_regfile_mem_reg[1079],DFFR_X1,5
issue_stage_i_i_issue_read_operands_i_ariane_regfile_mem_reg[1080],DFFR_X1,5
issue_stage_i_i_issue_read_operands_i_ariane_regfile_mem_reg[1081],DFFR_X1,5
issue_stage_i_i_issue_read_operands_i_ariane_regfile_mem_reg[1082],DFFR_X1,5
issue_stage_i_i_issue_read_operands_i_ariane_regfile_mem_reg[1083],DFFR_X1,5
issue_stage_i_i_issue_read_operands_i_ariane_regfile_mem_reg[1084],DFFR_X1,5
issue_stage_i_i_issue_read_operands_i_ariane_regfile_mem_reg[1085],DFFR_X1,5
issue_stage_i_i_issue_read_operands_i_ariane_regfile_mem_reg[1086],DFFR_X1,5
issue_stage_i_i_issue_read_operands_i_ariane_regfile_mem_reg[1087],DFFR_X1,5
issue_stage_i_i_issue_read_operands_i_ariane_regfile_mem_reg[1088],DFFR_X1,5
issue_stage_i_i_issue_read_operands_i_ariane_regfile_mem_reg[1089],DFFR_X1,5
issue_stage_i_i_issue_read_operands_i_ariane_regfile_mem_reg[1090],DFFR_X1,5
issue_stage_i_i_issue_read_operands_i_ariane_regfile_mem_reg[1091],DFFR_X1,5
issue_stage_i_i_issue_read_operands_i_ariane_regfile_mem_reg[1092],DFFR_X1,5
issue_stage_i_i_issue_read_operands_i_ariane_regfile_mem_reg[1093],DFFR_X1,5
issue_stage_i_i_issue_read_operands_i_ariane_regfile_mem_reg[1094],DFFR_X1,5
issue_stage_i_i_issue_read_operands_i_ariane_regfile_mem_reg[1095],DFFR_X1,5
issue_stage_i_i_issue_read_operands_i_ariane_regfile_mem_reg[1096],DFFR_X1,5
issue_stage_i_i_issue_read_operands_i_ariane_regfile_mem_reg[1097],DFFR_X1,5
issue_stage_i_i_issue_read_operands_i_ariane_regfile_mem_reg[1098],DFFR_X1,5
issue_stage_i_i_issue_read_operands_i_ariane_regfile_mem_reg[1099],DFFR_X1,5
issue_stage_i_i_issue_read_operands_i_ariane_regfile_mem_reg[1100],DFFR_X1,5
issue_stage_i_i_issue_read_operands_i_ariane_regfile_mem_reg[1101],DFFR_X1,5
issue_stage_i_i_issue_read_operands_i_ariane_regfile_mem_reg[1102],DFFR_X1,5
issue_stage_i_i_issue_read_operands_i_ariane_regfile_mem_reg[1103],DFFR_X1,5
issue_stage_i_i_issue_read_operands_i_ariane_regfile_mem_reg[1104],DFFR_X1,5
issue_stage_i_i_issue_read_operands_i_ariane_regfile_mem_reg[1105],DFFR_X1,5
issue_stage_i_i_issue_read_operands_i_ariane_regfile_mem_reg[1106],DFFR_X1,5
issue_stage_i_i_issue_read_operands_i_ariane_regfile_mem_reg[1107],DFFR_X1,5
issue_stage_i_i_issue_read_operands_i_ariane_regfile_mem_reg[1108],DFFR_X1,5
issue_stage_i_i_issue_read_operands_i_ariane_regfile_mem_reg[1109],DFFR_X1,5
issue_stage_i_i_issue_read_operands_i_ariane_regfile_mem_reg[1110],DFFR_X1,5
issue_stage_i_i_issue_read_operands_i_ariane_regfile_mem_reg[1111],DFFR_X1,5
issue_stage_i_i_issue_read_operands_i_ariane_regfile_mem_reg[1112],DFFR_X1,5
issue_stage_i_i_issue_read_operands_i_ariane_regfile_mem_reg[1113],DFFR_X1,5
issue_stage_i_i_issue_read_operands_i_ariane_regfile_mem_reg[1114],DFFR_X1,5
issue_stage_i_i_issue_read_operands_i_ariane_regfile_mem_reg[1115],DFFR_X1,5
issue_stage_i_i_issue_read_operands_i_ariane_regfile_mem_reg[1116],DFFR_X1,5
issue_stage_i_i_issue_read_operands_i_ariane_regfile_mem_reg[1117],DFFR_X1,5
issue_stage_i_i_issue_read_operands_i_ariane_regfile_mem_reg[1118],DFFR_X1,5
issue_stage_i_i_issue_read_operands_i_ariane_regfile_mem_reg[1119],DFFR_X1,5
issue_stage_i_i_issue_read_operands_i_ariane_regfile_mem_reg[1120],DFFR_X1,5
issue_stage_i_i_issue_read_operands_i_ariane_regfile_mem_reg[1121],DFFR_X1,5
issue_stage_i_i_issue_read_operands_i_ariane_regfile_mem_reg[1122],DFFR_X1,5
issue_stage_i_i_issue_read_operands_i_ariane_regfile_mem_reg[1123],DFFR_X1,5
issue_stage_i_i_issue_read_operands_i_ariane_regfile_mem_reg[1124],DFFR_X1,5
issue_stage_i_i_issue_read_operands_i_ariane_regfile_mem_reg[1125],DFFR_X1,5
issue_stage_i_i_issue_read_operands_i_ariane_regfile_mem_reg[1126],DFFR_X1,5
issue_stage_i_i_issue_read_operands_i_ariane_regfile_mem_reg[1127],DFFR_X1,5
issue_stage_i_i_issue_read_operands_i_ariane_regfile_mem_reg[1128],DFFR_X1,5
issue_stage_i_i_issue_read_operands_i_ariane_regfile_mem_reg[1129],DFFR_X1,5
issue_stage_i_i_issue_read_operands_i_ariane_regfile_mem_reg[1130],DFFR_X1,5
issue_stage_i_i_issue_read_operands_i_ariane_regfile_mem_reg[1131],DFFR_X1,5
issue_stage_i_i_issue_read_operands_i_ariane_regfile_mem_reg[1132],DFFR_X1,5
issue_stage_i_i_issue_read_operands_i_ariane_regfile_mem_reg[1133],DFFR_X1,5
issue_stage_i_i_issue_read_operands_i_ariane_regfile_mem_reg[1134],DFFR_X1,5
issue_stage_i_i_issue_read_operands_i_ariane_regfile_mem_reg[1135],DFFR_X1,5
issue_stage_i_i_issue_read_operands_i_ariane_regfile_mem_reg[1136],DFFR_X1,5
issue_stage_i_i_issue_read_operands_i_ariane_regfile_mem_reg[1137],DFFR_X1,5
issue_stage_i_i_issue_read_operands_i_ariane_regfile_mem_reg[1138],DFFR_X1,5
issue_stage_i_i_issue_read_operands_i_ariane_regfile_mem_reg[1139],DFFR_X1,5
issue_stage_i_i_issue_read_operands_i_ariane_regfile_mem_reg[1140],DFFR_X1,5
issue_stage_i_i_issue_read_operands_i_ariane_regfile_mem_reg[1141],DFFR_X1,5
issue_stage_i_i_issue_read_operands_i_ariane_regfile_mem_reg[1142],DFFR_X1,5
issue_stage_i_i_issue_read_operands_i_ariane_regfile_mem_reg[1143],DFFR_X1,5
issue_stage_i_i_issue_read_operands_i_ariane_regfile_mem_reg[1144],DFFR_X1,5
issue_stage_i_i_issue_read_operands_i_ariane_regfile_mem_reg[1145],DFFR_X1,5
issue_stage_i_i_issue_read_operands_i_ariane_regfile_mem_reg[1146],DFFR_X1,5
issue_stage_i_i_issue_read_operands_i_ariane_regfile_mem_reg[1147],DFFR_X1,5
issue_stage_i_i_issue_read_operands_i_ariane_regfile_mem_reg[1148],DFFR_X1,5
issue_stage_i_i_issue_read_operands_i_ariane_regfile_mem_reg[1149],DFFR_X1,5
issue_stage_i_i_issue_read_operands_i_ariane_regfile_mem_reg[1150],DFFR_X1,5
issue_stage_i_i_issue_read_operands_i_ariane_regfile_mem_reg[1151],DFFR_X1,5
issue_stage_i_i_issue_read_operands_i_ariane_regfile_mem_reg[1152],DFFR_X1,5
issue_stage_i_i_issue_read_operands_i_ariane_regfile_mem_reg[1153],DFFR_X1,5
issue_stage_i_i_issue_read_operands_i_ariane_regfile_mem_reg[1154],DFFR_X1,5
issue_stage_i_i_issue_read_operands_i_ariane_regfile_mem_reg[1155],DFFR_X1,5
issue_stage_i_i_issue_read_operands_i_ariane_regfile_mem_reg[1156],DFFR_X1,5
issue_stage_i_i_issue_read_operands_i_ariane_regfile_mem_reg[1157],DFFR_X1,5
issue_stage_i_i_issue_read_operands_i_ariane_regfile_mem_reg[1158],DFFR_X1,5
issue_stage_i_i_issue_read_operands_i_ariane_regfile_mem_reg[1159],DFFR_X1,5
issue_stage_i_i_issue_read_operands_i_ariane_regfile_mem_reg[1160],DFFR_X1,5
issue_stage_i_i_issue_read_operands_i_ariane_regfile_mem_reg[1161],DFFR_X1,5
issue_stage_i_i_issue_read_operands_i_ariane_regfile_mem_reg[1162],DFFR_X1,5
issue_stage_i_i_issue_read_operands_i_ariane_regfile_mem_reg[1163],DFFR_X1,5
issue_stage_i_i_issue_read_operands_i_ariane_regfile_mem_reg[1164],DFFR_X1,5
issue_stage_i_i_issue_read_operands_i_ariane_regfile_mem_reg[1165],DFFR_X1,5
issue_stage_i_i_issue_read_operands_i_ariane_regfile_mem_reg[1166],DFFR_X1,5
issue_stage_i_i_issue_read_operands_i_ariane_regfile_mem_reg[1167],DFFR_X1,5
issue_stage_i_i_issue_read_operands_i_ariane_regfile_mem_reg[1168],DFFR_X1,5
issue_stage_i_i_issue_read_operands_i_ariane_regfile_mem_reg[1169],DFFR_X1,5
issue_stage_i_i_issue_read_operands_i_ariane_regfile_mem_reg[1170],DFFR_X1,5
issue_stage_i_i_issue_read_operands_i_ariane_regfile_mem_reg[1171],DFFR_X1,5
issue_stage_i_i_issue_read_operands_i_ariane_regfile_mem_reg[1172],DFFR_X1,5
issue_stage_i_i_issue_read_operands_i_ariane_regfile_mem_reg[1173],DFFR_X1,5
issue_stage_i_i_issue_read_operands_i_ariane_regfile_mem_reg[1174],DFFR_X1,5
issue_stage_i_i_issue_read_operands_i_ariane_regfile_mem_reg[1175],DFFR_X1,5
issue_stage_i_i_issue_read_operands_i_ariane_regfile_mem_reg[1176],DFFR_X1,5
issue_stage_i_i_issue_read_operands_i_ariane_regfile_mem_reg[1177],DFFR_X1,5
issue_stage_i_i_issue_read_operands_i_ariane_regfile_mem_reg[1178],DFFR_X1,5
issue_stage_i_i_issue_read_operands_i_ariane_regfile_mem_reg[1179],DFFR_X1,5
issue_stage_i_i_issue_read_operands_i_ariane_regfile_mem_reg[1180],DFFR_X1,5
issue_stage_i_i_issue_read_operands_i_ariane_regfile_mem_reg[1181],DFFR_X1,5
issue_stage_i_i_issue_read_operands_i_ariane_regfile_mem_reg[1182],DFFR_X1,5
issue_stage_i_i_issue_read_operands_i_ariane_regfile_mem_reg[1183],DFFR_X1,5
issue_stage_i_i_issue_read_operands_i_ariane_regfile_mem_reg[1184],DFFR_X1,5
issue_stage_i_i_issue_read_operands_i_ariane_regfile_mem_reg[1185],DFFR_X1,5
issue_stage_i_i_issue_read_operands_i_ariane_regfile_mem_reg[1186],DFFR_X1,5
issue_stage_i_i_issue_read_operands_i_ariane_regfile_mem_reg[1187],DFFR_X1,5
issue_stage_i_i_issue_read_operands_i_ariane_regfile_mem_reg[1188],DFFR_X1,5
issue_stage_i_i_issue_read_operands_i_ariane_regfile_mem_reg[1189],DFFR_X1,5
issue_stage_i_i_issue_read_operands_i_ariane_regfile_mem_reg[1190],DFFR_X1,5
issue_stage_i_i_issue_read_operands_i_ariane_regfile_mem_reg[1191],DFFR_X1,5
issue_stage_i_i_issue_read_operands_i_ariane_regfile_mem_reg[1192],DFFR_X1,5
issue_stage_i_i_issue_read_operands_i_ariane_regfile_mem_reg[1193],DFFR_X1,5
issue_stage_i_i_issue_read_operands_i_ariane_regfile_mem_reg[1194],DFFR_X1,5
issue_stage_i_i_issue_read_operands_i_ariane_regfile_mem_reg[1195],DFFR_X1,5
issue_stage_i_i_issue_read_operands_i_ariane_regfile_mem_reg[1196],DFFR_X1,5
issue_stage_i_i_issue_read_operands_i_ariane_regfile_mem_reg[1197],DFFR_X1,5
issue_stage_i_i_issue_read_operands_i_ariane_regfile_mem_reg[1198],DFFR_X1,5
issue_stage_i_i_issue_read_operands_i_ariane_regfile_mem_reg[1199],DFFR_X1,5
issue_stage_i_i_issue_read_operands_i_ariane_regfile_mem_reg[1200],DFFR_X1,5
issue_stage_i_i_issue_read_operands_i_ariane_regfile_mem_reg[1201],DFFR_X1,5
issue_stage_i_i_issue_read_operands_i_ariane_regfile_mem_reg[1202],DFFR_X1,5
issue_stage_i_i_issue_read_operands_i_ariane_regfile_mem_reg[1203],DFFR_X1,5
issue_stage_i_i_issue_read_operands_i_ariane_regfile_mem_reg[1204],DFFR_X1,5
issue_stage_i_i_issue_read_operands_i_ariane_regfile_mem_reg[1205],DFFR_X1,5
issue_stage_i_i_issue_read_operands_i_ariane_regfile_mem_reg[1206],DFFR_X1,5
issue_stage_i_i_issue_read_operands_i_ariane_regfile_mem_reg[1207],DFFR_X1,5
issue_stage_i_i_issue_read_operands_i_ariane_regfile_mem_reg[1208],DFFR_X1,5
issue_stage_i_i_issue_read_operands_i_ariane_regfile_mem_reg[1209],DFFR_X1,5
issue_stage_i_i_issue_read_operands_i_ariane_regfile_mem_reg[1210],DFFR_X1,5
issue_stage_i_i_issue_read_operands_i_ariane_regfile_mem_reg[1211],DFFR_X1,5
issue_stage_i_i_issue_read_operands_i_ariane_regfile_mem_reg[1212],DFFR_X1,5
issue_stage_i_i_issue_read_operands_i_ariane_regfile_mem_reg[1213],DFFR_X1,5
issue_stage_i_i_issue_read_operands_i_ariane_regfile_mem_reg[1214],DFFR_X1,5
issue_stage_i_i_issue_read_operands_i_ariane_regfile_mem_reg[1215],DFFR_X1,5
issue_stage_i_i_issue_read_operands_i_ariane_regfile_mem_reg[1216],DFFR_X1,5
issue_stage_i_i_issue_read_operands_i_ariane_regfile_mem_reg[1217],DFFR_X1,5
issue_stage_i_i_issue_read_operands_i_ariane_regfile_mem_reg[1218],DFFR_X1,5
issue_stage_i_i_issue_read_operands_i_ariane_regfile_mem_reg[1219],DFFR_X1,5
issue_stage_i_i_issue_read_operands_i_ariane_regfile_mem_reg[1220],DFFR_X1,5
issue_stage_i_i_issue_read_operands_i_ariane_regfile_mem_reg[1221],DFFR_X1,5
issue_stage_i_i_issue_read_operands_i_ariane_regfile_mem_reg[1222],DFFR_X1,5
issue_stage_i_i_issue_read_operands_i_ariane_regfile_mem_reg[1223],DFFR_X1,5
issue_stage_i_i_issue_read_operands_i_ariane_regfile_mem_reg[1224],DFFR_X1,5
issue_stage_i_i_issue_read_operands_i_ariane_regfile_mem_reg[1225],DFFR_X1,5
issue_stage_i_i_issue_read_operands_i_ariane_regfile_mem_reg[1226],DFFR_X1,5
issue_stage_i_i_issue_read_operands_i_ariane_regfile_mem_reg[1227],DFFR_X1,5
issue_stage_i_i_issue_read_operands_i_ariane_regfile_mem_reg[1228],DFFR_X1,5
issue_stage_i_i_issue_read_operands_i_ariane_regfile_mem_reg[1229],DFFR_X1,5
issue_stage_i_i_issue_read_operands_i_ariane_regfile_mem_reg[1230],DFFR_X1,5
issue_stage_i_i_issue_read_operands_i_ariane_regfile_mem_reg[1231],DFFR_X1,5
issue_stage_i_i_issue_read_operands_i_ariane_regfile_mem_reg[1232],DFFR_X1,5
issue_stage_i_i_issue_read_operands_i_ariane_regfile_mem_reg[1233],DFFR_X1,5
issue_stage_i_i_issue_read_operands_i_ariane_regfile_mem_reg[1234],DFFR_X1,5
issue_stage_i_i_issue_read_operands_i_ariane_regfile_mem_reg[1235],DFFR_X1,5
issue_stage_i_i_issue_read_operands_i_ariane_regfile_mem_reg[1236],DFFR_X1,5
issue_stage_i_i_issue_read_operands_i_ariane_regfile_mem_reg[1237],DFFR_X1,5
issue_stage_i_i_issue_read_operands_i_ariane_regfile_mem_reg[1238],DFFR_X1,5
issue_stage_i_i_issue_read_operands_i_ariane_regfile_mem_reg[1239],DFFR_X1,5
issue_stage_i_i_issue_read_operands_i_ariane_regfile_mem_reg[1240],DFFR_X1,5
issue_stage_i_i_issue_read_operands_i_ariane_regfile_mem_reg[1241],DFFR_X1,5
issue_stage_i_i_issue_read_operands_i_ariane_regfile_mem_reg[1242],DFFR_X1,5
issue_stage_i_i_issue_read_operands_i_ariane_regfile_mem_reg[1243],DFFR_X1,5
issue_stage_i_i_issue_read_operands_i_ariane_regfile_mem_reg[1244],DFFR_X1,5
issue_stage_i_i_issue_read_operands_i_ariane_regfile_mem_reg[1245],DFFR_X1,5
issue_stage_i_i_issue_read_operands_i_ariane_regfile_mem_reg[1246],DFFR_X1,5
issue_stage_i_i_issue_read_operands_i_ariane_regfile_mem_reg[1247],DFFR_X1,5
issue_stage_i_i_issue_read_operands_i_ariane_regfile_mem_reg[1248],DFFR_X1,5
issue_stage_i_i_issue_read_operands_i_ariane_regfile_mem_reg[1249],DFFR_X1,5
issue_stage_i_i_issue_read_operands_i_ariane_regfile_mem_reg[1250],DFFR_X1,5
issue_stage_i_i_issue_read_operands_i_ariane_regfile_mem_reg[1251],DFFR_X1,5
issue_stage_i_i_issue_read_operands_i_ariane_regfile_mem_reg[1252],DFFR_X1,5
issue_stage_i_i_issue_read_operands_i_ariane_regfile_mem_reg[1253],DFFR_X1,5
issue_stage_i_i_issue_read_operands_i_ariane_regfile_mem_reg[1254],DFFR_X1,5
issue_stage_i_i_issue_read_operands_i_ariane_regfile_mem_reg[1255],DFFR_X1,5
issue_stage_i_i_issue_read_operands_i_ariane_regfile_mem_reg[1256],DFFR_X1,5
issue_stage_i_i_issue_read_operands_i_ariane_regfile_mem_reg[1257],DFFR_X1,5
issue_stage_i_i_issue_read_operands_i_ariane_regfile_mem_reg[1258],DFFR_X1,5
issue_stage_i_i_issue_read_operands_i_ariane_regfile_mem_reg[1259],DFFR_X1,5
issue_stage_i_i_issue_read_operands_i_ariane_regfile_mem_reg[1260],DFFR_X1,5
issue_stage_i_i_issue_read_operands_i_ariane_regfile_mem_reg[1261],DFFR_X1,5
issue_stage_i_i_issue_read_operands_i_ariane_regfile_mem_reg[1262],DFFR_X1,5
issue_stage_i_i_issue_read_operands_i_ariane_regfile_mem_reg[1263],DFFR_X1,5
issue_stage_i_i_issue_read_operands_i_ariane_regfile_mem_reg[1264],DFFR_X1,5
issue_stage_i_i_issue_read_operands_i_ariane_regfile_mem_reg[1265],DFFR_X1,5
issue_stage_i_i_issue_read_operands_i_ariane_regfile_mem_reg[1266],DFFR_X1,5
issue_stage_i_i_issue_read_operands_i_ariane_regfile_mem_reg[1267],DFFR_X1,5
issue_stage_i_i_issue_read_operands_i_ariane_regfile_mem_reg[1268],DFFR_X1,5
issue_stage_i_i_issue_read_operands_i_ariane_regfile_mem_reg[1269],DFFR_X1,5
issue_stage_i_i_issue_read_operands_i_ariane_regfile_mem_reg[1270],DFFR_X1,5
issue_stage_i_i_issue_read_operands_i_ariane_regfile_mem_reg[1271],DFFR_X1,5
issue_stage_i_i_issue_read_operands_i_ariane_regfile_mem_reg[1272],DFFR_X1,5
issue_stage_i_i_issue_read_operands_i_ariane_regfile_mem_reg[1273],DFFR_X1,5
issue_stage_i_i_issue_read_operands_i_ariane_regfile_mem_reg[1274],DFFR_X1,5
issue_stage_i_i_issue_read_operands_i_ariane_regfile_mem_reg[1275],DFFR_X1,5
issue_stage_i_i_issue_read_operands_i_ariane_regfile_mem_reg[1276],DFFR_X1,5
issue_stage_i_i_issue_read_operands_i_ariane_regfile_mem_reg[1277],DFFR_X1,5
issue_stage_i_i_issue_read_operands_i_ariane_regfile_mem_reg[1278],DFFR_X1,5
issue_stage_i_i_issue_read_operands_i_ariane_regfile_mem_reg[1279],DFFR_X1,5
issue_stage_i_i_issue_read_operands_i_ariane_regfile_mem_reg[1280],DFFR_X1,5
issue_stage_i_i_issue_read_operands_i_ariane_regfile_mem_reg[1281],DFFR_X1,5
issue_stage_i_i_issue_read_operands_i_ariane_regfile_mem_reg[1282],DFFR_X1,5
issue_stage_i_i_issue_read_operands_i_ariane_regfile_mem_reg[1283],DFFR_X1,5
issue_stage_i_i_issue_read_operands_i_ariane_regfile_mem_reg[1284],DFFR_X1,5
issue_stage_i_i_issue_read_operands_i_ariane_regfile_mem_reg[1285],DFFR_X1,5
issue_stage_i_i_issue_read_operands_i_ariane_regfile_mem_reg[1286],DFFR_X1,5
issue_stage_i_i_issue_read_operands_i_ariane_regfile_mem_reg[1287],DFFR_X1,5
issue_stage_i_i_issue_read_operands_i_ariane_regfile_mem_reg[1288],DFFR_X1,5
issue_stage_i_i_issue_read_operands_i_ariane_regfile_mem_reg[1289],DFFR_X1,5
issue_stage_i_i_issue_read_operands_i_ariane_regfile_mem_reg[1290],DFFR_X1,5
issue_stage_i_i_issue_read_operands_i_ariane_regfile_mem_reg[1291],DFFR_X1,5
issue_stage_i_i_issue_read_operands_i_ariane_regfile_mem_reg[1292],DFFR_X1,5
issue_stage_i_i_issue_read_operands_i_ariane_regfile_mem_reg[1293],DFFR_X1,5
issue_stage_i_i_issue_read_operands_i_ariane_regfile_mem_reg[1294],DFFR_X1,5
issue_stage_i_i_issue_read_operands_i_ariane_regfile_mem_reg[1295],DFFR_X1,5
issue_stage_i_i_issue_read_operands_i_ariane_regfile_mem_reg[1296],DFFR_X1,5
issue_stage_i_i_issue_read_operands_i_ariane_regfile_mem_reg[1297],DFFR_X1,5
issue_stage_i_i_issue_read_operands_i_ariane_regfile_mem_reg[1298],DFFR_X1,5
issue_stage_i_i_issue_read_operands_i_ariane_regfile_mem_reg[1299],DFFR_X1,5
issue_stage_i_i_issue_read_operands_i_ariane_regfile_mem_reg[1300],DFFR_X1,5
issue_stage_i_i_issue_read_operands_i_ariane_regfile_mem_reg[1301],DFFR_X1,5
issue_stage_i_i_issue_read_operands_i_ariane_regfile_mem_reg[1302],DFFR_X1,5
issue_stage_i_i_issue_read_operands_i_ariane_regfile_mem_reg[1303],DFFR_X1,5
issue_stage_i_i_issue_read_operands_i_ariane_regfile_mem_reg[1304],DFFR_X1,5
issue_stage_i_i_issue_read_operands_i_ariane_regfile_mem_reg[1305],DFFR_X1,5
issue_stage_i_i_issue_read_operands_i_ariane_regfile_mem_reg[1306],DFFR_X1,5
issue_stage_i_i_issue_read_operands_i_ariane_regfile_mem_reg[1307],DFFR_X1,5
issue_stage_i_i_issue_read_operands_i_ariane_regfile_mem_reg[1308],DFFR_X1,5
issue_stage_i_i_issue_read_operands_i_ariane_regfile_mem_reg[1309],DFFR_X1,5
issue_stage_i_i_issue_read_operands_i_ariane_regfile_mem_reg[1310],DFFR_X1,5
issue_stage_i_i_issue_read_operands_i_ariane_regfile_mem_reg[1311],DFFR_X1,5
issue_stage_i_i_issue_read_operands_i_ariane_regfile_mem_reg[1312],DFFR_X1,5
issue_stage_i_i_issue_read_operands_i_ariane_regfile_mem_reg[1313],DFFR_X1,5
issue_stage_i_i_issue_read_operands_i_ariane_regfile_mem_reg[1314],DFFR_X1,5
issue_stage_i_i_issue_read_operands_i_ariane_regfile_mem_reg[1315],DFFR_X1,5
issue_stage_i_i_issue_read_operands_i_ariane_regfile_mem_reg[1316],DFFR_X1,5
issue_stage_i_i_issue_read_operands_i_ariane_regfile_mem_reg[1317],DFFR_X1,5
issue_stage_i_i_issue_read_operands_i_ariane_regfile_mem_reg[1318],DFFR_X1,5
issue_stage_i_i_issue_read_operands_i_ariane_regfile_mem_reg[1319],DFFR_X1,5
issue_stage_i_i_issue_read_operands_i_ariane_regfile_mem_reg[1320],DFFR_X1,5
issue_stage_i_i_issue_read_operands_i_ariane_regfile_mem_reg[1321],DFFR_X1,5
issue_stage_i_i_issue_read_operands_i_ariane_regfile_mem_reg[1322],DFFR_X1,5
issue_stage_i_i_issue_read_operands_i_ariane_regfile_mem_reg[1323],DFFR_X1,5
issue_stage_i_i_issue_read_operands_i_ariane_regfile_mem_reg[1324],DFFR_X1,5
issue_stage_i_i_issue_read_operands_i_ariane_regfile_mem_reg[1325],DFFR_X1,5
issue_stage_i_i_issue_read_operands_i_ariane_regfile_mem_reg[1326],DFFR_X1,5
issue_stage_i_i_issue_read_operands_i_ariane_regfile_mem_reg[1327],DFFR_X1,5
issue_stage_i_i_issue_read_operands_i_ariane_regfile_mem_reg[1328],DFFR_X1,5
issue_stage_i_i_issue_read_operands_i_ariane_regfile_mem_reg[1329],DFFR_X1,5
issue_stage_i_i_issue_read_operands_i_ariane_regfile_mem_reg[1330],DFFR_X1,5
issue_stage_i_i_issue_read_operands_i_ariane_regfile_mem_reg[1331],DFFR_X1,5
issue_stage_i_i_issue_read_operands_i_ariane_regfile_mem_reg[1332],DFFR_X1,5
issue_stage_i_i_issue_read_operands_i_ariane_regfile_mem_reg[1333],DFFR_X1,5
issue_stage_i_i_issue_read_operands_i_ariane_regfile_mem_reg[1334],DFFR_X1,5
issue_stage_i_i_issue_read_operands_i_ariane_regfile_mem_reg[1335],DFFR_X1,5
issue_stage_i_i_issue_read_operands_i_ariane_regfile_mem_reg[1336],DFFR_X1,5
issue_stage_i_i_issue_read_operands_i_ariane_regfile_mem_reg[1337],DFFR_X1,5
issue_stage_i_i_issue_read_operands_i_ariane_regfile_mem_reg[1338],DFFR_X1,5
issue_stage_i_i_issue_read_operands_i_ariane_regfile_mem_reg[1339],DFFR_X1,5
issue_stage_i_i_issue_read_operands_i_ariane_regfile_mem_reg[1340],DFFR_X1,5
issue_stage_i_i_issue_read_operands_i_ariane_regfile_mem_reg[1341],DFFR_X1,5
issue_stage_i_i_issue_read_operands_i_ariane_regfile_mem_reg[1342],DFFR_X1,5
issue_stage_i_i_issue_read_operands_i_ariane_regfile_mem_reg[1343],DFFR_X1,5
issue_stage_i_i_issue_read_operands_i_ariane_regfile_mem_reg[1344],DFFR_X1,5
issue_stage_i_i_issue_read_operands_i_ariane_regfile_mem_reg[1345],DFFR_X1,5
issue_stage_i_i_issue_read_operands_i_ariane_regfile_mem_reg[1346],DFFR_X1,5
issue_stage_i_i_issue_read_operands_i_ariane_regfile_mem_reg[1347],DFFR_X1,5
issue_stage_i_i_issue_read_operands_i_ariane_regfile_mem_reg[1348],DFFR_X1,5
issue_stage_i_i_issue_read_operands_i_ariane_regfile_mem_reg[1349],DFFR_X1,5
issue_stage_i_i_issue_read_operands_i_ariane_regfile_mem_reg[1350],DFFR_X1,5
issue_stage_i_i_issue_read_operands_i_ariane_regfile_mem_reg[1351],DFFR_X1,5
issue_stage_i_i_issue_read_operands_i_ariane_regfile_mem_reg[1352],DFFR_X1,5
issue_stage_i_i_issue_read_operands_i_ariane_regfile_mem_reg[1353],DFFR_X1,5
issue_stage_i_i_issue_read_operands_i_ariane_regfile_mem_reg[1354],DFFR_X1,5
issue_stage_i_i_issue_read_operands_i_ariane_regfile_mem_reg[1355],DFFR_X1,5
issue_stage_i_i_issue_read_operands_i_ariane_regfile_mem_reg[1356],DFFR_X1,5
issue_stage_i_i_issue_read_operands_i_ariane_regfile_mem_reg[1357],DFFR_X1,5
issue_stage_i_i_issue_read_operands_i_ariane_regfile_mem_reg[1358],DFFR_X1,5
issue_stage_i_i_issue_read_operands_i_ariane_regfile_mem_reg[1359],DFFR_X1,5
issue_stage_i_i_issue_read_operands_i_ariane_regfile_mem_reg[1360],DFFR_X1,5
issue_stage_i_i_issue_read_operands_i_ariane_regfile_mem_reg[1361],DFFR_X1,5
issue_stage_i_i_issue_read_operands_i_ariane_regfile_mem_reg[1362],DFFR_X1,5
issue_stage_i_i_issue_read_operands_i_ariane_regfile_mem_reg[1363],DFFR_X1,5
issue_stage_i_i_issue_read_operands_i_ariane_regfile_mem_reg[1364],DFFR_X1,5
issue_stage_i_i_issue_read_operands_i_ariane_regfile_mem_reg[1365],DFFR_X1,5
issue_stage_i_i_issue_read_operands_i_ariane_regfile_mem_reg[1366],DFFR_X1,5
issue_stage_i_i_issue_read_operands_i_ariane_regfile_mem_reg[1367],DFFR_X1,5
issue_stage_i_i_issue_read_operands_i_ariane_regfile_mem_reg[1368],DFFR_X1,5
issue_stage_i_i_issue_read_operands_i_ariane_regfile_mem_reg[1369],DFFR_X1,5
issue_stage_i_i_issue_read_operands_i_ariane_regfile_mem_reg[1370],DFFR_X1,5
issue_stage_i_i_issue_read_operands_i_ariane_regfile_mem_reg[1371],DFFR_X1,5
issue_stage_i_i_issue_read_operands_i_ariane_regfile_mem_reg[1372],DFFR_X1,5
issue_stage_i_i_issue_read_operands_i_ariane_regfile_mem_reg[1373],DFFR_X1,5
issue_stage_i_i_issue_read_operands_i_ariane_regfile_mem_reg[1374],DFFR_X1,5
issue_stage_i_i_issue_read_operands_i_ariane_regfile_mem_reg[1375],DFFR_X1,5
issue_stage_i_i_issue_read_operands_i_ariane_regfile_mem_reg[1376],DFFR_X1,5
issue_stage_i_i_issue_read_operands_i_ariane_regfile_mem_reg[1377],DFFR_X1,5
issue_stage_i_i_issue_read_operands_i_ariane_regfile_mem_reg[1378],DFFR_X1,5
issue_stage_i_i_issue_read_operands_i_ariane_regfile_mem_reg[1379],DFFR_X1,5
issue_stage_i_i_issue_read_operands_i_ariane_regfile_mem_reg[1380],DFFR_X1,5
issue_stage_i_i_issue_read_operands_i_ariane_regfile_mem_reg[1381],DFFR_X1,5
issue_stage_i_i_issue_read_operands_i_ariane_regfile_mem_reg[1382],DFFR_X1,5
issue_stage_i_i_issue_read_operands_i_ariane_regfile_mem_reg[1383],DFFR_X1,5
issue_stage_i_i_issue_read_operands_i_ariane_regfile_mem_reg[1384],DFFR_X1,5
issue_stage_i_i_issue_read_operands_i_ariane_regfile_mem_reg[1385],DFFR_X1,5
issue_stage_i_i_issue_read_operands_i_ariane_regfile_mem_reg[1386],DFFR_X1,5
issue_stage_i_i_issue_read_operands_i_ariane_regfile_mem_reg[1387],DFFR_X1,5
issue_stage_i_i_issue_read_operands_i_ariane_regfile_mem_reg[1388],DFFR_X1,5
issue_stage_i_i_issue_read_operands_i_ariane_regfile_mem_reg[1389],DFFR_X1,5
issue_stage_i_i_issue_read_operands_i_ariane_regfile_mem_reg[1390],DFFR_X1,5
issue_stage_i_i_issue_read_operands_i_ariane_regfile_mem_reg[1391],DFFR_X1,5
issue_stage_i_i_issue_read_operands_i_ariane_regfile_mem_reg[1392],DFFR_X1,5
issue_stage_i_i_issue_read_operands_i_ariane_regfile_mem_reg[1393],DFFR_X1,5
issue_stage_i_i_issue_read_operands_i_ariane_regfile_mem_reg[1394],DFFR_X1,5
issue_stage_i_i_issue_read_operands_i_ariane_regfile_mem_reg[1395],DFFR_X1,5
issue_stage_i_i_issue_read_operands_i_ariane_regfile_mem_reg[1396],DFFR_X1,5
issue_stage_i_i_issue_read_operands_i_ariane_regfile_mem_reg[1397],DFFR_X1,5
issue_stage_i_i_issue_read_operands_i_ariane_regfile_mem_reg[1398],DFFR_X1,5
issue_stage_i_i_issue_read_operands_i_ariane_regfile_mem_reg[1399],DFFR_X1,5
issue_stage_i_i_issue_read_operands_i_ariane_regfile_mem_reg[1400],DFFR_X1,5
issue_stage_i_i_issue_read_operands_i_ariane_regfile_mem_reg[1401],DFFR_X1,5
issue_stage_i_i_issue_read_operands_i_ariane_regfile_mem_reg[1402],DFFR_X1,5
issue_stage_i_i_issue_read_operands_i_ariane_regfile_mem_reg[1403],DFFR_X1,5
issue_stage_i_i_issue_read_operands_i_ariane_regfile_mem_reg[1404],DFFR_X1,5
issue_stage_i_i_issue_read_operands_i_ariane_regfile_mem_reg[1405],DFFR_X1,5
issue_stage_i_i_issue_read_operands_i_ariane_regfile_mem_reg[1406],DFFR_X1,5
issue_stage_i_i_issue_read_operands_i_ariane_regfile_mem_reg[1407],DFFR_X1,5
issue_stage_i_i_issue_read_operands_i_ariane_regfile_mem_reg[1408],DFFR_X1,5
issue_stage_i_i_issue_read_operands_i_ariane_regfile_mem_reg[1409],DFFR_X1,5
issue_stage_i_i_issue_read_operands_i_ariane_regfile_mem_reg[1410],DFFR_X1,5
issue_stage_i_i_issue_read_operands_i_ariane_regfile_mem_reg[1411],DFFR_X1,5
issue_stage_i_i_issue_read_operands_i_ariane_regfile_mem_reg[1412],DFFR_X1,5
issue_stage_i_i_issue_read_operands_i_ariane_regfile_mem_reg[1413],DFFR_X1,5
issue_stage_i_i_issue_read_operands_i_ariane_regfile_mem_reg[1414],DFFR_X1,5
issue_stage_i_i_issue_read_operands_i_ariane_regfile_mem_reg[1415],DFFR_X1,5
issue_stage_i_i_issue_read_operands_i_ariane_regfile_mem_reg[1416],DFFR_X1,5
issue_stage_i_i_issue_read_operands_i_ariane_regfile_mem_reg[1417],DFFR_X1,5
issue_stage_i_i_issue_read_operands_i_ariane_regfile_mem_reg[1418],DFFR_X1,5
issue_stage_i_i_issue_read_operands_i_ariane_regfile_mem_reg[1419],DFFR_X1,5
issue_stage_i_i_issue_read_operands_i_ariane_regfile_mem_reg[1420],DFFR_X1,5
issue_stage_i_i_issue_read_operands_i_ariane_regfile_mem_reg[1421],DFFR_X1,5
issue_stage_i_i_issue_read_operands_i_ariane_regfile_mem_reg[1422],DFFR_X1,5
issue_stage_i_i_issue_read_operands_i_ariane_regfile_mem_reg[1423],DFFR_X1,5
issue_stage_i_i_issue_read_operands_i_ariane_regfile_mem_reg[1424],DFFR_X1,5
issue_stage_i_i_issue_read_operands_i_ariane_regfile_mem_reg[1425],DFFR_X1,5
issue_stage_i_i_issue_read_operands_i_ariane_regfile_mem_reg[1426],DFFR_X1,5
issue_stage_i_i_issue_read_operands_i_ariane_regfile_mem_reg[1427],DFFR_X1,5
issue_stage_i_i_issue_read_operands_i_ariane_regfile_mem_reg[1428],DFFR_X1,5
issue_stage_i_i_issue_read_operands_i_ariane_regfile_mem_reg[1429],DFFR_X1,5
issue_stage_i_i_issue_read_operands_i_ariane_regfile_mem_reg[1430],DFFR_X1,5
issue_stage_i_i_issue_read_operands_i_ariane_regfile_mem_reg[1431],DFFR_X1,5
issue_stage_i_i_issue_read_operands_i_ariane_regfile_mem_reg[1432],DFFR_X1,5
issue_stage_i_i_issue_read_operands_i_ariane_regfile_mem_reg[1433],DFFR_X1,5
issue_stage_i_i_issue_read_operands_i_ariane_regfile_mem_reg[1434],DFFR_X1,5
issue_stage_i_i_issue_read_operands_i_ariane_regfile_mem_reg[1435],DFFR_X1,5
issue_stage_i_i_issue_read_operands_i_ariane_regfile_mem_reg[1436],DFFR_X1,5
issue_stage_i_i_issue_read_operands_i_ariane_regfile_mem_reg[1437],DFFR_X1,5
issue_stage_i_i_issue_read_operands_i_ariane_regfile_mem_reg[1438],DFFR_X1,5
issue_stage_i_i_issue_read_operands_i_ariane_regfile_mem_reg[1439],DFFR_X1,5
issue_stage_i_i_issue_read_operands_i_ariane_regfile_mem_reg[1440],DFFR_X1,5
issue_stage_i_i_issue_read_operands_i_ariane_regfile_mem_reg[1441],DFFR_X1,5
issue_stage_i_i_issue_read_operands_i_ariane_regfile_mem_reg[1442],DFFR_X1,5
issue_stage_i_i_issue_read_operands_i_ariane_regfile_mem_reg[1443],DFFR_X1,5
issue_stage_i_i_issue_read_operands_i_ariane_regfile_mem_reg[1444],DFFR_X1,5
issue_stage_i_i_issue_read_operands_i_ariane_regfile_mem_reg[1445],DFFR_X1,5
issue_stage_i_i_issue_read_operands_i_ariane_regfile_mem_reg[1446],DFFR_X1,5
issue_stage_i_i_issue_read_operands_i_ariane_regfile_mem_reg[1447],DFFR_X1,5
issue_stage_i_i_issue_read_operands_i_ariane_regfile_mem_reg[1448],DFFR_X1,5
issue_stage_i_i_issue_read_operands_i_ariane_regfile_mem_reg[1449],DFFR_X1,5
issue_stage_i_i_issue_read_operands_i_ariane_regfile_mem_reg[1450],DFFR_X1,5
issue_stage_i_i_issue_read_operands_i_ariane_regfile_mem_reg[1451],DFFR_X1,5
issue_stage_i_i_issue_read_operands_i_ariane_regfile_mem_reg[1452],DFFR_X1,5
issue_stage_i_i_issue_read_operands_i_ariane_regfile_mem_reg[1453],DFFR_X1,5
issue_stage_i_i_issue_read_operands_i_ariane_regfile_mem_reg[1454],DFFR_X1,5
issue_stage_i_i_issue_read_operands_i_ariane_regfile_mem_reg[1455],DFFR_X1,5
issue_stage_i_i_issue_read_operands_i_ariane_regfile_mem_reg[1456],DFFR_X1,5
issue_stage_i_i_issue_read_operands_i_ariane_regfile_mem_reg[1457],DFFR_X1,5
issue_stage_i_i_issue_read_operands_i_ariane_regfile_mem_reg[1458],DFFR_X1,5
issue_stage_i_i_issue_read_operands_i_ariane_regfile_mem_reg[1459],DFFR_X1,5
issue_stage_i_i_issue_read_operands_i_ariane_regfile_mem_reg[1460],DFFR_X1,5
issue_stage_i_i_issue_read_operands_i_ariane_regfile_mem_reg[1461],DFFR_X1,5
issue_stage_i_i_issue_read_operands_i_ariane_regfile_mem_reg[1462],DFFR_X1,5
issue_stage_i_i_issue_read_operands_i_ariane_regfile_mem_reg[1463],DFFR_X1,5
issue_stage_i_i_issue_read_operands_i_ariane_regfile_mem_reg[1464],DFFR_X1,5
issue_stage_i_i_issue_read_operands_i_ariane_regfile_mem_reg[1465],DFFR_X1,5
issue_stage_i_i_issue_read_operands_i_ariane_regfile_mem_reg[1466],DFFR_X1,5
issue_stage_i_i_issue_read_operands_i_ariane_regfile_mem_reg[1467],DFFR_X1,5
issue_stage_i_i_issue_read_operands_i_ariane_regfile_mem_reg[1468],DFFR_X1,5
issue_stage_i_i_issue_read_operands_i_ariane_regfile_mem_reg[1469],DFFR_X1,5
issue_stage_i_i_issue_read_operands_i_ariane_regfile_mem_reg[1470],DFFR_X1,5
issue_stage_i_i_issue_read_operands_i_ariane_regfile_mem_reg[1471],DFFR_X1,5
issue_stage_i_i_issue_read_operands_i_ariane_regfile_mem_reg[1472],DFFR_X1,5
issue_stage_i_i_issue_read_operands_i_ariane_regfile_mem_reg[1473],DFFR_X1,5
issue_stage_i_i_issue_read_operands_i_ariane_regfile_mem_reg[1474],DFFR_X1,5
issue_stage_i_i_issue_read_operands_i_ariane_regfile_mem_reg[1475],DFFR_X1,5
issue_stage_i_i_issue_read_operands_i_ariane_regfile_mem_reg[1476],DFFR_X1,5
issue_stage_i_i_issue_read_operands_i_ariane_regfile_mem_reg[1477],DFFR_X1,5
issue_stage_i_i_issue_read_operands_i_ariane_regfile_mem_reg[1478],DFFR_X1,5
issue_stage_i_i_issue_read_operands_i_ariane_regfile_mem_reg[1479],DFFR_X1,5
issue_stage_i_i_issue_read_operands_i_ariane_regfile_mem_reg[1480],DFFR_X1,5
issue_stage_i_i_issue_read_operands_i_ariane_regfile_mem_reg[1481],DFFR_X1,5
issue_stage_i_i_issue_read_operands_i_ariane_regfile_mem_reg[1482],DFFR_X1,5
issue_stage_i_i_issue_read_operands_i_ariane_regfile_mem_reg[1483],DFFR_X1,5
issue_stage_i_i_issue_read_operands_i_ariane_regfile_mem_reg[1484],DFFR_X1,5
issue_stage_i_i_issue_read_operands_i_ariane_regfile_mem_reg[1485],DFFR_X1,5
issue_stage_i_i_issue_read_operands_i_ariane_regfile_mem_reg[1486],DFFR_X1,5
issue_stage_i_i_issue_read_operands_i_ariane_regfile_mem_reg[1487],DFFR_X1,5
issue_stage_i_i_issue_read_operands_i_ariane_regfile_mem_reg[1488],DFFR_X1,5
issue_stage_i_i_issue_read_operands_i_ariane_regfile_mem_reg[1489],DFFR_X1,5
issue_stage_i_i_issue_read_operands_i_ariane_regfile_mem_reg[1490],DFFR_X1,5
issue_stage_i_i_issue_read_operands_i_ariane_regfile_mem_reg[1491],DFFR_X1,5
issue_stage_i_i_issue_read_operands_i_ariane_regfile_mem_reg[1492],DFFR_X1,5
issue_stage_i_i_issue_read_operands_i_ariane_regfile_mem_reg[1493],DFFR_X1,5
issue_stage_i_i_issue_read_operands_i_ariane_regfile_mem_reg[1494],DFFR_X1,5
issue_stage_i_i_issue_read_operands_i_ariane_regfile_mem_reg[1495],DFFR_X1,5
issue_stage_i_i_issue_read_operands_i_ariane_regfile_mem_reg[1496],DFFR_X1,5
issue_stage_i_i_issue_read_operands_i_ariane_regfile_mem_reg[1497],DFFR_X1,5
issue_stage_i_i_issue_read_operands_i_ariane_regfile_mem_reg[1498],DFFR_X1,5
issue_stage_i_i_issue_read_operands_i_ariane_regfile_mem_reg[1499],DFFR_X1,5
issue_stage_i_i_issue_read_operands_i_ariane_regfile_mem_reg[1500],DFFR_X1,5
issue_stage_i_i_issue_read_operands_i_ariane_regfile_mem_reg[1501],DFFR_X1,5
issue_stage_i_i_issue_read_operands_i_ariane_regfile_mem_reg[1502],DFFR_X1,5
issue_stage_i_i_issue_read_operands_i_ariane_regfile_mem_reg[1503],DFFR_X1,5
issue_stage_i_i_issue_read_operands_i_ariane_regfile_mem_reg[1504],DFFR_X1,5
issue_stage_i_i_issue_read_operands_i_ariane_regfile_mem_reg[1505],DFFR_X1,5
issue_stage_i_i_issue_read_operands_i_ariane_regfile_mem_reg[1506],DFFR_X1,5
issue_stage_i_i_issue_read_operands_i_ariane_regfile_mem_reg[1507],DFFR_X1,5
issue_stage_i_i_issue_read_operands_i_ariane_regfile_mem_reg[1508],DFFR_X1,5
issue_stage_i_i_issue_read_operands_i_ariane_regfile_mem_reg[1509],DFFR_X1,5
issue_stage_i_i_issue_read_operands_i_ariane_regfile_mem_reg[1510],DFFR_X1,5
issue_stage_i_i_issue_read_operands_i_ariane_regfile_mem_reg[1511],DFFR_X1,5
issue_stage_i_i_issue_read_operands_i_ariane_regfile_mem_reg[1512],DFFR_X1,5
issue_stage_i_i_issue_read_operands_i_ariane_regfile_mem_reg[1513],DFFR_X1,5
issue_stage_i_i_issue_read_operands_i_ariane_regfile_mem_reg[1514],DFFR_X1,5
issue_stage_i_i_issue_read_operands_i_ariane_regfile_mem_reg[1515],DFFR_X1,5
issue_stage_i_i_issue_read_operands_i_ariane_regfile_mem_reg[1516],DFFR_X1,5
issue_stage_i_i_issue_read_operands_i_ariane_regfile_mem_reg[1517],DFFR_X1,5
issue_stage_i_i_issue_read_operands_i_ariane_regfile_mem_reg[1518],DFFR_X1,5
issue_stage_i_i_issue_read_operands_i_ariane_regfile_mem_reg[1519],DFFR_X1,5
issue_stage_i_i_issue_read_operands_i_ariane_regfile_mem_reg[1520],DFFR_X1,5
issue_stage_i_i_issue_read_operands_i_ariane_regfile_mem_reg[1521],DFFR_X1,5
issue_stage_i_i_issue_read_operands_i_ariane_regfile_mem_reg[1522],DFFR_X1,5
issue_stage_i_i_issue_read_operands_i_ariane_regfile_mem_reg[1523],DFFR_X1,5
issue_stage_i_i_issue_read_operands_i_ariane_regfile_mem_reg[1524],DFFR_X1,5
issue_stage_i_i_issue_read_operands_i_ariane_regfile_mem_reg[1525],DFFR_X1,5
issue_stage_i_i_issue_read_operands_i_ariane_regfile_mem_reg[1526],DFFR_X1,5
issue_stage_i_i_issue_read_operands_i_ariane_regfile_mem_reg[1527],DFFR_X1,5
issue_stage_i_i_issue_read_operands_i_ariane_regfile_mem_reg[1528],DFFR_X1,5
issue_stage_i_i_issue_read_operands_i_ariane_regfile_mem_reg[1529],DFFR_X1,5
issue_stage_i_i_issue_read_operands_i_ariane_regfile_mem_reg[1530],DFFR_X1,5
issue_stage_i_i_issue_read_operands_i_ariane_regfile_mem_reg[1531],DFFR_X1,5
issue_stage_i_i_issue_read_operands_i_ariane_regfile_mem_reg[1532],DFFR_X1,5
issue_stage_i_i_issue_read_operands_i_ariane_regfile_mem_reg[1533],DFFR_X1,5
issue_stage_i_i_issue_read_operands_i_ariane_regfile_mem_reg[1534],DFFR_X1,5
issue_stage_i_i_issue_read_operands_i_ariane_regfile_mem_reg[1535],DFFR_X1,5
issue_stage_i_i_issue_read_operands_i_ariane_regfile_mem_reg[1536],DFFR_X1,5
issue_stage_i_i_issue_read_operands_i_ariane_regfile_mem_reg[1537],DFFR_X1,5
issue_stage_i_i_issue_read_operands_i_ariane_regfile_mem_reg[1538],DFFR_X1,5
issue_stage_i_i_issue_read_operands_i_ariane_regfile_mem_reg[1539],DFFR_X1,5
issue_stage_i_i_issue_read_operands_i_ariane_regfile_mem_reg[1540],DFFR_X1,5
issue_stage_i_i_issue_read_operands_i_ariane_regfile_mem_reg[1541],DFFR_X1,5
issue_stage_i_i_issue_read_operands_i_ariane_regfile_mem_reg[1542],DFFR_X1,5
issue_stage_i_i_issue_read_operands_i_ariane_regfile_mem_reg[1543],DFFR_X1,5
issue_stage_i_i_issue_read_operands_i_ariane_regfile_mem_reg[1544],DFFR_X1,5
issue_stage_i_i_issue_read_operands_i_ariane_regfile_mem_reg[1545],DFFR_X1,5
issue_stage_i_i_issue_read_operands_i_ariane_regfile_mem_reg[1546],DFFR_X1,5
issue_stage_i_i_issue_read_operands_i_ariane_regfile_mem_reg[1547],DFFR_X1,5
issue_stage_i_i_issue_read_operands_i_ariane_regfile_mem_reg[1548],DFFR_X1,5
issue_stage_i_i_issue_read_operands_i_ariane_regfile_mem_reg[1549],DFFR_X1,5
issue_stage_i_i_issue_read_operands_i_ariane_regfile_mem_reg[1550],DFFR_X1,5
issue_stage_i_i_issue_read_operands_i_ariane_regfile_mem_reg[1551],DFFR_X1,5
issue_stage_i_i_issue_read_operands_i_ariane_regfile_mem_reg[1552],DFFR_X1,5
issue_stage_i_i_issue_read_operands_i_ariane_regfile_mem_reg[1553],DFFR_X1,5
issue_stage_i_i_issue_read_operands_i_ariane_regfile_mem_reg[1554],DFFR_X1,5
issue_stage_i_i_issue_read_operands_i_ariane_regfile_mem_reg[1555],DFFR_X1,5
issue_stage_i_i_issue_read_operands_i_ariane_regfile_mem_reg[1556],DFFR_X1,5
issue_stage_i_i_issue_read_operands_i_ariane_regfile_mem_reg[1557],DFFR_X1,5
issue_stage_i_i_issue_read_operands_i_ariane_regfile_mem_reg[1558],DFFR_X1,5
issue_stage_i_i_issue_read_operands_i_ariane_regfile_mem_reg[1559],DFFR_X1,5
issue_stage_i_i_issue_read_operands_i_ariane_regfile_mem_reg[1560],DFFR_X1,5
issue_stage_i_i_issue_read_operands_i_ariane_regfile_mem_reg[1561],DFFR_X1,5
issue_stage_i_i_issue_read_operands_i_ariane_regfile_mem_reg[1562],DFFR_X1,5
issue_stage_i_i_issue_read_operands_i_ariane_regfile_mem_reg[1563],DFFR_X1,5
issue_stage_i_i_issue_read_operands_i_ariane_regfile_mem_reg[1564],DFFR_X1,5
issue_stage_i_i_issue_read_operands_i_ariane_regfile_mem_reg[1565],DFFR_X1,5
issue_stage_i_i_issue_read_operands_i_ariane_regfile_mem_reg[1566],DFFR_X1,5
issue_stage_i_i_issue_read_operands_i_ariane_regfile_mem_reg[1567],DFFR_X1,5
issue_stage_i_i_issue_read_operands_i_ariane_regfile_mem_reg[1568],DFFR_X1,5
issue_stage_i_i_issue_read_operands_i_ariane_regfile_mem_reg[1569],DFFR_X1,5
issue_stage_i_i_issue_read_operands_i_ariane_regfile_mem_reg[1570],DFFR_X1,5
issue_stage_i_i_issue_read_operands_i_ariane_regfile_mem_reg[1571],DFFR_X1,5
issue_stage_i_i_issue_read_operands_i_ariane_regfile_mem_reg[1572],DFFR_X1,5
issue_stage_i_i_issue_read_operands_i_ariane_regfile_mem_reg[1573],DFFR_X1,5
issue_stage_i_i_issue_read_operands_i_ariane_regfile_mem_reg[1574],DFFR_X1,5
issue_stage_i_i_issue_read_operands_i_ariane_regfile_mem_reg[1575],DFFR_X1,5
issue_stage_i_i_issue_read_operands_i_ariane_regfile_mem_reg[1576],DFFR_X1,5
issue_stage_i_i_issue_read_operands_i_ariane_regfile_mem_reg[1577],DFFR_X1,5
issue_stage_i_i_issue_read_operands_i_ariane_regfile_mem_reg[1578],DFFR_X1,5
issue_stage_i_i_issue_read_operands_i_ariane_regfile_mem_reg[1579],DFFR_X1,5
issue_stage_i_i_issue_read_operands_i_ariane_regfile_mem_reg[1580],DFFR_X1,5
issue_stage_i_i_issue_read_operands_i_ariane_regfile_mem_reg[1581],DFFR_X1,5
issue_stage_i_i_issue_read_operands_i_ariane_regfile_mem_reg[1582],DFFR_X1,5
issue_stage_i_i_issue_read_operands_i_ariane_regfile_mem_reg[1583],DFFR_X1,5
issue_stage_i_i_issue_read_operands_i_ariane_regfile_mem_reg[1584],DFFR_X1,5
issue_stage_i_i_issue_read_operands_i_ariane_regfile_mem_reg[1585],DFFR_X1,5
issue_stage_i_i_issue_read_operands_i_ariane_regfile_mem_reg[1586],DFFR_X1,5
issue_stage_i_i_issue_read_operands_i_ariane_regfile_mem_reg[1587],DFFR_X1,5
issue_stage_i_i_issue_read_operands_i_ariane_regfile_mem_reg[1588],DFFR_X1,5
issue_stage_i_i_issue_read_operands_i_ariane_regfile_mem_reg[1589],DFFR_X1,5
issue_stage_i_i_issue_read_operands_i_ariane_regfile_mem_reg[1590],DFFR_X1,5
issue_stage_i_i_is